cnpj_ente,ente,uf,exercicio,grupo,subgrupo,gestao,financas,atuaria,isp
01613940000119,ABADIA DE GOIÁS - GO,GO,2025,MÉDIO PORTE,MENOR MATURIDADE,B,B,C,C
01298330000178,ABADIÂNIA - GO,GO,2025,MÉDIO PORTE,MAIOR MATURIDADE,B,C,C,D
05105127000199,ABAETETUBA - PA,PA,2025,GRANDE PORTE,MENOR MATURIDADE,C,C,C,D
37425451000180,ABREULÂNDIA - TO,TO,2025,PEQUENO PORTE,MENOR MATURIDADE,B,C,C,D
07000268000172,AÇAILÂNDIA - MA,MA,2025,MÉDIO PORTE,MENOR MATURIDADE,B,B,B,C
23555170000138,ACARAPÉ - CE,CE,2025,MÉDIO PORTE,MENOR MATURIDADE,C,C,C,D
07847379000119,ACOPIARA - CE,CE,2025,MÉDIO PORTE,MENOR MATURIDADE,B,C,B,C
03507571000105,ACORIZAL - MT,MT,2025,PEQUENO PORTE,MENOR MATURIDADE,C,C,C,D
02218683000183,ACREÚNA - GO,GO,2025,MÉDIO PORTE,MAIOR MATURIDADE,B,B,B,C
76105642000117,ADRIANÓPOLIS - PR,PR,2025,MÉDIO PORTE,MAIOR MATURIDADE,B,C,C,D
10346096000106,AFOGADOS DA INGAZEIRA - PE,PE,2025,MÉDIO PORTE,MAIOR MATURIDADE,B,C,C,D
10358174000184,AFRÂNIO - PE,PE,2025,MÉDIO PORTE,MENOR MATURIDADE,B,B,B,C
05119854000105,AFUÁ - PA,PA,2025,MÉDIO PORTE,MENOR MATURIDADE,B,C,B,C
10091494000110,AGRESTINA - PE,PE,2025,MÉDIO PORTE,MAIOR MATURIDADE,B,B,B,C
06554976000192,AGRICOLÂNDIA - PI,PI,2025,PEQUENO PORTE,MENOR MATURIDADE,B,C,B,C
15023898000190,ÁGUA BOA - MT,MT,2025,MÉDIO PORTE,MENOR MATURIDADE,B,A,A,B
09145368000112,ÁGUA BRANCA - PB,PB,2025,MÉDIO PORTE,MAIOR MATURIDADE,C,C,C,D
06554760000127,ÁGUA BRANCA - PI,PI,2025,MÉDIO PORTE,MENOR MATURIDADE,B,C,C,D
03184066000177,ÁGUA CLARA - MS,MS,2025,MÉDIO PORTE,MENOR MATURIDADE,B,A,B,B
25141292000103,ÁGUA FRIA DE GOIÁS - GO,GO,2025,PEQUENO PORTE,MAIOR MATURIDADE,C,C,C,D
10183929000157,ÁGUA PRETA - PE,PE,2025,MÉDIO PORTE,MAIOR MATURIDADE,C,C,C,D
92406495000171,ÁGUA SANTA - RS,RS,2025,PEQUENO PORTE,MENOR MATURIDADE,B,B,A,B
11286341000191,ÁGUAS BELAS - PE,PE,2025,MÉDIO PORTE,MAIOR MATURIDADE,B,C,B,C
44831733000143,ÁGUAS DA PRATA - SP,SP,2025,MÉDIO PORTE,MAIOR MATURIDADE,C,C,C,D
18404749000160,ÁGUAS FORMOSAS - MG,MG,2025,MÉDIO PORTE,MENOR MATURIDADE,B,C,A,C
01616520000196,ÁGUAS LINDAS DE GOIÁS - GO,GO,2025,MÉDIO PORTE,MENOR MATURIDADE,B,B,C,C
82892266000150,ÁGUAS MORNAS - SC,SC,2025,PEQUENO PORTE,MAIOR MATURIDADE,B,C,A,C
87531976000179,AGUDO - RS,RS,2025,MÉDIO PORTE,MAIOR MATURIDADE,B,C,C,D
31796584000187,ÁGUIA BRANCA - ES,ES,2025,PEQUENO PORTE,MAIOR MATURIDADE,B,B,B,C
07568231000145,AIUABA - CE,CE,2025,PEQUENO PORTE,MENOR MATURIDADE,B,B,B,C
87613253000119,AJURICABA - RS,RS,2025,PEQUENO PORTE,MENOR MATURIDADE,B,B,C,C
18186346000191,ALAGOA - MG,MG,2025,PEQUENO PORTE,MAIOR MATURIDADE,C,C,C,D
08700684000146,ALAGOA NOVA - PB,PB,2025,MÉDIO PORTE,MAIOR MATURIDADE,B,C,C,D
08926263000138,ALAGOINHA - PB,PB,2025,MÉDIO PORTE,MAIOR MATURIDADE,C,C,C,D
11043981000170,ALAGOINHA - PE,PE,2025,MÉDIO PORTE,MAIOR MATURIDADE,C,C,C,D
06000244000150,ALCÂNTARA - MA,MA,2025,MÉDIO PORTE,MENOR MATURIDADE,C,C,C,D
06096853000155,ALDEIAS ALTAS - MA,MA,2025,MÉDIO PORTE,MENOR MATURIDADE,B,C,C,D
87612784000197,ALECRIM - RS,RS,2025,PEQUENO PORTE,MAIOR MATURIDADE,B,C,C,D
27174101000135,ALEGRE - ES,ES,2025,MÉDIO PORTE,MAIOR MATURIDADE,B,B,B,C
87896874000157,ALEGRETE - RS,RS,2025,MÉDIO PORTE,MAIOR MATURIDADE,B,B,C,C
41522152000131,ALEGRETE DO PIAUÍ - PI,PI,2025,PEQUENO PORTE,MENOR MATURIDADE,C,C,C,D
92465228000175,ALEGRIA - RS,RS,2025,PEQUENO PORTE,MAIOR MATURIDADE,B,B,A,B
17709197000135,ALÉM PARAÍBA - MG,MG,2025,MÉDIO PORTE,MAIOR MATURIDADE,B,C,C,D
08148462000162,ALEXANDRIA - RN,RN,2025,MÉDIO PORTE,MAIOR MATURIDADE,C,C,C,D
01298975000100,ALEXÂNIA - GO,GO,2025,MÉDIO PORTE,MENOR MATURIDADE,B,C,C,D
01612471000113,ALGODÃO DE JANDAÍRA - PB,PB,2025,PEQUENO PORTE,MAIOR MATURIDADE,B,B,A,B
08778318000100,ALHANDRA - PB,PB,2025,MÉDIO PORTE,MAIOR MATURIDADE,B,A,B,B
10164028000118,ALIANÇA - PE,PE,2025,MÉDIO PORTE,MAIOR MATURIDADE,B,C,C,D
76105659000174,ALMIRANTE TAMANDARÉ - PR,PR,2025,MÉDIO PORTE,MAIOR MATURIDADE,B,B,A,B
01345537000156,ALOÂNDIA - GO,GO,2025,PEQUENO PORTE,MENOR MATURIDADE,C,B,B,C
18332627000105,ALPERCATA - MG,MG,2025,PEQUENO PORTE,MAIOR MATURIDADE,C,C,B,D
87612933000118,ALPESTRE - RS,RS,2025,PEQUENO PORTE,MAIOR MATURIDADE,B,A,A,B
15023906000107,ALTA FLORESTA - MT,MT,2025,MÉDIO PORTE,MENOR MATURIDADE,B,B,B,C
05263116000137,ALTAMIRA - PA,PA,2025,MÉDIO PORTE,MENOR MATURIDADE,C,C,C,D
78069143000147,ALTAMIRA DO PARANÁ - PR,PR,2025,PEQUENO PORTE,MAIOR MATURIDADE,B,B,C,C
10091502000129,ALTINHO - PE,PE,2025,MÉDIO PORTE,MAIOR MATURIDADE,B,C,C,D
45298569000113,ALTINÓPOLIS - SP,SP,2025,MÉDIO PORTE,MENOR MATURIDADE,B,A,B,B
92406057000103,ALTO ALEGRE - RS,RS,2025,PEQUENO PORTE,MENOR MATURIDADE,B,B,B,C
01612832000121,ALTO ALEGRE DO PINDARÉ - MA,MA,2025,MÉDIO PORTE,MENOR MATURIDADE,C,C,C,D
03579836000180,ALTO ARAGUAIA - MT,MT,2025,MÉDIO PORTE,MENOR MATURIDADE,B,B,C,C
92123926000192,ALTO FELIZ - RS,RS,2025,PEQUENO PORTE,MENOR MATURIDADE,B,A,A,B
01740455000106,ALTO PARAÍSO DE GOIÁS - GO,GO,2025,MÉDIO PORTE,MAIOR MATURIDADE,B,B,C,C
76279967000116,ALTO PARANÁ - PR,PR,2025,MÉDIO PORTE,MAIOR MATURIDADE,B,C,C,D
81478059000191,ALTÔNIA - PR,PR,2025,MÉDIO PORTE,MAIOR MATURIDADE,C,C,C,D
06554794000111,ALTOS - PI,PI,2025,MÉDIO PORTE,MENOR MATURIDADE,C,C,C,D
44518488000119,ÁLVARO DE CARVALHO - SP,SP,2025,PEQUENO PORTE,MAIOR MATURIDADE,C,A,B,C
16725392000196,ALVINÓPOLIS - MG,MG,2025,MÉDIO PORTE,MAIOR MATURIDADE,B,C,B,C
88000906000157,ALVORADA - RS,RS,2025,MÉDIO PORTE,MENOR MATURIDADE,A,A,B,B
15845340000190,ALVORADA D'OESTE - RO,RO,2025,MÉDIO PORTE,MENOR MATURIDADE,B,A,C,C
02367597000132,ALVORADA DO NORTE - GO,GO,2025,MÉDIO PORTE,MENOR MATURIDADE,C,C,C,D
03568433000136,AMAMBAÍ - MS,MS,2025,MÉDIO PORTE,MENOR MATURIDADE,B,C,C,D
75475038000110,AMAPORÃ - PR,PR,2025,PEQUENO PORTE,MAIOR MATURIDADE,C,C,C,D
11294360000160,AMARAJI - PE,PE,2025,MÉDIO PORTE,MAIOR MATURIDADE,B,C,C,D
06157846000116,AMARANTE DO MARANHÃO - MA,MA,2025,MÉDIO PORTE,MENOR MATURIDADE,C,C,C,D
45781176000166,AMERICANA - SP,SP,2025,MÉDIO PORTE,MENOR MATURIDADE,B,B,C,C
92411156000183,AMETISTA DO SUL - RS,RS,2025,PEQUENO PORTE,MENOR MATURIDADE,B,B,B,C
06582449000191,AMONTADA - CE,CE,2025,MÉDIO PORTE,MAIOR MATURIDADE,C,C,C,D
77817054000179,AMPÉRE - PR,PR,2025,MÉDIO PORTE,MENOR MATURIDADE,A,A,B,B
06002372000133,ANAJATUBA - MA,MA,2025,MÉDIO PORTE,MAIOR MATURIDADE,C,C,C,D
05058441000168,ANANINDEUA - PA,PA,2025,GRANDE PORTE,MENOR MATURIDADE,C,C,A,C
01067479000146,ANÁPOLIS - GO,GO,2025,GRANDE PORTE,MAIOR MATURIDADE,C,C,C,D
06116461000100,ANAPURUS - MA,MA,2025,MÉDIO PORTE,MENOR MATURIDADE,C,C,C,D
27142694000158,ANCHIETA - ES,ES,2025,MÉDIO PORTE,MAIOR MATURIDADE,B,B,B,C
76235761000194,ANDIRÁ - PR,PR,2025,MÉDIO PORTE,MAIOR MATURIDADE,A,C,C,C
17884412000134,ANDRADAS - MG,MG,2025,MÉDIO PORTE,MAIOR MATURIDADE,B,B,B,C
03747649000169,ANGÉLICA - MS,MS,2025,MÉDIO PORTE,MENOR MATURIDADE,A,C,C,C
10130755000164,ANGELIM - PE,PE,2025,PEQUENO PORTE,MAIOR MATURIDADE,B,C,C,D
82951195000110,ANGELINA - SC,SC,2025,PEQUENO PORTE,MAIOR MATURIDADE,B,B,B,C
06554752000180,ANGICAL DO PIAUÍ - PI,PI,2025,PEQUENO PORTE,MAIOR MATURIDADE,B,B,B,C
29172467000109,ANGRA DOS REIS - RJ,RJ,2025,GRANDE PORTE,MENOR MATURIDADE,A,C,A,B
95642286000115,ÂNGULO - PR,PR,2025,PEQUENO PORTE,MENOR MATURIDADE,B,C,B,C
01127430000131,ANHANGUERA - GO,GO,2025,PEQUENO PORTE,MAIOR MATURIDADE,B,B,C,C
02262368000153,ANICUNS - GO,GO,2025,MÉDIO PORTE,MENOR MATURIDADE,C,C,C,D
82892332000192,ANITÁPOLIS - SC,SC,2025,PEQUENO PORTE,MAIOR MATURIDADE,B,A,B,B
87261509000176,ANTA GORDA - RS,RS,2025,PEQUENO PORTE,MAIOR MATURIDADE,B,A,B,B
06554018000111,ANTÔNIO ALMEIDA - PI,PI,2025,PEQUENO PORTE,MAIOR MATURIDADE,B,B,B,C
82892290000190,ANTÔNIO CARLOS - SC,SC,2025,MÉDIO PORTE,MENOR MATURIDADE,B,B,B,C
13908728000168,ANTÔNIO GONÇALVES - BA,BA,2025,MÉDIO PORTE,MENOR MATURIDADE,C,C,C,D
03567930000110,ANTÔNIO JOÃO - MS,MS,2025,MÉDIO PORTE,MENOR MATURIDADE,B,B,B,C
87842233000110,ANTÔNIO PRADO - RS,RS,2025,MÉDIO PORTE,MAIOR MATURIDADE,B,A,B,B
46605051000148,APARECIDA D'OESTE - SP,SP,2025,PEQUENO PORTE,MENOR MATURIDADE,C,C,C,D
01005727000124,APARECIDA DE GOIÂNIA - GO,GO,2025,GRANDE PORTE,MENOR MATURIDADE,B,C,A,C
24859316000100,APARECIDA DO RIO DOCE - GO,GO,2025,PEQUENO PORTE,MAIOR MATURIDADE,C,C,C,D
03563335000106,APARECIDA DO TABOADO - MS,MS,2025,MÉDIO PORTE,MAIOR MATURIDADE,B,A,A,B
36288900000123,APERIBÉ - RJ,RJ,2025,MÉDIO PORTE,MENOR MATURIDADE,B,C,C,D
01321850000154,APIACÁS - MT,MT,2025,PEQUENO PORTE,MAIOR MATURIDADE,B,B,B,C
03452299000103,AQUIDAUANA - MS,MS,2025,MÉDIO PORTE,MENOR MATURIDADE,B,C,B,C
13128780000100,ARACAJU - SE,SE,2025,GRANDE PORTE,MAIOR MATURIDADE,A,A,B,B
58993577000121,ARAÇARIGUAMA - SP,SP,2025,MÉDIO PORTE,MENOR MATURIDADE,C,C,C,D
07684756000146,ARACATI - CE,CE,2025,MÉDIO PORTE,MAIOR MATURIDADE,C,B,C,D
07387392000132,ARACOIABA - CE,CE,2025,MÉDIO PORTE,MAIOR MATURIDADE,C,C,C,D
01613860000163,ARAÇOIABA - PE,PE,2025,MÉDIO PORTE,MENOR MATURIDADE,B,C,C,D
27142702000166,ARACRUZ - ES,ES,2025,MÉDIO PORTE,MAIOR MATURIDADE,A,A,A,A
01318898000103,ARAÇU - GO,GO,2025,PEQUENO PORTE,MAIOR MATURIDADE,B,B,C,C
01215474000113,ARAGOIÂNIA - GO,GO,2025,PEQUENO PORTE,MAIOR MATURIDADE,C,C,C,D
03239035000176,ARAGUAIANA - MT,MT,2025,PEQUENO PORTE,MENOR MATURIDADE,B,C,C,D
01830793000139,ARAGUAÍNA - TO,TO,2025,MÉDIO PORTE,MENOR MATURIDADE,B,B,B,C
03947926000187,ARAGUAINHA - MT,MT,2025,PEQUENO PORTE,MAIOR MATURIDADE,B,C,C,D
01237403000111,ARAGUATINS - TO,TO,2025,MÉDIO PORTE,MENOR MATURIDADE,C,C,C,D
03759271000113,ARAL MOREIRA - MS,MS,2025,PEQUENO PORTE,MENOR MATURIDADE,C,C,B,D
46634176000104,ARANDU - SP,SP,2025,MÉDIO PORTE,MAIOR MATURIDADE,B,A,A,B
12198693000158,ARAPIRACA - AL,AL,2025,GRANDE PORTE,MAIOR MATURIDADE,B,C,B,C
18132167000171,ARAPONGA - MG,MG,2025,PEQUENO PORTE,MAIOR MATURIDADE,C,C,C,D
76958966000106,ARAPONGAS - PR,PR,2025,GRANDE PORTE,MAIOR MATURIDADE,B,B,B,C
23098510000149,ARAPORÃ - MG,MG,2025,MÉDIO PORTE,MAIOR MATURIDADE,C,C,C,D
75658377000131,ARAPOTI - PR,PR,2025,MÉDIO PORTE,MAIOR MATURIDADE,C,C,C,D
15023914000145,ARAPUTANGA - MT,MT,2025,MÉDIO PORTE,MAIOR MATURIDADE,B,A,B,B
83102228000110,ARAQUARI - SC,SC,2025,MÉDIO PORTE,MENOR MATURIDADE,B,A,B,B
08778755000123,ARARA - PB,PB,2025,MÉDIO PORTE,MAIOR MATURIDADE,C,B,B,C
44215846000114,ARARAS - SP,SP,2025,GRANDE PORTE,MAIOR MATURIDADE,A,C,B,C
07539984000122,ARARIPE - CE,CE,2025,MÉDIO PORTE,MENOR MATURIDADE,C,C,C,D
11040854000118,ARARIPINA - PE,PE,2025,MÉDIO PORTE,MAIOR MATURIDADE,B,B,C,C
28531762000133,ARARUAMA - RJ,RJ,2025,GRANDE PORTE,MENOR MATURIDADE,A,C,B,C
87613469000184,ARATIBA - RS,RS,2025,PEQUENO PORTE,MENOR MATURIDADE,A,B,B,B
76105535000199,ARAUCÁRIA - PR,PR,2025,GRANDE PORTE,MAIOR MATURIDADE,B,B,B,C
18140756000100,ARAXÁ - MG,MG,2025,MÉDIO PORTE,MAIOR MATURIDADE,B,A,B,B
17899717000110,ARCEBURGO - MG,MG,2025,MÉDIO PORTE,MENOR MATURIDADE,B,C,C,D
10105955000167,ARCOVERDE - PE,PE,2025,MÉDIO PORTE,MAIOR MATURIDADE,B,C,B,C
39554605000160,AREAL - RJ,RJ,2025,MÉDIO PORTE,MENOR MATURIDADE,C,B,C,D
03507498000171,ARIPUANÃ - MT,MT,2025,MÉDIO PORTE,MENOR MATURIDADE,B,B,A,B
04104816000116,ARIQUEMES - RO,RO,2025,MÉDIO PORTE,MENOR MATURIDADE,B,B,A,B
01616171000102,ARMAÇÃO DOS BÚZIOS - RJ,RJ,2025,MÉDIO PORTE,MENOR MATURIDADE,B,A,C,C
06554984000139,AROAZES - PI,PI,2025,PEQUENO PORTE,MAIOR MATURIDADE,B,C,B,C
27792373000107,ARRAIAL DO CABO - RJ,RJ,2025,MÉDIO PORTE,MENOR MATURIDADE,B,C,B,C
01125780000169,ARRAIAS - TO,TO,2025,PEQUENO PORTE,MENOR MATURIDADE,B,B,C,C
87297271000139,ARROIO DO MEIO - RS,RS,2025,PEQUENO PORTE,MAIOR MATURIDADE,B,C,B,C
91103093000135,ARROIO DO SAL - RS,RS,2025,MÉDIO PORTE,MAIOR MATURIDADE,B,A,B,B
88363072000144,ARROIO DOS RATOS - RS,RS,2025,MÉDIO PORTE,MAIOR MATURIDADE,C,C,C,D
88860366000181,ARROIO GRANDE - RS,RS,2025,MÉDIO PORTE,MENOR MATURIDADE,B,B,A,B
82826462000127,ARROIO TRINTA - SC,SC,2025,PEQUENO PORTE,MENOR MATURIDADE,B,B,B,C
45735552000186,ARTUR NOGUEIRA - SP,SP,2025,MÉDIO PORTE,MAIOR MATURIDADE,B,B,B,C
01067081000100,ARUANÃ - GO,GO,2025,PEQUENO PORTE,MAIOR MATURIDADE,B,B,B,C
87612750000100,ARVOREZINHA - RS,RS,2025,PEQUENO PORTE,MAIOR MATURIDADE,B,A,B,B
65712002000159,ASPÁSIA - SP,SP,2025,PEQUENO PORTE,MAIOR MATURIDADE,B,B,B,C
46179941000135,ASSIS - SP,SP,2025,MÉDIO PORTE,MAIOR MATURIDADE,A,B,B,B
75743377000130,ASTORGA - PR,PR,2025,MÉDIO PORTE,MAIOR MATURIDADE,B,C,B,C
12200143000126,ATALAIA - AL,AL,2025,MÉDIO PORTE,MAIOR MATURIDADE,B,C,C,D
75731018000162,ATALAIA - PR,PR,2025,PEQUENO PORTE,MAIOR MATURIDADE,B,C,C,D
02320364000184,AURILÂNDIA - GO,GO,2025,PEQUENO PORTE,MAIOR MATURIDADE,C,C,C,D
46634168000150,AVARÉ - SP,SP,2025,MÉDIO PORTE,MENOR MATURIDADE,C,A,B,C
45093267000109,BADY BASSITT - SP,SP,2025,MÉDIO PORTE,MENOR MATURIDADE,C,C,C,D
18008862000126,BAEPENDI - MG,MG,2025,MÉDIO PORTE,MAIOR MATURIDADE,B,C,B,C
88073291000199,BAGÉ - RS,RS,2025,GRANDE PORTE,MAIOR MATURIDADE,C,C,C,D
05425871000170,BAIÃO - PA,PA,2025,MÉDIO PORTE,MENOR MATURIDADE,B,C,C,D
01067131000159,BALIZA - GO,GO,2025,PEQUENO PORTE,MAIOR MATURIDADE,B,B,C,C
95954509000180,BALNEÁRIO BARRA DO SUL - SC,SC,2025,PEQUENO PORTE,MENOR MATURIDADE,B,B,C,C
83102285000107,BALNEÁRIO CAMBORIÚ - SC,SC,2025,GRANDE PORTE,MENOR MATURIDADE,A,B,B,B
83102335000148,BALNEÁRIO PIÇARRAS - SC,SC,2025,MÉDIO PORTE,MENOR MATURIDADE,A,A,A,A
01611339000197,BALNEÁRIO PINHAL - RS,RS,2025,MÉDIO PORTE,MENOR MATURIDADE,B,C,C,D
20920567000193,BAMBUÍ - MG,MG,2025,MÉDIO PORTE,MAIOR MATURIDADE,B,C,C,D
08927915000159,BANANEIRAS - PB,PB,2025,MÉDIO PORTE,MAIOR MATURIDADE,C,C,C,D
18349902000101,BANDEIRA - MG,MG,2025,PEQUENO PORTE,MAIOR MATURIDADE,C,B,A,C
91693325000152,BARÃO - RS,RS,2025,PEQUENO PORTE,MAIOR MATURIDADE,B,B,A,B
03507563000169,BARÃO DE MELGAÇO - MT,MT,2025,PEQUENO PORTE,MENOR MATURIDADE,B,A,C,C
91900365000128,BARÃO DO TRIUNFO - RS,RS,2025,PEQUENO PORTE,MENOR MATURIDADE,B,B,B,C
17095043000109,BARBACENA - MG,MG,2025,MÉDIO PORTE,MAIOR MATURIDADE,B,C,C,D
04271037000105,BARCELOS - AM,AM,2025,MÉDIO PORTE,MENOR MATURIDADE,C,C,C,D
10120962000138,BARRA DE GUABIRABA - PE,PE,2025,MÉDIO PORTE,MAIOR MATURIDADE,B,C,C,D
08993925000192,BARRA DE SANTA ROSA - PB,PB,2025,MÉDIO PORTE,MAIOR MATURIDADE,B,C,C,D
12262713000102,BARRA DE SANTO ANTÔNIO - AL,AL,2025,MÉDIO PORTE,MENOR MATURIDADE,C,C,C,D
27165745000167,BARRA DE SÃO FRANCISCO - ES,ES,2025,MÉDIO PORTE,MAIOR MATURIDADE,B,A,A,B
03507522000172,BARRA DO BUGRES - MT,MT,2025,MÉDIO PORTE,MENOR MATURIDADE,B,B,B,C
03439239000150,BARRA DO GARÇAS - MT,MT,2025,MÉDIO PORTE,MAIOR MATURIDADE,B,A,A,B
94726312000120,BARRA DO GUARITA - RS,RS,2025,PEQUENO PORTE,MAIOR MATURIDADE,B,C,B,C
28576080000147,BARRA DO PIRAÍ - RJ,RJ,2025,MÉDIO PORTE,MAIOR MATURIDADE,B,C,C,D
88811930000176,BARRA DO RIBEIRO - RS,RS,2025,MÉDIO PORTE,MAIOR MATURIDADE,B,C,C,D
93539153000192,BARRA DO RIO AZUL - RS,RS,2025,PEQUENO PORTE,MENOR MATURIDADE,B,A,B,B
94704004000102,BARRA FUNDA - RS,RS,2025,PEQUENO PORTE,MAIOR MATURIDADE,B,A,B,B
28695658000184,BARRA MANSA - RJ,RJ,2025,GRANDE PORTE,MAIOR MATURIDADE,B,C,C,D
83102830000157,BARRA VELHA - SC,SC,2025,MÉDIO PORTE,MENOR MATURIDADE,B,A,A,B
75666131000101,BARRACÃO - PR,PR,2025,MÉDIO PORTE,MAIOR MATURIDADE,B,B,A,B
06554224000121,BARREIRAS DO PIAUÍ - PI,PI,2025,NÃO CLASSIFICADO,NÃO CLASSIFICADO,C,C,C,D
04283040000149,BARREIRINHA - AM,AM,2025,MÉDIO PORTE,MENOR MATURIDADE,B,C,B,C
06217954000137,BARREIRINHAS - MA,MA,2025,MÉDIO PORTE,MENOR MATURIDADE,C,C,C,D
10110989000140,BARREIROS - PE,PE,2025,MÉDIO PORTE,MENOR MATURIDADE,B,C,C,D
44780609000104,BARRETOS - SP,SP,2025,GRANDE PORTE,MAIOR MATURIDADE,B,C,A,C
02355675000189,BARRO ALTO - GO,GO,2025,MÉDIO PORTE,MAIOR MATURIDADE,B,A,B,B
06554745000189,BARRO DURO - PI,PI,2025,PEQUENO PORTE,MAIOR MATURIDADE,C,C,C,D
87612735000154,BARROS CASSAL - RS,RS,2025,PEQUENO PORTE,MAIOR MATURIDADE,B,C,B,C
46523015000135,BARUERI - SP,SP,2025,GRANDE PORTE,MENOR MATURIDADE,A,A,B,B
12250056000183,BATALHA - AL,AL,2025,MÉDIO PORTE,MENOR MATURIDADE,C,C,B,D
46137410000180,BAURU - SP,SP,2025,GRANDE PORTE,MAIOR MATURIDADE,A,C,C,C
08924581000160,BAYEUX - PB,PB,2025,MÉDIO PORTE,MAIOR MATURIDADE,B,C,C,D
45709920000111,BEBEDOURO - SP,SP,2025,MÉDIO PORTE,MAIOR MATURIDADE,B,C,B,C
07528292000189,BEBERIBE - CE,CE,2025,MÉDIO PORTE,MENOR MATURIDADE,A,C,B,C
01005917000141,BELA VISTA DE GOIÁS - GO,GO,2025,MÉDIO PORTE,MENOR MATURIDADE,B,B,C,C
76245067000158,BELA VISTA DO PARAÍSO - PR,PR,2025,MÉDIO PORTE,MAIOR MATURIDADE,B,C,B,C
12227641000162,BELÉM - AL,AL,2025,MÉDIO PORTE,MENOR MATURIDADE,C,C,C,D
05055009000113,BELÉM - PA,PA,2025,GRANDE PORTE,MAIOR MATURIDADE,C,C,C,D
08928517000157,BELÉM - PB,PB,2025,MÉDIO PORTE,MAIOR MATURIDADE,B,B,B,C
10113728000183,BELÉM DE SÃO FRANCISCO - PE,PE,2025,MÉDIO PORTE,MAIOR MATURIDADE,C,C,C,D
08920126000196,BELÉM DO BREJO DO CRUZ - PB,PB,2025,PEQUENO PORTE,MAIOR MATURIDADE,B,C,C,D
01612560000160,BELÉM DO PIAUÍ - PI,PI,2025,PEQUENO PORTE,MENOR MATURIDADE,B,B,B,C
39485438000142,BELFORD ROXO - RJ,RJ,2025,GRANDE PORTE,MAIOR MATURIDADE,C,C,C,D
18338129000170,BELMIRO BRAGA - MG,MG,2025,PEQUENO PORTE,MAIOR MATURIDADE,C,C,C,D
18715383000140,BELO HORIZONTE - MG,MG,2025,GRANDE PORTE,MAIOR MATURIDADE,A,B,C,C
10260222000105,BELO JARDIM - PE,PE,2025,MÉDIO PORTE,MAIOR MATURIDADE,B,B,C,C
12250163000101,BELO MONTE - AL,AL,2025,PEQUENO PORTE,MENOR MATURIDADE,C,C,C,D
04243978000135,BENJAMIN CONSTANT - AM,AM,2025,MÉDIO PORTE,MENOR MATURIDADE,C,B,C,D
87849923000109,BENTO GONÇALVES - RS,RS,2025,MÉDIO PORTE,MAIOR MATURIDADE,B,B,A,B
01614602000100,BERIZAL - MG,MG,2025,PEQUENO PORTE,MENOR MATURIDADE,C,C,B,D
68020916000147,BERTIOGA - SP,SP,2025,MÉDIO PORTE,MENOR MATURIDADE,A,A,B,B
06554034000104,BERTOLÍNIA - PI,PI,2025,PEQUENO PORTE,MENOR MATURIDADE,C,B,C,D
04628111000106,BERURI - AM,AM,2025,MÉDIO PORTE,MENOR MATURIDADE,C,B,C,D
10287373000149,BETÂNIA - PE,PE,2025,MÉDIO PORTE,MAIOR MATURIDADE,C,C,C,D
18715391000196,BETIM - MG,MG,2025,GRANDE PORTE,MAIOR MATURIDADE,B,C,C,D
10091510000175,BEZERROS - PE,PE,2025,MÉDIO PORTE,MAIOR MATURIDADE,B,C,C,D
82892308000153,BIGUAÇU - SC,SC,2025,MÉDIO PORTE,MENOR MATURIDADE,B,A,B,B
44430783000119,BILAC - SP,SP,2025,MÉDIO PORTE,MAIOR MATURIDADE,B,B,A,B
18296640000156,BIQUINHAS - MG,MG,2025,PEQUENO PORTE,MAIOR MATURIDADE,C,C,C,D
46151718000180,BIRIGUI - SP,SP,2025,MÉDIO PORTE,MAIOR MATURIDADE,A,B,C,C
46523288000180,BIRITIBA-MIRIM - SP,SP,2025,MÉDIO PORTE,MENOR MATURIDADE,C,C,C,D
83108357000115,BLUMENAU - SC,SC,2025,GRANDE PORTE,MAIOR MATURIDADE,A,C,B,C
27167436000126,BOA ESPERANÇA - ES,ES,2025,MÉDIO PORTE,MAIOR MATURIDADE,B,B,C,C
18239590000175,BOA ESPERANÇA - MG,MG,2025,MÉDIO PORTE,MAIOR MATURIDADE,A,B,C,C
76217017000167,BOA ESPERANÇA - PR,PR,2025,PEQUENO PORTE,MAIOR MATURIDADE,B,C,B,C
08142655000106,BOA SAÚDE (ANTIGO JANUÁRIO CICCO) - RN,RN,2025,PEQUENO PORTE,MENOR MATURIDADE,B,C,C,D
01612906000120,BOA VENTURA DE SÃO ROQUE - PR,PR,2025,PEQUENO PORTE,MENOR MATURIDADE,B,C,C,D
07963515000136,BOA VIAGEM - CE,CE,2025,MÉDIO PORTE,MAIOR MATURIDADE,C,C,C,D
01612538000110,BOA VISTA - PB,PB,2025,PEQUENO PORTE,MENOR MATURIDADE,B,A,B,B
05943030000155,BOA VISTA - RR,RR,2025,GRANDE PORTE,MENOR MATURIDADE,B,B,B,C
92410562000121,BOA VISTA DAS MISSÕES - RS,RS,2025,PEQUENO PORTE,MENOR MATURIDADE,B,C,B,C
87612867000186,BOA VISTA DO BURICÁ - RS,RS,2025,MÉDIO PORTE,MAIOR MATURIDADE,B,A,A,B
01602022000194,BOA VISTA DO SUL - RS,RS,2025,PEQUENO PORTE,MAIOR MATURIDADE,B,B,A,B
12264396000163,BOCA DA MATA - AL,AL,2025,MÉDIO PORTE,MENOR MATURIDADE,C,C,C,D
18803072000132,BOCAIÚVA - MG,MG,2025,MÉDIO PORTE,MENOR MATURIDADE,B,C,C,D
11040862000164,BODOCÓ - PE,PE,2025,MÉDIO PORTE,MAIOR MATURIDADE,C,C,C,D
15465016000147,BODOQUENA - MS,MS,2025,MÉDIO PORTE,MENOR MATURIDADE,B,C,C,D
11285954000104,BOM CONSELHO - PE,PE,2025,MÉDIO PORTE,MAIOR MATURIDADE,C,C,C,D
18301002000186,BOM DESPACHO - MG,MG,2025,MÉDIO PORTE,MAIOR MATURIDADE,A,B,C,C
06229975000172,BOM JARDIM - MA,MA,2025,MÉDIO PORTE,MENOR MATURIDADE,C,C,C,D
10293074000117,BOM JARDIM - PE,PE,2025,MÉDIO PORTE,MAIOR MATURIDADE,B,B,C,C
28561041000176,BOM JARDIM - RJ,RJ,2025,MÉDIO PORTE,MAIOR MATURIDADE,B,B,C,C
02186708000104,BOM JARDIM DE GOIÁS - GO,GO,2025,PEQUENO PORTE,MAIOR MATURIDADE,B,C,B,C
08923989000117,BOM JESUS - PB,PB,2025,PEQUENO PORTE,MAIOR MATURIDADE,C,C,C,D
06554356000153,BOM JESUS - PI,PI,2025,MÉDIO PORTE,MENOR MATURIDADE,B,B,B,C
08002404000126,BOM JESUS - RN,RN,2025,PEQUENO PORTE,MENOR MATURIDADE,B,C,C,D
18187815000197,BOM JESUS DA PENHA - MG,MG,2025,PEQUENO PORTE,MAIOR MATURIDADE,B,B,C,C
01612668000152,BOM JESUS DAS SELVAS - MA,MA,2025,MÉDIO PORTE,MENOR MATURIDADE,B,C,B,C
01149624000138,BOM JESUS DE GOIÁS - GO,GO,2025,MÉDIO PORTE,MAIOR MATURIDADE,B,C,C,D
52359692000162,BOM JESUS DOS PERDÕES - SP,SP,2025,MÉDIO PORTE,MENOR MATURIDADE,C,B,C,D
90873787000199,BOM PRINCÍPIO - RS,RS,2025,MÉDIO PORTE,MAIOR MATURIDADE,B,A,B,B
41522194000172,BOM PRINCÍPIO DO PIAUÍ - PI,PI,2025,MÉDIO PORTE,MENOR MATURIDADE,C,C,C,D
18244368000160,BOM SUCESSO - MG,MG,2025,MÉDIO PORTE,MAIOR MATURIDADE,C,C,C,D
75771261000104,BOM SUCESSO - PR,PR,2025,PEQUENO PORTE,MAIOR MATURIDADE,C,C,C,D
24857096000177,BONFINÓPOLIS - GO,GO,2025,MÉDIO PORTE,MENOR MATURIDADE,B,C,C,D
16245375000151,BONITO - BA,BA,2025,MÉDIO PORTE,MENOR MATURIDADE,C,C,C,D
03073673000160,BONITO - MS,MS,2025,MÉDIO PORTE,MAIOR MATURIDADE,B,B,B,C
10121515000101,BONITO - PE,PE,2025,MÉDIO PORTE,MAIOR MATURIDADE,B,C,C,D
08924037000118,BONITO DE SANTA FÉ - PB,PB,2025,MÉDIO PORTE,MAIOR MATURIDADE,C,C,C,D
01634272000106,BONÓPOLIS - GO,GO,2025,PEQUENO PORTE,MENOR MATURIDADE,C,C,C,D
92454818000100,BOQUEIRÃO DO LEÃO - RS,RS,2025,PEQUENO PORTE,MAIOR MATURIDADE,B,B,B,C
04477568000159,BORBA - AM,AM,2025,MÉDIO PORTE,MENOR MATURIDADE,B,C,A,C
87613014000169,BOSSOROCA - RS,RS,2025,MÉDIO PORTE,MAIOR MATURIDADE,B,B,B,C
46634101000115,BOTUCATU - SP,SP,2025,MÉDIO PORTE,MAIOR MATURIDADE,A,A,B,B
12332995000177,BRANQUINHA - AL,AL,2025,MÉDIO PORTE,MAIOR MATURIDADE,C,C,C,D
41522236000175,BRASILEIRA - PI,PI,2025,PEQUENO PORTE,MENOR MATURIDADE,C,C,C,D
18017442000106,BRASÍLIA DE MINAS - MG,MG,2025,MÉDIO PORTE,MENOR MATURIDADE,B,A,B,B
18025890000151,BRASÓPOLIS - MG,MG,2025,MÉDIO PORTE,MAIOR MATURIDADE,A,A,B,B
10131076000100,BREJÃO - PE,PE,2025,MÉDIO PORTE,MAIOR MATURIDADE,C,C,C,D
11358173000100,BREJINHO - PE,PE,2025,PEQUENO PORTE,MAIOR MATURIDADE,B,C,B,C
10091528000177,BREJO DA MADRE DE DEUS - PE,PE,2025,MÉDIO PORTE,MAIOR MATURIDADE,B,C,C,D
08767154000115,BREJO DO CRUZ - PB,PB,2025,MÉDIO PORTE,MAIOR MATURIDADE,B,B,B,C
04876389000194,BREVES - PA,PA,2025,MÉDIO PORTE,MENOR MATURIDADE,C,C,C,D
91693309000160,BROCHIER - RS,RS,2025,PEQUENO PORTE,MAIOR MATURIDADE,B,C,B,C
45301652000102,BRODOWSKI - SP,SP,2025,MÉDIO PORTE,MENOR MATURIDADE,C,C,C,D
83102343000194,BRUSQUE - SC,SC,2025,MÉDIO PORTE,MENOR MATURIDADE,A,A,A,A
10165165000177,BUENOS AIRES - PE,PE,2025,MÉDIO PORTE,MAIOR MATURIDADE,B,C,B,C
10105963000103,BUÍQUE - PE,PE,2025,MÉDIO PORTE,MAIOR MATURIDADE,B,C,C,D
46634382000106,BURI - SP,SP,2025,MÉDIO PORTE,MENOR MATURIDADE,B,A,B,B
44435121000131,BURITAMA - SP,SP,2025,MÉDIO PORTE,MENOR MATURIDADE,B,B,A,B
01345909000144,BURITI ALEGRE - GO,GO,2025,MÉDIO PORTE,MAIOR MATURIDADE,C,C,C,D
26867770000120,BURITI DE GOIÁS - GO,GO,2025,PEQUENO PORTE,MAIOR MATURIDADE,C,C,C,D
06554455000135,BURITI DOS LOPES - PI,PI,2025,MÉDIO PORTE,MENOR MATURIDADE,B,C,C,D
01612525000140,BURITICUPU - MA,MA,2025,MÉDIO PORTE,MENOR MATURIDADE,C,C,C,D
24856569000111,BURITINÓPOLIS - GO,GO,2025,PEQUENO PORTE,MENOR MATURIDADE,B,B,C,C
18125146000129,BURITIS - MG,MG,2025,MÉDIO PORTE,MAIOR MATURIDADE,B,C,C,D
01266058000144,BURITIS - RO,RO,2025,MÉDIO PORTE,MENOR MATURIDADE,B,A,A,B
18279067000172,BURITIZEIRO - MG,MG,2025,MÉDIO PORTE,MAIOR MATURIDADE,C,B,B,C
04628046000100,CAAPIRANGA - AM,AM,2025,MÉDIO PORTE,MENOR MATURIDADE,C,C,C,D
08865644000154,CAAPORÃ - PB,PB,2025,MÉDIO PORTE,MAIOR MATURIDADE,C,C,C,D
03155900000104,CAARAPÓ - MS,MS,2025,MÉDIO PORTE,MENOR MATURIDADE,B,B,A,B
01603707000155,CABECEIRA GRANDE - MG,MG,2025,MÉDIO PORTE,MENOR MATURIDADE,B,C,B,C
09012493000154,CABEDELO - PB,PB,2025,MÉDIO PORTE,MENOR MATURIDADE,A,B,A,B
11294402000162,CABO DE SANTO AGOSTINHO - PE,PE,2025,GRANDE PORTE,MAIOR MATURIDADE,B,B,B,C
28549483000105,CABO FRIO - RJ,RJ,2025,GRANDE PORTE,MENOR MATURIDADE,C,C,C,D
10113710000181,CABROBÓ - PE,PE,2025,MÉDIO PORTE,MAIOR MATURIDADE,C,C,B,D
83074302000131,CAÇADOR - SC,SC,2025,MÉDIO PORTE,MAIOR MATURIDADE,A,B,B,B
88142302000145,CAÇAPAVA DO SUL - RS,RS,2025,MÉDIO PORTE,MAIOR MATURIDADE,C,B,C,D
63762058000192,CACAULÂNDIA - RO,RO,2025,PEQUENO PORTE,MENOR MATURIDADE,B,A,A,B
88604897000103,CACEQUI - RS,RS,2025,MÉDIO PORTE,MAIOR MATURIDADE,C,C,C,D
03214145000183,CÁCERES - MT,MT,2025,MÉDIO PORTE,MENOR MATURIDADE,A,B,B,B
02164820000144,CACHOEIRA DE GOIÁS - GO,GO,2025,PEQUENO PORTE,MAIOR MATURIDADE,C,C,C,D
04884482000140,CACHOEIRA DO ARARI - PA,PA,2025,MÉDIO PORTE,MAIOR MATURIDADE,C,C,B,D
01612360000107,CACHOEIRA DO PIRIÁ - PA,PA,2025,MÉDIO PORTE,MENOR MATURIDADE,B,C,C,D
87530978000143,CACHOEIRA DO SUL - RS,RS,2025,MÉDIO PORTE,MAIOR MATURIDADE,B,B,C,C
08923997000163,CACHOEIRA DOS ÍNDIOS - PB,PB,2025,MÉDIO PORTE,MAIOR MATURIDADE,C,C,C,D
00079806000117,CACHOEIRA DOURADA - GO,GO,2025,MÉDIO PORTE,MAIOR MATURIDADE,B,B,C,C
18457267000178,CACHOEIRA DOURADA - MG,MG,2025,MÉDIO PORTE,MAIOR MATURIDADE,B,B,C,C
29128766000138,CACHOEIRAS DE MACACU - RJ,RJ,2025,MÉDIO PORTE,MAIOR MATURIDADE,B,C,B,C
10091619000102,CACHOEIRINHA - PE,PE,2025,MÉDIO PORTE,MENOR MATURIDADE,A,B,C,C
87990800000185,CACHOEIRINHA - RS,RS,2025,MÉDIO PORTE,MAIOR MATURIDADE,B,A,A,B
27165588000190,CACHOEIRO DE ITAPEMIRIM - ES,ES,2025,MÉDIO PORTE,MAIOR MATURIDADE,A,B,B,B
01612686000134,CACIMBAS - PB,PB,2025,MÉDIO PORTE,MENOR MATURIDADE,B,A,A,B
12227971000158,CACIMBINHAS - AL,AL,2025,MÉDIO PORTE,MENOR MATURIDADE,C,C,B,D
87613600000103,CACIQUE DOBLE - RS,RS,2025,PEQUENO PORTE,MAIOR MATURIDADE,B,C,B,C
01164292000160,CAÇU - GO,GO,2025,MÉDIO PORTE,MAIOR MATURIDADE,C,C,C,D
10131720000140,CAETÉS - PE,PE,2025,MÉDIO PORTE,MAIOR MATURIDADE,B,C,B,C
75845545000106,CAFEARA - PR,PR,2025,PEQUENO PORTE,MAIOR MATURIDADE,C,C,C,D
78121878000172,CAFELÂNDIA - PR,PR,2025,MÉDIO PORTE,MAIOR MATURIDADE,B,B,B,C
18114256000195,CAIANA - MG,MG,2025,PEQUENO PORTE,MAIOR MATURIDADE,C,C,C,D
87613006000112,CAIBATÉ - RS,RS,2025,PEQUENO PORTE,MAIOR MATURIDADE,B,C,C,D
87612925000171,CAIÇARA - RS,RS,2025,PEQUENO PORTE,MAIOR MATURIDADE,B,A,B,B
46523064000178,CAIEIRAS - SP,SP,2025,MÉDIO PORTE,MENOR MATURIDADE,B,B,B,C
53307906000110,CAIUÁ - SP,SP,2025,MÉDIO PORTE,MAIOR MATURIDADE,B,B,B,C
46523023000181,CAJAMAR - SP,SP,2025,MÉDIO PORTE,MENOR MATURIDADE,B,B,B,C
06469837000160,CAJARI - MA,MA,2025,MÉDIO PORTE,MENOR MATURIDADE,C,C,C,D
08923971000115,CAJAZEIRAS - PB,PB,2025,MÉDIO PORTE,MAIOR MATURIDADE,C,C,C,D
01612573000139,CAJAZEIRAS DO PIAUÍ - PI,PI,2025,PEQUENO PORTE,MENOR MATURIDADE,B,C,C,D
12333738000150,CAJUEIRO - AL,AL,2025,MÉDIO PORTE,MAIOR MATURIDADE,C,C,C,D
01612620000144,CAJUEIRO DA PRAIA - PI,PI,2025,PEQUENO PORTE,MENOR MATURIDADE,B,C,B,C
11034741000100,CALÇADO - PE,PE,2025,MÉDIO PORTE,MAIOR MATURIDADE,B,C,C,D
08809071000141,CALDAS BRANDÃO - PB,PB,2025,PEQUENO PORTE,MAIOR MATURIDADE,C,A,A,B
01787506000155,CALDAS NOVAS - GO,GO,2025,MÉDIO PORTE,MENOR MATURIDADE,B,C,C,D
13913355000113,CALDEIRÃO GRANDE - BA,BA,2025,MÉDIO PORTE,MENOR MATURIDADE,B,C,C,D
10279107000174,CALUMBI - PE,PE,2025,MÉDIO PORTE,MAIOR MATURIDADE,C,C,C,D
14109763000180,CAMAÇARI - BA,BA,2025,GRANDE PORTE,MAIOR MATURIDADE,A,B,A,B
03501517000152,CAMAPUÃ - MS,MS,2025,MÉDIO PORTE,MAIOR MATURIDADE,B,B,B,C
88696810000175,CAMAQUÃ - RS,RS,2025,MÉDIO PORTE,MAIOR MATURIDADE,B,B,B,C
08260663000157,CAMARAGIBE - PE,PE,2025,MÉDIO PORTE,MAIOR MATURIDADE,B,A,B,B
75442756000190,CAMBARÁ - PR,PR,2025,MÉDIO PORTE,MAIOR MATURIDADE,B,C,C,D
88756929000196,CAMBARÁ DO SUL - RS,RS,2025,MÉDIO PORTE,MENOR MATURIDADE,B,A,A,B
75732057000184,CAMBÉ - PR,PR,2025,MÉDIO PORTE,MENOR MATURIDADE,A,C,B,C
83102293000145,CAMBORIÚ - SC,SC,2025,MÉDIO PORTE,MENOR MATURIDADE,B,B,C,C
29111085000167,CAMBUCI - RJ,RJ,2025,MÉDIO PORTE,MAIOR MATURIDADE,C,C,C,D
18675975000185,CAMBUÍ - MG,MG,2025,MÉDIO PORTE,MAIOR MATURIDADE,B,A,B,B
18404905000192,CAMPANÁRIO - MG,MG,2025,PEQUENO PORTE,MAIOR MATURIDADE,C,C,B,D
18712174000142,CAMPANHA - MG,MG,2025,MÉDIO PORTE,MAIOR MATURIDADE,B,C,C,D
87612859000130,CAMPINA DAS MISSÕES - RS,RS,2025,PEQUENO PORTE,MAIOR MATURIDADE,B,C,C,D
01611489000109,CAMPINA DO SIMÃO - PR,PR,2025,PEQUENO PORTE,MENOR MATURIDADE,B,B,A,B
08993917000146,CAMPINA GRANDE - PB,PB,2025,GRANDE PORTE,MAIOR MATURIDADE,B,C,C,D
76105600000186,CAMPINA GRANDE DO SUL - PR,PR,2025,MÉDIO PORTE,MENOR MATURIDADE,B,B,C,C
00965152000129,CAMPINÁPOLIS - MT,MT,2025,MÉDIO PORTE,MENOR MATURIDADE,B,B,B,C
51885242000140,CAMPINAS - SP,SP,2025,GRANDE PORTE,MAIOR MATURIDADE,A,B,C,C
02215747000192,CAMPINORTE - GO,GO,2025,MÉDIO PORTE,MAIOR MATURIDADE,B,A,C,C
12264628000183,CAMPO ALEGRE - AL,AL,2025,MÉDIO PORTE,MENOR MATURIDADE,C,C,C,D
83102749000177,CAMPO ALEGRE - SC,SC,2025,MÉDIO PORTE,MAIOR MATURIDADE,A,C,B,C
01763614000198,CAMPO ALEGRE DE GOIÁS - GO,GO,2025,MÉDIO PORTE,MENOR MATURIDADE,B,C,C,D
90832619000155,CAMPO BOM - RS,RS,2025,MÉDIO PORTE,MAIOR MATURIDADE,B,A,B,B
80869621000145,CAMPO BONITO - PR,PR,2025,PEQUENO PORTE,MAIOR MATURIDADE,B,A,B,B
76002658000102,CAMPO DO TENENTE - PR,PR,2025,PEQUENO PORTE,MAIOR MATURIDADE,B,C,B,C
13908702000110,CAMPO FORMOSO - BA,BA,2025,MÉDIO PORTE,MAIOR MATURIDADE,B,B,B,C
03501509000106,CAMPO GRANDE - MS,MS,2025,GRANDE PORTE,MAIOR MATURIDADE,B,C,B,C
76105618000188,CAMPO LARGO - PR,PR,2025,MÉDIO PORTE,MAIOR MATURIDADE,B,A,B,B
06716880000183,CAMPO MAIOR - PI,PI,2025,MÉDIO PORTE,MENOR MATURIDADE,B,C,B,C
75904524000106,CAMPO MOURÃO - PR,PR,2025,MÉDIO PORTE,MAIOR MATURIDADE,A,A,A,A
63762033000199,CAMPO NOVO DE RONDÔNIA - RO,RO,2025,MÉDIO PORTE,MENOR MATURIDADE,A,A,B,B
24772287000136,CAMPO NOVO DO PARECIS - MT,MT,2025,MÉDIO PORTE,MENOR MATURIDADE,B,C,B,C
08358723000179,CAMPO REDONDO - RN,RN,2025,MÉDIO PORTE,MENOR MATURIDADE,C,C,C,D
24950495000188,CAMPO VERDE - MT,MT,2025,MÉDIO PORTE,MENOR MATURIDADE,B,A,B,B
18298190000130,CAMPOS ALTOS - MG,MG,2025,MÉDIO PORTE,MAIOR MATURIDADE,B,C,C,D
01126143000107,CAMPOS BELOS - GO,GO,2025,MÉDIO PORTE,MAIOR MATURIDADE,B,B,C,C
92406164000131,CAMPOS BORGES - RS,RS,2025,PEQUENO PORTE,MAIOR MATURIDADE,B,A,B,B
29116894000161,CAMPOS DOS GOYTACAZES - RJ,RJ,2025,GRANDE PORTE,MAIOR MATURIDADE,B,C,C,D
18245175000124,CAMPOS GERAIS - MG,MG,2025,MÉDIO PORTE,MAIOR MATURIDADE,B,C,C,D
01493998000176,CAMPOS VERDES - GO,GO,2025,PEQUENO PORTE,MAIOR MATURIDADE,C,C,C,D
11362779000101,CAMUTANGA - PE,PE,2025,MÉDIO PORTE,MAIOR MATURIDADE,B,C,C,D
12367892000142,CANAPI - AL,AL,2025,MÉDIO PORTE,MENOR MATURIDADE,C,C,C,D
15023922000191,CANARANA - MT,MT,2025,MÉDIO PORTE,MENOR MATURIDADE,B,C,A,C
17888090000100,CANDEIAS - MG,MG,2025,MÉDIO PORTE,MAIOR MATURIDADE,C,C,C,D
87568911000106,CANDELÁRIA - RS,RS,2025,MÉDIO PORTE,MAIOR MATURIDADE,B,B,B,C
87612842000182,CÂNDIDO GODÓI - RS,RS,2025,PEQUENO PORTE,MAIOR MATURIDADE,B,B,C,C
46179958000192,CÂNDIDO MOTA - SP,SP,2025,MÉDIO PORTE,MAIOR MATURIDADE,B,C,A,C
45374261000100,CÂNDIDO RODRIGUES - SP,SP,2025,PEQUENO PORTE,MAIOR MATURIDADE,C,C,B,D
94702818000108,CANDIOTA - RS,RS,2025,PEQUENO PORTE,MENOR MATURIDADE,C,C,C,D
88861430000149,CANGUÇU - RS,RS,2025,MÉDIO PORTE,MAIOR MATURIDADE,B,A,B,B
10132777000163,CANHOTINHO - PE,PE,2025,MÉDIO PORTE,MAIOR MATURIDADE,B,A,B,B
07963259000187,CANINDÉ - CE,CE,2025,MÉDIO PORTE,MAIOR MATURIDADE,B,C,C,D
88577416000118,CANOAS - RS,RS,2025,GRANDE PORTE,MAIOR MATURIDADE,B,B,A,B
83102384000180,CANOINHAS - SC,SC,2025,MÉDIO PORTE,MENOR MATURIDADE,A,B,C,C
01617441000108,CANTAGALO - MG,MG,2025,PEQUENO PORTE,MENOR MATURIDADE,C,C,C,D
78279981000145,CANTAGALO - PR,PR,2025,MÉDIO PORTE,MAIOR MATURIDADE,B,A,A,B
28645794000160,CANTAGALO - RJ,RJ,2025,MÉDIO PORTE,MAIOR MATURIDADE,A,B,C,C
06156160000100,CANTANHEDE - MA,MA,2025,MÉDIO PORTE,MENOR MATURIDADE,C,C,C,D
04247441000143,CANUTAMA - AM,AM,2025,MÉDIO PORTE,MENOR MATURIDADE,C,C,C,D
05149091000145,CAPANEMA - PA,PA,2025,MÉDIO PORTE,MENOR MATURIDADE,C,C,C,D
04215971000100,CAPÃO BONITO DO SUL - RS,RS,2025,PEQUENO PORTE,MENOR MATURIDADE,B,A,B,B
90836693000140,CAPÃO DA CANOA - RS,RS,2025,MÉDIO PORTE,MENOR MATURIDADE,B,A,B,B
04213779000184,CAPÃO DO CIPÓ - RS,RS,2025,PEQUENO PORTE,MENOR MATURIDADE,B,A,B,B
18114249000193,CAPARAÓ - MG,MG,2025,PEQUENO PORTE,MAIOR MATURIDADE,C,C,B,D
92122720000148,CAPELA DE SANTANA - RS,RS,2025,MÉDIO PORTE,MENOR MATURIDADE,B,A,A,B
13897111000194,CAPELA DO ALTO ALEGRE - BA,BA,2025,MÉDIO PORTE,MAIOR MATURIDADE,B,B,B,C
18457234000128,CAPINÓPOLIS - MG,MG,2025,MÉDIO PORTE,MAIOR MATURIDADE,B,C,C,D
07063589000116,CAPISTRANO - CE,CE,2025,MÉDIO PORTE,MAIOR MATURIDADE,C,C,C,D
06553879000185,CAPITÃO DE CAMPOS - PI,PI,2025,MÉDIO PORTE,MENOR MATURIDADE,B,B,B,C
18017426000113,CAPITÃO ENÉAS - MG,MG,2025,MÉDIO PORTE,MAIOR MATURIDADE,C,C,C,D
44723674000190,CAPIVARI - SP,SP,2025,MÉDIO PORTE,MENOR MATURIDADE,A,B,A,B
11256088000123,CAPOEIRAS - PE,PE,2025,MÉDIO PORTE,MAIOR MATURIDADE,B,C,C,D
18385138000111,CAPUTIRA - MG,MG,2025,MÉDIO PORTE,MENOR MATURIDADE,C,C,C,D
01614158000114,CARAÁ - RS,RS,2025,PEQUENO PORTE,MENOR MATURIDADE,B,B,B,C
46482840000139,CARAGUATATUBA - SP,SP,2025,GRANDE PORTE,MENOR MATURIDADE,A,A,B,B
16418766000120,CARAÍBAS - BA,BA,2025,PEQUENO PORTE,MAIOR MATURIDADE,C,C,C,D
18094797000107,CARANDAÍ - MG,MG,2025,MÉDIO PORTE,MAIOR MATURIDADE,B,C,C,D
19279827000104,CARANGOLA - MG,MG,2025,MÉDIO PORTE,MAIOR MATURIDADE,B,B,B,C
01609497000102,CARAPEBUS - RJ,RJ,2025,MÉDIO PORTE,MENOR MATURIDADE,C,A,C,C
04530044000184,CARAUARI - AM,AM,2025,MÉDIO PORTE,MAIOR MATURIDADE,C,C,C,D
87613535000116,CARAZINHO - RS,RS,2025,MÉDIO PORTE,MAIOR MATURIDADE,B,B,C,C
21154174000189,CARBONITA - MG,MG,2025,PEQUENO PORTE,MAIOR MATURIDADE,C,C,C,D
46599825000175,CARDOSO - SP,SP,2025,MÉDIO PORTE,MENOR MATURIDADE,C,C,C,D
39228739000190,CARDOSO MOREIRA - RJ,RJ,2025,MÉDIO PORTE,MAIOR MATURIDADE,B,A,B,B
27150549000119,CARIACICA - ES,ES,2025,GRANDE PORTE,MENOR MATURIDADE,A,C,A,B
07707094000182,CARIDADE - CE,CE,2025,MÉDIO PORTE,MENOR MATURIDADE,C,C,C,D
06738132000100,CARIRIAÇU - CE,CE,2025,MÉDIO PORTE,MENOR MATURIDADE,A,A,B,B
01617905000178,CARLINDA - MT,MT,2025,PEQUENO PORTE,MAIOR MATURIDADE,B,B,B,C
88587183000134,CARLOS BARBOSA - RS,RS,2025,MÉDIO PORTE,MAIOR MATURIDADE,B,A,A,B
18477315000190,CARLOS CHAGAS - MG,MG,2025,MÉDIO PORTE,MAIOR MATURIDADE,B,C,B,C
18303172000108,CARMÉSIA - MG,MG,2025,PEQUENO PORTE,MAIOR MATURIDADE,B,C,B,C
29128741000134,CARMO - RJ,RJ,2025,MÉDIO PORTE,MAIOR MATURIDADE,B,C,C,D
18291377000102,CARMO DO CAJURU - MG,MG,2025,MÉDIO PORTE,MAIOR MATURIDADE,A,C,B,C
18602029000109,CARMO DO PARANAÍBA - MG,MG,2025,MÉDIO PORTE,MAIOR MATURIDADE,B,C,C,D
02542538000153,CARMO DO RIO VERDE - GO,GO,2025,MÉDIO PORTE,MAIOR MATURIDADE,B,B,B,C
35444991000186,CARNAUBEIRA DA PENHA - PE,PE,2025,MÉDIO PORTE,MAIOR MATURIDADE,B,C,B,C
12250684000169,CARNEIROS - AL,AL,2025,MÉDIO PORTE,MENOR MATURIDADE,C,C,C,D
12081691000184,CAROLINA - MA,MA,2025,MÉDIO PORTE,MENOR MATURIDADE,C,C,C,D
11097342000198,CARPINA - PE,PE,2025,MÉDIO PORTE,MAIOR MATURIDADE,C,C,C,D
10091536000113,CARUARU - PE,PE,2025,GRANDE PORTE,MAIOR MATURIDADE,A,B,A,B
18242800000184,CARVALHÓPOLIS - MG,MG,2025,PEQUENO PORTE,MENOR MATURIDADE,B,C,C,D
07589369000120,CASCAVEL - CE,CE,2025,MÉDIO PORTE,MAIOR MATURIDADE,B,C,C,D
76208867000107,CASCAVEL - PR,PR,2025,GRANDE PORTE,MENOR MATURIDADE,B,B,C,C
90483058000126,CASEIROS - RS,RS,2025,PEQUENO PORTE,MENOR MATURIDADE,B,B,A,B
29115458000178,CASIMIRO DE ABREU - RJ,RJ,2025,MÉDIO PORTE,MENOR MATURIDADE,A,B,C,C
01618704000195,CASINHAS - PE,PE,2025,MÉDIO PORTE,MAIOR MATURIDADE,B,B,C,C
03342920000186,CASSILÂNDIA - MS,MS,2025,MÉDIO PORTE,MAIOR MATURIDADE,B,B,C,C
05121991000184,CASTANHAL - PA,PA,2025,GRANDE PORTE,MENOR MATURIDADE,C,C,C,D
24772154000160,CASTANHEIRA - MT,MT,2025,PEQUENO PORTE,MAIOR MATURIDADE,B,B,B,C
63761969000103,CASTANHEIRAS - RO,RO,2025,PEQUENO PORTE,MAIOR MATURIDADE,B,B,A,B
37275849000188,CASTELÂNDIA - GO,GO,2025,MÉDIO PORTE,MENOR MATURIDADE,C,C,C,D
06554315000167,CASTELO DO PIAUÍ - PI,PI,2025,MÉDIO PORTE,MENOR MATURIDADE,B,C,C,D
01505643000150,CATALÃO - GO,GO,2025,MÉDIO PORTE,MAIOR MATURIDADE,B,C,C,D
45122603000102,CATANDUVA - SP,SP,2025,MÉDIO PORTE,MAIOR MATURIDADE,A,B,B,B
76208842000103,CATANDUVAS - PR,PR,2025,MÉDIO PORTE,MAIOR MATURIDADE,B,B,A,B
07616162000106,CAUCAIA - CE,CE,2025,GRANDE PORTE,MAIOR MATURIDADE,B,C,A,C
18008870000172,CAXAMBU - MG,MG,2025,MÉDIO PORTE,MAIOR MATURIDADE,B,C,C,D
06082820000156,CAXIAS - MA,MA,2025,MÉDIO PORTE,MENOR MATURIDADE,C,C,C,D
88830609000139,CAXIAS DO SUL - RS,RS,2025,GRANDE PORTE,MAIOR MATURIDADE,B,B,B,C
01612618000175,CAXINGÓ - PI,PI,2025,PEQUENO PORTE,MENOR MATURIDADE,B,B,C,C
08004061000139,CEARÁ-MIRIM - RN,RN,2025,MÉDIO PORTE,MENOR MATURIDADE,B,B,A,B
11361219000132,CEDRO - PE,PE,2025,MÉDIO PORTE,MAIOR MATURIDADE,B,C,C,D
01131713000157,CERES - GO,GO,2025,MÉDIO PORTE,MAIOR MATURIDADE,B,A,B,B
46634184000142,CERQUEIRA CÉSAR - SP,SP,2025,MÉDIO PORTE,MAIOR MATURIDADE,A,A,A,A
46634614000126,CERQUILHO - SP,SP,2025,MÉDIO PORTE,MAIOR MATURIDADE,B,B,C,C
01612869000150,CERRITO - RS,RS,2025,PEQUENO PORTE,MAIOR MATURIDADE,B,C,B,C
76105626000124,CERRO AZUL - PR,PR,2025,MÉDIO PORTE,MAIOR MATURIDADE,B,C,C,D
92000223000177,CERRO BRANCO - RS,RS,2025,PEQUENO PORTE,MAIOR MATURIDADE,B,B,B,C
92005545000109,CERRO GRANDE - RS,RS,2025,PEQUENO PORTE,MENOR MATURIDADE,B,C,B,C
92324748000168,CERRO GRANDE DO SUL - RS,RS,2025,PEQUENO PORTE,MENOR MATURIDADE,B,B,B,C
87612990000105,CERRO LARGO - RS,RS,2025,MÉDIO PORTE,MAIOR MATURIDADE,B,A,B,B
25043530000148,CEZARINA - GO,GO,2025,MÉDIO PORTE,MAIOR MATURIDADE,C,C,C,D
11049806000190,CHÃ GRANDE - PE,PE,2025,MÉDIO PORTE,MAIOR MATURIDADE,B,C,C,D
12334629000157,CHÃ PRETA - AL,AL,2025,MÉDIO PORTE,MENOR MATURIDADE,C,C,C,D
87613220000179,CHAPADA - RS,RS,2025,MÉDIO PORTE,MAIOR MATURIDADE,B,A,B,B
03507530000119,CHAPADA DOS GUIMARÃES - MT,MT,2025,MÉDIO PORTE,MAIOR MATURIDADE,C,C,C,D
01612489000115,CHAPADA GAÚCHA - MG,MG,2025,PEQUENO PORTE,MENOR MATURIDADE,C,B,C,D
24859332000194,CHAPADÃO DO CÉU - GO,GO,2025,MÉDIO PORTE,MENOR MATURIDADE,B,A,B,B
24651200000172,CHAPADÃO DO SUL - MS,MS,2025,MÉDIO PORTE,MENOR MATURIDADE,B,A,B,B
06117709000158,CHAPADINHA - MA,MA,2025,MÉDIO PORTE,MENOR MATURIDADE,C,C,C,D
83021808000182,CHAPECÓ - SC,SC,2025,GRANDE PORTE,MAIOR MATURIDADE,B,C,A,C
88743604000179,CHARQUEADAS - RS,RS,2025,MÉDIO PORTE,MAIOR MATURIDADE,B,B,C,C
76995414000160,CHOPINZINHO - PR,PR,2025,MÉDIO PORTE,MENOR MATURIDADE,A,A,A,A
63386627000142,CHORÓ - CE,CE,2025,MÉDIO PORTE,MAIOR MATURIDADE,B,C,C,D
23555279000175,CHOROZINHO - CE,CE,2025,MÉDIO PORTE,MAIOR MATURIDADE,B,C,B,C
76309806000128,CIANORTE - PR,PR,2025,MÉDIO PORTE,MENOR MATURIDADE,B,B,A,B
36862621000121,CIDADE OCIDENTAL - GO,GO,2025,MÉDIO PORTE,MENOR MATURIDADE,B,C,C,D
90256686000179,CIDREIRA - RS,RS,2025,MÉDIO PORTE,MENOR MATURIDADE,B,A,B,B
88202437000159,CIRÍACO - RS,RS,2025,PEQUENO PORTE,MAIOR MATURIDADE,B,A,A,B
01310499000104,CLÁUDIA - MT,MT,2025,PEQUENO PORTE,MENOR MATURIDADE,B,C,A,C
04262432000121,COARI - AM,AM,2025,MÉDIO PORTE,MENOR MATURIDADE,C,C,C,D
00965145000127,COCALINHO - MT,MT,2025,PEQUENO PORTE,MAIOR MATURIDADE,C,B,B,C
05281738000198,COELHO NETO - MA,MA,2025,MÉDIO PORTE,MENOR MATURIDADE,C,C,C,D
18132464000117,COIMBRA - MG,MG,2025,PEQUENO PORTE,MAIOR MATURIDADE,B,C,B,C
12198719000168,COITÉ DO NÓIA - AL,AL,2025,MÉDIO PORTE,MAIOR MATURIDADE,C,C,B,D
15023930000138,COLÍDER - MT,MT,2025,MÉDIO PORTE,MAIOR MATURIDADE,B,B,B,C
01795483000120,COLINAS DO TOCANTINS - TO,TO,2025,MÉDIO PORTE,MAIOR MATURIDADE,B,B,C,C
04213687000102,COLNIZA - MT,MT,2025,MÉDIO PORTE,MENOR MATURIDADE,B,A,B,B
76105634000170,COLOMBO - PR,PR,2025,GRANDE PORTE,MAIOR MATURIDADE,A,B,C,C
41522350000103,COLÔNIA DO GURGUÉIA - PI,PI,2025,PEQUENO PORTE,MENOR MATURIDADE,B,C,C,D
12332987000120,COLÔNIA LEOPOLDINA - AL,AL,2025,MÉDIO PORTE,MAIOR MATURIDADE,C,C,C,D
76970326000103,COLORADO - PR,PR,2025,MÉDIO PORTE,MAIOR MATURIDADE,B,C,C,D
87613527000170,COLORADO - RS,RS,2025,PEQUENO PORTE,MAIOR MATURIDADE,B,C,B,C
18449173000157,COMENDADOR GOMES - MG,MG,2025,PEQUENO PORTE,MAIOR MATURIDADE,B,C,B,C
39554597000151,COMENDADOR LEVY GASPARIAN - RJ,RJ,2025,MÉDIO PORTE,MENOR MATURIDADE,C,C,C,D
01367853000129,COMODORO - MT,MT,2025,MÉDIO PORTE,MENOR MATURIDADE,A,B,B,B
27174077000134,CONCEIÇÃO DA BARRA - ES,ES,2025,MÉDIO PORTE,MAIOR MATURIDADE,B,B,B,C
18428854000139,CONCEIÇÃO DAS ALAGOAS - MG,MG,2025,MÉDIO PORTE,MAIOR MATURIDADE,B,C,C,D
29115466000114,CONCEIÇÃO DE MACABU - RJ,RJ,2025,MÉDIO PORTE,MENOR MATURIDADE,B,C,C,D
18315200000107,CONCEIÇÃO DO PARÁ - MG,MG,2025,PEQUENO PORTE,MAIOR MATURIDADE,B,C,C,D
45331188000199,CONCHAL - SP,SP,2025,MÉDIO PORTE,MENOR MATURIDADE,B,A,B,B
83024257000100,CONCÓRDIA - SC,SC,2025,MÉDIO PORTE,MENOR MATURIDADE,A,A,A,A
10150068000100,CONDADO - PE,PE,2025,MÉDIO PORTE,MAIOR MATURIDADE,B,B,C,C
08916645000180,CONDE - PB,PB,2025,MÉDIO PORTE,MENOR MATURIDADE,C,C,C,D
88437926000190,CONDOR - RS,RS,2025,PEQUENO PORTE,MAIOR MATURIDADE,B,B,B,C
37464716000150,CONFRESA - MT,MT,2025,MÉDIO PORTE,MENOR MATURIDADE,B,A,A,B
16752446000102,CONGONHAS - MG,MG,2025,MÉDIO PORTE,MAIOR MATURIDADE,A,A,B,B
75825828000188,CONGONHINHAS - PR,PR,2025,MÉDIO PORTE,MAIOR MATURIDADE,B,C,C,D
04219688000156,CONQUISTA D'OESTE - MT,MT,2025,PEQUENO PORTE,MENOR MATURIDADE,B,B,B,C
87708889000144,CONSTANTINA - RS,RS,2025,PEQUENO PORTE,MAIOR MATURIDADE,B,B,A,B
18715508000131,CONTAGEM - MG,MG,2025,GRANDE PORTE,MAIOR MATURIDADE,B,C,C,D
76105519000104,CONTENDA - PR,PR,2025,MÉDIO PORTE,MAIOR MATURIDADE,B,C,B,C
12200325000105,COQUEIRO SECO - AL,AL,2025,PEQUENO PORTE,MAIOR MATURIDADE,C,C,C,D
94703980000132,COQUEIROS DO SUL - RS,RS,2025,PEQUENO PORTE,MENOR MATURIDADE,B,B,A,B
22680672000128,CORAÇÃO DE JESUS - MG,MG,2025,MÉDIO PORTE,MAIOR MATURIDADE,C,C,C,D
13883996000172,CORAÇÃO DE MARIA - BA,BA,2025,MÉDIO PORTE,MAIOR MATURIDADE,B,C,C,D
76208826000102,CORBÉLIA - PR,PR,2025,MÉDIO PORTE,MAIOR MATURIDADE,B,C,A,C
28614865000167,CORDEIRO - RJ,RJ,2025,MÉDIO PORTE,MAIOR MATURIDADE,B,C,C,D
18085647000129,COROACI - MG,MG,2025,MÉDIO PORTE,MAIOR MATURIDADE,C,C,C,D
06331110000112,COROATÁ - MA,MA,2025,MÉDIO PORTE,MENOR MATURIDADE,C,C,C,D
18591149000158,COROMANDEL - MG,MG,2025,MÉDIO PORTE,MAIOR MATURIDADE,B,C,B,C
94721388000163,CORONEL BARROS - RS,RS,2025,PEQUENO PORTE,MENOR MATURIDADE,B,B,A,B
87613154000137,CORONEL BICACO - RS,RS,2025,MÉDIO PORTE,MAIOR MATURIDADE,B,B,B,C
19875046000182,CORONEL FABRICIANO - MG,MG,2025,MÉDIO PORTE,MAIOR MATURIDADE,B,A,A,B
08355471000124,CORONEL JOÃO PESSOA - RN,RN,2025,PEQUENO PORTE,MAIOR MATURIDADE,B,C,C,D
46634192000199,CORONEL MACEDO - SP,SP,2025,MÉDIO PORTE,MAIOR MATURIDADE,B,B,B,C
04215013000139,CORONEL PILAR - RS,RS,2025,PEQUENO PORTE,MENOR MATURIDADE,B,A,A,B
01988914000175,CORONEL SAPUCAIA - MS,MS,2025,MÉDIO PORTE,MENOR MATURIDADE,B,B,B,C
18298174000148,CÓRREGO DANTA - MG,MG,2025,PEQUENO PORTE,MAIOR MATURIDADE,B,C,C,D
02321115000103,CÓRREGO DO OURO - GO,GO,2025,PEQUENO PORTE,MENOR MATURIDADE,B,C,C,D
06554257000171,CORRENTE - PI,PI,2025,MÉDIO PORTE,MENOR MATURIDADE,B,C,C,D
11286358000149,CORRENTES - PE,PE,2025,MÉDIO PORTE,MAIOR MATURIDADE,C,C,C,D
14221741000107,CORRENTINA - BA,BA,2025,MÉDIO PORTE,MENOR MATURIDADE,C,C,C,D
10273548000169,CORTÊS - PE,PE,2025,MÉDIO PORTE,MAIOR MATURIDADE,C,C,C,D
03330461000110,CORUMBÁ - MS,MS,2025,MÉDIO PORTE,MENOR MATURIDADE,B,C,C,D
01302603000100,CORUMBAÍBA - GO,GO,2025,MÉDIO PORTE,MAIOR MATURIDADE,B,B,C,C
12264230000147,CORURIPE - AL,AL,2025,MÉDIO PORTE,MENOR MATURIDADE,B,C,C,D
15389596000130,COSTA RICA - MS,MS,2025,MÉDIO PORTE,MENOR MATURIDADE,B,B,B,C
46523049000120,COTIA - SP,SP,2025,GRANDE PORTE,MENOR MATURIDADE,B,A,B,B
37465309000167,COTRIGUAÇU - MT,MT,2025,PEQUENO PORTE,MENOR MATURIDADE,B,C,B,C
02133098000180,COUTO DE MAGALHÃES - TO,TO,2025,PEQUENO PORTE,MENOR MATURIDADE,C,A,C,C
03510211000162,COXIM - MS,MS,2025,MÉDIO PORTE,MENOR MATURIDADE,B,C,C,D
08439549000199,CRAÍBAS - AL,AL,2025,MÉDIO PORTE,MENOR MATURIDADE,B,C,C,D
07587975000107,CRATO - CE,CE,2025,MÉDIO PORTE,MENOR MATURIDADE,B,C,C,D
45228319000107,CRAVINHOS - SP,SP,2025,MÉDIO PORTE,MENOR MATURIDADE,B,C,C,D
82916818000113,CRICIÚMA - SC,SC,2025,MÉDIO PORTE,MENOR MATURIDADE,B,C,A,C
90152240000102,CRISTAL - RS,RS,2025,PEQUENO PORTE,MAIOR MATURIDADE,B,B,A,B
06554299000102,CRISTALÂNDIA DO PIAUÍ - PI,PI,2025,PEQUENO PORTE,MENOR MATURIDADE,B,B,A,B
01138122000101,CRISTALINA - GO,GO,2025,MÉDIO PORTE,MAIOR MATURIDADE,B,C,C,D
01180645000116,CRISTIANÓPOLIS - GO,GO,2025,PEQUENO PORTE,MAIOR MATURIDADE,B,B,B,C
02382067000163,CRIXÁS - GO,GO,2025,MÉDIO PORTE,MAIOR MATURIDADE,B,C,C,D
18468041000172,CRUZEIRO DA FORTALEZA - MG,MG,2025,PEQUENO PORTE,MAIOR MATURIDADE,C,C,C,D
76381854000127,CRUZEIRO DO OESTE - PR,PR,2025,MÉDIO PORTE,MENOR MATURIDADE,C,C,C,D
75731034000155,CRUZEIRO DO SUL - PR,PR,2025,PEQUENO PORTE,MAIOR MATURIDADE,B,C,B,C
08106510000150,CRUZETA - RN,RN,2025,MÉDIO PORTE,MAIOR MATURIDADE,C,C,C,D
47492806000108,CUBATÃO - SP,SP,2025,GRANDE PORTE,MAIOR MATURIDADE,C,C,C,D
03533064000146,CUIABÁ - MT,MT,2025,GRANDE PORTE,MAIOR MATURIDADE,A,C,C,C
08732174000150,CUITÉ - PB,PB,2025,MÉDIO PORTE,MAIOR MATURIDADE,C,C,C,D
08781791000146,CUITEGI - PB,PB,2025,MÉDIO PORTE,MAIOR MATURIDADE,C,B,C,D
84736941000188,CUJUBIM - RO,RO,2025,MÉDIO PORTE,MENOR MATURIDADE,B,B,A,B
01302728000130,CUMARI - GO,GO,2025,PEQUENO PORTE,MAIOR MATURIDADE,B,C,C,D
11097391000120,CUMARU - PE,PE,2025,MÉDIO PORTE,MAIOR MATURIDADE,B,C,C,D
76417005000186,CURITIBA - PR,PR,2025,GRANDE PORTE,MAIOR MATURIDADE,A,B,B,B
83754044000134,CURITIBANOS - SC,SC,2025,MÉDIO PORTE,MAIOR MATURIDADE,A,B,C,C
76167725000130,CURIÚVA - PR,PR,2025,MÉDIO PORTE,MAIOR MATURIDADE,B,B,A,B
04876710000130,CURRALINHO - PA,PA,2025,MÉDIO PORTE,MENOR MATURIDADE,C,C,C,D
01612579000106,CURRALINHOS - PI,PI,2025,PEQUENO PORTE,MENOR MATURIDADE,C,C,C,D
04217647000120,CURVELÂNDIA - MT,MT,2025,PEQUENO PORTE,MENOR MATURIDADE,B,B,B,C
11358165000156,CUSTÓDIA - PE,PE,2025,MÉDIO PORTE,MAIOR MATURIDADE,B,C,C,D
01740505000155,DAMIANÓPOLIS - GO,GO,2025,PEQUENO PORTE,MAIOR MATURIDADE,B,B,C,C
01130277000100,DAVINÓPOLIS - GO,GO,2025,PEQUENO PORTE,MAIOR MATURIDADE,C,C,C,D
06554885000157,DEMERVAL LOBÃO - PI,PI,2025,PEQUENO PORTE,MENOR MATURIDADE,B,B,A,B
18558098000162,DESCOBERTO - MG,MG,2025,PEQUENO PORTE,MAIOR MATURIDADE,C,C,C,D
08925968000130,DESTERRO - PB,PB,2025,PEQUENO PORTE,MAIOR MATURIDADE,C,C,C,D
91553966000101,DEZESSEIS DE NOVEMBRO - RS,RS,2025,PEQUENO PORTE,MAIOR MATURIDADE,B,C,C,D
46523247000193,DIADEMA - SP,SP,2025,GRANDE PORTE,MAIOR MATURIDADE,C,C,C,D
08942229000157,DIAMANTE - PB,PB,2025,PEQUENO PORTE,MAIOR MATURIDADE,B,C,B,C
76972082000106,DIAMANTE DO NORTE - PR,PR,2025,PEQUENO PORTE,MAIOR MATURIDADE,C,C,C,D
17754136000190,DIAMANTINA - MG,MG,2025,MÉDIO PORTE,MENOR MATURIDADE,B,C,C,D
01138957000161,DIANÓPOLIS - TO,TO,2025,MÉDIO PORTE,MENOR MATURIDADE,B,A,B,B
01609404000140,DILERMANDO DE AGUIAR - RS,RS,2025,PEQUENO PORTE,MENOR MATURIDADE,B,A,A,B
65711988000142,DIRCE REIS - SP,SP,2025,PEQUENO PORTE,MENOR MATURIDADE,B,C,C,D
18114272000188,DIVINO - MG,MG,2025,MÉDIO PORTE,MAIOR MATURIDADE,B,C,C,D
46435921000188,DIVINOLÂNDIA - SP,SP,2025,MÉDIO PORTE,MAIOR MATURIDADE,C,C,C,D
18291351000164,DIVINÓPOLIS - MG,MG,2025,GRANDE PORTE,MAIOR MATURIDADE,A,B,B,B
88254891000153,DOIS IRMÃOS - RS,RS,2025,MÉDIO PORTE,MENOR MATURIDADE,B,A,A,B
24616187000110,DOIS IRMÃOS DO BURITI - MS,MS,2025,MÉDIO PORTE,MENOR MATURIDADE,C,B,B,C
02070563000181,DOIS IRMÃOS DO TOCANTINS - TO,TO,2025,PEQUENO PORTE,MENOR MATURIDADE,C,C,C,D
90221524000103,DOIS LAJEADOS - RS,RS,2025,PEQUENO PORTE,MENOR MATURIDADE,B,C,C,D
22953681000145,DOM ELISEU - PA,PA,2025,MÉDIO PORTE,MENOR MATURIDADE,C,C,C,D
87482535000124,DOM PEDRITO - RS,RS,2025,MÉDIO PORTE,MAIOR MATURIDADE,B,A,B,B
01640339000115,DOM PEDRO DE ALCÂNTARA - RS,RS,2025,PEQUENO PORTE,MENOR MATURIDADE,C,A,B,C
27150556000110,DOMINGOS MARTINS - ES,ES,2025,MÉDIO PORTE,MENOR MATURIDADE,B,C,B,C
87488938000180,DONA FRANCISCA - RS,RS,2025,PEQUENO PORTE,MAIOR MATURIDADE,B,C,C,D
08782146000148,DONA INÊS - PB,PB,2025,MÉDIO PORTE,MENOR MATURIDADE,B,C,C,D
18301010000122,DORES DO INDAIÁ - MG,MG,2025,MÉDIO PORTE,MAIOR MATURIDADE,B,C,C,D
27167386000187,DORES DO RIO PRETO - ES,ES,2025,PEQUENO PORTE,MAIOR MATURIDADE,B,C,A,C
35667377000183,DORMENTES - PE,PE,2025,MÉDIO PORTE,MENOR MATURIDADE,B,B,C,C
15479751000100,DOURADINA - MS,MS,2025,PEQUENO PORTE,MAIOR MATURIDADE,B,A,B,B
03155926000144,DOURADOS - MS,MS,2025,GRANDE PORTE,MENOR MATURIDADE,B,B,B,C
92465210000173,DOUTOR MAURÍCIO CARDOSO - RS,RS,2025,PEQUENO PORTE,MAIOR MATURIDADE,B,B,B,C
08355489000126,DOUTOR SEVERIANO - RN,RN,2025,MÉDIO PORTE,MENOR MATURIDADE,B,B,C,C
95422911000113,DOUTOR ULYSSES - PR,PR,2025,PEQUENO PORTE,MAIOR MATURIDADE,C,C,B,D
00078790000128,DOVERLÂNDIA - GO,GO,2025,PEQUENO PORTE,MAIOR MATURIDADE,C,C,C,D
28564177000130,DUAS BARRAS - RJ,RJ,2025,MÉDIO PORTE,MAIOR MATURIDADE,A,B,C,C
06314439000175,DUQUE BACELAR - MA,MA,2025,PEQUENO PORTE,MENOR MATURIDADE,C,C,C,D
29138328000150,DUQUE DE CAXIAS - RJ,RJ,2025,GRANDE PORTE,MAIOR MATURIDADE,B,C,B,C
24852618000148,EDEALINA - GO,GO,2025,PEQUENO PORTE,MENOR MATURIDADE,B,C,C,D
01788082000143,EDÉIA - GO,GO,2025,MÉDIO PORTE,MENOR MATURIDADE,B,C,C,D
03741675000180,ELDORADO - MS,MS,2025,MÉDIO PORTE,MENOR MATURIDADE,B,B,A,B
06554059000108,ELISEU MARTINS - PI,PI,2025,PEQUENO PORTE,MENOR MATURIDADE,B,C,C,D
46523114000117,EMBU DAS ARTES - SP,SP,2025,GRANDE PORTE,MENOR MATURIDADE,B,B,A,B
88349238000178,ENCANTADO - RS,RS,2025,MÉDIO PORTE,MAIOR MATURIDADE,B,A,A,B
08355760000123,ENCANTO - RN,RN,2025,PEQUENO PORTE,MENOR MATURIDADE,B,C,C,D
89363642000169,ENCRUZILHADA DO SUL - RS,RS,2025,MÉDIO PORTE,MAIOR MATURIDADE,B,B,B,C
18080655000182,ENGENHEIRO CALDAS - MG,MG,2025,MÉDIO PORTE,MAIOR MATURIDADE,B,C,C,D
67996363000108,ENGENHEIRO COELHO - SP,SP,2025,MÉDIO PORTE,MENOR MATURIDADE,C,C,A,C
94704129000124,ENGENHO VELHO - RS,RS,2025,PEQUENO PORTE,MAIOR MATURIDADE,B,C,B,C
89971782000110,ENTRE-IJUÍS - RS,RS,2025,MÉDIO PORTE,MAIOR MATURIDADE,B,C,B,C
04530895000127,ENVIRA - AM,AM,2025,MÉDIO PORTE,MENOR MATURIDADE,C,C,C,D
92453828000113,EREBANGO - RS,RS,2025,PEQUENO PORTE,MAIOR MATURIDADE,B,C,C,D
87613477000120,ERECHIM - RS,RS,2025,MÉDIO PORTE,MENOR MATURIDADE,A,A,A,A
92406180000124,ERNESTINA - RS,RS,2025,PEQUENO PORTE,MAIOR MATURIDADE,B,B,B,C
11294303000180,ESCADA - PE,PE,2025,MÉDIO PORTE,MAIOR MATURIDADE,B,C,C,D
18114264000131,ESPERA FELIZ - MG,MG,2025,MÉDIO PORTE,MAIOR MATURIDADE,B,C,A,C
08993909000108,ESPERANÇA - PB,PB,2025,MÉDIO PORTE,MAIOR MATURIDADE,C,C,C,D
01612269000191,ESPERANÇA NOVA - PR,PR,2025,PEQUENO PORTE,MENOR MATURIDADE,C,B,C,D
06554174000182,ESPERANTINA - PI,PI,2025,MÉDIO PORTE,MENOR MATURIDADE,B,C,C,D
04695284000139,ESPIGÃO DO OESTE - RO,RO,2025,MÉDIO PORTE,MENOR MATURIDADE,A,B,A,B
18650952000116,ESPINOSA - MG,MG,2025,MÉDIO PORTE,MAIOR MATURIDADE,C,C,C,D
87612743000109,ESPUMOSO - RS,RS,2025,MÉDIO PORTE,MAIOR MATURIDADE,B,C,B,C
92406248000175,ESTAÇÃO - RS,RS,2025,PEQUENO PORTE,MAIOR MATURIDADE,B,B,A,B
88254883000107,ESTÂNCIA VELHA - RS,RS,2025,MÉDIO PORTE,MAIOR MATURIDADE,B,B,C,C
88150495000186,ESTEIO - RS,RS,2025,MÉDIO PORTE,MENOR MATURIDADE,A,A,A,A
87246120000151,ESTRELA - RS,RS,2025,MÉDIO PORTE,MAIOR MATURIDADE,B,A,B,B
45112224000123,ESTRELA D'OESTE - SP,SP,2025,MÉDIO PORTE,MENOR MATURIDADE,B,C,C,D
18301028000124,ESTRELA DO INDAIÁ - MG,MG,2025,PEQUENO PORTE,MAIOR MATURIDADE,B,C,C,D
01601857000120,ESTRELA VELHA - RS,RS,2025,PEQUENO PORTE,MENOR MATURIDADE,B,A,B,B
89971766000127,EUGÊNIO DE CASTRO - RS,RS,2025,PEQUENO PORTE,MAIOR MATURIDADE,B,B,B,C
23563067000130,EUSÉBIO - CE,CE,2025,MÉDIO PORTE,MENOR MATURIDADE,A,A,A,A
18677591000100,EXTREMA - MG,MG,2025,MÉDIO PORTE,MENOR MATURIDADE,B,A,C,C
08204497000171,EXTREMOZ - RN,RN,2025,MÉDIO PORTE,MENOR MATURIDADE,B,A,B,B
11040870000100,EXU - PE,PE,2025,MÉDIO PORTE,MAIOR MATURIDADE,B,B,C,C
91566893000192,FAGUNDES VARELA - RS,RS,2025,PEQUENO PORTE,MAIOR MATURIDADE,B,B,A,B
25141318000113,FAINA - GO,GO,2025,MÉDIO PORTE,MAIOR MATURIDADE,C,C,C,D
89848949000150,FARROUPILHA - RS,RS,2025,MÉDIO PORTE,MAIOR MATURIDADE,B,B,B,C
03155751000175,FÁTIMA DO SUL - MS,MS,2025,MÉDIO PORTE,MENOR MATURIDADE,B,C,B,C
88488341000107,FAXINAL DO SOTURNO - RS,RS,2025,PEQUENO PORTE,MAIOR MATURIDADE,B,B,B,C
01915313000132,FAZENDA NOVA - GO,GO,2025,PEQUENO PORTE,MAIOR MATURIDADE,B,C,C,D
95422986000102,FAZENDA RIO GRANDE - PR,PR,2025,MÉDIO PORTE,MENOR MATURIDADE,A,A,B,B
01607509000160,FAZENDA VILANOVA - RS,RS,2025,PEQUENO PORTE,MENOR MATURIDADE,B,B,B,C
14043574000151,FEIRA DE SANTANA - BA,BA,2025,GRANDE PORTE,MAIOR MATURIDADE,B,C,C,D
11097243000106,FEIRA NOVA - PE,PE,2025,MÉDIO PORTE,MENOR MATURIDADE,C,C,C,D
18083071000160,FELISBURGO - MG,MG,2025,PEQUENO PORTE,MAIOR MATURIDADE,C,C,C,D
17695032000151,FELIXLÂNDIA - MG,MG,2025,MÉDIO PORTE,MAIOR MATURIDADE,B,B,C,C
87838330000139,FELIZ - RS,RS,2025,MÉDIO PORTE,MAIOR MATURIDADE,B,A,B,B
01614088000102,FELIZ NATAL - MT,MT,2025,MÉDIO PORTE,MENOR MATURIDADE,B,A,A,B
01619323000120,FERNANDES PINHEIRO - PR,PR,2025,PEQUENO PORTE,MENOR MATURIDADE,B,A,B,B
47842836000105,FERNANDÓPOLIS - SP,SP,2025,MÉDIO PORTE,MENOR MATURIDADE,A,B,A,B
01612848000134,FERNÃO - SP,SP,2025,PEQUENO PORTE,MENOR MATURIDADE,A,C,C,C
11361870000102,FERREIROS - PE,PE,2025,MÉDIO PORTE,MAIOR MATURIDADE,B,C,C,D
00003848000174,FIGUEIRÓPOLIS - TO,TO,2025,PEQUENO PORTE,MENOR MATURIDADE,C,C,C,D
01367762000193,FIGUEIRÓPOLIS D'OESTE - MT,MT,2025,PEQUENO PORTE,MENOR MATURIDADE,B,A,B,B
13232996000102,FILADÉLFIA - BA,BA,2025,MÉDIO PORTE,MENOR MATURIDADE,B,C,C,D
02321917000113,FIRMINÓPOLIS - GO,GO,2025,PEQUENO PORTE,MAIOR MATURIDADE,C,C,C,D
12262721000159,FLEXEIRAS - AL,AL,2025,MÉDIO PORTE,MENOR MATURIDADE,C,C,C,D
95589271000130,FLOR DA SERRA DO SUL - PR,PR,2025,PEQUENO PORTE,MENOR MATURIDADE,B,B,B,C
53221941000111,FLOREAL - SP,SP,2025,PEQUENO PORTE,MAIOR MATURIDADE,B,B,B,C
10347466000111,FLORES - PE,PE,2025,MÉDIO PORTE,MAIOR MATURIDADE,C,C,C,D
87843819000107,FLORES DA CUNHA - RS,RS,2025,MÉDIO PORTE,MAIOR MATURIDADE,B,A,A,B
10113736000120,FLORESTA - PE,PE,2025,MÉDIO PORTE,MENOR MATURIDADE,B,C,C,D
76282706000155,FLORESTA - PR,PR,2025,MÉDIO PORTE,MENOR MATURIDADE,B,C,B,C
18313833000178,FLORESTAL - MG,MG,2025,PEQUENO PORTE,MAIOR MATURIDADE,C,C,C,D
06554067000154,FLORIANO - PI,PI,2025,MÉDIO PORTE,MENOR MATURIDADE,B,A,B,B
01612289000162,FLORIANO PEIXOTO - RS,RS,2025,PEQUENO PORTE,MENOR MATURIDADE,B,A,B,B
82892282000143,FLORIANÓPOLIS - SC,SC,2025,GRANDE PORTE,MAIOR MATURIDADE,B,C,C,D
75772400000114,FLÓRIDA - PR,PR,2025,PEQUENO PORTE,MAIOR MATURIDADE,C,C,C,D
04530101000125,FONTE BOA - AM,AM,2025,NÃO CLASSIFICADO,NÃO CLASSIFICADO,C,C,C,D
87612768000102,FONTOURA XAVIER - RS,RS,2025,PEQUENO PORTE,MENOR MATURIDADE,B,A,C,C
16784720000125,FORMIGA - MG,MG,2025,MÉDIO PORTE,MENOR MATURIDADE,B,B,C,C
97228126000150,FORMIGUEIRO - RS,RS,2025,MÉDIO PORTE,MAIOR MATURIDADE,B,B,B,C
01738780000134,FORMOSA - GO,GO,2025,MÉDIO PORTE,MENOR MATURIDADE,C,C,C,D
01616684000113,FORMOSA DA SERRA NEGRA - MA,MA,2025,MÉDIO PORTE,MENOR MATURIDADE,C,C,C,D
02395812000109,FORMOSO - GO,GO,2025,PEQUENO PORTE,MAIOR MATURIDADE,B,B,C,C
02075216000141,FORMOSO DO ARAGUAIA - TO,TO,2025,MÉDIO PORTE,MAIOR MATURIDADE,B,C,C,D
81531162000158,FORQUILHINHA - SC,SC,2025,MÉDIO PORTE,MENOR MATURIDADE,B,A,A,B
07954605000160,FORTALEZA - CE,CE,2025,GRANDE PORTE,MAIOR MATURIDADE,B,C,C,D
18241760000156,FORTALEZA DE MINAS - MG,MG,2025,PEQUENO PORTE,MAIOR MATURIDADE,B,C,C,D
89708051000186,FORTALEZA DOS VALOS - RS,RS,2025,PEQUENO PORTE,MAIOR MATURIDADE,B,B,B,C
35050756000120,FORTIM - CE,CE,2025,MÉDIO PORTE,MENOR MATURIDADE,B,A,B,B
76206606000140,FOZ DO IGUAÇU - PR,PR,2025,GRANDE PORTE,MENOR MATURIDADE,A,C,B,C
01603719000180,FOZ DO JORDÃO - PR,PR,2025,PEQUENO PORTE,MENOR MATURIDADE,B,A,B,B
77816510000166,FRANCISCO BELTRÃO - PR,PR,2025,MÉDIO PORTE,MAIOR MATURIDADE,B,B,B,C
46523072000114,FRANCISCO MORATO - SP,SP,2025,MÉDIO PORTE,MENOR MATURIDADE,C,C,B,D
22681423000157,FRANCISCO SÁ - MG,MG,2025,MÉDIO PORTE,MENOR MATURIDADE,A,B,B,B
06553713000169,FRANCISCO SANTOS - PI,PI,2025,PEQUENO PORTE,MENOR MATURIDADE,B,C,C,D
46523080000160,FRANCO DA ROCHA - SP,SP,2025,MÉDIO PORTE,MENOR MATURIDADE,B,A,A,B
87612917000125,FREDERICO WESTPHALEN - RS,RS,2025,MÉDIO PORTE,MAIOR MATURIDADE,B,A,B,B
08737785000191,FREI MARTINHO - PB,PB,2025,PEQUENO PORTE,MAIOR MATURIDADE,B,B,B,C
18404954000125,FRONTEIRA DOS VALES - MG,MG,2025,NÃO CLASSIFICADO,NÃO CLASSIFICADO,C,C,C,D
06553721000105,FRONTEIRAS - PI,PI,2025,MÉDIO PORTE,MENOR MATURIDADE,C,C,C,D
27165182000107,FUNDÃO - ES,ES,2025,MÉDIO PORTE,MENOR MATURIDADE,B,A,B,B
04223461000184,GAMELEIRA DE GOIÁS - GO,GO,2025,PEQUENO PORTE,MENOR MATURIDADE,C,C,C,D
11303906000100,GARANHUNS - PE,PE,2025,MÉDIO PORTE,MAIOR MATURIDADE,B,B,B,C
44518371000135,GARÇA - SP,SP,2025,MÉDIO PORTE,MAIOR MATURIDADE,B,A,A,B
88594999000195,GARIBALDI - RS,RS,2025,MÉDIO PORTE,MAIOR MATURIDADE,B,C,A,C
82836057000190,GAROPABA - SC,SC,2025,MÉDIO PORTE,MENOR MATURIDADE,B,A,A,B
92891035000186,GARRUCHOS - RS,RS,2025,PEQUENO PORTE,MAIOR MATURIDADE,B,A,A,B
45660602000103,GASTÃO VIDIGAL - SP,SP,2025,PEQUENO PORTE,MAIOR MATURIDADE,B,C,C,D
01614539000101,GAÚCHA DO NORTE - MT,MT,2025,PEQUENO PORTE,MENOR MATURIDADE,B,C,B,C
03503612000195,GENERAL CARNEIRO - MT,MT,2025,PEQUENO PORTE,MAIOR MATURIDADE,B,C,B,C
45660610000150,GENERAL SALGADO - SP,SP,2025,MÉDIO PORTE,MAIOR MATURIDADE,B,C,C,D
07438591000122,GENERAL SAMPAIO - CE,CE,2025,MÉDIO PORTE,MAIOR MATURIDADE,C,C,C,D
87613410000196,GETÚLIO VARGAS - RS,RS,2025,MÉDIO PORTE,MAIOR MATURIDADE,B,A,A,B
12207536000161,GIRAU DO PONCIANO - AL,AL,2025,MÉDIO PORTE,MAIOR MATURIDADE,C,C,C,D
87613048000153,GIRUÁ - RS,RS,2025,MÉDIO PORTE,MAIOR MATURIDADE,B,B,C,C
37464955000100,GLÓRIA D'OESTE - MT,MT,2025,PEQUENO PORTE,MENOR MATURIDADE,B,C,B,C
81392656000107,GODOY MOREIRA - PR,PR,2025,PEQUENO PORTE,MAIOR MATURIDADE,C,C,C,D
10150043000107,GOIANA - PE,PE,2025,MÉDIO PORTE,MAIOR MATURIDADE,B,B,B,C
01303221000100,GOIANDIRA - GO,GO,2025,PEQUENO PORTE,MAIOR MATURIDADE,B,C,C,D
01065846000172,GOIANÉSIA - GO,GO,2025,MÉDIO PORTE,MAIOR MATURIDADE,B,C,C,D
01612092000123,GOIÂNIA - GO,GO,2025,GRANDE PORTE,MAIOR MATURIDADE,B,C,C,D
08162687000173,GOIANINHA - RN,RN,2025,MÉDIO PORTE,MENOR MATURIDADE,C,C,C,D
01291707000167,GOIANIRA - GO,GO,2025,MÉDIO PORTE,MENOR MATURIDADE,B,A,B,B
25086612000170,GOIANORTE - TO,TO,2025,PEQUENO PORTE,MENOR MATURIDADE,C,B,C,D
01753722000180,GOIATUBA - GO,GO,2025,MÉDIO PORTE,MAIOR MATURIDADE,B,C,C,D
18025932000154,GONÇALVES - MG,MG,2025,PEQUENO PORTE,MENOR MATURIDADE,A,C,C,C
25040122000132,GOUVELÂNDIA - GO,GO,2025,MÉDIO PORTE,MENOR MATURIDADE,B,C,C,D
63761944000100,GOVERNADOR JORGE TEIXEIRA - RO,RO,2025,PEQUENO PORTE,MENOR MATURIDADE,B,A,B,B
20622890000180,GOVERNADOR VALADARES - MG,MG,2025,GRANDE PORTE,MAIOR MATURIDADE,C,B,B,C
00394601000126,GOVERNO DO DISTRITO FEDERAL - DF,DF,2025,ESTADO/DF,ESTADO/DF,A,B,C,C
13937032000160,GOVERNO DO ESTADO DA BAHIA - BA,BA,2025,ESTADO/DF,ESTADO/DF,B,B,C,C
08761124000100,GOVERNO DO ESTADO DA PARAÍBA - PB,PB,2025,ESTADO/DF,ESTADO/DF,A,C,A,B
12200176000176,GOVERNO DO ESTADO DE ALAGOAS - AL,AL,2025,ESTADO/DF,ESTADO/DF,A,B,A,B
01409580000138,GOVERNO DO ESTADO DE GOIÁS - GO,GO,2025,ESTADO/DF,ESTADO/DF,A,C,B,C
18715615000160,GOVERNO DO ESTADO DE MINAS GERAIS - MG,MG,2025,ESTADO/DF,ESTADO/DF,C,C,C,D
10571982000125,GOVERNO DO ESTADO DE PERNAMBUCO - PE,PE,2025,ESTADO/DF,ESTADO/DF,A,C,C,C
00394585000171,GOVERNO DO ESTADO DE RONDÔNIA - RO,RO,2025,ESTADO/DF,ESTADO/DF,A,A,A,A
84012012000126,GOVERNO DO ESTADO DE RORAIMA - RR,RR,2025,ESTADO/DF,ESTADO/DF,C,B,C,D
82951229000176,GOVERNO DO ESTADO DE SANTA CATARINA - SC,SC,2025,ESTADO/DF,ESTADO/DF,B,C,B,C
46379400000150,GOVERNO DO ESTADO DE SÃO PAULO - SP,SP,2025,ESTADO/DF,ESTADO/DF,B,C,C,D
13128798000101,GOVERNO DO ESTADO DE SERGIPE - SE,SE,2025,ESTADO/DF,ESTADO/DF,A,C,C,C
63606479000124,GOVERNO DO ESTADO DO ACRE - AC,AC,2025,ESTADO/DF,ESTADO/DF,B,C,B,C
00394577000125,GOVERNO DO ESTADO DO AMAPÁ - AP,AP,2025,ESTADO/DF,ESTADO/DF,B,C,B,C
04312369000190,GOVERNO DO ESTADO DO AMAZONAS - AM,AM,2025,ESTADO/DF,ESTADO/DF,A,A,B,B
07954480000179,GOVERNO DO ESTADO DO CEARÁ - CE,CE,2025,ESTADO/DF,ESTADO/DF,B,A,A,B
27080530000143,GOVERNO DO ESTADO DO ESPÍRITO SANTO - ES,ES,2025,ESTADO/DF,ESTADO/DF,B,B,A,B
06354468000160,GOVERNO DO ESTADO DO MARANHÃO - MA,MA,2025,ESTADO/DF,ESTADO/DF,C,C,B,D
03507415000144,GOVERNO DO ESTADO DO MATO GROSSO - MT,MT,2025,ESTADO/DF,ESTADO/DF,A,A,A,A
15412257000128,GOVERNO DO ESTADO DO MATO GROSSO DO SUL - MS,MS,2025,ESTADO/DF,ESTADO/DF,A,C,A,B
05054861000176,GOVERNO DO ESTADO DO PARÁ - PA,PA,2025,ESTADO/DF,ESTADO/DF,B,B,A,B
76416940000128,GOVERNO DO ESTADO DO PARANÁ - PR,PR,2025,ESTADO/DF,ESTADO/DF,A,A,A,A
06553481000149,GOVERNO DO ESTADO DO PIAUÍ - PI,PI,2025,ESTADO/DF,ESTADO/DF,B,B,A,B
42498600000171,GOVERNO DO ESTADO DO RIO DE JANEIRO - RJ,RJ,2025,ESTADO/DF,ESTADO/DF,A,C,B,C
08241739000105,GOVERNO DO ESTADO DO RIO GRANDE DO NORTE - RN,RN,2025,ESTADO/DF,ESTADO/DF,C,C,C,D
87934675000196,GOVERNO DO ESTADO DO RIO GRANDE DO SUL - RS,RS,2025,ESTADO/DF,ESTADO/DF,A,C,A,B
01786029000103,GOVERNO DO ESTADO DO TOCANTINS - TO,TO,2025,ESTADO/DF,ESTADO/DF,B,A,B,B
94703964000140,GRAMADO DOS LOUREIROS - RS,RS,2025,PEQUENO PORTE,MENOR MATURIDADE,B,C,B,C
94577509000145,GRAMADO XAVIER - RS,RS,2025,PEQUENO PORTE,MENOR MATURIDADE,B,B,B,C
11040888000102,GRANITO - PE,PE,2025,MÉDIO PORTE,MAIOR MATURIDADE,B,C,C,D
11049830000120,GRAVATÁ - PE,PE,2025,MÉDIO PORTE,MAIOR MATURIDADE,A,C,B,C
87890992000158,GRAVATAÍ - RS,RS,2025,GRANDE PORTE,MAIOR MATURIDADE,B,B,A,B
27174135000120,GUAÇUÍ - ES,ES,2025,MÉDIO PORTE,MAIOR MATURIDADE,B,B,B,C
88811922000120,GUAÍBA - RS,RS,2025,MÉDIO PORTE,MAIOR MATURIDADE,A,B,B,B
44529592000109,GUAIMBÊ - SP,SP,2025,MÉDIO PORTE,MAIOR MATURIDADE,B,B,B,C
48344014000159,GUAÍRA - SP,SP,2025,MÉDIO PORTE,MENOR MATURIDADE,B,B,C,C
76238443000187,GUAIRAÇÁ - PR,PR,2025,PEQUENO PORTE,MAIOR MATURIDADE,C,C,C,D
05893631000109,GUAJARÁ-MIRIM - RO,RO,2025,MÉDIO PORTE,MENOR MATURIDADE,B,B,C,C
01616255000146,GUAMIRANGA - PR,PR,2025,PEQUENO PORTE,MENOR MATURIDADE,B,A,B,B
18307439000127,GUANHÃES - MG,MG,2025,MÉDIO PORTE,MAIOR MATURIDADE,A,C,C,C
45728326000178,GUAPIAÇU - SP,SP,2025,MÉDIO PORTE,MAIOR MATURIDADE,B,C,C,D
01373497000156,GUAPÓ - GO,GO,2025,MÉDIO PORTE,MENOR MATURIDADE,B,C,C,D
87862397000109,GUAPORÉ - RS,RS,2025,MÉDIO PORTE,MENOR MATURIDADE,B,C,B,C
08785479000120,GUARABIRA - PB,PB,2025,MÉDIO PORTE,MAIOR MATURIDADE,B,A,B,B
75845537000151,GUARACI - PR,PR,2025,PEQUENO PORTE,MAIOR MATURIDADE,B,B,B,C
46596318000188,GUARACI - SP,SP,2025,MÉDIO PORTE,MENOR MATURIDADE,B,B,B,C
19382647000153,GUARACIABA - MG,MG,2025,PEQUENO PORTE,MENOR MATURIDADE,C,C,C,D
02070548000133,GUARAÍ - TO,TO,2025,MÉDIO PORTE,MENOR MATURIDADE,B,C,C,D
07606478000109,GUARAMIRANGA - CE,CE,2025,PEQUENO PORTE,MENOR MATURIDADE,C,C,C,D
18338160000100,GUARANI - MG,MG,2025,PEQUENO PORTE,MAIOR MATURIDADE,B,C,C,D
87613030000151,GUARANI DAS MISSÕES - RS,RS,2025,MÉDIO PORTE,MAIOR MATURIDADE,B,C,C,D
01740588000182,GUARANI DE GOIÁS - GO,GO,2025,PEQUENO PORTE,MAIOR MATURIDADE,B,B,C,C
76208818000166,GUARANIAÇU - PR,PR,2025,MÉDIO PORTE,MAIOR MATURIDADE,B,C,A,C
03239019000183,GUARANTÃ DO NORTE - MT,MT,2025,MÉDIO PORTE,MENOR MATURIDADE,B,C,B,C
27165190000153,GUARAPARI - ES,ES,2025,MÉDIO PORTE,MENOR MATURIDADE,B,C,B,C
76178037000176,GUARAPUAVA - PR,PR,2025,GRANDE PORTE,MENOR MATURIDADE,B,C,B,C
76017474000108,GUARATUBA - PR,PR,2025,MÉDIO PORTE,MENOR MATURIDADE,B,C,B,C
44959021000104,GUARUJÁ - SP,SP,2025,GRANDE PORTE,MENOR MATURIDADE,A,A,C,B
46319000000150,GUARULHOS - SP,SP,2025,GRANDE PORTE,MENOR MATURIDADE,A,A,B,B
03403896000148,GUIA LOPES DA LAGUNA - MS,MS,2025,PEQUENO PORTE,MAIOR MATURIDADE,B,B,B,C
18602052000101,GUIMARÂNIA - MG,MG,2025,MÉDIO PORTE,MENOR MATURIDADE,B,C,C,D
03347127000170,GUIRATINGA - MT,MT,2025,MÉDIO PORTE,MAIOR MATURIDADE,B,C,C,D
18137943000126,GUIRICEMA - MG,MG,2025,MÉDIO PORTE,MAIOR MATURIDADE,C,C,C,D
18457192000125,GURINHATÃ - MG,MG,2025,MÉDIO PORTE,MAIOR MATURIDADE,B,C,C,D
01803618000152,GURUPI - TO,TO,2025,MÉDIO PORTE,MENOR MATURIDADE,B,C,C,D
91693283000150,HARMONIA - RS,RS,2025,PEQUENO PORTE,MENOR MATURIDADE,B,C,B,C
02296002000103,HEITORAÍ - GO,GO,2025,PEQUENO PORTE,MAIOR MATURIDADE,C,C,C,D
18712133000156,HELIODORA - MG,MG,2025,MÉDIO PORTE,MAIOR MATURIDADE,B,C,B,C
88080379000138,HERVAL - RS,RS,2025,MÉDIO PORTE,MAIOR MATURIDADE,B,C,C,D
82939430000138,HERVAL D'OESTE - SC,SC,2025,MÉDIO PORTE,MENOR MATURIDADE,A,B,A,B
01105329000180,HIDROLÂNDIA - GO,GO,2025,MÉDIO PORTE,MENOR MATURIDADE,B,B,B,C
67172437000183,HOLAMBRA - SP,SP,2025,MÉDIO PORTE,MENOR MATURIDADE,A,C,B,C
23555196000186,HORIZONTE - CE,CE,2025,MÉDIO PORTE,MENOR MATURIDADE,B,B,C,C
87612834000136,HORIZONTINA - RS,RS,2025,MÉDIO PORTE,MAIOR MATURIDADE,B,A,B,B
67995027000132,HORTOLÂNDIA - SP,SP,2025,GRANDE PORTE,MENOR MATURIDADE,B,C,C,D
06554927000150,HUGO NAPOLEÃO - PI,PI,2025,PEQUENO PORTE,MENOR MATURIDADE,B,C,C,D
04465209000181,HUMAITÁ - AM,AM,2025,MÉDIO PORTE,MENOR MATURIDADE,C,C,C,D
87613139000199,HUMAITÁ - RS,RS,2025,PEQUENO PORTE,MAIOR MATURIDADE,B,C,B,C
01740448000104,IACIARA - GO,GO,2025,MÉDIO PORTE,MAIOR MATURIDADE,C,C,C,D
11286374000131,IATI - PE,PE,2025,MÉDIO PORTE,MAIOR MATURIDADE,C,C,C,D
77008068000141,IBAITI - PR,PR,2025,MÉDIO PORTE,MAIOR MATURIDADE,B,C,B,C
45355575000165,IBATÉ - SP,SP,2025,PEQUENO PORTE,MAIOR MATURIDADE,B,C,C,D
87613592000103,IBIAÇÁ - RS,RS,2025,PEQUENO PORTE,MAIOR MATURIDADE,B,B,B,C
13922588000182,IBICOARA - BA,BA,2025,MÉDIO PORTE,MENOR MATURIDADE,B,A,A,B
12461646000155,IBICUITINGA - CE,CE,2025,MÉDIO PORTE,MENOR MATURIDADE,B,B,B,C
10105971000150,IBIMIRIM - PE,PE,2025,MÉDIO PORTE,MAIOR MATURIDADE,C,C,C,D
76244961000103,IBIPORÃ - PR,PR,2025,MÉDIO PORTE,MAIOR MATURIDADE,B,B,C,C
27165208000117,IBIRAÇU - ES,ES,2025,MÉDIO PORTE,MAIOR MATURIDADE,B,B,B,C
87613584000159,IBIRAIARAS - RS,RS,2025,PEQUENO PORTE,MAIOR MATURIDADE,B,B,B,C
11256062000185,IBIRAJUBA - PE,PE,2025,MÉDIO PORTE,MAIOR MATURIDADE,B,C,B,C
92406263000113,IBIRAPUITÃ - RS,RS,2025,PEQUENO PORTE,MAIOR MATURIDADE,B,B,B,C
18715490000178,IBIRITÉ - MG,MG,2025,MÉDIO PORTE,MENOR MATURIDADE,C,C,B,D
87564381000110,IBIRUBÁ - RS,RS,2025,MÉDIO PORTE,MENOR MATURIDADE,B,B,B,C
10393593000157,ICAPUÍ - CE,CE,2025,MÉDIO PORTE,MENOR MATURIDADE,B,C,C,D
82916800000111,IÇARA - SC,SC,2025,MÉDIO PORTE,MAIOR MATURIDADE,B,B,C,C
76247337000160,ICARAÍMA - PR,PR,2025,MÉDIO PORTE,MAIOR MATURIDADE,B,C,C,D
27165646000185,ICONHA - ES,ES,2025,MÉDIO PORTE,MAIOR MATURIDADE,B,B,B,C
12228375000192,IGACI - AL,AL,2025,MÉDIO PORTE,MAIOR MATURIDADE,B,C,C,D
44498467000189,IGARAÇU DO TIETÊ - SP,SP,2025,MÉDIO PORTE,MAIOR MATURIDADE,C,C,C,D
45324290000167,IGARAPAVA - SP,SP,2025,MÉDIO PORTE,MAIOR MATURIDADE,C,C,C,D
01612346000103,IGARAPÉ DO MEIO - MA,MA,2025,PEQUENO PORTE,MENOR MATURIDADE,C,C,C,D
06323208000128,IGARAPÉ GRANDE - MA,MA,2025,PEQUENO PORTE,MENOR MATURIDADE,C,C,C,D
10359560000190,IGARASSU - PE,PE,2025,MÉDIO PORTE,MAIOR MATURIDADE,B,C,C,D
18313825000121,IGARATINGA - MG,MG,2025,MÉDIO PORTE,MENOR MATURIDADE,B,C,C,D
88379763000136,IGREJINHA - RS,RS,2025,MÉDIO PORTE,MAIOR MATURIDADE,B,A,B,B
01615882000162,IGUABA GRANDE - RJ,RJ,2025,MÉDIO PORTE,MENOR MATURIDADE,B,C,B,C
11368966000100,IGUARACI - PE,PE,2025,MÉDIO PORTE,MAIOR MATURIDADE,C,C,B,D
18306688000106,IGUATAMA - MG,MG,2025,PEQUENO PORTE,MAIOR MATURIDADE,B,C,C,D
90738196000109,IJUÍ - RS,RS,2025,MÉDIO PORTE,MAIOR MATURIDADE,A,A,B,B
13111224000112,ILHA DAS FLORES - SE,SE,2025,PEQUENO PORTE,MENOR MATURIDADE,C,C,C,D
09680315000100,ILHA DE ITAMARACÁ - PE,PE,2025,MÉDIO PORTE,MAIOR MATURIDADE,B,C,C,D
59754648000104,ILHA SOLTEIRA - SP,SP,2025,MÉDIO PORTE,MAIOR MATURIDADE,B,C,A,C
46482865000132,ILHABELA - SP,SP,2025,MÉDIO PORTE,MENOR MATURIDADE,A,A,B,B
83102301000153,ILHOTA - SC,SC,2025,MÉDIO PORTE,MENOR MATURIDADE,B,B,A,B
88186424000133,ILÓPOLIS - RS,RS,2025,PEQUENO PORTE,MAIOR MATURIDADE,B,B,B,C
76175892000123,IMBITUVA - PR,PR,2025,MÉDIO PORTE,MAIOR MATURIDADE,B,A,B,B
92454776000108,IMIGRANTE - RS,RS,2025,PEQUENO PORTE,MENOR MATURIDADE,B,A,B,B
76178029000120,INÁCIO MARTINS - PR,PR,2025,MÉDIO PORTE,MAIOR MATURIDADE,B,B,B,C
26923755000151,INACIOLÂNDIA - GO,GO,2025,MÉDIO PORTE,MAIOR MATURIDADE,B,B,C,C
10106219000123,INAJÁ - PE,PE,2025,MÉDIO PORTE,MAIOR MATURIDADE,B,C,B,C
76970318000167,INAJÁ - PR,PR,2025,PEQUENO PORTE,MENOR MATURIDADE,C,C,C,D
83102798000100,INDAIAL - SC,SC,2025,MÉDIO PORTE,MENOR MATURIDADE,A,C,A,B
44733608000109,INDAIATUBA - SP,SP,2025,GRANDE PORTE,MENOR MATURIDADE,A,A,B,B
87612826000190,INDEPENDÊNCIA - RS,RS,2025,MÉDIO PORTE,MAIOR MATURIDADE,B,A,A,B
75798355000177,INDIANÓPOLIS - PR,PR,2025,PEQUENO PORTE,MENOR MATURIDADE,B,C,B,C
00005959000110,INDIARA - GO,GO,2025,MÉDIO PORTE,MENOR MATURIDADE,B,C,C,D
10347888000197,INGAZEIRA - PE,PE,2025,PEQUENO PORTE,MAIOR MATURIDADE,B,C,B,C
12226197000160,INHAPI - AL,AL,2025,MÉDIO PORTE,MENOR MATURIDADE,B,C,B,C
18116152000110,INHAÚMA - MG,MG,2025,PEQUENO PORTE,MENOR MATURIDADE,C,C,C,D
01153030000109,INHUMAS - GO,GO,2025,MÉDIO PORTE,MAIOR MATURIDADE,B,C,C,D
03342938000188,INOCÊNCIA - MS,MS,2025,MÉDIO PORTE,MENOR MATURIDADE,B,A,B,B
01763606000141,IPAMERI - GO,GO,2025,MÉDIO PORTE,MAIOR MATURIDADE,C,C,C,D
90544511000167,IPÊ - RS,RS,2025,PEQUENO PORTE,MAIOR MATURIDADE,B,B,B,C
13621735000184,IPECAETÁ - BA,BA,2025,MÉDIO PORTE,MENOR MATURIDADE,B,C,B,C
18457259000121,IPIAÇU - MG,MG,2025,PEQUENO PORTE,MAIOR MATURIDADE,B,B,C,C
01528506000130,IPIGUÁ - SP,SP,2025,PEQUENO PORTE,MENOR MATURIDADE,B,C,B,C
76175934000126,IPIRANGA - PR,PR,2025,MÉDIO PORTE,MENOR MATURIDADE,B,A,B,B
07209245000172,IPIRANGA DO NORTE - MT,MT,2025,PEQUENO PORTE,MENOR MATURIDADE,B,A,B,B
11294386000108,IPOJUCA - PE,PE,2025,MÉDIO PORTE,MENOR MATURIDADE,A,A,A,A
01157536000188,IPORÁ - GO,GO,2025,MÉDIO PORTE,MAIOR MATURIDADE,B,C,B,C
75738484000170,IPORÃ - PR,PR,2025,MÉDIO PORTE,MAIOR MATURIDADE,B,C,C,D
07679723000108,IPU - CE,CE,2025,MÉDIO PORTE,MENOR MATURIDADE,B,C,C,D
11040896000159,IPUBI - PE,PE,2025,MÉDIO PORTE,MAIOR MATURIDADE,B,C,C,D
07680846000169,IPUEIRAS - CE,CE,2025,MÉDIO PORTE,MENOR MATURIDADE,C,C,C,D
13763479000160,IRAJUBA - BA,BA,2025,PEQUENO PORTE,MENOR MATURIDADE,C,C,C,D
04628533000173,IRANDUBA - AM,AM,2025,MÉDIO PORTE,MENOR MATURIDADE,C,C,B,D
75654574000182,IRATI - PR,PR,2025,MÉDIO PORTE,MAIOR MATURIDADE,B,C,C,D
07683188000169,IRAUÇUBA - CE,CE,2025,MÉDIO PORTE,MENOR MATURIDADE,A,A,A,A
76950088000174,IRETAMA - PR,PR,2025,MÉDIO PORTE,MENOR MATURIDADE,C,C,C,D
01605306000134,ITAARA - RS,RS,2025,PEQUENO PORTE,MENOR MATURIDADE,B,A,B,B
16234429000183,ITABELA - BA,BA,2025,MÉDIO PORTE,MENOR MATURIDADE,C,C,C,D
13719646000175,ITABERABA - BA,BA,2025,MÉDIO PORTE,MAIOR MATURIDADE,C,C,C,D
02451938000153,ITABERAÍ - GO,GO,2025,MÉDIO PORTE,MAIOR MATURIDADE,B,B,B,C
18299446000124,ITABIRA - MG,MG,2025,MÉDIO PORTE,MAIOR MATURIDADE,B,A,B,B
28741080000155,ITABORAÍ - RJ,RJ,2025,GRANDE PORTE,MAIOR MATURIDADE,B,C,C,D
18283101000182,ITACARAMBI - MG,MG,2025,MÉDIO PORTE,MAIOR MATURIDADE,C,C,C,D
04241980000175,ITACOATIARA - AM,AM,2025,MÉDIO PORTE,MAIOR MATURIDADE,C,C,C,D
10114502000105,ITACURUBA - PE,PE,2025,PEQUENO PORTE,MENOR MATURIDADE,B,B,B,C
29138302000102,ITAGUAÍ - RJ,RJ,2025,GRANDE PORTE,MENOR MATURIDADE,B,C,B,C
76970359000153,ITAGUAJÉ - PR,PR,2025,PEQUENO PORTE,MAIOR MATURIDADE,B,C,C,D
24850109000186,ITAGUARI - GO,GO,2025,PEQUENO PORTE,MAIOR MATURIDADE,C,B,C,D
01067255000134,ITAGUARU - GO,GO,2025,PEQUENO PORTE,MAIOR MATURIDADE,B,C,C,D
46634200000105,ITAÍ - SP,SP,2025,MÉDIO PORTE,MENOR MATURIDADE,A,B,B,B
11286382000188,ITAÍBA - PE,PE,2025,MÉDIO PORTE,MAIOR MATURIDADE,B,C,B,C
06553754000155,ITAINÓPOLIS - PI,PI,2025,MÉDIO PORTE,MAIOR MATURIDADE,C,B,C,D
83102517000119,ITAIÓPOLIS - SC,SC,2025,MÉDIO PORTE,MAIOR MATURIDADE,B,A,B,B
01612546000166,ITAIPAVA DO GRAJAÚ - MA,MA,2025,MÉDIO PORTE,MENOR MATURIDADE,C,C,C,D
41563628000182,ITAITINGA - CE,CE,2025,MÉDIO PORTE,MENOR MATURIDADE,B,C,C,D
83102277000152,ITAJAÍ - SC,SC,2025,GRANDE PORTE,MENOR MATURIDADE,A,B,B,B
45126851000113,ITAJOBI - SP,SP,2025,MÉDIO PORTE,MENOR MATURIDADE,B,B,B,C
30417158000122,ITALVA - RJ,RJ,2025,MÉDIO PORTE,MAIOR MATURIDADE,C,C,B,D
16886871000194,ITAMARANDIBA - MG,MG,2025,MÉDIO PORTE,MAIOR MATURIDADE,B,B,B,C
10150050000109,ITAMBÉ - PE,PE,2025,MÉDIO PORTE,MAIOR MATURIDADE,C,C,C,D
18666750000162,ITAMONTE - MG,MG,2025,MÉDIO PORTE,MAIOR MATURIDADE,C,C,C,D
46578498000175,ITANHAÉM - SP,SP,2025,GRANDE PORTE,MENOR MATURIDADE,B,C,C,D
28615557000156,ITAOCARA - RJ,RJ,2025,MÉDIO PORTE,MAIOR MATURIDADE,C,C,C,D
21226840000147,ITAPAGIPE - MG,MG,2025,MÉDIO PORTE,MAIOR MATURIDADE,B,B,C,C
07683956000184,ITAPAJÉ - CE,CE,2025,MÉDIO PORTE,MAIOR MATURIDADE,C,C,B,D
46523130000100,ITAPECERICA DA SERRA - SP,SP,2025,MÉDIO PORTE,MENOR MATURIDADE,B,B,C,C
27174168000170,ITAPEMIRIM - ES,ES,2025,MÉDIO PORTE,MENOR MATURIDADE,B,A,A,B
28916716000152,ITAPERUNA - RJ,RJ,2025,MÉDIO PORTE,MENOR MATURIDADE,C,B,C,D
11358157000100,ITAPETIM - PE,PE,2025,MÉDIO PORTE,MAIOR MATURIDADE,B,C,C,D
46634291000170,ITAPETININGA - SP,SP,2025,GRANDE PORTE,MAIOR MATURIDADE,B,B,C,C
18677625000158,ITAPEVA - MG,MG,2025,MÉDIO PORTE,MAIOR MATURIDADE,B,A,B,B
46634358000177,ITAPEVA - SP,SP,2025,MÉDIO PORTE,MENOR MATURIDADE,B,B,A,B
46523031000128,ITAPEVI - SP,SP,2025,GRANDE PORTE,MENOR MATURIDADE,A,B,B,B
07623077000167,ITAPIPOCA - CE,CE,2025,MÉDIO PORTE,MENOR MATURIDADE,B,A,A,B
45281144000100,ITAPIRA - SP,SP,2025,MÉDIO PORTE,MAIOR MATURIDADE,A,C,C,C
08637399000128,ITAPISSUMA - PE,PE,2025,MÉDIO PORTE,MAIOR MATURIDADE,B,C,C,D
07387509000188,ITAPIÚNA - CE,CE,2025,MÉDIO PORTE,MAIOR MATURIDADE,C,C,C,D
81140303000101,ITAPOÁ - SC,SC,2025,MÉDIO PORTE,MENOR MATURIDADE,A,A,B,B
03156999000150,ITAPORÃ - MS,MS,2025,MÉDIO PORTE,MAIOR MATURIDADE,B,A,B,B
44447126000184,ITAPURA - SP,SP,2025,MÉDIO PORTE,MAIOR MATURIDADE,C,C,B,D
01146604000103,ITAPURANGA - GO,GO,2025,MÉDIO PORTE,MAIOR MATURIDADE,B,A,C,C
46316600000164,ITAQUAQUECETUBA - SP,SP,2025,GRANDE PORTE,MAIOR MATURIDADE,B,A,B,B
88120662000146,ITAQUI - RS,RS,2025,MÉDIO PORTE,MAIOR MATURIDADE,B,B,B,C
15403041000104,ITAQUIRAÍ - MS,MS,2025,MÉDIO PORTE,MENOR MATURIDADE,B,A,A,B
10150076000157,ITAQUITINGA - PE,PE,2025,MÉDIO PORTE,MAIOR MATURIDADE,B,C,C,D
07663941000154,ITAREMA - CE,CE,2025,MÉDIO PORTE,MENOR MATURIDADE,C,C,C,D
01067271000127,ITARUMÃ - GO,GO,2025,PEQUENO PORTE,MAIOR MATURIDADE,B,B,C,C
31846892000170,ITATIAIA - RJ,RJ,2025,MÉDIO PORTE,MENOR MATURIDADE,A,B,B,B
87613402000140,ITATIBA DO SUL - RS,RS,2025,PEQUENO PORTE,MAIOR MATURIDADE,B,B,B,C
46634127000163,ITATINGA - SP,SP,2025,MÉDIO PORTE,MENOR MATURIDADE,B,B,B,C
08148553000106,ITAÚ - RN,RN,2025,PEQUENO PORTE,MAIOR MATURIDADE,C,C,C,D
03238961000127,ITAÚBA - MT,MT,2025,PEQUENO PORTE,MENOR MATURIDADE,B,B,B,C
00167437000114,ITAUÇU - GO,GO,2025,MÉDIO PORTE,MAIOR MATURIDADE,C,C,C,D
18309724000187,ITAÚNA - MG,MG,2025,MÉDIO PORTE,MAIOR MATURIDADE,B,A,A,B
75458836000133,ITAÚNA DO SUL - PR,PR,2025,PEQUENO PORTE,MAIOR MATURIDADE,C,C,C,D
03370251000156,ITIQUIRA - MT,MT,2025,MÉDIO PORTE,MENOR MATURIDADE,B,B,B,C
46634440000100,ITU - SP,SP,2025,GRANDE PORTE,MENOR MATURIDADE,A,A,B,B
18457218000135,ITUIUTABA - MG,MG,2025,MÉDIO PORTE,MAIOR MATURIDADE,B,B,C,C
02204196000161,ITUMBIARA - GO,GO,2025,GRANDE PORTE,MAIOR MATURIDADE,B,B,C,C
45780061000157,ITUPEVA - SP,SP,2025,MÉDIO PORTE,MENOR MATURIDADE,A,A,B,B
46710422000151,ITUVERAVA - SP,SP,2025,MÉDIO PORTE,MAIOR MATURIDADE,B,B,B,C
76285337000154,IVATUBA - PR,PR,2025,PEQUENO PORTE,MAIOR MATURIDADE,C,C,C,D
03575875000100,IVINHEMA - MS,MS,2025,MÉDIO PORTE,MENOR MATURIDADE,B,B,C,C
02321891000103,IVOLÂNDIA - GO,GO,2025,PEQUENO PORTE,MENOR MATURIDADE,B,C,B,C
92457175000140,IVORÁ - RS,RS,2025,PEQUENO PORTE,MAIOR MATURIDADE,B,C,B,C
88254909000117,IVOTI - RS,RS,2025,MÉDIO PORTE,MENOR MATURIDADE,B,A,B,B
10377679000196,JABOATÃO DOS GUARARAPES - PE,PE,2025,GRANDE PORTE,MAIOR MATURIDADE,A,B,A,B
52382702000180,JABORANDI - SP,SP,2025,MÉDIO PORTE,MENOR MATURIDADE,C,C,A,C
75969667000104,JABOTI - PR,PR,2025,PEQUENO PORTE,MAIOR MATURIDADE,B,C,B,C
50387844000105,JABOTICABAL - SP,SP,2025,MÉDIO PORTE,MAIOR MATURIDADE,B,C,C,D
08947699000103,JACARAÚ - PB,PB,2025,MÉDIO PORTE,MAIOR MATURIDADE,C,C,C,D
46694139000183,JACAREÍ - SP,SP,2025,GRANDE PORTE,MAIOR MATURIDADE,B,C,A,C
03347135000116,JACIARA - MT,MT,2025,MÉDIO PORTE,MAIOR MATURIDADE,B,B,B,C
14197586000130,JACOBINA - BA,BA,2025,MÉDIO PORTE,MAIOR MATURIDADE,B,C,C,D
12247755000174,JACUÍPE - AL,AL,2025,MÉDIO PORTE,MENOR MATURIDADE,B,C,C,D
87613394000131,JACUTINGA - RS,RS,2025,PEQUENO PORTE,MAIOR MATURIDADE,B,B,C,C
88414552000197,JAGUARÃO - RS,RS,2025,MÉDIO PORTE,MAIOR MATURIDADE,B,A,B,B
87572046000163,JAGUARI - RS,RS,2025,MÉDIO PORTE,MAIOR MATURIDADE,B,B,C,C
76910900000138,JAGUARIAÍVA - PR,PR,2025,MÉDIO PORTE,MENOR MATURIDADE,B,C,A,C
46410866000171,JAGUARIÚNA - SP,SP,2025,MÉDIO PORTE,MENOR MATURIDADE,B,A,B,B
07615750000117,JAGUARUANA - CE,CE,2025,MÉDIO PORTE,MAIOR MATURIDADE,C,C,C,D
06553762000100,JAICÓS - PI,PI,2025,MÉDIO PORTE,MENOR MATURIDADE,B,C,C,D
45131885000104,JALES - SP,SP,2025,MÉDIO PORTE,MAIOR MATURIDADE,A,B,B,B
18017392000167,JANAÚBA - MG,MG,2025,MÉDIO PORTE,MAIOR MATURIDADE,B,C,B,C
02879138000138,JANDAIA - GO,GO,2025,MÉDIO PORTE,MAIOR MATURIDADE,B,B,C,C
75771204000125,JANDAIA DO SUL - PR,PR,2025,MÉDIO PORTE,MAIOR MATURIDADE,B,C,B,C
46522991000173,JANDIRA - SP,SP,2025,MÉDIO PORTE,MENOR MATURIDADE,B,B,B,C
24772147000168,JANGADA - MT,MT,2025,PEQUENO PORTE,MENOR MATURIDADE,C,C,B,D
76402882000183,JANIÓPOLIS - PR,PR,2025,MÉDIO PORTE,MAIOR MATURIDADE,B,C,C,D
21461546000110,JANUÁRIA - MG,MG,2025,MÉDIO PORTE,MENOR MATURIDADE,C,C,C,D
18306654000103,JAPARAÍBA - MG,MG,2025,PEQUENO PORTE,MENOR MATURIDADE,C,C,B,D
12247946000136,JAPARATINGA - AL,AL,2025,PEQUENO PORTE,MAIOR MATURIDADE,C,C,C,D
39485396000140,JAPERI - RJ,RJ,2025,MÉDIO PORTE,MENOR MATURIDADE,B,B,B,C
01612476000146,JAPONVAR - MG,MG,2025,PEQUENO PORTE,MENOR MATURIDADE,B,B,B,C
75788349000139,JAPURÁ - PR,PR,2025,MÉDIO PORTE,MAIOR MATURIDADE,A,B,B,B
92401561000110,JAQUIRANA - RS,RS,2025,PEQUENO PORTE,MAIOR MATURIDADE,B,C,B,C
01223916000173,JARAGUÁ - GO,GO,2025,MÉDIO PORTE,MAIOR MATURIDADE,C,C,C,D
83102459000123,JARAGUÁ DO SUL - SC,SC,2025,MÉDIO PORTE,MAIOR MATURIDADE,A,B,A,B
12207544000108,JARAMATAIA - AL,AL,2025,NÃO CLASSIFICADO,NÃO CLASSIFICADO,C,C,C,D
03162047000140,JARDIM - MS,MS,2025,MÉDIO PORTE,MAIOR MATURIDADE,B,B,B,C
08086662000138,JARDIM DO SERIDÓ - RN,RN,2025,MÉDIO PORTE,MENOR MATURIDADE,B,B,B,C
76970383000192,JARDIM OLINDA - PR,PR,2025,PEQUENO PORTE,MENOR MATURIDADE,B,C,B,C
01609402000150,JARI - RS,RS,2025,PEQUENO PORTE,MENOR MATURIDADE,C,C,B,D
04279238000159,JARU - RO,RO,2025,MÉDIO PORTE,MENOR MATURIDADE,A,B,B,B
01165729000180,JATAÍ - GO,GO,2025,MÉDIO PORTE,MAIOR MATURIDADE,C,C,C,D
76245042000154,JATAIZINHO - PR,PR,2025,MÉDIO PORTE,MAIOR MATURIDADE,C,C,C,D
10091544000160,JATAÚBA - PE,PE,2025,MÉDIO PORTE,MENOR MATURIDADE,B,B,C,C
03783859000102,JATEÍ - MS,MS,2025,PEQUENO PORTE,MENOR MATURIDADE,B,B,C,C
15023948000130,JAURU - MT,MT,2025,PEQUENO PORTE,MAIOR MATURIDADE,B,A,B,B
02917132000108,JEQUIÁ DA PRAIA - AL,AL,2025,MÉDIO PORTE,MENOR MATURIDADE,C,C,C,D
13894878000160,JEQUIÉ - BA,BA,2025,MÉDIO PORTE,MAIOR MATURIDADE,C,C,C,D
27165653000187,JERÔNIMO MONTEIRO - ES,ES,2025,MÉDIO PORTE,MAIOR MATURIDADE,B,C,C,D
37623501000134,JESÚPOLIS - GO,GO,2025,PEQUENO PORTE,MAIOR MATURIDADE,B,B,B,C
04092672000125,JI-PARANÁ - RO,RO,2025,MÉDIO PORTE,MENOR MATURIDADE,B,A,B,B
82939380000199,JOAÇABA - SC,SC,2025,MÉDIO PORTE,MENOR MATURIDADE,A,B,A,B
11097359000145,JOÃO ALFREDO - PE,PE,2025,MÉDIO PORTE,MAIOR MATURIDADE,B,C,C,D
31776479000186,JOÃO NEIVA - ES,ES,2025,MÉDIO PORTE,MAIOR MATURIDADE,B,A,A,B
08778326000156,JOÃO PESSOA - PB,PB,2025,GRANDE PORTE,MAIOR MATURIDADE,A,B,B,B
16930299000113,JOÃO PINHEIRO - MG,MG,2025,MÉDIO PORTE,MAIOR MATURIDADE,B,C,B,C
46444790000103,JOÃO RAMALHO - SP,SP,2025,PEQUENO PORTE,MAIOR MATURIDADE,B,C,B,C
10192441000196,JOAQUIM NABUCO - PE,PE,2025,MÉDIO PORTE,MAIOR MATURIDADE,B,C,C,D
06554208000139,JOAQUIM PIRES - PI,PI,2025,MÉDIO PORTE,MENOR MATURIDADE,B,A,C,C
89650121000192,JÓIA - RS,RS,2025,MÉDIO PORTE,MAIOR MATURIDADE,B,B,B,C
83169623000110,JOINVILLE - SC,SC,2025,GRANDE PORTE,MAIOR MATURIDADE,A,A,A,A
06554786000175,JOSÉ DE FREITAS - PI,PI,2025,MÉDIO PORTE,MENOR MATURIDADE,B,C,C,D
02029957000196,JOVIÂNIA - GO,GO,2025,MÉDIO PORTE,MAIOR MATURIDADE,B,B,C,C
15072663000199,JUARA - MT,MT,2025,MÉDIO PORTE,MENOR MATURIDADE,B,B,B,C
64487614000122,JUATUBA - MG,MG,2025,MÉDIO PORTE,MENOR MATURIDADE,B,C,C,D
08996886000187,JUAZEIRINHO - PB,PB,2025,MÉDIO PORTE,MENOR MATURIDADE,B,C,B,C
13915632000127,JUAZEIRO - BA,BA,2025,MÉDIO PORTE,MENOR MATURIDADE,B,B,B,C
07974082000114,JUAZEIRO DO NORTE - CE,CE,2025,GRANDE PORTE,MENOR MATURIDADE,B,C,C,D
01612582000120,JUAZEIRO DO PIAUÍ - PI,PI,2025,PEQUENO PORTE,MENOR MATURIDADE,B,A,C,C
35450790000191,JUCATI - PE,PE,2025,PEQUENO PORTE,MAIOR MATURIDADE,C,C,C,D
08095283000104,JUCURUTU - RN,RN,2025,MÉDIO PORTE,MENOR MATURIDADE,B,C,C,D
15359201000157,JUÍNA - MT,MT,2025,MÉDIO PORTE,MENOR MATURIDADE,B,C,B,C
18338178000102,JUIZ DE FORA - MG,MG,2025,GRANDE PORTE,MAIOR MATURIDADE,B,B,C,C
88227756000119,JÚLIO DE CASTILHOS - RS,RS,2025,MÉDIO PORTE,MENOR MATURIDADE,B,B,C,C
44518496000165,JÚLIO MESQUITA - SP,SP,2025,MÉDIO PORTE,MAIOR MATURIDADE,B,C,C,D
01612150000119,JUMIRIM - SP,SP,2025,PEQUENO PORTE,MENOR MATURIDADE,B,C,B,C
12248100000110,JUNDIÁ - AL,AL,2025,PEQUENO PORTE,MENOR MATURIDADE,B,C,B,C
45780103000150,JUNDIAÍ - SP,SP,2025,GRANDE PORTE,MAIOR MATURIDADE,A,A,A,A
12265468000197,JUNQUEIRO - AL,AL,2025,MÉDIO PORTE,MAIOR MATURIDADE,B,C,C,D
10140978000102,JUPI - PE,PE,2025,MÉDIO PORTE,MAIOR MATURIDADE,B,C,B,C
18017368000128,JURAMENTO - MG,MG,2025,PEQUENO PORTE,MAIOR MATURIDADE,C,C,C,D
10141489000175,JUREMA - PE,PE,2025,MÉDIO PORTE,MAIOR MATURIDADE,B,C,B,C
01612585000163,JUREMA - PI,PI,2025,PEQUENO PORTE,MENOR MATURIDADE,B,B,C,C
08888950000106,JURU - PB,PB,2025,MÉDIO PORTE,MENOR MATURIDADE,C,C,C,D
18668368000198,JURUAIA - MG,MG,2025,MÉDIO PORTE,MENOR MATURIDADE,B,B,C,C
24950461000193,JURUENA - MT,MT,2025,PEQUENO PORTE,MENOR MATURIDADE,B,C,C,D
02922128000138,JUSSARA - GO,GO,2025,MÉDIO PORTE,MAIOR MATURIDADE,B,A,C,C
75789552000120,JUSSARA - PR,PR,2025,MÉDIO PORTE,MENOR MATURIDADE,B,C,C,D
05830872000109,LÁBREA - AM,AM,2025,MÉDIO PORTE,MENOR MATURIDADE,C,C,C,D
03330453000174,LADÁRIO - MS,MS,2025,MÉDIO PORTE,MENOR MATURIDADE,B,A,B,B
82777301000190,LAGES - SC,SC,2025,GRANDE PORTE,MAIOR MATURIDADE,A,C,C,C
41522327000100,LAGOA ALEGRE - PI,PI,2025,PEQUENO PORTE,MENOR MATURIDADE,C,C,C,D
12207551000100,LAGOA DA CANOA - AL,AL,2025,MÉDIO PORTE,MAIOR MATURIDADE,C,C,C,D
01612584000119,LAGOA DE SÃO FRANCISCO - PI,PI,2025,PEQUENO PORTE,MENOR MATURIDADE,C,C,C,D
40893778000191,LAGOA DO CARRO - PE,PE,2025,MÉDIO PORTE,MAIOR MATURIDADE,B,C,C,D
11286267000103,LAGOA DO OURO - PE,PE,2025,MÉDIO PORTE,MAIOR MATURIDADE,B,C,C,D
94704277000149,LAGOA DOS TRÊS CANTOS - RS,RS,2025,PEQUENO PORTE,MENOR MATURIDADE,B,C,B,C
18602078000141,LAGOA FORMOSA - MG,MG,2025,MÉDIO PORTE,MAIOR MATURIDADE,B,C,C,D
01613731000175,LAGOA GRANDE - PE,PE,2025,MÉDIO PORTE,MAIOR MATURIDADE,B,C,B,C
08997611000168,LAGOA SECA - PB,PB,2025,MÉDIO PORTE,MAIOR MATURIDADE,B,C,C,D
87613626000151,LAGOA VERMELHA - RS,RS,2025,MÉDIO PORTE,MAIOR MATURIDADE,B,B,B,C
92406289000161,LAGOÃO - RS,RS,2025,PEQUENO PORTE,MAIOR MATURIDADE,B,B,B,C
28919637000103,LAJE DO MURIAÉ - RJ,RJ,2025,MÉDIO PORTE,MENOR MATURIDADE,C,B,B,C
87297982000103,LAJEADO - RS,RS,2025,MÉDIO PORTE,MENOR MATURIDADE,A,A,B,B
10143246000176,LAJEDO - PE,PE,2025,MÉDIO PORTE,MAIOR MATURIDADE,B,C,C,D
08113466000105,LAJES - RN,RN,2025,MÉDIO PORTE,MENOR MATURIDADE,B,C,C,D
08159394000137,LAJES PINTADAS - RN,RN,2025,PEQUENO PORTE,MENOR MATURIDADE,B,C,C,D
17877200000120,LAMBARI - MG,MG,2025,MÉDIO PORTE,MAIOR MATURIDADE,B,B,C,C
37465408000149,LAMBARI D'OESTE - MT,MT,2025,PEQUENO PORTE,MENOR MATURIDADE,C,C,C,D
06554117000101,LANDRI SALES - PI,PI,2025,PEQUENO PORTE,MENOR MATURIDADE,B,B,C,C
76020452000105,LAPA - PR,PR,2025,MÉDIO PORTE,MAIOR MATURIDADE,A,B,C,C
95684536000180,LARANJAL - PR,PR,2025,PEQUENO PORTE,MENOR MATURIDADE,B,A,B,B
76205970000195,LARANJEIRAS DO SUL - PR,PR,2025,MÉDIO PORTE,MAIOR MATURIDADE,B,C,C,D
44437820000110,LAVÍNIA - SP,SP,2025,MÉDIO PORTE,MAIOR MATURIDADE,B,A,B,B
18244376000107,LAVRAS - MG,MG,2025,MÉDIO PORTE,MAIOR MATURIDADE,A,B,C,C
88201298000149,LAVRAS DO SUL - RS,RS,2025,MÉDIO PORTE,MAIOR MATURIDADE,B,B,B,C
18315218000109,LEANDRO FERREIRA - MG,MG,2025,PEQUENO PORTE,MAIOR MATURIDADE,B,C,C,D
46362661000168,LEME - SP,SP,2025,MÉDIO PORTE,MENOR MATURIDADE,A,B,A,B
01587109000130,LEME DO PRADO - MG,MG,2025,PEQUENO PORTE,MENOR MATURIDADE,B,A,B,B
46200846000176,LENÇÓIS PAULISTA - SP,SP,2025,MÉDIO PORTE,MENOR MATURIDADE,A,B,B,B
82924390000150,LEOBERTO LEAL - SC,SC,2025,PEQUENO PORTE,MENOR MATURIDADE,C,B,B,C
01067305000183,LEOPOLDO DE BULHÕES - GO,GO,2025,PEQUENO PORTE,MAIOR MATURIDADE,B,C,C,D
89030639000123,LIBERATO SALZANO - RS,RS,2025,PEQUENO PORTE,MAIOR MATURIDADE,B,B,C,C
18029165000151,LIBERDADE - MG,MG,2025,PEQUENO PORTE,MAIOR MATURIDADE,B,C,C,D
45132495000140,LIMEIRA - SP,SP,2025,GRANDE PORTE,MENOR MATURIDADE,A,C,C,C
11097292000149,LIMOEIRO - PE,PE,2025,MÉDIO PORTE,MAIOR MATURIDADE,B,B,C,C
94707486000146,LINDOLFO COLLOR - RS,RS,2025,PEQUENO PORTE,MENOR MATURIDADE,B,A,B,B
27167410000188,LINHARES - ES,ES,2025,GRANDE PORTE,MAIOR MATURIDADE,A,B,B,B
76972074000151,LOANDA - PR,PR,2025,MÉDIO PORTE,MAIOR MATURIDADE,B,C,C,D
76970367000108,LOBATO - PR,PR,2025,PEQUENO PORTE,MAIOR MATURIDADE,C,C,C,D
75771477000170,LONDRINA - PR,PR,2025,GRANDE PORTE,MAIOR MATURIDADE,B,B,A,B
46363933000144,LOUVEIRA - SP,SP,2025,MÉDIO PORTE,MENOR MATURIDADE,B,B,B,C
24772246000140,LUCAS DO RIO VERDE - MT,MT,2025,MÉDIO PORTE,MENOR MATURIDADE,A,A,A,A
08924813000180,LUCENA - PB,PB,2025,MÉDIO PORTE,MAIOR MATURIDADE,B,C,C,D
06554448000133,LUÍS CORREIA - PI,PI,2025,MÉDIO PORTE,MENOR MATURIDADE,B,C,C,D
80888688000127,LUIZIANA - PR,PR,2025,MÉDIO PORTE,MENOR MATURIDADE,C,C,C,D
01169416000109,LUZIÂNIA - GO,GO,2025,GRANDE PORTE,MAIOR MATURIDADE,C,C,C,D
29115474000160,MACAÉ - RJ,RJ,2025,GRANDE PORTE,MENOR MATURIDADE,A,A,B,B
08234148000100,MACAÍBA - RN,RN,2025,MÉDIO PORTE,MENOR MATURIDADE,B,B,C,C
05995766000177,MACAPÁ - AP,AP,2025,GRANDE PORTE,MENOR MATURIDADE,C,C,C,D
11361888000104,MACAPARANA - PE,PE,2025,MÉDIO PORTE,MAIOR MATURIDADE,B,C,C,D
46200853000178,MACATUBA - SP,SP,2025,MÉDIO PORTE,MAIOR MATURIDADE,B,C,B,C
08184434000109,MACAU - RN,RN,2025,MÉDIO PORTE,MENOR MATURIDADE,C,C,C,D
51848943000100,MACAUBAL - SP,SP,2025,MÉDIO PORTE,MAIOR MATURIDADE,B,B,B,C
12200135000180,MACEIÓ - AL,AL,2025,GRANDE PORTE,MAIOR MATURIDADE,C,B,C,D
22855142000173,MACHADINHO D'OESTE - RO,RO,2025,MÉDIO PORTE,MENOR MATURIDADE,B,B,A,B
18242784000120,MACHADO - MG,MG,2025,MÉDIO PORTE,MENOR MATURIDADE,C,C,B,D
11097375000138,MACHADOS - PE,PE,2025,MÉDIO PORTE,MAIOR MATURIDADE,B,B,B,C
95992020000100,MACIEIRA - SC,SC,2025,PEQUENO PORTE,MAIOR MATURIDADE,B,A,A,B
83102509000172,MAFRA - SC,SC,2025,MÉDIO PORTE,MAIOR MATURIDADE,A,B,B,B
45660628000151,MAGDA - SP,SP,2025,PEQUENO PORTE,MAIOR MATURIDADE,B,C,C,D
29138351000145,MAGÉ - RJ,RJ,2025,GRANDE PORTE,MENOR MATURIDADE,B,C,B,C
46523163000150,MAIRIPORÃ - SP,SP,2025,MÉDIO PORTE,MENOR MATURIDADE,B,B,A,B
12228904000158,MAJOR IZIDORO - AL,AL,2025,MÉDIO PORTE,MAIOR MATURIDADE,B,C,C,D
83102392000127,MAJOR VIEIRA - SC,SC,2025,PEQUENO PORTE,MENOR MATURIDADE,C,B,A,C
18404871000136,MALACACHETA - MG,MG,2025,MÉDIO PORTE,MAIOR MATURIDADE,C,C,C,D
01740463000152,MAMBAÍ - GO,GO,2025,PEQUENO PORTE,MAIOR MATURIDADE,B,C,C,D
25212242000170,MAMONAS - MG,MG,2025,NÃO CLASSIFICADO,NÃO CLASSIFICADO,C,C,C,D
01613501000106,MAMPITUBA - RS,RS,2025,PEQUENO PORTE,MENOR MATURIDADE,B,B,B,C
04274064000131,MANACAPURU - AM,AM,2025,MÉDIO PORTE,MENOR MATURIDADE,C,C,C,D
04641551000195,MANAQUIRI - AM,AM,2025,MÉDIO PORTE,MENOR MATURIDADE,C,B,C,D
01626099000102,MANARI - PE,PE,2025,MÉDIO PORTE,MENOR MATURIDADE,C,C,C,D
04365326000173,MANAUS - AM,AM,2025,GRANDE PORTE,MENOR MATURIDADE,A,C,C,C
76285329000108,MANDAGUAÇU - PR,PR,2025,MÉDIO PORTE,MENOR MATURIDADE,C,C,C,D
76105550000137,MANDIRITUBA - PR,PR,2025,MÉDIO PORTE,MAIOR MATURIDADE,B,A,B,B
29138310000159,MANGARATIBA - RJ,RJ,2025,MÉDIO PORTE,MENOR MATURIDADE,B,C,C,D
04197166000109,MANICORÉ - AM,AM,2025,MÉDIO PORTE,MENOR MATURIDADE,C,C,C,D
18504167000155,MANTENA - MG,MG,2025,MÉDIO PORTE,MAIOR MATURIDADE,B,C,C,D
27167345000190,MANTENÓPOLIS - ES,ES,2025,MÉDIO PORTE,MAIOR MATURIDADE,B,C,B,C
94436342000100,MAQUINÉ - RS,RS,2025,PEQUENO PORTE,MAIOR MATURIDADE,B,B,B,C
12333761000144,MAR VERMELHO - AL,AL,2025,PEQUENO PORTE,MAIOR MATURIDADE,C,C,C,D
04505640000104,MARAÃ - AM,AM,2025,PEQUENO PORTE,MENOR MATURIDADE,C,C,C,D
05853163000130,MARABÁ - PA,PA,2025,GRANDE PORTE,MENOR MATURIDADE,A,A,A,A
82915026000124,MARACAJÁ - SC,SC,2025,PEQUENO PORTE,MENOR MATURIDADE,B,B,B,C
03442597000112,MARACAJU - MS,MS,2025,MÉDIO PORTE,MENOR MATURIDADE,A,C,A,B
07605850000162,MARACANAÚ - CE,CE,2025,MÉDIO PORTE,MAIOR MATURIDADE,C,C,C,D
12248522000196,MARAGOGI - AL,AL,2025,MÉDIO PORTE,MAIOR MATURIDADE,B,C,C,D
07963051000168,MARANGUAPE - CE,CE,2025,MÉDIO PORTE,MAIOR MATURIDADE,B,C,B,C
93235943000184,MARATÁ - RS,RS,2025,PEQUENO PORTE,MENOR MATURIDADE,B,B,B,C
12251286000167,MARAVILHA - AL,AL,2025,MÉDIO PORTE,MAIOR MATURIDADE,C,C,C,D
03238987000175,MARCELÂNDIA - MT,MT,2025,MÉDIO PORTE,MAIOR MATURIDADE,B,A,B,B
13765219000123,MARCIONÍLIO SOUZA - BA,BA,2025,PEQUENO PORTE,MENOR MATURIDADE,C,C,C,D
12200275000158,MARECHAL DEODORO - AL,AL,2025,MÉDIO PORTE,MAIOR MATURIDADE,B,C,B,C
08917106000166,MARI - PB,PB,2025,MÉDIO PORTE,MENOR MATURIDADE,C,C,C,D
76247386000100,MARIA HELENA - PR,PR,2025,PEQUENO PORTE,MAIOR MATURIDADE,B,B,B,C
76282680000145,MARIALVA - PR,PR,2025,MÉDIO PORTE,MAIOR MATURIDADE,B,B,C,C
18295303000144,MARIANA - MG,MG,2025,MÉDIO PORTE,MENOR MATURIDADE,A,A,C,B
94068418000184,MARIANA PIMENTEL - RS,RS,2025,PEQUENO PORTE,MENOR MATURIDADE,B,B,A,B
24851479000138,MARIANÓPOLIS DO TOCANTINS - TO,TO,2025,PEQUENO PORTE,MENOR MATURIDADE,C,C,C,D
12236873000187,MARIBONDO - AL,AL,2025,MÉDIO PORTE,MAIOR MATURIDADE,B,C,C,D
29131075000193,MARICÁ - RJ,RJ,2025,GRANDE PORTE,MENOR MATURIDADE,A,C,B,C
75971010000173,MARILENA - PR,PR,2025,MÉDIO PORTE,MAIOR MATURIDADE,C,C,C,D
44477909000100,MARÍLIA - SP,SP,2025,GRANDE PORTE,MAIOR MATURIDADE,C,C,C,D
76404136000129,MARILUZ - PR,PR,2025,MÉDIO PORTE,MAIOR MATURIDADE,B,B,C,C
76282656000106,MARINGÁ - PR,PR,2025,GRANDE PORTE,MAIOR MATURIDADE,A,A,B,B
45132719000114,MARINÓPOLIS - SP,SP,2025,PEQUENO PORTE,MAIOR MATURIDADE,B,C,C,D
76995323000124,MARIÓPOLIS - PR,PR,2025,PEQUENO PORTE,MAIOR MATURIDADE,B,B,B,C
01612941000149,MARIZÓPOLIS - PB,PB,2025,PEQUENO PORTE,MENOR MATURIDADE,C,C,A,C
01612552000113,MARQUINHO - PR,PR,2025,PEQUENO PORTE,MENOR MATURIDADE,B,B,B,C
88485412000100,MATA - RS,RS,2025,PEQUENO PORTE,MAIOR MATURIDADE,B,A,B,B
12226205000179,MATA GRANDE - AL,AL,2025,MÉDIO PORTE,MENOR MATURIDADE,C,C,C,D
06119945000103,MATA ROMA - MA,MA,2025,GRANDE PORTE,MENOR MATURIDADE,C,C,C,D
76206465000165,MATELÂNDIA - PR,PR,2025,MÉDIO PORTE,MAIOR MATURIDADE,B,B,B,C
06554182000129,MATIAS OLÍMPIO - PI,PI,2025,MÉDIO PORTE,MENOR MATURIDADE,B,A,C,C
76017466000161,MATINHOS - PR,PR,2025,MÉDIO PORTE,MENOR MATURIDADE,B,B,B,C
94577590000163,MATO LEITÃO - RS,RS,2025,PEQUENO PORTE,MENOR MATURIDADE,B,B,B,C
24850216000104,MATRINCHÃ - GO,GO,2025,PEQUENO PORTE,MAIOR MATURIDADE,B,C,C,D
12342663000173,MATRIZ DE CAMARAGIBE - AL,AL,2025,MÉDIO PORTE,MAIOR MATURIDADE,C,C,C,D
24772188000154,MATUPÁ - MT,MT,2025,MÉDIO PORTE,MENOR MATURIDADE,B,A,B,B
04282869000127,MAUÉS - AM,AM,2025,MÉDIO PORTE,MENOR MATURIDADE,C,C,C,D
02056752000108,MAURILÂNDIA - GO,GO,2025,PEQUENO PORTE,MAIOR MATURIDADE,B,A,B,B
05986427000124,MAZAGÃO - AP,AP,2025,MÉDIO PORTE,MENOR MATURIDADE,C,C,C,D
76206481000158,MEDIANEIRA - PR,PR,2025,MÉDIO PORTE,MAIOR MATURIDADE,B,C,C,D
28580694000100,MENDES - RJ,RJ,2025,MÉDIO PORTE,MENOR MATURIDADE,B,C,C,D
17744442000145,MERCÊS - MG,MG,2025,MÉDIO PORTE,MAIOR MATURIDADE,B,C,C,D
45116092000108,MERIDIANO - SP,SP,2025,PEQUENO PORTE,MENOR MATURIDADE,C,C,C,D
65712069000193,MESÓPOLIS - SP,SP,2025,PEQUENO PORTE,MAIOR MATURIDADE,B,B,B,C
04132090000125,MESQUITA - RJ,RJ,2025,MÉDIO PORTE,MENOR MATURIDADE,A,C,A,B
12200283000102,MESSIAS - AL,AL,2025,MÉDIO PORTE,MENOR MATURIDADE,C,C,B,D
08349060000126,MESSIAS TARGINO - RN,RN,2025,PEQUENO PORTE,MAIOR MATURIDADE,C,C,C,D
32415283000129,MIGUEL PEREIRA - RJ,RJ,2025,MÉDIO PORTE,MENOR MATURIDADE,B,C,C,D
45353307000104,MIGUELÓPOLIS - SP,SP,2025,MÉDIO PORTE,MAIOR MATURIDADE,B,A,B,B
07655277000100,MILAGRES - CE,CE,2025,MÉDIO PORTE,MENOR MATURIDADE,B,B,A,B
27174119000137,MIMOSO DO SUL - ES,ES,2025,MÉDIO PORTE,MAIOR MATURIDADE,C,C,B,D
02215275000178,MINAÇU - GO,GO,2025,MÉDIO PORTE,MAIOR MATURIDADE,B,B,C,C
12237038000161,MINADOR DO NEGRÃO - AL,AL,2025,PEQUENO PORTE,MAIOR MATURIDADE,C,C,C,D
17954041000110,MINDURI - MG,MG,2025,PEQUENO PORTE,MAIOR MATURIDADE,B,C,C,D
02316537000190,MINEIROS - GO,GO,2025,MÉDIO PORTE,MENOR MATURIDADE,B,B,B,C
45116290000171,MIRA ESTRELA - SP,SP,2025,PEQUENO PORTE,MENOR MATURIDADE,B,C,B,C
29114121000146,MIRACEMA - RJ,RJ,2025,MÉDIO PORTE,MAIOR MATURIDADE,B,C,C,D
17966201000140,MIRAÍ - MG,MG,2025,MÉDIO PORTE,MAIOR MATURIDADE,C,C,C,D
11043312000107,MIRANDIBA - PE,PE,2025,MÉDIO PORTE,MAIOR MATURIDADE,C,C,C,D
44438968000170,MIRANDÓPOLIS - SP,SP,2025,MÉDIO PORTE,MAIOR MATURIDADE,B,C,B,C
02070720000159,MIRANORTE - TO,TO,2025,MÉDIO PORTE,MENOR MATURIDADE,C,B,C,D
03755477000175,MIRASSOL D'OESTE - MT,MT,2025,MÉDIO PORTE,MENOR MATURIDADE,B,B,C,C
46523270000188,MOGI DAS CRUZES - SP,SP,2025,GRANDE PORTE,MENOR MATURIDADE,B,B,B,C
06190243000116,MONÇÃO - MA,MA,2025,MÉDIO PORTE,MENOR MATURIDADE,C,C,C,D
59854927000131,MONÇÕES - SP,SP,2025,PEQUENO PORTE,MAIOR MATURIDADE,B,B,C,C
08739351000120,MONTADAS - PB,PB,2025,PEQUENO PORTE,MAIOR MATURIDADE,C,C,C,D
04838496000128,MONTE ALEGRE - PA,PA,2025,MÉDIO PORTE,MENOR MATURIDADE,C,C,C,D
08365900000144,MONTE ALEGRE - RN,RN,2025,MÉDIO PORTE,MENOR MATURIDADE,B,B,C,C
18431155000148,MONTE ALEGRE DE MINAS - MG,MG,2025,MÉDIO PORTE,MAIOR MATURIDADE,B,C,C,D
18668376000134,MONTE BELO - MG,MG,2025,MÉDIO PORTE,MAIOR MATURIDADE,B,C,C,D
44882074000174,MONTE CASTELO - SP,SP,2025,PEQUENO PORTE,MAIOR MATURIDADE,B,C,C,D
01067891000166,MONTE DO CARMO - TO,TO,2025,PEQUENO PORTE,MENOR MATURIDADE,C,B,C,D
45787652000156,MONTE MOR - SP,SP,2025,MÉDIO PORTE,MENOR MATURIDADE,B,A,C,C
01613093000192,MONTE SANTO DO TOCANTINS - TO,TO,2025,PEQUENO PORTE,MENOR MATURIDADE,C,C,C,D
12251450000136,MONTEIRÓPOLIS - AL,AL,2025,MÉDIO PORTE,MAIOR MATURIDADE,C,B,C,D
90895905000160,MONTENEGRO - RS,RS,2025,MÉDIO PORTE,MAIOR MATURIDADE,B,B,B,C
22678874000135,MONTES CLAROS - MG,MG,2025,GRANDE PORTE,MAIOR MATURIDADE,B,C,A,C
01767722000139,MONTES CLAROS DE GOIÁS - GO,GO,2025,MÉDIO PORTE,MAIOR MATURIDADE,B,B,C,C
25043571000134,MONTIVIDIU - GO,GO,2025,MÉDIO PORTE,MENOR MATURIDADE,B,C,C,D
07782840000100,MORADA NOVA - CE,CE,2025,MÉDIO PORTE,MAIOR MATURIDADE,C,C,C,D
18296665000150,MORADA NOVA DE MINAS - MG,MG,2025,MÉDIO PORTE,MAIOR MATURIDADE,B,C,C,D
11361227000189,MOREILÂNDIA - PE,PE,2025,MÉDIO PORTE,MAIOR MATURIDADE,C,C,C,D
76217025000103,MOREIRA SALES - PR,PR,2025,MÉDIO PORTE,MAIOR MATURIDADE,B,C,C,D
11049822000183,MORENO - PE,PE,2025,MÉDIO PORTE,MAIOR MATURIDADE,A,C,C,C
92451038000107,MORMAÇO - RS,RS,2025,PEQUENO PORTE,MENOR MATURIDADE,B,B,A,B
01789551000149,MORRINHOS - GO,GO,2025,MÉDIO PORTE,MENOR MATURIDADE,B,C,C,D
93317980000131,MORRINHOS DO SUL - RS,RS,2025,PEQUENO PORTE,MAIOR MATURIDADE,B,C,B,C
45345899000112,MORRO AGUDO - SP,SP,2025,MÉDIO PORTE,MAIOR MATURIDADE,B,B,C,C
25043621000183,MORRO AGUDO DE GOIÁS - GO,GO,2025,PEQUENO PORTE,MAIOR MATURIDADE,B,C,C,D
13717517000148,MORRO DO CHAPÉU - BA,BA,2025,MÉDIO PORTE,MENOR MATURIDADE,B,A,B,B
94707627000120,MORRO REUTER - RS,RS,2025,PEQUENO PORTE,MENOR MATURIDADE,B,C,B,C
02267698000131,MOSSÂMEDES - GO,GO,2025,PEQUENO PORTE,MAIOR MATURIDADE,C,C,C,D
08348971000139,MOSSORÓ - RN,RN,2025,MÉDIO PORTE,MENOR MATURIDADE,B,C,C,D
88000922000140,MOSTARDAS - RS,RS,2025,MÉDIO PORTE,MAIOR MATURIDADE,B,C,A,C
01135227000107,MOZARLÂNDIA - GO,GO,2025,MÉDIO PORTE,MAIOR MATURIDADE,C,C,C,D
05105200000122,MUANÁ - PA,PA,2025,MÉDIO PORTE,MENOR MATURIDADE,C,C,C,D
01621714000180,MUITOS CAPÕES - RS,RS,2025,PEQUENO PORTE,MENOR MATURIDADE,B,A,B,B
03741683000126,MUNDO NOVO - MS,MS,2025,MÉDIO PORTE,MAIOR MATURIDADE,B,A,B,B
75352062000161,MUNHOZ DE MELO - PR,PR,2025,PEQUENO PORTE,MAIOR MATURIDADE,B,B,B,C
17947581000176,MURIAÉ - MG,MG,2025,MÉDIO PORTE,MAIOR MATURIDADE,B,C,B,C
12332953000136,MURICI - AL,AL,2025,MÉDIO PORTE,MAIOR MATURIDADE,C,C,C,D
01612596000143,MURICI DOS PORTELAS - PI,PI,2025,MÉDIO PORTE,MENOR MATURIDADE,B,A,B,B
01799683000151,MUTUNÓPOLIS - GO,GO,2025,PEQUENO PORTE,MAIOR MATURIDADE,C,C,C,D
18668624000147,MUZAMBINHO - MG,MG,2025,MÉDIO PORTE,MAIOR MATURIDADE,B,C,B,C
18398974000130,NANUQUE - MG,MG,2025,MÉDIO PORTE,MAIOR MATURIDADE,C,C,C,D
87613519000123,NÃO-ME-TOQUE - RS,RS,2025,MÉDIO PORTE,MAIOR MATURIDADE,B,B,C,C
08241747000143,NATAL - RN,RN,2025,GRANDE PORTE,MAIOR MATURIDADE,B,B,B,C
28920304000196,NATIVIDADE - RJ,RJ,2025,MÉDIO PORTE,MAIOR MATURIDADE,B,C,C,D
83102855000150,NAVEGANTES - SC,SC,2025,MÉDIO PORTE,MENOR MATURIDADE,A,A,B,B
03155934000190,NAVIRAÍ - MS,MS,2025,MÉDIO PORTE,MENOR MATURIDADE,A,B,A,B
08999708000100,NAZAREZINHO - PB,PB,2025,MÉDIO PORTE,MAIOR MATURIDADE,B,B,B,C
01373620000139,NAZÁRIO - GO,GO,2025,PEQUENO PORTE,MAIOR MATURIDADE,C,C,C,D
01105626000125,NERÓPOLIS - GO,GO,2025,MÉDIO PORTE,MAIOR MATURIDADE,B,A,B,B
45145414000147,NEVES PAULISTA - SP,SP,2025,MÉDIO PORTE,MAIOR MATURIDADE,B,B,B,C
04283578000153,NHAMUNDÁ - AM,AM,2025,MÉDIO PORTE,MENOR MATURIDADE,C,C,C,D
29138286000158,NILÓPOLIS - RJ,RJ,2025,MÉDIO PORTE,MAIOR MATURIDADE,A,B,B,B
28521748000159,NITERÓI - RJ,RJ,2025,GRANDE PORTE,MAIOR MATURIDADE,A,B,B,B
03424272000107,NOBRES - MT,MT,2025,MÉDIO PORTE,MENOR MATURIDADE,A,C,C,C
91567974000107,NONOAI - RS,RS,2025,MÉDIO PORTE,MAIOR MATURIDADE,B,C,B,C
03425170000106,NORTELÂNDIA - MT,MT,2025,PEQUENO PORTE,MENOR MATURIDADE,B,C,C,D
03507514000126,NOSSA SENHORA DO LIVRAMENTO - MT,MT,2025,PEQUENO PORTE,MENOR MATURIDADE,B,B,B,C
37212719000104,NOVA ALVORADA DO SUL - MS,MS,2025,MÉDIO PORTE,MENOR MATURIDADE,B,B,A,B
03173317000118,NOVA ANDRADINA - MS,MS,2025,MÉDIO PORTE,MENOR MATURIDADE,A,A,B,B
87502902000104,NOVA ARAÇÁ - RS,RS,2025,PEQUENO PORTE,MENOR MATURIDADE,B,B,B,C
76208859000152,NOVA AURORA - PR,PR,2025,MÉDIO PORTE,MAIOR MATURIDADE,B,C,C,D
87502894000104,NOVA BASSANO - RS,RS,2025,MÉDIO PORTE,MAIOR MATURIDADE,B,A,B,B
94704061000183,NOVA BOA VISTA - RS,RS,2025,PEQUENO PORTE,MENOR MATURIDADE,B,B,B,C
15023963000188,NOVA BRASILÂNDIA - MT,MT,2025,PEQUENO PORTE,MAIOR MATURIDADE,B,A,B,B
88600655000141,NOVA BRÉSCIA - RS,RS,2025,PEQUENO PORTE,MAIOR MATURIDADE,B,C,B,C
03238912000194,NOVA CANAÃ DO NORTE - MT,MT,2025,MÉDIO PORTE,MAIOR MATURIDADE,B,A,A,B
65711954000158,NOVA CANAÃ PAULISTA - SP,SP,2025,PEQUENO PORTE,MENOR MATURIDADE,B,B,C,C
01602258000120,NOVA CANDELÁRIA - RS,RS,2025,PEQUENO PORTE,MENOR MATURIDADE,B,A,B,B
77845394000103,NOVA CANTU - PR,PR,2025,MÉDIO PORTE,MENOR MATURIDADE,B,B,B,C
01613202000171,NOVA CASTILHO - SP,SP,2025,PEQUENO PORTE,MENOR MATURIDADE,B,B,C,C
00236968000111,NOVA CRIXÁS - GO,GO,2025,MÉDIO PORTE,MAIOR MATURIDADE,B,A,C,C
75730994000109,NOVA ESPERANÇA - PR,PR,2025,MÉDIO PORTE,MAIOR MATURIDADE,B,B,C,C
92455393000146,NOVA ESPERANÇA DO SUL - RS,RS,2025,PEQUENO PORTE,MENOR MATURIDADE,A,A,B,B
28606630000123,NOVA FRIBURGO - RJ,RJ,2025,MÉDIO PORTE,MENOR MATURIDADE,B,C,B,C
44882223000103,NOVA GUATAPORANGA - SP,SP,2025,PEQUENO PORTE,MAIOR MATURIDADE,C,C,B,D
91995365000159,NOVA HARTZ - RS,RS,2025,MÉDIO PORTE,MENOR MATURIDADE,B,B,B,C
29138278000101,NOVA IGUAÇU - RJ,RJ,2025,GRANDE PORTE,MAIOR MATURIDADE,A,C,B,C
01614519000122,NOVA LACERDA - MT,MT,2025,PEQUENO PORTE,MENOR MATURIDADE,B,B,B,C
81044984000104,NOVA LONDRINA - PR,PR,2025,MÉDIO PORTE,MAIOR MATURIDADE,C,C,C,D
53099149000136,NOVA LUZITÂNIA - SP,SP,2025,PEQUENO PORTE,MAIOR MATURIDADE,B,C,C,D
22855183000160,NOVA MAMORÉ - RO,RO,2025,MÉDIO PORTE,MENOR MATURIDADE,B,A,A,B
37464989000102,NOVA MARILÂNDIA - MT,MT,2025,PEQUENO PORTE,MENOR MATURIDADE,B,A,B,B
37465556000163,NOVA MONTE VERDE - MT,MT,2025,PEQUENO PORTE,MENOR MATURIDADE,B,B,B,C
24772162000106,NOVA MUTUM - MT,MT,2025,MÉDIO PORTE,MENOR MATURIDADE,A,A,A,A
04202280000171,NOVA NAZARÉ - MT,MT,2025,PEQUENO PORTE,MENOR MATURIDADE,B,A,B,B
03238920000130,NOVA OLÍMPIA - MT,MT,2025,MÉDIO PORTE,MAIOR MATURIDADE,B,B,B,C
75799577000104,NOVA OLÍMPIA - PR,PR,2025,PEQUENO PORTE,MAIOR MATURIDADE,B,C,A,C
07536444000195,NOVA OLINDA - CE,CE,2025,MÉDIO PORTE,MENOR MATURIDADE,B,A,B,B
92871532000112,NOVA PÁDUA - RS,RS,2025,PEQUENO PORTE,MENOR MATURIDADE,B,C,B,C
88488358000156,NOVA PALMA - RS,RS,2025,PEQUENO PORTE,MAIOR MATURIDADE,B,A,B,B
08739930000173,NOVA PALMEIRA - PB,PB,2025,PEQUENO PORTE,MAIOR MATURIDADE,C,C,C,D
18159905000174,NOVA PONTE - MG,MG,2025,MÉDIO PORTE,MAIOR MATURIDADE,B,B,A,B
91618439000138,NOVA PRATA - RS,RS,2025,MÉDIO PORTE,MAIOR MATURIDADE,B,B,B,C
78103884000105,NOVA PRATA DO IGUAÇU - PR,PR,2025,MÉDIO PORTE,MENOR MATURIDADE,A,B,A,B
18187823000133,NOVA RESENDE - MG,MG,2025,MÉDIO PORTE,MAIOR MATURIDADE,B,A,B,B
01067925000112,NOVA ROMA - GO,GO,2025,PEQUENO PORTE,MENOR MATURIDADE,B,C,C,D
91110296000159,NOVA ROMA DO SUL - RS,RS,2025,PEQUENO PORTE,MAIOR MATURIDADE,B,B,B,C
04214704000118,NOVA SANTA HELENA - MT,MT,2025,PEQUENO PORTE,MENOR MATURIDADE,B,B,B,C
94309291000148,NOVA SANTA RITA - RS,RS,2025,MÉDIO PORTE,MENOR MATURIDADE,B,B,C,C
18291385000159,NOVA SERRANA - MG,MG,2025,MÉDIO PORTE,MENOR MATURIDADE,B,B,C,C
82925025000160,NOVA TRENTO - SC,SC,2025,MÉDIO PORTE,MENOR MATURIDADE,B,B,B,C
01614521000100,NOVA UBIRATÃ - MT,MT,2025,MÉDIO PORTE,MENOR MATURIDADE,B,B,B,C
00699197000107,NOVA UNIÃO - RO,RO,2025,PEQUENO PORTE,MENOR MATURIDADE,C,B,C,D
01123678000124,NOVA VENEZA - GO,GO,2025,PEQUENO PORTE,MAIOR MATURIDADE,B,C,C,D
15024045000173,NOVA XAVANTINA - MT,MT,2025,MÉDIO PORTE,MENOR MATURIDADE,B,C,A,C
92410521000135,NOVO BARREIRO - RS,RS,2025,PEQUENO PORTE,MENOR MATURIDADE,B,A,B,B
00006874000156,NOVO BRASIL - GO,GO,2025,PEQUENO PORTE,MAIOR MATURIDADE,C,C,C,D
01629276000104,NOVO GAMA - GO,GO,2025,MÉDIO PORTE,MENOR MATURIDADE,B,C,C,D
88254875000160,NOVO HAMBURGO - RS,RS,2025,GRANDE PORTE,MAIOR MATURIDADE,B,B,A,B
95990115000187,NOVO HORIZONTE - SC,SC,2025,PEQUENO PORTE,MENOR MATURIDADE,B,A,A,B
03238888000193,NOVO HORIZONTE DO NORTE - MT,MT,2025,PEQUENO PORTE,MENOR MATURIDADE,C,C,C,D
63762009000150,NOVO HORIZONTE DO OESTE - RO,RO,2025,MÉDIO PORTE,MENOR MATURIDADE,B,A,B,B
95639472000103,NOVO ITACOLOMI - PR,PR,2025,PEQUENO PORTE,MENOR MATURIDADE,B,C,B,C
12248878000120,NOVO LINO - AL,AL,2025,MÉDIO PORTE,MENOR MATURIDADE,C,C,C,D
94187341000161,NOVO MACHADO - RS,RS,2025,PEQUENO PORTE,MAIOR MATURIDADE,B,A,A,B
01614517000133,NOVO MUNDO - MT,MT,2025,PEQUENO PORTE,MENOR MATURIDADE,B,C,A,C
06554836000114,NOVO ORIENTE DO PIAUÍ - PI,PI,2025,PEQUENO PORTE,MENOR MATURIDADE,B,B,B,C
25041005000193,NOVO PLANALTO - GO,GO,2025,PEQUENO PORTE,MAIOR MATURIDADE,B,C,C,D
92411172000176,NOVO TIRADENTES - RS,RS,2025,PEQUENO PORTE,MENOR MATURIDADE,B,B,B,C
12459616000104,OCARA - CE,CE,2025,MÉDIO PORTE,MAIOR MATURIDADE,B,B,A,B
04876413000195,OEIRAS DO PARÁ - PA,PA,2025,MÉDIO PORTE,MENOR MATURIDADE,B,C,C,D
18338202000103,OLARIA - MG,MG,2025,PEQUENO PORTE,MAIOR MATURIDADE,B,C,B,C
12251468000138,OLHO D'ÁGUA DAS FLORES - AL,AL,2025,MÉDIO PORTE,MAIOR MATURIDADE,B,B,A,B
08349029000195,OLHO D'ÁGUA DO BORGES - RN,RN,2025,PEQUENO PORTE,MAIOR MATURIDADE,C,C,C,D
46596151000155,OLÍMPIA - SP,SP,2025,MÉDIO PORTE,MAIOR MATURIDADE,B,B,A,B
18188276000100,OLÍMPIO NORONHA - MG,MG,2025,PEQUENO PORTE,MAIOR MATURIDADE,B,C,B,C
10404184000109,OLINDA - PE,PE,2025,GRANDE PORTE,MAIOR MATURIDADE,B,C,C,D
16854531000181,OLIVEIRA - MG,MG,2025,MÉDIO PORTE,MAIOR MATURIDADE,A,B,C,C
01629809000140,OLIVEIRA DE FÁTIMA - TO,TO,2025,PEQUENO PORTE,MENOR MATURIDADE,C,C,C,D
12257762000157,OLIVENÇA - AL,AL,2025,MÉDIO PORTE,MENOR MATURIDADE,C,C,C,D
18313858000171,ONÇA DE PITANGUI - MG,MG,2025,PEQUENO PORTE,MAIOR MATURIDADE,B,B,C,C
45148699000170,ONDA VERDE - SP,SP,2025,PEQUENO PORTE,MENOR MATURIDADE,C,A,C,C
45148970000177,ORINDIÚVA - SP,SP,2025,MÉDIO PORTE,MENOR MATURIDADE,B,C,B,C
02385839000110,ORIZONA - GO,GO,2025,MÉDIO PORTE,MAIOR MATURIDADE,B,C,C,D
45351749000111,ORLÂNDIA - SP,SP,2025,MÉDIO PORTE,MENOR MATURIDADE,B,C,C,D
10294254000113,OROBÓ - PE,PE,2025,MÉDIO PORTE,MAIOR MATURIDADE,B,B,C,C
10114767000103,OROCÓ - PE,PE,2025,MÉDIO PORTE,MAIOR MATURIDADE,C,B,C,D
46523171000104,OSASCO - SP,SP,2025,GRANDE PORTE,MENOR MATURIDADE,A,B,B,B
88814181000130,OSÓRIO - RS,RS,2025,MÉDIO PORTE,MAIOR MATURIDADE,B,A,B,B
75326066000175,OTACÍLIO COSTA - SC,SC,2025,MÉDIO PORTE,MAIOR MATURIDADE,B,B,C,C
11040904000167,OURICURI - PE,PE,2025,MÉDIO PORTE,MAIOR MATURIDADE,B,C,C,D
53415717000160,OURINHOS - SP,SP,2025,MÉDIO PORTE,MAIOR MATURIDADE,A,A,B,B
76282672000107,OURIZONA - PR,PR,2025,PEQUENO PORTE,MAIOR MATURIDADE,C,C,C,D
12258141000198,OURO BRANCO - AL,AL,2025,MÉDIO PORTE,MAIOR MATURIDADE,C,C,C,D
08095473000121,OURO BRANCO - RN,RN,2025,PEQUENO PORTE,MENOR MATURIDADE,B,C,B,C
04380507000179,OURO PRETO DO OESTE - RO,RO,2025,MÉDIO PORTE,MENOR MATURIDADE,A,C,B,C
01485531000184,OURO VERDE DE GOIÁS - GO,GO,2025,PEQUENO PORTE,MAIOR MATURIDADE,B,C,C,D
01611213000112,OUROESTE - SP,SP,2025,MÉDIO PORTE,MENOR MATURIDADE,B,B,B,C
16444150000124,OUROLÂNDIA - BA,BA,2025,MÉDIO PORTE,MAIOR MATURIDADE,B,C,C,D
01131010000129,OUVIDOR - GO,GO,2025,PEQUENO PORTE,MAIOR MATURIDADE,C,B,B,C
07384407000109,PACAJUS - CE,CE,2025,MÉDIO PORTE,MENOR MATURIDADE,B,C,C,D
07963861000114,PACATUBA - CE,CE,2025,MÉDIO PORTE,MENOR MATURIDADE,C,C,C,D
06003636000173,PAÇO DO LUMIAR - MA,MA,2025,MÉDIO PORTE,MENOR MATURIDADE,C,C,C,D
07910755000172,PACOTI - CE,CE,2025,MÉDIO PORTE,MAIOR MATURIDADE,C,C,C,D
01170331000132,PADRE BERNARDO - GO,GO,2025,MÉDIO PORTE,MENOR MATURIDADE,B,C,C,D
06553788000140,PADRE MARCOS - PI,PI,2025,PEQUENO PORTE,MENOR MATURIDADE,C,C,C,D
18404764000108,PADRE PARAÍSO - MG,MG,2025,MÉDIO PORTE,MAIOR MATURIDADE,B,C,B,C
18296673000104,PAINEIRAS - MG,MG,2025,PEQUENO PORTE,MAIOR MATURIDADE,C,C,C,D
12369872000100,PALESTINA - AL,AL,2025,MÉDIO PORTE,MAIOR MATURIDADE,C,C,C,D
07488679000159,PALHANO - CE,CE,2025,MÉDIO PORTE,MAIOR MATURIDADE,C,C,C,D
82892316000108,PALHOÇA - SC,SC,2025,GRANDE PORTE,MENOR MATURIDADE,A,B,B,B
07711666000105,PALMÁCIA - CE,CE,2025,MÉDIO PORTE,MAIOR MATURIDADE,C,C,C,D
10212447000188,PALMARES - PE,PE,2025,MÉDIO PORTE,MAIOR MATURIDADE,B,C,C,D
90836701000158,PALMARES DO SUL - RS,RS,2025,MÉDIO PORTE,MAIOR MATURIDADE,B,A,B,B
24851511000185,PALMAS - TO,TO,2025,GRANDE PORTE,MENOR MATURIDADE,B,C,C,D
76179829000165,PALMEIRA - PR,PR,2025,MÉDIO PORTE,MAIOR MATURIDADE,B,C,C,D
46609731000130,PALMEIRA D'OESTE - SP,SP,2025,MÉDIO PORTE,MAIOR MATURIDADE,C,C,C,D
88541354000194,PALMEIRA DAS MISSÕES - RS,RS,2025,MÉDIO PORTE,MAIOR MATURIDADE,B,A,B,B
12356879000198,PALMEIRA DOS ÍNDIOS - AL,AL,2025,MÉDIO PORTE,MAIOR MATURIDADE,C,C,C,D
02394757000132,PALMEIRAS DE GOIÁS - GO,GO,2025,MÉDIO PORTE,MAIOR MATURIDADE,B,A,C,C
10144038000191,PALMEIRINA - PE,PE,2025,MÉDIO PORTE,MAIOR MATURIDADE,B,C,C,D
00007401000173,PALMEIRÓPOLIS - TO,TO,2025,PEQUENO PORTE,MENOR MATURIDADE,C,C,C,D
01178573000172,PALMINÓPOLIS - GO,GO,2025,PEQUENO PORTE,MAIOR MATURIDADE,B,C,C,D
75680025000182,PALMITAL - PR,PR,2025,MÉDIO PORTE,MAIOR MATURIDADE,B,B,A,B
76208487000164,PALOTINA - PR,PR,2025,MÉDIO PORTE,MAIOR MATURIDADE,B,C,B,C
88702089000189,PANAMBI - RS,RS,2025,MÉDIO PORTE,MENOR MATURIDADE,B,A,A,B
10215176000114,PANELAS - PE,PE,2025,MÉDIO PORTE,MAIOR MATURIDADE,A,C,C,C
91342667000128,PANTANO GRANDE - RS,RS,2025,MÉDIO PORTE,MAIOR MATURIDADE,B,B,B,C
12369880000157,PÃO DE AÇÚCAR - AL,AL,2025,MÉDIO PORTE,MAIOR MATURIDADE,B,C,B,C
83102533000101,PAPANDUVA - SC,SC,2025,MÉDIO PORTE,MENOR MATURIDADE,B,B,B,C
18313817000185,PARÁ DE MINAS - MG,MG,2025,MÉDIO PORTE,MENOR MATURIDADE,A,C,B,C
18278051000145,PARACATU - MG,MG,2025,MÉDIO PORTE,MAIOR MATURIDADE,B,C,B,C
05193057000178,PARAGOMINAS - PA,PA,2025,MÉDIO PORTE,MENOR MATURIDADE,A,C,C,C
18008193000192,PARAGUAÇU - MG,MG,2025,MÉDIO PORTE,MAIOR MATURIDADE,B,C,B,C
44547305000193,PARAGUAÇU PAULISTA - SP,SP,2025,MÉDIO PORTE,MENOR MATURIDADE,B,B,B,C
87502886000150,PARAÍ - RS,RS,2025,PEQUENO PORTE,MENOR MATURIDADE,B,B,B,C
29138385000130,PARAÍBA DO SUL - RJ,RJ,2025,MÉDIO PORTE,MAIOR MATURIDADE,B,C,C,D
46643474000152,PARAIBUNA - SP,SP,2025,MÉDIO PORTE,MAIOR MATURIDADE,B,A,B,B
10380608000142,PARAIPABA - CE,CE,2025,MÉDIO PORTE,MENOR MATURIDADE,C,C,C,D
45127248000156,PARAÍSO - SP,SP,2025,PEQUENO PORTE,MAIOR MATURIDADE,B,C,C,D
92000207000184,PARAÍSO DO SUL - RS,RS,2025,PEQUENO PORTE,MENOR MATURIDADE,B,B,B,C
00299180000154,PARAÍSO DO TOCANTINS - TO,TO,2025,MÉDIO PORTE,MENOR MATURIDADE,B,A,B,B
76970334000150,PARANACITY - PR,PR,2025,MÉDIO PORTE,MAIOR MATURIDADE,B,A,C,C
76017458000115,PARANAGUÁ - PR,PR,2025,GRANDE PORTE,MENOR MATURIDADE,B,B,B,C
03343118000100,PARANAÍBA - MS,MS,2025,MÉDIO PORTE,MENOR MATURIDADE,B,C,B,C
02056745000106,PARANAIGUARA - GO,GO,2025,MÉDIO PORTE,MAIOR MATURIDADE,B,B,C,C
03239043000112,PARANAÍTA - MT,MT,2025,MÉDIO PORTE,MENOR MATURIDADE,B,B,B,C
46634309000134,PARANAPANEMA - SP,SP,2025,MÉDIO PORTE,MAIOR MATURIDADE,A,A,B,B
76970391000139,PARANAPOEMA - PR,PR,2025,PEQUENO PORTE,MAIOR MATURIDADE,B,C,B,C
45134236000159,PARANAPUÃ - SP,SP,2025,PEQUENO PORTE,MAIOR MATURIDADE,B,C,B,C
10144426000172,PARANATAMA - PE,PE,2025,MÉDIO PORTE,MAIOR MATURIDADE,B,C,C,D
15023971000124,PARANATINGA - MT,MT,2025,MÉDIO PORTE,MENOR MATURIDADE,B,B,B,C
76977768000181,PARANAVAÍ - PR,PR,2025,MÉDIO PORTE,MENOR MATURIDADE,A,B,A,B
01998335000103,PARANHOS - MS,MS,2025,MÉDIO PORTE,MENOR MATURIDADE,B,B,A,B
18116160000166,PARAOPEBA - MG,MG,2025,MÉDIO PORTE,MAIOR MATURIDADE,A,B,C,C
02394765000189,PARAÚNA - GO,GO,2025,MÉDIO PORTE,MAIOR MATURIDADE,B,A,B,B
93235950000186,PARECI NOVO - RS,RS,2025,PEQUENO PORTE,MENOR MATURIDADE,B,B,B,C
59858134000190,PARISI - SP,SP,2025,PEQUENO PORTE,MENOR MATURIDADE,A,C,B,C
06554430000131,PARNAÍBA - PI,PI,2025,MÉDIO PORTE,MAIOR MATURIDADE,B,C,C,D
11361235000125,PARNAMIRIM - PE,PE,2025,MÉDIO PORTE,MAIOR MATURIDADE,C,C,C,D
06115117000105,PARNARAMA - MA,MA,2025,MÉDIO PORTE,MENOR MATURIDADE,C,C,C,D
88372883000101,PAROBÉ - RS,RS,2025,MÉDIO PORTE,MAIOR MATURIDADE,B,A,A,B
08144982000105,PASSA E FICA - RN,RN,2025,MÉDIO PORTE,MENOR MATURIDADE,A,B,B,B
23245806000145,PASSA QUATRO - MG,MG,2025,MÉDIO PORTE,MAIOR MATURIDADE,B,C,C,D
01612364000195,PASSA SETE - RS,RS,2025,PEQUENO PORTE,MAIOR MATURIDADE,B,A,B,B
18039503000136,PASSA TEMPO - MG,MG,2025,MÉDIO PORTE,MAIOR MATURIDADE,B,C,C,D
41522186000126,PASSAGEM FRANCA DO PIAUÍ - PI,PI,2025,PEQUENO PORTE,MENOR MATURIDADE,C,C,C,D
11097300000157,PASSIRA - PE,PE,2025,MÉDIO PORTE,MAIOR MATURIDADE,B,B,C,C
12342655000127,PASSO DE CAMARAGIBE - AL,AL,2025,MÉDIO PORTE,MAIOR MATURIDADE,C,C,C,D
94577616000173,PASSO DO SOBRADO - RS,RS,2025,PEQUENO PORTE,MENOR MATURIDADE,B,B,B,C
87612537000190,PASSO FUNDO - RS,RS,2025,MÉDIO PORTE,MAIOR MATURIDADE,B,A,B,B
01612478000135,PATIS - MG,MG,2025,PEQUENO PORTE,MAIOR MATURIDADE,C,C,B,D
76995448000154,PATO BRANCO - PR,PR,2025,MÉDIO PORTE,MENOR MATURIDADE,B,A,A,B
09084815000170,PATOS - PB,PB,2025,MÉDIO PORTE,MAIOR MATURIDADE,B,B,B,C
18602011000107,PATOS DE MINAS - MG,MG,2025,MÉDIO PORTE,MAIOR MATURIDADE,B,B,A,B
18468033000126,PATROCÍNIO - MG,MG,2025,MÉDIO PORTE,MENOR MATURIDADE,A,B,B,B
08349078000128,PATU - RN,RN,2025,PEQUENO PORTE,MENOR MATURIDADE,C,C,C,D
31844889000117,PATY DO ALFERES - RJ,RJ,2025,MÉDIO PORTE,MENOR MATURIDADE,A,C,B,C
45751435000106,PAULÍNIA - SP,SP,2025,GRANDE PORTE,MAIOR MATURIDADE,B,A,B,B
08945727000153,PAULISTA - PB,PB,2025,MÉDIO PORTE,MAIOR MATURIDADE,B,C,C,D
10408839000117,PAULISTA - PE,PE,2025,GRANDE PORTE,MAIOR MATURIDADE,B,C,B,C
06553796000196,PAULISTANA - PI,PI,2025,MÉDIO PORTE,MENOR MATURIDADE,B,B,B,C
18307447000173,PAULISTAS - MG,MG,2025,PEQUENO PORTE,MENOR MATURIDADE,C,C,C,D
45150166000122,PAULO DE FARIA - SP,SP,2025,MÉDIO PORTE,MAIOR MATURIDADE,B,C,C,D
12335030000138,PAULO JACINTO - AL,AL,2025,MÉDIO PORTE,MAIOR MATURIDADE,C,C,C,D
91693317000106,PAVERAMA - RS,RS,2025,PEQUENO PORTE,MENOR MATURIDADE,B,B,B,C
75370148000117,PEABIRU - PR,PR,2025,MÉDIO PORTE,MENOR MATURIDADE,B,C,C,D
10106227000170,PEDRA - PE,PE,2025,MÉDIO PORTE,MAIOR MATURIDADE,C,C,C,D
08740466000135,PEDRA LAVRADA - PB,PB,2025,MÉDIO PORTE,MAIOR MATURIDADE,C,C,C,D
04219099000178,PEDRAS ALTAS - RS,RS,2025,PEQUENO PORTE,MENOR MATURIDADE,B,A,A,B
09072455000197,PEDRAS DE FOGO - PB,PB,2025,MÉDIO PORTE,MAIOR MATURIDADE,B,B,B,C
25209156000108,PEDRAS DE MARIA DA CRUZ - MG,MG,2025,PEQUENO PORTE,MENOR MATURIDADE,C,C,C,D
06184253000149,PEDREIRAS - MA,MA,2025,MÉDIO PORTE,MAIOR MATURIDADE,C,C,C,D
18140335000170,PEDRINÓPOLIS - MG,MG,2025,PEQUENO PORTE,MAIOR MATURIDADE,C,C,B,D
28539872000141,PEDRO CANÁRIO - ES,ES,2025,MÉDIO PORTE,MAIOR MATURIDADE,A,B,B,B
06553929000124,PEDRO II - PI,PI,2025,MÉDIO PORTE,MENOR MATURIDADE,C,C,C,D
03238631000131,PEIXOTO DE AZEVEDO - MT,MT,2025,MÉDIO PORTE,MENOR MATURIDADE,B,B,B,C
87566188000118,PEJUÇARA - RS,RS,2025,PEQUENO PORTE,MAIOR MATURIDADE,B,B,C,C
87455531000157,PELOTAS - RS,RS,2025,GRANDE PORTE,MAIOR MATURIDADE,B,B,B,C
12243697000100,PENEDO - AL,AL,2025,MÉDIO PORTE,MENOR MATURIDADE,B,A,A,B
18313874000164,PEQUI - MG,MG,2025,PEQUENO PORTE,MAIOR MATURIDADE,C,C,C,D
18301051000119,PERDIGÃO - MG,MG,2025,MÉDIO PORTE,MAIOR MATURIDADE,B,C,B,C
18140772000194,PERDIZES - MG,MG,2025,MÉDIO PORTE,MAIOR MATURIDADE,B,B,C,C
18244343000167,PERDÕES - MG,MG,2025,MÉDIO PORTE,MAIOR MATURIDADE,B,C,C,D
01612444000140,PEROBAL - PR,PR,2025,PEQUENO PORTE,MENOR MATURIDADE,B,C,A,C
81478133000170,PÉROLA - PR,PR,2025,MÉDIO PORTE,MAIOR MATURIDADE,B,C,B,C
46578514000120,PERUÍBE - SP,SP,2025,MÉDIO PORTE,MENOR MATURIDADE,A,C,B,C
10264406000135,PESQUEIRA - PE,PE,2025,MÉDIO PORTE,MENOR MATURIDADE,B,B,B,C
10358190000177,PETROLINA - PE,PE,2025,GRANDE PORTE,MAIOR MATURIDADE,A,B,B,B
01825413000178,PETROLINA DE GOIÁS - GO,GO,2025,PEQUENO PORTE,MAIOR MATURIDADE,B,B,C,C
29138344000143,PETRÓPOLIS - RJ,RJ,2025,GRANDE PORTE,MAIOR MATURIDADE,C,C,C,D
18338236000106,PIAU - MG,MG,2025,PEQUENO PORTE,MENOR MATURIDADE,C,C,C,D
06553804000102,PICOS - PI,PI,2025,MÉDIO PORTE,MENOR MATURIDADE,B,B,B,C
08741399000173,PICUÍ - PB,PB,2025,MÉDIO PORTE,MAIOR MATURIDADE,B,B,C,C
76002666000140,PIÊN - PR,PR,2025,MÉDIO PORTE,MENOR MATURIDADE,B,B,A,B
12200150000128,PILAR - AL,AL,2025,MÉDIO PORTE,MENOR MATURIDADE,C,C,C,D
08786626000187,PILÕES - PB,PB,2025,MÉDIO PORTE,MAIOR MATURIDADE,B,C,C,D
08788903000190,PILÕEZINHOS - PB,PB,2025,PEQUENO PORTE,MAIOR MATURIDADE,C,C,C,D
06554893000101,PIMENTEIRAS - PI,PI,2025,MÉDIO PORTE,MENOR MATURIDADE,B,C,C,D
06189344000177,PINDARÉ-MIRIM - MA,MA,2025,MÉDIO PORTE,MENOR MATURIDADE,C,C,C,D
12335436000110,PINDOBA - AL,AL,2025,PEQUENO PORTE,MENOR MATURIDADE,C,C,C,D
95423000000100,PINHAIS - PR,PR,2025,MÉDIO PORTE,MENOR MATURIDADE,A,B,B,B
92005586000103,PINHAL - RS,RS,2025,PEQUENO PORTE,MENOR MATURIDADE,B,B,A,B
94444346000122,PINHAL GRANDE - RS,RS,2025,PEQUENO PORTE,MAIOR MATURIDADE,B,A,B,B
76178011000128,PINHÃO - PR,PR,2025,MÉDIO PORTE,MAIOR MATURIDADE,B,A,B,B
01612981000190,PINHEIRAL - RJ,RJ,2025,MÉDIO PORTE,MENOR MATURIDADE,B,A,A,B
88084942000146,PINHEIRO MACHADO - RS,RS,2025,MÉDIO PORTE,MAIOR MATURIDADE,B,C,C,D
82827148000169,PINHEIRO PRETO - SC,SC,2025,PEQUENO PORTE,MAIOR MATURIDADE,B,B,B,C
01612481000159,PINTÓPOLIS - MG,MG,2025,PEQUENO PORTE,MENOR MATURIDADE,B,C,B,C
06447833000181,PIO XII - MA,MA,2025,MÉDIO PORTE,MENOR MATURIDADE,C,B,C,D
45279627000161,PIRACAIA - SP,SP,2025,MÉDIO PORTE,MENOR MATURIDADE,A,A,B,B
01179647000195,PIRACANJUBA - GO,GO,2025,MÉDIO PORTE,MAIOR MATURIDADE,B,C,C,D
17980392000103,PIRACEMA - MG,MG,2025,PEQUENO PORTE,MAIOR MATURIDADE,B,C,C,D
46341038000129,PIRACICABA - SP,SP,2025,GRANDE PORTE,MAIOR MATURIDADE,A,B,B,B
29141322000132,PIRAÍ - RJ,RJ,2025,MÉDIO PORTE,MAIOR MATURIDADE,B,A,B,B
77001329000100,PIRAÍ DO SUL - PR,PR,2025,PEQUENO PORTE,MAIOR MATURIDADE,B,C,B,C
18428847000137,PIRAJUBA - MG,MG,2025,PEQUENO PORTE,MAIOR MATURIDADE,B,C,C,D
23515687000101,PIRANGA - MG,MG,2025,PEQUENO PORTE,MAIOR MATURIDADE,C,C,B,D
12225546000120,PIRANHAS - AL,AL,2025,MÉDIO PORTE,MENOR MATURIDADE,B,C,A,C
01168145000169,PIRANHAS - GO,GO,2025,MÉDIO PORTE,MAIOR MATURIDADE,C,C,C,D
91553941000108,PIRAPÓ - RS,RS,2025,PEQUENO PORTE,MAIOR MATURIDADE,B,B,B,C
23539463000121,PIRAPORA - MG,MG,2025,MÉDIO PORTE,MAIOR MATURIDADE,C,C,C,D
46523007000199,PIRAPORA DO BOM JESUS - SP,SP,2025,MÉDIO PORTE,MENOR MATURIDADE,B,B,B,C
76105675000167,PIRAQUARA - PR,PR,2025,MÉDIO PORTE,MENOR MATURIDADE,B,A,B,B
88861448000140,PIRATINI - RS,RS,2025,MÉDIO PORTE,MENOR MATURIDADE,B,C,C,D
46137451000176,PIRATININGA - SP,SP,2025,MÉDIO PORTE,MENOR MATURIDADE,B,C,B,C
01181585000156,PIRES DO RIO - GO,GO,2025,MÉDIO PORTE,MAIOR MATURIDADE,B,B,C,C
06553861000183,PIRIPIRI - PI,PI,2025,MÉDIO PORTE,MENOR MATURIDADE,C,C,C,D
08789299000117,PIRPIRITUBA - PB,PB,2025,PEQUENO PORTE,MENOR MATURIDADE,B,B,B,C
76172907000108,PITANGA - PR,PR,2025,MÉDIO PORTE,MAIOR MATURIDADE,B,B,B,C
95543427000142,PITANGUEIRAS - PR,PR,2025,MÉDIO PORTE,MENOR MATURIDADE,C,C,C,D
45370707000128,PITANGUEIRAS - SP,SP,2025,MÉDIO PORTE,MAIOR MATURIDADE,B,A,B,B
18315226000147,PITANGUI - MG,MG,2025,MÉDIO PORTE,MAIOR MATURIDADE,B,B,B,C
01189497000109,PIUM - TO,TO,2025,PEQUENO PORTE,MENOR MATURIDADE,B,C,C,D
01740422000166,PLANALTINA - GO,GO,2025,MÉDIO PORTE,MENOR MATURIDADE,C,C,C,D
76460526000116,PLANALTO - PR,PR,2025,MÉDIO PORTE,MAIOR MATURIDADE,B,C,C,D
37465176000129,PLANALTO DA SERRA - MT,MT,2025,PEQUENO PORTE,MENOR MATURIDADE,B,B,B,C
01615653000148,POÇO DANTAS - PB,PB,2025,PEQUENO PORTE,MENOR MATURIDADE,C,B,C,D
12259040000131,POÇO DAS TRINCHEIRAS - AL,AL,2025,MÉDIO PORTE,MENOR MATURIDADE,B,C,C,D
01615784000125,POÇO DE JOSÉ DE MOURA - PB,PB,2025,PEQUENO PORTE,MENOR MATURIDADE,B,A,B,B
18242792000176,POÇO FUNDO - MG,MG,2025,MÉDIO PORTE,MAIOR MATURIDADE,B,C,B,C
11049848000121,POMBOS - PE,PE,2025,MÉDIO PORTE,MAIOR MATURIDADE,B,C,C,D
83102251000104,POMERODE - SC,SC,2025,MÉDIO PORTE,MENOR MATURIDADE,B,B,A,B
18296681000142,POMPÉU - MG,MG,2025,MÉDIO PORTE,MAIOR MATURIDADE,B,A,B,B
03434792000109,PONTA PORÃ - MS,MS,2025,MÉDIO PORTE,MENOR MATURIDADE,B,C,B,C
33000670000167,PONTAL DO ARAGUAIA - MT,MT,2025,PEQUENO PORTE,MENOR MATURIDADE,B,C,B,C
65712077000130,PONTALINDA - SP,SP,2025,PEQUENO PORTE,MENOR MATURIDADE,A,B,B,B
92451152000129,PONTÃO - RS,RS,2025,PEQUENO PORTE,MAIOR MATURIDADE,B,A,B,B
01067974000155,PONTE ALTA DO TOCANTINS - TO,TO,2025,PEQUENO PORTE,MENOR MATURIDADE,C,B,C,D
03503638000133,PONTE BRANCA - MT,MT,2025,PEQUENO PORTE,MENOR MATURIDADE,B,C,C,D
15023989000126,PONTES E LACERDA - MT,MT,2025,MÉDIO PORTE,MENOR MATURIDADE,B,B,B,C
45162328000142,PONTES GESTAL - SP,SP,2025,PEQUENO PORTE,MAIOR MATURIDADE,C,B,C,D
16444143000122,PONTO NOVO - BA,BA,2025,MÉDIO PORTE,MENOR MATURIDADE,C,C,C,D
51842177000176,POPULINA - SP,SP,2025,PEQUENO PORTE,MAIOR MATURIDADE,C,C,C,D
01801612000146,PORANGATU - GO,GO,2025,MÉDIO PORTE,MAIOR MATURIDADE,B,C,B,C
28920999000106,PORCIÚNCULA - RJ,RJ,2025,MÉDIO PORTE,MAIOR MATURIDADE,B,C,C,D
08358053000190,PORTALEGRE - RN,RN,2025,MÉDIO PORTE,MENOR MATURIDADE,B,C,C,D
87344016000108,PORTÃO - RS,RS,2025,MÉDIO PORTE,MAIOR MATURIDADE,B,A,A,B
01617413000182,PORTEIRÃO - GO,GO,2025,PEQUENO PORTE,MAIOR MATURIDADE,B,B,B,C
04876447000180,PORTEL - PA,PA,2025,MÉDIO PORTE,MENOR MATURIDADE,B,C,B,C
92963560000160,PORTO ALEGRE - RS,RS,2025,GRANDE PORTE,MAIOR MATURIDADE,A,B,B,B
01591618000136,PORTO BARREIRO - PR,PR,2025,PEQUENO PORTE,MENOR MATURIDADE,B,A,B,B
82575812000120,PORTO BELO - SC,SC,2025,MÉDIO PORTE,MENOR MATURIDADE,B,A,B,B
12366720000154,PORTO CALVO - AL,AL,2025,MÉDIO PORTE,MAIOR MATURIDADE,C,C,C,D
08629446000191,PORTO DE PEDRAS - AL,AL,2025,MÉDIO PORTE,MENOR MATURIDADE,C,C,C,D
03238904000148,PORTO ESPERIDIÃO - MT,MT,2025,MÉDIO PORTE,MENOR MATURIDADE,B,B,B,C
24740268000128,PORTO ESTRELA - MT,MT,2025,PEQUENO PORTE,MENOR MATURIDADE,B,C,B,C
46634481000198,PORTO FELIZ - SP,SP,2025,MÉDIO PORTE,MENOR MATURIDADE,A,B,B,B
45339363000194,PORTO FERREIRA - SP,SP,2025,MÉDIO PORTE,MAIOR MATURIDADE,B,A,A,B
06208946000124,PORTO FRANCO - MA,MA,2025,MÉDIO PORTE,MENOR MATURIDADE,C,C,C,D
87613659000100,PORTO LUCENA - RS,RS,2025,PEQUENO PORTE,MAIOR MATURIDADE,B,B,B,C
93845519000151,PORTO MAUÁ - RS,RS,2025,PEQUENO PORTE,MENOR MATURIDADE,B,B,A,B
03107539000132,PORTO MURTINHO - MS,MS,2025,MÉDIO PORTE,MENOR MATURIDADE,B,C,B,C
00299198000156,PORTO NACIONAL - TO,TO,2025,MÉDIO PORTE,MENOR MATURIDADE,C,B,C,D
75461970000193,PORTO RICO - PR,PR,2025,PEQUENO PORTE,MAIOR MATURIDADE,B,C,B,C
83102541000158,PORTO UNIÃO - SC,SC,2025,MÉDIO PORTE,MENOR MATURIDADE,A,C,B,C
05903125000145,PORTO VELHO - RO,RO,2025,GRANDE PORTE,MENOR MATURIDADE,B,C,C,D
91105452000193,PORTO VERA CRUZ - RS,RS,2025,PEQUENO PORTE,MENOR MATURIDADE,B,B,B,C
87613667000148,PORTO XAVIER - RS,RS,2025,MÉDIO PORTE,MAIOR MATURIDADE,B,A,B,B
01743335000162,POSSE - GO,GO,2025,MÉDIO PORTE,MAIOR MATURIDADE,B,C,C,D
45094901000128,POTIRENDABA - SP,SP,2025,MÉDIO PORTE,MAIOR MATURIDADE,B,A,B,B
18675983000121,POUSO ALEGRE - MG,MG,2025,MÉDIO PORTE,MAIOR MATURIDADE,A,C,B,C
03408911000140,POXORÉO - MT,MT,2025,MÉDIO PORTE,MAIOR MATURIDADE,B,B,B,C
46177531000155,PRAIA GRANDE - SP,SP,2025,GRANDE PORTE,MENOR MATURIDADE,A,B,A,B
18585570000156,PRATINHA - MG,MG,2025,PEQUENO PORTE,MAIOR MATURIDADE,B,C,C,D
04628681000198,PRESIDENTE FIGUEIREDO - AM,AM,2025,MÉDIO PORTE,MENOR MATURIDADE,C,A,B,C
94707494000192,PRESIDENTE LUCENA - RS,RS,2025,PEQUENO PORTE,MENOR MATURIDADE,B,A,B,B
18602060000140,PRESIDENTE OLEGÁRIO - MG,MG,2025,MÉDIO PORTE,MAIOR MATURIDADE,B,B,C,C
55356653000108,PRESIDENTE PRUDENTE - SP,SP,2025,GRANDE PORTE,MAIOR MATURIDADE,A,A,C,B
01613745000199,PRESIDENTE SARNEY - MA,MA,2025,PEQUENO PORTE,MAIOR MATURIDADE,C,C,C,D
06124739000191,PRESIDENTE VARGAS - MA,MA,2025,MÉDIO PORTE,MENOR MATURIDADE,C,C,C,D
46476131000140,PRESIDENTE VENCESLAU - SP,SP,2025,MÉDIO PORTE,MAIOR MATURIDADE,B,B,C,C
01974088000105,PRIMAVERA DO LESTE - MT,MT,2025,MÉDIO PORTE,MENOR MATURIDADE,B,C,C,D
08888968000108,PRINCESA ISABEL - PB,PB,2025,MÉDIO PORTE,MAIOR MATURIDADE,C,C,C,D
77003424000134,PRUDENTÓPOLIS - PR,PR,2025,MÉDIO PORTE,MENOR MATURIDADE,A,A,B,B
88186754000129,PUTINGA - RS,RS,2025,PEQUENO PORTE,MAIOR MATURIDADE,B,B,B,C
18296699000144,QUARTEL GERAL - MG,MG,2025,PEQUENO PORTE,MAIOR MATURIDADE,B,C,C,D
44547313000130,QUATÁ - SP,SP,2025,MÉDIO PORTE,MENOR MATURIDADE,B,C,C,D
39560008000148,QUATIS - RJ,RJ,2025,MÉDIO PORTE,MENOR MATURIDADE,A,B,B,B
76105568000139,QUATRO BARRAS - PR,PR,2025,MÉDIO PORTE,MENOR MATURIDADE,A,B,B,B
12241675000101,QUEBRANGULO - AL,AL,2025,MÉDIO PORTE,MAIOR MATURIDADE,C,C,C,D
08742264000122,QUEIMADAS - PB,PB,2025,MÉDIO PORTE,MAIOR MATURIDADE,B,B,B,C
39485412000102,QUEIMADOS - RJ,RJ,2025,MÉDIO PORTE,MENOR MATURIDADE,B,C,C,D
37465002000166,QUERÊNCIA - MT,MT,2025,MÉDIO PORTE,MENOR MATURIDADE,B,A,B,B
76973692000116,QUERÊNCIA DO NORTE - PR,PR,2025,MÉDIO PORTE,MAIOR MATURIDADE,C,C,C,D
94444122000110,QUEVEDOS - RS,RS,2025,PEQUENO PORTE,MAIOR MATURIDADE,B,C,B,C
91574764000146,QUINZE DE NOVEMBRO - RS,RS,2025,PEQUENO PORTE,MENOR MATURIDADE,B,B,B,C
10145225000190,QUIPAPÁ - PE,PE,2025,MÉDIO PORTE,MAIOR MATURIDADE,C,C,C,D
02056737000151,QUIRINÓPOLIS - GO,GO,2025,MÉDIO PORTE,MAIOR MATURIDADE,C,C,C,D
31505027000160,QUISSAMÃ - RJ,RJ,2025,MÉDIO PORTE,MENOR MATURIDADE,A,A,C,B
76002674000197,QUITANDINHA - PR,PR,2025,MÉDIO PORTE,MENOR MATURIDADE,B,B,B,C
07551179000114,QUITERIANÓPOLIS - CE,CE,2025,MÉDIO PORTE,MAIOR MATURIDADE,C,C,C,D
35445527000104,QUIXABA - PE,PE,2025,MÉDIO PORTE,MAIOR MATURIDADE,B,B,C,C
16443723000103,QUIXABEIRA - BA,BA,2025,MÉDIO PORTE,MAIOR MATURIDADE,B,C,C,D
23444748000189,QUIXADÁ - CE,CE,2025,MÉDIO PORTE,MAIOR MATURIDADE,C,C,C,D
07744303000168,QUIXERAMOBIM - CE,CE,2025,MÉDIO PORTE,MAIOR MATURIDADE,C,C,C,D
44723757000189,RAFARD - SP,SP,2025,MÉDIO PORTE,MENOR MATURIDADE,B,B,C,C
95640132000194,RANCHO ALEGRE D'OESTE - PR,PR,2025,PEQUENO PORTE,MAIOR MATURIDADE,C,B,B,C
82892357000196,RANCHO QUEIMADO - SC,SC,2025,PEQUENO PORTE,MAIOR MATURIDADE,B,C,B,C
10565000000192,RECIFE - PE,PE,2025,GRANDE PORTE,MAIOR MATURIDADE,A,A,A,A
07756646000142,REDENÇÃO - CE,CE,2025,MÉDIO PORTE,MENOR MATURIDADE,C,C,C,D
04144168000121,REDENÇÃO - PA,PA,2025,MÉDIO PORTE,MENOR MATURIDADE,B,C,C,D
06554380000192,REDENÇÃO DO GURGUÉIA - PI,PI,2025,PEQUENO PORTE,MENOR MATURIDADE,B,C,C,D
87613113000140,REDENTORA - RS,RS,2025,PEQUENO PORTE,MAIOR MATURIDADE,B,B,B,C
06554943000142,REGENERAÇÃO - PI,PI,2025,MÉDIO PORTE,MAIOR MATURIDADE,B,B,C,C
45685872000179,REGISTRO - SP,SP,2025,MÉDIO PORTE,MENOR MATURIDADE,B,B,C,C
09048976000109,REMÍGIO - PB,PB,2025,MÉDIO PORTE,MAIOR MATURIDADE,B,B,C,C
76205681000196,RENASCENÇA - PR,PR,2025,PEQUENO PORTE,MAIOR MATURIDADE,B,A,B,B
29178233000160,RESENDE - RJ,RJ,2025,GRANDE PORTE,MENOR MATURIDADE,A,C,B,C
17749912000163,RESENDE COSTA - MG,MG,2025,MÉDIO PORTE,MENOR MATURIDADE,B,C,C,D
76169879000161,RESERVA - PR,PR,2025,MÉDIO PORTE,MENOR MATURIDADE,B,B,B,C
01367788000131,RESERVA DO CABAÇAL - MT,MT,2025,PEQUENO PORTE,MENOR MATURIDADE,B,B,B,C
01612911000132,RESERVA DO IGUAÇU - PR,PR,2025,MÉDIO PORTE,MENOR MATURIDADE,B,B,A,B
87490306000151,RESTINGA SECA - RS,RS,2025,MÉDIO PORTE,MENOR MATURIDADE,A,B,A,B
01612770000158,RIACHÃO - PB,PB,2025,PEQUENO PORTE,MENOR MATURIDADE,B,C,C,D
25222118000195,RIACHINHO - MG,MG,2025,PEQUENO PORTE,MENOR MATURIDADE,C,C,B,D
10091551000161,RIACHO DAS ALMAS - PE,PE,2025,MÉDIO PORTE,MAIOR MATURIDADE,B,B,C,C
08364655000150,RIACHUELO - RN,RN,2025,PEQUENO PORTE,MAIOR MATURIDADE,C,C,B,D
11343910000193,RIBEIRÃO - PE,PE,2025,MÉDIO PORTE,MAIOR MATURIDADE,B,C,C,D
24772113000173,RIBEIRÃO CASCALHEIRA - MT,MT,2025,PEQUENO PORTE,MENOR MATURIDADE,C,C,C,D
16418683000131,RIBEIRÃO DO LARGO - BA,BA,2025,MÉDIO PORTE,MENOR MATURIDADE,C,C,C,D
01552221000135,RIBEIRÃO DOS ÍNDIOS - SP,SP,2025,PEQUENO PORTE,MENOR MATURIDADE,C,B,B,C
67360446000106,RIBEIRÃO GRANDE - SP,SP,2025,PEQUENO PORTE,MAIOR MATURIDADE,B,C,B,C
46522967000134,RIBEIRÃO PIRES - SP,SP,2025,MÉDIO PORTE,MAIOR MATURIDADE,B,A,B,B
56024581000156,RIBEIRÃO PRETO - SP,SP,2025,GRANDE PORTE,MAIOR MATURIDADE,A,B,B,B
15943434000100,RIBEIRÃOZINHO - MT,MT,2025,PEQUENO PORTE,MAIOR MATURIDADE,B,C,B,C
18312108000185,RIO ACIMA - MG,MG,2025,MÉDIO PORTE,MAIOR MATURIDADE,C,C,C,D
75963256000101,RIO AZUL - PR,PR,2025,MÉDIO PORTE,MAIOR MATURIDADE,B,A,A,B
27744143000164,RIO BANANAL - ES,ES,2025,MÉDIO PORTE,MENOR MATURIDADE,B,C,C,D
28741072000109,RIO BONITO - RJ,RJ,2025,MÉDIO PORTE,MAIOR MATURIDADE,B,C,C,D
95587770000199,RIO BONITO DO IGUAÇU - PR,PR,2025,MÉDIO PORTE,MENOR MATURIDADE,B,A,B,B
04034583000122,RIO BRANCO - AC,AC,2025,GRANDE PORTE,MENOR MATURIDADE,A,A,B,B
15023997000172,RIO BRANCO - MT,MT,2025,PEQUENO PORTE,MAIOR MATURIDADE,B,B,B,C
01612413000190,RIO BRANCO DO IVAÍ - PR,PR,2025,PEQUENO PORTE,MENOR MATURIDADE,C,C,C,D
03681582000107,RIO BRILHANTE - MS,MS,2025,MÉDIO PORTE,MENOR MATURIDADE,A,C,C,C
29051216000168,RIO CLARO - RJ,RJ,2025,MÉDIO PORTE,MAIOR MATURIDADE,B,C,C,D
45774064000188,RIO CLARO - SP,SP,2025,GRANDE PORTE,MENOR MATURIDADE,C,C,C,D
83074294000123,RIO DAS ANTAS - SC,SC,2025,PEQUENO PORTE,MAIOR MATURIDADE,B,C,B,C
39223581000166,RIO DAS OSTRAS - RJ,RJ,2025,GRANDE PORTE,MENOR MATURIDADE,B,B,B,C
42498733000148,RIO DE JANEIRO - RJ,RJ,2025,GRANDE PORTE,MAIOR MATURIDADE,A,C,C,C
83102707000136,RIO DO CAMPO - SC,SC,2025,PEQUENO PORTE,MAIOR MATURIDADE,B,B,C,C
83102574000106,RIO DO SUL - SC,SC,2025,MÉDIO PORTE,MENOR MATURIDADE,A,C,A,B
94704103000186,RIO DOS ÍNDIOS - RS,RS,2025,PEQUENO PORTE,MAIOR MATURIDADE,B,B,B,C
88566872000162,RIO GRANDE - RS,RS,2025,GRANDE PORTE,MENOR MATURIDADE,B,A,C,C
46522975000180,RIO GRANDE DA SERRA - SP,SP,2025,MÉDIO PORTE,MENOR MATURIDADE,B,B,B,C
83102756000179,RIO NEGRINHO - SC,SC,2025,MÉDIO PORTE,MENOR MATURIDADE,A,B,B,B
76002641000147,RIO NEGRO - PR,PR,2025,MÉDIO PORTE,MAIOR MATURIDADE,B,B,B,C
27165711000172,RIO NOVO DO SUL - ES,ES,2025,MÉDIO PORTE,MENOR MATURIDADE,B,C,C,D
18602045000100,RIO PARANAÍBA - MG,MG,2025,MÉDIO PORTE,MAIOR MATURIDADE,B,C,C,D
04629697000115,RIO PRETO DA EVA - AM,AM,2025,MÉDIO PORTE,MENOR MATURIDADE,B,C,C,D
24852675000127,RIO QUENTE - GO,GO,2025,MÉDIO PORTE,MENOR MATURIDADE,B,A,B,B
02056729000105,RIO VERDE - GO,GO,2025,GRANDE PORTE,MENOR MATURIDADE,B,B,B,C
03354560000132,RIO VERDE DE MATO GROSSO - MS,MS,2025,MÉDIO PORTE,MENOR MATURIDADE,B,C,A,C
92401553000174,RIOZINHO - RS,RS,2025,PEQUENO PORTE,MAIOR MATURIDADE,B,A,A,B
88187935000170,ROCA SALES - RS,RS,2025,PEQUENO PORTE,MAIOR MATURIDADE,B,A,A,B
03501566000195,ROCHEDO - MS,MS,2025,PEQUENO PORTE,MAIOR MATURIDADE,B,B,B,C
18558080000160,ROCHEDO DE MINAS - MG,MG,2025,PEQUENO PORTE,MAIOR MATURIDADE,C,C,C,D
08153819000109,RODOLFO FERNANDES - RN,RN,2025,PEQUENO PORTE,MAIOR MATURIDADE,C,C,C,D
04203896000167,ROLADOR - RS,RS,2025,PEQUENO PORTE,MENOR MATURIDADE,B,A,B,B
76288760000108,ROLÂNDIA - PR,PR,2025,MÉDIO PORTE,MAIOR MATURIDADE,B,A,B,B
04394805000118,ROLIM DE MOURA - RO,RO,2025,MÉDIO PORTE,MENOR MATURIDADE,A,A,B,B
75371401000157,RONCADOR - PR,PR,2025,MÉDIO PORTE,MAIOR MATURIDADE,B,B,B,C
87711503000153,RONDA ALTA - RS,RS,2025,PEQUENO PORTE,MENOR MATURIDADE,B,A,B,B
87712212000180,RONDINHA - RS,RS,2025,PEQUENO PORTE,MAIOR MATURIDADE,B,A,B,B
03347101000121,RONDONÓPOLIS - MT,MT,2025,MÉDIO PORTE,MAIOR MATURIDADE,B,B,B,C
87612982000150,ROQUE GONZALES - RS,RS,2025,PEQUENO PORTE,MAIOR MATURIDADE,B,C,A,C
01616837000122,ROSÁRIO DA LIMEIRA - MG,MG,2025,PEQUENO PORTE,MENOR MATURIDADE,B,B,B,C
88138292000174,ROSÁRIO DO SUL - RS,RS,2025,MÉDIO PORTE,MAIOR MATURIDADE,B,A,C,C
03180924000105,ROSÁRIO OESTE - MT,MT,2025,MÉDIO PORTE,MAIOR MATURIDADE,C,C,B,D
02382836000123,RUBIATABA - GO,GO,2025,MÉDIO PORTE,MAIOR MATURIDADE,C,C,C,D
45135043000112,RUBINÉIA - SP,SP,2025,MÉDIO PORTE,MAIOR MATURIDADE,B,A,B,B
10222297000193,RURÓPOLIS - PA,PA,2025,MÉDIO PORTE,MENOR MATURIDADE,C,C,C,D
07535446000160,RUSSAS - CE,CE,2025,MÉDIO PORTE,MAIOR MATURIDADE,C,C,C,D
18715441000135,SABARÁ - MG,MG,2025,MÉDIO PORTE,MENOR MATURIDADE,B,B,C,C
18307454000175,SABINÓPOLIS - MG,MG,2025,MÉDIO PORTE,MAIOR MATURIDADE,B,C,C,D
92410422000153,SAGRADA FAMÍLIA - RS,RS,2025,PEQUENO PORTE,MENOR MATURIDADE,B,B,B,C
92399153000171,SALDANHA MARINHO - RS,RS,2025,PEQUENO PORTE,MAIOR MATURIDADE,B,C,B,C
46613196000190,SALES - SP,SP,2025,MÉDIO PORTE,MENOR MATURIDADE,B,C,C,D
46756029000107,SALES OLIVEIRA - SP,SP,2025,MÉDIO PORTE,MAIOR MATURIDADE,C,C,B,D
83102723000129,SALETE - SC,SC,2025,PEQUENO PORTE,MAIOR MATURIDADE,B,B,B,C
11097367000191,SALGADINHO - PE,PE,2025,MÉDIO PORTE,MENOR MATURIDADE,B,C,C,D
11361243000171,SALGUEIRO - PE,PE,2025,MÉDIO PORTE,MAIOR MATURIDADE,C,C,C,D
11455714000100,SALOÁ - PE,PE,2025,MÉDIO PORTE,MAIOR MATURIDADE,B,C,C,D
46634093000107,SALTO DE PIRAPORA - SP,SP,2025,MÉDIO PORTE,MAIOR MATURIDADE,B,B,B,C
89658025000190,SALTO DO JACUÍ - RS,RS,2025,MÉDIO PORTE,MAIOR MATURIDADE,B,A,B,B
82827353000124,SALTO VELOSO - SC,SC,2025,PEQUENO PORTE,MAIOR MATURIDADE,A,A,A,A
13927801000149,SALVADOR - BA,BA,2025,GRANDE PORTE,MAIOR MATURIDADE,A,B,A,B
93592731000154,SALVADOR DAS MISSÕES - RS,RS,2025,PEQUENO PORTE,MENOR MATURIDADE,B,C,C,D
87860763000190,SALVADOR DO SUL - RS,RS,2025,PEQUENO PORTE,MAIOR MATURIDADE,B,A,A,B
87613543000162,SANANDUVA - RS,RS,2025,MÉDIO PORTE,MAIOR MATURIDADE,B,B,B,C
02164804000151,SANCLERLÂNDIA - GO,GO,2025,PEQUENO PORTE,MAIOR MATURIDADE,C,A,B,C
45135530000185,SANTA ALBERTINA - SP,SP,2025,MÉDIO PORTE,MAIOR MATURIDADE,B,A,B,B
02264166000140,SANTA BÁRBARA DE GOIÁS - GO,GO,2025,PEQUENO PORTE,MAIOR MATURIDADE,B,B,B,C
88496468000160,SANTA BÁRBARA DO SUL - RS,RS,2025,MÉDIO PORTE,MAIOR MATURIDADE,B,A,B,B
08999690000146,SANTA CRUZ - PB,PB,2025,MÉDIO PORTE,MAIOR MATURIDADE,B,C,C,D
24301475000186,SANTA CRUZ - PE,PE,2025,MÉDIO PORTE,MAIOR MATURIDADE,B,A,B,B
35445485000101,SANTA CRUZ DA BAIXA VERDE - PE,PE,2025,MÉDIO PORTE,MAIOR MATURIDADE,B,B,C,C
02669976000187,SANTA CRUZ DE GOIÁS - GO,GO,2025,PEQUENO PORTE,MAIOR MATURIDADE,C,C,C,D
04888830000158,SANTA CRUZ DO ARARI - PA,PA,2025,PEQUENO PORTE,MENOR MATURIDADE,C,C,C,D
10091569000163,SANTA CRUZ DO CAPIBARIBE - PE,PE,2025,MÉDIO PORTE,MENOR MATURIDADE,B,A,B,B
76291418000167,SANTA FÉ - PR,PR,2025,MÉDIO PORTE,MAIOR MATURIDADE,C,C,C,D
25107517000105,SANTA FÉ DE GOIÁS - GO,GO,2025,PEQUENO PORTE,MAIOR MATURIDADE,C,C,C,D
45138070000149,SANTA FÉ DO SUL - SP,SP,2025,MÉDIO PORTE,MENOR MATURIDADE,A,B,B,B
01613732000110,SANTA FILOMENA - PE,PE,2025,PEQUENO PORTE,MENOR MATURIDADE,B,B,B,C
08764284000102,SANTA HELENA - PB,PB,2025,PEQUENO PORTE,MENOR MATURIDADE,C,C,C,D
02056711000103,SANTA HELENA DE GOIÁS - GO,GO,2025,MÉDIO PORTE,MENOR MATURIDADE,A,B,C,C
00027722000130,SANTA ISABEL - GO,GO,2025,MÉDIO PORTE,MAIOR MATURIDADE,C,B,C,D
76205715000142,SANTA IZABEL DO OESTE - PR,PR,2025,MÉDIO PORTE,MENOR MATURIDADE,B,B,A,B
18140780000130,SANTA JULIANA - MG,MG,2025,MÉDIO PORTE,MENOR MATURIDADE,B,B,C,C
27165521000155,SANTA LEOPOLDINA - ES,ES,2025,MÉDIO PORTE,MAIOR MATURIDADE,B,C,A,C
06191001000147,SANTA LUZIA - MA,MA,2025,MÉDIO PORTE,MENOR MATURIDADE,C,C,C,D
18715409000150,SANTA LUZIA - MG,MG,2025,MÉDIO PORTE,MENOR MATURIDADE,B,C,C,D
09090689000167,SANTA LUZIA - PB,PB,2025,MÉDIO PORTE,MAIOR MATURIDADE,B,C,C,D
12200317000150,SANTA LUZIA DO NORTE - AL,AL,2025,MÉDIO PORTE,MAIOR MATURIDADE,B,C,B,C
12511093000106,SANTA LUZIA DO PARUÁ - MA,MA,2025,MÉDIO PORTE,MENOR MATURIDADE,C,C,C,D
88488366000100,SANTA MARIA - RS,RS,2025,GRANDE PORTE,MAIOR MATURIDADE,B,C,C,D
10358182000120,SANTA MARIA DA BOA VISTA - PE,PE,2025,MÉDIO PORTE,MAIOR MATURIDADE,B,B,B,C
13912506000119,SANTA MARIA DA VITÓRIA - BA,BA,2025,MÉDIO PORTE,MENOR MATURIDADE,B,C,C,D
36388445000138,SANTA MARIA DE JETIBÁ - ES,ES,2025,MÉDIO PORTE,MENOR MATURIDADE,A,B,A,B
91995373000103,SANTA MARIA DO HERVAL - RS,RS,2025,PEQUENO PORTE,MAIOR MATURIDADE,B,B,B,C
95641916000137,SANTA MÔNICA - PR,PR,2025,PEQUENO PORTE,MENOR MATURIDADE,B,C,B,C
07725138000105,SANTA QUITÉRIA - CE,CE,2025,MÉDIO PORTE,MENOR MATURIDADE,C,B,C,D
09159666000161,SANTA RITA - PB,PB,2025,MÉDIO PORTE,MENOR MATURIDADE,C,C,C,D
45138336000153,SANTA RITA D'OESTE - SP,SP,2025,PEQUENO PORTE,MAIOR MATURIDADE,B,B,C,C
45749819000194,SANTA RITA DO PASSA QUATRO - SP,SP,2025,MÉDIO PORTE,MENOR MATURIDADE,B,C,A,C
04205596000117,SANTA RITA DO TRIVELATO - MT,MT,2025,PEQUENO PORTE,MENOR MATURIDADE,B,A,B,B
88546890000182,SANTA ROSA - RS,RS,2025,MÉDIO PORTE,MAIOR MATURIDADE,B,A,B,B
01761113000172,SANTA ROSA DE GOIÁS - GO,GO,2025,PEQUENO PORTE,MAIOR MATURIDADE,C,C,C,D
01611211000123,SANTA SALETE - SP,SP,2025,PEQUENO PORTE,MENOR MATURIDADE,B,B,B,C
15031669000118,SANTA TEREZINHA - MT,MT,2025,PEQUENO PORTE,MENOR MATURIDADE,B,C,C,D
11358140000152,SANTA TEREZINHA - PE,PE,2025,MÉDIO PORTE,MAIOR MATURIDADE,C,C,C,D
01137116000130,SANTA TEREZINHA DE GOIÁS - GO,GO,2025,MÉDIO PORTE,MAIOR MATURIDADE,C,C,C,D
18457226000181,SANTA VITÓRIA - MG,MG,2025,MÉDIO PORTE,MAIOR MATURIDADE,B,C,B,C
88824099000197,SANTA VITÓRIA DO PALMAR - RS,RS,2025,MÉDIO PORTE,MAIOR MATURIDADE,B,A,C,C
23066640000108,SANTANA - AP,AP,2025,MÉDIO PORTE,MENOR MATURIDADE,C,C,C,D
88141460000180,SANTANA DA BOA VISTA - RS,RS,2025,MÉDIO PORTE,MAIOR MATURIDADE,B,A,B,B
46522983000127,SANTANA DE PARNAÍBA - SP,SP,2025,GRANDE PORTE,MENOR MATURIDADE,B,A,B,B
05832977000199,SANTANA DO ARAGUAIA - PA,PA,2025,MÉDIO PORTE,MENOR MATURIDADE,C,B,C,D
07597347000102,SANTANA DO CARIRI - CE,CE,2025,MÉDIO PORTE,MENOR MATURIDADE,B,C,C,D
76920826000130,SANTANA DO ITARARÉ - PR,PR,2025,PEQUENO PORTE,MENOR MATURIDADE,C,C,C,D
88124961000159,SANTANA DO LIVRAMENTO - RS,RS,2025,MÉDIO PORTE,MAIOR MATURIDADE,B,B,B,C
12332979000184,SANTANA DO MUNDAÚ - AL,AL,2025,MÉDIO PORTE,MAIOR MATURIDADE,C,C,C,D
87897740000150,SANTIAGO - RS,RS,2025,MÉDIO PORTE,MAIOR MATURIDADE,B,B,C,C
37464161000146,SANTO AFONSO - MT,MT,2025,PEQUENO PORTE,MENOR MATURIDADE,B,B,B,C
82892324000146,SANTO AMARO DA IMPERATRIZ - SC,SC,2025,MÉDIO PORTE,MENOR MATURIDADE,B,B,B,C
46522942000130,SANTO ANDRÉ - SP,SP,2025,GRANDE PORTE,MAIOR MATURIDADE,B,C,B,C
87613071000148,SANTO ÂNGELO - RS,RS,2025,MÉDIO PORTE,MAIOR MATURIDADE,B,B,C,C
37275823000130,SANTO ANTÔNIO DA BARRA - GO,GO,2025,PEQUENO PORTE,MENOR MATURIDADE,C,C,C,D
88814199000132,SANTO ANTÔNIO DA PATRULHA - RS,RS,2025,MÉDIO PORTE,MAIOR MATURIDADE,A,A,A,A
87612974000104,SANTO ANTÔNIO DAS MISSÕES - RS,RS,2025,MÉDIO PORTE,MAIOR MATURIDADE,B,C,C,D
37623485000180,SANTO ANTÔNIO DE GOIÁS - GO,GO,2025,PEQUENO PORTE,MAIOR MATURIDADE,B,B,C,C
29114139000148,SANTO ANTÔNIO DE PÁDUA - RJ,RJ,2025,MÉDIO PORTE,MAIOR MATURIDADE,B,C,C,D
45331196000135,SANTO ANTÔNIO DE POSSE - SP,SP,2025,MÉDIO PORTE,MENOR MATURIDADE,B,C,C,D
00097857000171,SANTO ANTÔNIO DO DESCOBERTO - GO,GO,2025,MÉDIO PORTE,MENOR MATURIDADE,B,C,C,D
04217362000190,SANTO ANTÔNIO DO LESTE - MT,MT,2025,PEQUENO PORTE,MENOR MATURIDADE,B,A,B,B
03507555000112,SANTO ANTÔNIO DO LEVERGER - MT,MT,2025,MÉDIO PORTE,MAIOR MATURIDADE,C,C,C,D
16870974000166,SANTO ANTÔNIO DO MONTE - MG,MG,2025,MÉDIO PORTE,MAIOR MATURIDADE,B,C,C,D
94704020000197,SANTO ANTÔNIO DO PLANALTO - RS,RS,2025,PEQUENO PORTE,MAIOR MATURIDADE,B,C,A,C
05059936000101,SANTO ANTÔNIO DO TAUÁ - PA,PA,2025,NÃO CLASSIFICADO,NÃO CLASSIFICADO,C,C,C,D
01612603000107,SANTO ANTÔNIO DOS MILAGRES - PI,PI,2025,PEQUENO PORTE,MENOR MATURIDADE,B,C,C,D
87613105000102,SANTO AUGUSTO - RS,RS,2025,MÉDIO PORTE,MAIOR MATURIDADE,B,A,B,B
87612818000143,SANTO CRISTO - RS,RS,2025,MÉDIO PORTE,MAIOR MATURIDADE,B,B,C,C
58200015000183,SANTOS - SP,SP,2025,GRANDE PORTE,MAIOR MATURIDADE,A,A,A,A
10145803000198,SÃO BENEDITO DO SUL - PE,PE,2025,MÉDIO PORTE,MAIOR MATURIDADE,C,B,C,D
09069709000118,SÃO BENTO - PB,PB,2025,MÉDIO PORTE,MENOR MATURIDADE,C,C,C,D
86051398000100,SÃO BENTO DO SUL - SC,SC,2025,MÉDIO PORTE,MAIOR MATURIDADE,A,A,B,B
10091577000100,SÃO BENTO DO UNA - PE,PE,2025,MÉDIO PORTE,MAIOR MATURIDADE,B,C,C,D
46523239000147,SÃO BERNARDO DO CAMPO - SP,SP,2025,GRANDE PORTE,MAIOR MATURIDADE,A,C,A,B
88489786000101,SÃO BORJA - RS,RS,2025,MÉDIO PORTE,MAIOR MATURIDADE,B,B,A,B
41522145000130,SÃO BRAZ DO PIAUÍ - PI,PI,2025,PEQUENO PORTE,MENOR MATURIDADE,B,C,C,D
95991261000127,SÃO CRISTOVÃO DO SUL - SC,SC,2025,PEQUENO PORTE,MENOR MATURIDADE,B,B,B,C
01068014000100,SÃO DOMINGOS - GO,GO,2025,MÉDIO PORTE,MAIOR MATURIDADE,C,C,C,D
03918869000108,SÃO FÉLIX DO ARAGUAIA - MT,MT,2025,MÉDIO PORTE,MENOR MATURIDADE,B,B,B,C
16430951000130,SÃO FÉLIX DO CORIBE - BA,BA,2025,MÉDIO PORTE,MENOR MATURIDADE,C,C,C,D
05421300000168,SÃO FÉLIX DO XINGU - PA,PA,2025,NÃO CLASSIFICADO,NÃO CLASSIFICADO,C,C,C,D
29111093000103,SÃO FIDÉLIS - RJ,RJ,2025,MÉDIO PORTE,MAIOR MATURIDADE,C,C,C,D
22679153000140,SÃO FRANCISCO - MG,MG,2025,MÉDIO PORTE,MAIOR MATURIDADE,B,B,B,C
46603395000118,SÃO FRANCISCO - SP,SP,2025,PEQUENO PORTE,MAIOR MATURIDADE,B,C,C,D
87896882000101,SÃO FRANCISCO DE ASSIS - RS,RS,2025,MÉDIO PORTE,MAIOR MATURIDADE,B,C,C,D
88756879000147,SÃO FRANCISCO DE PAULA - RS,RS,2025,MÉDIO PORTE,MENOR MATURIDADE,B,A,A,B
13830823000196,SÃO FRANCISCO DO CONDE - BA,BA,2025,MÉDIO PORTE,MENOR MATURIDADE,C,C,C,D
18114231000191,SÃO FRANCISCO DO GLÓRIA - MG,MG,2025,PEQUENO PORTE,MAIOR MATURIDADE,C,C,C,D
01254422000156,SÃO FRANCISCO DO GUAPORÉ - RO,RO,2025,MÉDIO PORTE,MENOR MATURIDADE,A,A,A,A
06553994000150,SÃO FRANCISCO DO PIAUÍ - PI,PI,2025,PEQUENO PORTE,MENOR MATURIDADE,B,B,C,C
83102269000106,SÃO FRANCISCO DO SUL - SC,SC,2025,MÉDIO PORTE,MENOR MATURIDADE,A,A,C,B
88768080000170,SÃO GABRIEL - RS,RS,2025,MÉDIO PORTE,MENOR MATURIDADE,A,B,B,B
27174143000176,SÃO GABRIEL DA PALHA - ES,ES,2025,MÉDIO PORTE,MAIOR MATURIDADE,B,A,A,B
15389588000194,SÃO GABRIEL DO OESTE - MS,MS,2025,MÉDIO PORTE,MENOR MATURIDADE,A,A,B,B
28636579000100,SÃO GONÇALO - RJ,RJ,2025,GRANDE PORTE,MAIOR MATURIDADE,B,C,B,C
07533656000119,SÃO GONÇALO DO AMARANTE - CE,CE,2025,MÉDIO PORTE,MENOR MATURIDADE,B,A,A,B
08079402000135,SÃO GONÇALO DO AMARANTE - RN,RN,2025,MÉDIO PORTE,MENOR MATURIDADE,B,A,C,C
06554828000178,SÃO GONÇALO DO PIAUÍ - PI,PI,2025,PEQUENO PORTE,MAIOR MATURIDADE,B,C,C,D
88117700000101,SÃO JERÔNIMO - RS,RS,2025,MÉDIO PORTE,MENOR MATURIDADE,B,B,B,C
10146371000130,SÃO JOÃO - PE,PE,2025,MÉDIO PORTE,MAIOR MATURIDADE,B,B,C,C
82925652000100,SÃO JOÃO BATISTA - SC,SC,2025,MÉDIO PORTE,MENOR MATURIDADE,B,B,C,C
01313113000100,SÃO JOÃO D'ALIANÇA - GO,GO,2025,MÉDIO PORTE,MENOR MATURIDADE,B,B,C,C
29116902000170,SÃO JOÃO DA BARRA - RJ,RJ,2025,MÉDIO PORTE,MENOR MATURIDADE,B,B,B,C
46429379000150,SÃO JOÃO DA BOA VISTA - SP,SP,2025,MÉDIO PORTE,MAIOR MATURIDADE,A,B,C,C
01612494000128,SÃO JOÃO DA LAGOA - MG,MG,2025,PEQUENO PORTE,MENOR MATURIDADE,A,B,B,B
16928483000129,SÃO JOÃO DA PONTE - MG,MG,2025,MÉDIO PORTE,MENOR MATURIDADE,C,B,B,C
90483082000165,SÃO JOÃO DA URTIGA - RS,RS,2025,PEQUENO PORTE,MENOR MATURIDADE,B,C,B,C
45116712000109,SÃO JOÃO DAS DUAS PONTES - SP,SP,2025,PEQUENO PORTE,MAIOR MATURIDADE,C,C,C,D
01612486000181,SÃO JOÃO DAS MISSÕES - MG,MG,2025,MÉDIO PORTE,MENOR MATURIDADE,B,C,C,D
59764472000163,SÃO JOÃO DE IRACEMA - SP,SP,2025,PEQUENO PORTE,MENOR MATURIDADE,B,C,B,C
29138336000105,SÃO JOÃO DE MERITI - RJ,RJ,2025,GRANDE PORTE,MAIOR MATURIDADE,C,C,C,D
17749896000109,SÃO JOÃO DEL REI - MG,MG,2025,MÉDIO PORTE,MAIOR MATURIDADE,B,B,C,C
66232521000182,SÃO JOÃO DO MANHUAÇU - MG,MG,2025,PEQUENO PORTE,MENOR MATURIDADE,C,C,C,D
06553655000173,SÃO JOÃO DO PIAUÍ - PI,PI,2025,MÉDIO PORTE,MAIOR MATURIDADE,B,C,C,D
94444247000140,SÃO JOÃO DO POLÊSINE - RS,RS,2025,PEQUENO PORTE,MENOR MATURIDADE,B,B,B,C
77870475000163,SÃO JORGE DO PATROCÍNIO - PR,PR,2025,MÉDIO PORTE,MAIOR MATURIDADE,B,B,B,C
82892274000105,SÃO JOSÉ - SC,SC,2025,MÉDIO PORTE,MENOR MATURIDADE,B,A,A,B
10111631000131,SÃO JOSÉ DA COROA GRANDE - PE,PE,2025,MÉDIO PORTE,MENOR MATURIDADE,B,C,C,D
08999682000108,SÃO JOSÉ DA LAGOA TAPADA - PB,PB,2025,MÉDIO PORTE,MAIOR MATURIDADE,C,C,C,D
12330916000199,SÃO JOSÉ DA LAJE - AL,AL,2025,MÉDIO PORTE,MAIOR MATURIDADE,B,C,B,C
12261228000114,SÃO JOSÉ DA TAPERA - AL,AL,2025,MÉDIO PORTE,MAIOR MATURIDADE,C,C,C,D
06351514000178,SÃO JOSÉ DE RIBAMAR - MA,MA,2025,MÉDIO PORTE,MENOR MATURIDADE,C,C,C,D
01614414000173,SÃO JOSÉ DE UBÁ - RJ,RJ,2025,MÉDIO PORTE,MENOR MATURIDADE,B,A,B,B
10280055000156,SÃO JOSÉ DO BELMONTE - PE,PE,2025,MÉDIO PORTE,MAIOR MATURIDADE,B,C,C,D
27167402000131,SÃO JOSÉ DO CALÇADO - ES,ES,2025,MÉDIO PORTE,MAIOR MATURIDADE,A,C,B,C
11354180000126,SÃO JOSÉ DO EGITO - PE,PE,2025,MÉDIO PORTE,MAIOR MATURIDADE,B,C,C,D
92406511000126,SÃO JOSÉ DO HERVAL - RS,RS,2025,PEQUENO PORTE,MAIOR MATURIDADE,B,C,B,C
92122753000198,SÃO JOSÉ DO HORTÊNCIO - RS,RS,2025,PEQUENO PORTE,MENOR MATURIDADE,B,A,B,B
94187358000119,SÃO JOSÉ DO INHACORÁ - RS,RS,2025,PEQUENO PORTE,MENOR MATURIDADE,B,A,A,B
16443632000160,SÃO JOSÉ DO JACUÍPE - BA,BA,2025,MÉDIO PORTE,MENOR MATURIDADE,B,C,C,D
18409201000102,SÃO JOSÉ DO JACURI - MG,MG,2025,PEQUENO PORTE,MENOR MATURIDADE,C,B,A,C
32972424000104,SÃO JOSÉ DO POVO - MT,MT,2025,PEQUENO PORTE,MAIOR MATURIDADE,C,C,C,D
15024037000127,SÃO JOSÉ DO RIO CLARO - MT,MT,2025,MÉDIO PORTE,MENOR MATURIDADE,B,B,B,C
45741659000137,SÃO JOSÉ DO RIO PARDO - SP,SP,2025,MÉDIO PORTE,MAIOR MATURIDADE,B,C,B,C
46588950000180,SÃO JOSÉ DO RIO PRETO - SP,SP,2025,GRANDE PORTE,MENOR MATURIDADE,A,C,C,C
08096083000176,SÃO JOSÉ DO SERIDÓ - RN,RN,2025,PEQUENO PORTE,MAIOR MATURIDADE,C,B,C,D
92868850000124,SÃO JOSÉ DOS AUSENTES - RS,RS,2025,PEQUENO PORTE,MENOR MATURIDADE,B,A,B,B
46643466000106,SÃO JOSÉ DOS CAMPOS - SP,SP,2025,GRANDE PORTE,MAIOR MATURIDADE,A,C,A,B
76105543000135,SÃO JOSÉ DOS PINHAIS - PR,PR,2025,GRANDE PORTE,MENOR MATURIDADE,A,C,B,C
15024029000180,SÃO JOSÉ DOS QUATRO MARCOS - MT,MT,2025,MÉDIO PORTE,MENOR MATURIDADE,B,B,B,C
01612384000166,SÃO JOSÉ DOS RAMOS - PB,PB,2025,PEQUENO PORTE,MENOR MATURIDADE,C,C,C,D
06553846000135,SÃO JULIÃO - PI,PI,2025,PEQUENO PORTE,MAIOR MATURIDADE,C,C,C,D
89814693000160,SÃO LEOPOLDO - RS,RS,2025,GRANDE PORTE,MAIOR MATURIDADE,B,B,B,C
11251832000105,SÃO LOURENÇO DA MATA - PE,PE,2025,MÉDIO PORTE,MAIOR MATURIDADE,B,C,C,D
87893111000152,SÃO LOURENÇO DO SUL - RS,RS,2025,MÉDIO PORTE,MAIOR MATURIDADE,B,B,C,C
06307102000130,SÃO LUÍS - MA,MA,2025,GRANDE PORTE,MAIOR MATURIDADE,C,B,C,D
02320406000187,SÃO LUÍS DE MONTES BELOS - GO,GO,2025,MÉDIO PORTE,MAIOR MATURIDADE,B,B,C,C
06460018000152,SÃO LUÍS GONZAGA DO MARANHÃO - MA,MA,2025,MÉDIO PORTE,MENOR MATURIDADE,C,C,C,D
25043639000185,SÃO LUIZ DO NORTE - GO,GO,2025,PEQUENO PORTE,MENOR MATURIDADE,B,B,C,C
12342671000110,SÃO LUIZ DO QUITUNDE - AL,AL,2025,MÉDIO PORTE,MAIOR MATURIDADE,C,C,C,D
87613022000105,SÃO LUIZ GONZAGA - RS,RS,2025,MÉDIO PORTE,MAIOR MATURIDADE,B,A,B,B
46634523000190,SÃO MANUEL - SP,SP,2025,MÉDIO PORTE,MAIOR MATURIDADE,A,B,B,B
88818299000137,SÃO MARCOS - RS,RS,2025,MÉDIO PORTE,MAIOR MATURIDADE,B,A,B,B
87613097000196,SÃO MARTINHO - RS,RS,2025,PEQUENO PORTE,MAIOR MATURIDADE,B,B,B,C
06019491000107,SÃO MATEUS DO MARANHÃO - MA,MA,2025,MÉDIO PORTE,MENOR MATURIDADE,B,C,C,D
76021450000122,SÃO MATEUS DO SUL - PR,PR,2025,MÉDIO PORTE,MAIOR MATURIDADE,B,A,B,B
08355463000188,SÃO MIGUEL - RN,RN,2025,MÉDIO PORTE,MENOR MATURIDADE,B,B,C,C
89971758000180,SÃO MIGUEL DAS MISSÕES - RS,RS,2025,MÉDIO PORTE,MAIOR MATURIDADE,B,B,B,C
02391654000119,SÃO MIGUEL DO ARAGUAIA - GO,GO,2025,MÉDIO PORTE,MAIOR MATURIDADE,B,C,C,D
22855167000177,SÃO MIGUEL DO GUAPORÉ - RO,RO,2025,MÉDIO PORTE,MENOR MATURIDADE,B,B,B,C
24862864000180,SÃO MIGUEL DO PASSA QUATRO - GO,GO,2025,PEQUENO PORTE,MENOR MATURIDADE,C,C,C,D
12364881000109,SÃO MIGUEL DOS MILAGRES - AL,AL,2025,MÉDIO PORTE,MAIOR MATURIDADE,C,C,C,D
87612966000168,SÃO NICOLAU - RS,RS,2025,PEQUENO PORTE,MAIOR MATURIDADE,B,C,C,D
01616670000108,SÃO PATRÍCIO - GO,GO,2025,PEQUENO PORTE,MENOR MATURIDADE,B,C,C,D
46395000000139,SÃO PAULO - SP,SP,2025,GRANDE PORTE,MAIOR MATURIDADE,A,C,A,B
87613642000144,SÃO PAULO DAS MISSÕES - RS,RS,2025,MÉDIO PORTE,MAIOR MATURIDADE,B,C,C,D
08079774000161,SÃO PAULO DO POTENGI - RN,RN,2025,MÉDIO PORTE,MENOR MATURIDADE,B,C,C,D
28909604000174,SÃO PEDRO DA ALDEIA - RJ,RJ,2025,MÉDIO PORTE,MENOR MATURIDADE,A,C,B,C
93235968000188,SÃO PEDRO DA SERRA - RS,RS,2025,PEQUENO PORTE,MENOR MATURIDADE,B,A,A,B
01613101000109,SÃO PEDRO DE ALCÂNTARA - SC,SC,2025,PEQUENO PORTE,MAIOR MATURIDADE,B,A,B,B
93592715000161,SÃO PEDRO DO BUTIÁ - RS,RS,2025,PEQUENO PORTE,MENOR MATURIDADE,B,C,C,D
76975259000110,SÃO PEDRO DO PARANÁ - PR,PR,2025,PEQUENO PORTE,MENOR MATURIDADE,C,C,C,D
87489910000168,SÃO PEDRO DO SUL - RS,RS,2025,MÉDIO PORTE,MAIOR MATURIDADE,B,B,C,C
01577844000162,SÃO PEDRO DOS CRENTES - MA,MA,2025,PEQUENO PORTE,MENOR MATURIDADE,B,B,B,C
24891418000102,SÃO ROMÃO - MG,MG,2025,PEQUENO PORTE,MENOR MATURIDADE,C,C,C,D
70946009000175,SÃO ROQUE - SP,SP,2025,MÉDIO PORTE,MENOR MATURIDADE,B,B,B,C
12247631000199,SÃO SEBASTIÃO - AL,AL,2025,MÉDIO PORTE,MAIOR MATURIDADE,C,C,C,D
46482832000192,SÃO SEBASTIÃO - SP,SP,2025,GRANDE PORTE,MAIOR MATURIDADE,A,C,B,C
05105143000181,SÃO SEBASTIÃO DA BOA VISTA - PA,PA,2025,MÉDIO PORTE,MENOR MATURIDADE,C,C,C,D
08742439000100,SÃO SEBASTIÃO DE LAGOA DE ROÇA - PB,PB,2025,MÉDIO PORTE,MAIOR MATURIDADE,B,B,C,C
28645786000113,SÃO SEBASTIÃO DO ALTO - RJ,RJ,2025,MÉDIO PORTE,MAIOR MATURIDADE,C,C,C,D
88370879000104,SÃO SEBASTIÃO DO CAÍ - RS,RS,2025,MÉDIO PORTE,MENOR MATURIDADE,B,A,A,B
18308734000106,SÃO SEBASTIÃO DO OESTE - MG,MG,2025,PEQUENO PORTE,MAIOR MATURIDADE,B,C,C,D
18241349000180,SÃO SEBASTIÃO DO PARAÍSO - MG,MG,2025,MÉDIO PORTE,MAIOR MATURIDADE,C,C,C,D
97229181000164,SÃO SEPÉ - RS,RS,2025,MÉDIO PORTE,MAIOR MATURIDADE,B,C,C,D
75381178000129,SÃO TOMÉ - PR,PR,2025,MÉDIO PORTE,MAIOR MATURIDADE,B,C,B,C
08080210000149,SÃO TOMÉ - RN,RN,2025,MÉDIO PORTE,MENOR MATURIDADE,B,C,C,D
92902055000105,SÃO VALENTIM DO SUL - RS,RS,2025,PEQUENO PORTE,MENOR MATURIDADE,B,C,B,C
94442241000134,SÃO VALÉRIO DO SUL - RS,RS,2025,PEQUENO PORTE,MAIOR MATURIDADE,B,A,A,B
91984492000152,SÃO VENDELINO - RS,RS,2025,PEQUENO PORTE,MENOR MATURIDADE,B,B,C,C
08308470000129,SÃO VICENTE - RN,RN,2025,PEQUENO PORTE,MENOR MATURIDADE,C,C,B,D
46177523000109,SÃO VICENTE - SP,SP,2025,GRANDE PORTE,MAIOR MATURIDADE,A,B,B,B
87572079000103,SÃO VICENTE DO SUL - RS,RS,2025,PEQUENO PORTE,MAIOR MATURIDADE,B,B,A,B
11361896000150,SÃO VICENTE FERRER - PE,PE,2025,MÉDIO PORTE,MAIOR MATURIDADE,B,A,C,C
08917080000156,SAPÉ - PB,PB,2025,MÉDIO PORTE,MAIOR MATURIDADE,C,C,C,D
13696257000171,SAPEAÇU - BA,BA,2025,MÉDIO PORTE,MENOR MATURIDADE,B,B,C,C
87366159000102,SAPIRANGA - RS,RS,2025,MÉDIO PORTE,MENOR MATURIDADE,B,A,B,B
29138393000186,SAPUCAIA - RJ,RJ,2025,MÉDIO PORTE,MAIOR MATURIDADE,B,C,C,D
88185020000125,SAPUCAIA DO SUL - RS,RS,2025,MÉDIO PORTE,MENOR MATURIDADE,C,C,C,D
32147670000121,SAQUAREMA - RJ,RJ,2025,GRANDE PORTE,MENOR MATURIDADE,B,B,A,B
78200482000110,SARANDI - PR,PR,2025,MÉDIO PORTE,MENOR MATURIDADE,B,B,C,C
97320030000117,SARANDI - RS,RS,2025,MÉDIO PORTE,MAIOR MATURIDADE,B,C,A,C
01612509000158,SARZEDO - MG,MG,2025,MÉDIO PORTE,MENOR MATURIDADE,A,B,B,B
52879780000195,SEBASTIANÓPOLIS DO SUL - SP,SP,2025,PEQUENO PORTE,MENOR MATURIDADE,B,C,C,D
01612805000159,SEBASTIÃO BARROS - PI,PI,2025,PEQUENO PORTE,MENOR MATURIDADE,B,B,C,C
87613196000178,SEBERI - RS,RS,2025,MÉDIO PORTE,MAIOR MATURIDADE,B,A,B,B
91997056000118,SEDE NOVA - RS,RS,2025,PEQUENO PORTE,MAIOR MATURIDADE,B,B,B,C
92000215000120,SEGREDO - RS,RS,2025,PEQUENO PORTE,MAIOR MATURIDADE,B,C,A,C
87613501000121,SELBACH - RS,RS,2025,PEQUENO PORTE,MAIOR MATURIDADE,B,A,A,B
25107525000151,SENADOR CANEDO - GO,GO,2025,GRANDE PORTE,MENOR MATURIDADE,A,A,A,A
08449571000110,SENADOR ELÓI DE SOUZA - RN,RN,2025,PEQUENO PORTE,MENOR MATURIDADE,C,C,C,D
12421137000107,SENADOR RUI PALMEIRA - AL,AL,2025,MÉDIO PORTE,MENOR MATURIDADE,C,C,C,D
18307504000114,SENHORA DO PORTO - MG,MG,2025,PEQUENO PORTE,MAIOR MATURIDADE,C,C,B,D
88597984000180,SERAFINA CORRÊA - RS,RS,2025,MÉDIO PORTE,MENOR MATURIDADE,B,A,B,B
94706033000103,SÉRIO - RS,RS,2025,PEQUENO PORTE,MENOR MATURIDADE,B,B,A,B
01604139000107,SEROPÉDICA - RJ,RJ,2025,MÉDIO PORTE,MENOR MATURIDADE,B,C,B,C
27174093000127,SERRA - ES,ES,2025,GRANDE PORTE,MAIOR MATURIDADE,B,C,A,C
08874695000142,SERRA BRANCA - PB,PB,2025,MÉDIO PORTE,MAIOR MATURIDADE,B,C,C,D
08078412000156,SERRA CAIADA (ANTIGO PRESIDENTE JUSCELINO) - RN,RN,2025,PEQUENO PORTE,MENOR MATURIDADE,B,B,B,C
18301069000110,SERRA DA SAUDADE - MG,MG,2025,PEQUENO PORTE,MAIOR MATURIDADE,B,C,C,D
16417784000198,SERRA DO RAMALHO - BA,BA,2025,MÉDIO PORTE,MAIOR MATURIDADE,C,C,B,D
18468058000120,SERRA DO SALITRE - MG,MG,2025,MÉDIO PORTE,MENOR MATURIDADE,B,C,C,D
14222277000173,SERRA DOURADA - BA,BA,2025,MÉDIO PORTE,MENOR MATURIDADE,C,C,C,D
44847663000111,SERRA NEGRA - SP,SP,2025,PEQUENO PORTE,MAIOR MATURIDADE,B,C,B,C
10282945000105,SERRA TALHADA - PE,PE,2025,MÉDIO PORTE,MAIOR MATURIDADE,C,C,C,D
44229813000123,SERRANA - SP,SP,2025,MÉDIO PORTE,MENOR MATURIDADE,B,B,C,C
01343086000118,SERRANÓPOLIS - GO,GO,2025,MÉDIO PORTE,MAIOR MATURIDADE,B,C,C,D
18008912000175,SERRANOS - MG,MG,2025,PEQUENO PORTE,MAIOR MATURIDADE,C,C,C,D
11361250000173,SERRITA - PE,PE,2025,MÉDIO PORTE,MENOR MATURIDADE,B,C,C,D
11358116000113,SERTÂNIA - PE,PE,2025,MÉDIO PORTE,MAIOR MATURIDADE,B,C,C,D
94068236000103,SERTÃO SANTANA - RS,RS,2025,PEQUENO PORTE,MENOR MATURIDADE,B,B,B,C
01612771000100,SERTÃOZINHO - PB,PB,2025,PEQUENO PORTE,MENOR MATURIDADE,B,C,B,C
45371820000128,SERTÃOZINHO - SP,SP,2025,MÉDIO PORTE,MAIOR MATURIDADE,B,A,B,B
01612776000125,SETE DE SETEMBRO - RS,RS,2025,PEQUENO PORTE,MENOR MATURIDADE,B,B,A,B
03889011000162,SETE QUEDAS - MS,MS,2025,PEQUENO PORTE,MAIOR MATURIDADE,A,A,A,A
46596235000199,SEVERÍNIA - SP,SP,2025,MÉDIO PORTE,MENOR MATURIDADE,B,B,B,C
03501574000131,SIDROLÂNDIA - MS,MS,2025,MÉDIO PORTE,MENOR MATURIDADE,B,C,A,C
41522129000147,SIGEFREDO PACHECO - PI,PI,2025,PEQUENO PORTE,MENOR MATURIDADE,C,C,C,D
28741098000157,SILVA JARDIM - RJ,RJ,2025,MÉDIO PORTE,MAIOR MATURIDADE,B,B,B,C
01068030000100,SILVÂNIA - GO,GO,2025,MÉDIO PORTE,MAIOR MATURIDADE,B,C,C,D
00114819000180,SILVANÓPOLIS - TO,TO,2025,PEQUENO PORTE,MENOR MATURIDADE,C,C,C,D
92457217000143,SILVEIRA MARTINS - RS,RS,2025,PEQUENO PORTE,MAIOR MATURIDADE,B,B,B,C
24855058000185,SIMOLÂNDIA - GO,GO,2025,PEQUENO PORTE,MAIOR MATURIDADE,C,C,C,D
15024003000132,SINOP - MT,MT,2025,MÉDIO PORTE,MENOR MATURIDADE,A,A,A,A
76919083000189,SIQUEIRA CAMPOS - PR,PR,2025,MÉDIO PORTE,MAIOR MATURIDADE,B,A,B,B
01740489000109,SÍTIO D'ABADIA - GO,GO,2025,PEQUENO PORTE,MENOR MATURIDADE,C,C,C,D
87592861000194,SOBRADINHO - RS,RS,2025,MÉDIO PORTE,MAIOR MATURIDADE,B,C,B,C
18083055000178,SOBRÁLIA - MG,MG,2025,MÉDIO PORTE,MAIOR MATURIDADE,C,C,C,D
08919425000100,SOLEDADE - PB,PB,2025,MÉDIO PORTE,MAIOR MATURIDADE,B,B,B,C
87738530000110,SOLEDADE - RS,RS,2025,MÉDIO PORTE,MAIOR MATURIDADE,B,C,A,C
10348050000118,SOLIDÃO - PE,PE,2025,MÉDIO PORTE,MAIOR MATURIDADE,B,C,C,D
07733256000157,SOLONÓPOLE - CE,CE,2025,MÉDIO PORTE,MENOR MATURIDADE,B,A,A,B
24651234000167,SONORA - MS,MS,2025,MÉDIO PORTE,MENOR MATURIDADE,B,B,A,B
46634044000174,SOROCABA - SP,SP,2025,GRANDE PORTE,MAIOR MATURIDADE,A,B,B,B
03239076000162,SORRISO - MT,MT,2025,MÉDIO PORTE,MENOR MATURIDADE,B,B,B,C
05133863000150,SOURE - PA,PA,2025,MÉDIO PORTE,MAIOR MATURIDADE,C,B,C,D
45787660000100,SUMARÉ - SP,SP,2025,GRANDE PORTE,MAIOR MATURIDADE,B,A,A,B
08874935000109,SUMÉ - PB,PB,2025,MÉDIO PORTE,MAIOR MATURIDADE,B,B,B,C
32165706000108,SUMIDOURO - RJ,RJ,2025,MÉDIO PORTE,MAIOR MATURIDADE,B,C,C,D
59764944000188,SUZANÁPOLIS - SP,SP,2025,PEQUENO PORTE,MENOR MATURIDADE,B,A,B,B
46523056000121,SUZANO - SP,SP,2025,GRANDE PORTE,MENOR MATURIDADE,A,A,B,B
37464997000140,TABAPORÃ - MT,MT,2025,MÉDIO PORTE,MENOR MATURIDADE,B,B,B,C
04011805000191,TABATINGA - AM,AM,2025,MÉDIO PORTE,MENOR MATURIDADE,C,C,C,D
46523122000163,TABOÃO DA SERRA - SP,SP,2025,GRANDE PORTE,MAIOR MATURIDADE,B,A,B,B
03888989000100,TACURU - MS,MS,2025,MÉDIO PORTE,MENOR MATURIDADE,B,B,A,B
02306900000197,TAGUATINGA - TO,TO,2025,MÉDIO PORTE,MENOR MATURIDADE,C,B,C,D
44544690000115,TAIAÇU - SP,SP,2025,PEQUENO PORTE,MENOR MATURIDADE,B,C,A,C
82765488000102,TAIÓ - SC,SC,2025,MÉDIO PORTE,MENOR MATURIDADE,A,C,B,C
46373445000118,TAMBAÚ - SP,SP,2025,MÉDIO PORTE,MENOR MATURIDADE,B,B,A,B
76978519000100,TAMBOARA - PR,PR,2025,PEQUENO PORTE,MAIOR MATURIDADE,C,C,C,D
08159089000145,TANGARÁ - RN,RN,2025,MÉDIO PORTE,MENOR MATURIDADE,C,C,C,D
03788239000166,TANGARÁ DA SERRA - MT,MT,2025,MÉDIO PORTE,MENOR MATURIDADE,B,B,B,C
12241865000129,TANQUE D'ARCA - AL,AL,2025,PEQUENO PORTE,MAIOR MATURIDADE,B,C,C,D
76247345000106,TAPEJARA - PR,PR,2025,MÉDIO PORTE,MENOR MATURIDADE,C,B,B,C
87615449000142,TAPEJARA - RS,RS,2025,MÉDIO PORTE,MAIOR MATURIDADE,B,A,B,B
87613493000113,TAPERA - RS,RS,2025,PEQUENO PORTE,MAIOR MATURIDADE,B,B,A,B
08749525000136,TAPEROÁ - PB,PB,2025,MÉDIO PORTE,MENOR MATURIDADE,C,C,B,D
88811948000178,TAPES - RS,RS,2025,MÉDIO PORTE,MAIOR MATURIDADE,B,A,A,B
75801738000157,TAPIRA - PR,PR,2025,PEQUENO PORTE,MAIOR MATURIDADE,B,C,C,D
13796016000102,TAPIRAMUTÁ - BA,BA,2025,MÉDIO PORTE,MENOR MATURIDADE,C,C,C,D
45742707000101,TAPIRATIBA - SP,SP,2025,MÉDIO PORTE,MENOR MATURIDADE,C,C,C,D
24772253000141,TAPURAH - MT,MT,2025,MÉDIO PORTE,MENOR MATURIDADE,B,C,A,C
97761407000173,TAQUARA - RS,RS,2025,MÉDIO PORTE,MAIOR MATURIDADE,B,B,A,B
01068055000104,TAQUARAL DE GOIÁS - GO,GO,2025,PEQUENO PORTE,MAIOR MATURIDADE,C,C,C,D
12207445000126,TAQUARANA - AL,AL,2025,MÉDIO PORTE,MAIOR MATURIDADE,C,C,C,D
72130818000130,TAQUARITINGA - SP,SP,2025,MÉDIO PORTE,MAIOR MATURIDADE,C,C,C,D
46634218000107,TAQUARITUBA - SP,SP,2025,MÉDIO PORTE,MENOR MATURIDADE,B,C,A,C
64614449000122,TARUMÃ - SP,SP,2025,MÉDIO PORTE,MENOR MATURIDADE,B,C,A,C
46634564000187,TATUÍ - SP,SP,2025,GRANDE PORTE,MENOR MATURIDADE,B,B,C,C
07849532000147,TAUÁ - CE,CE,2025,MÉDIO PORTE,MAIOR MATURIDADE,A,C,B,C
45176005000108,TAUBATÉ - SP,SP,2025,GRANDE PORTE,MAIOR MATURIDADE,B,C,B,C
75963850000194,TEIXEIRA SOARES - PR,PR,2025,MÉDIO PORTE,MAIOR MATURIDADE,B,B,B,C
23489834000108,TEJUÇUOCA - CE,CE,2025,MÉDIO PORTE,MENOR MATURIDADE,B,B,C,C
76170240000104,TELÊMACO BORBA - PR,PR,2025,MÉDIO PORTE,MAIOR MATURIDADE,B,A,B,B
08357667000158,TENENTE ANANIAS - RN,RN,2025,PEQUENO PORTE,MAIOR MATURIDADE,C,C,C,D
87613089000140,TENENTE PORTELA - RS,RS,2025,MÉDIO PORTE,MAIOR MATURIDADE,B,B,B,C
18404780000109,TEÓFILO OTONI - MG,MG,2025,MÉDIO PORTE,MAIOR MATURIDADE,A,B,B,B
12842829000110,TEOTÔNIO VILELA - AL,AL,2025,MÉDIO PORTE,MENOR MATURIDADE,C,C,C,D
03501582000188,TERENOS - MS,MS,2025,MÉDIO PORTE,MENOR MATURIDADE,B,C,B,C
06554869000164,TERESINA - PI,PI,2025,GRANDE PORTE,MAIOR MATURIDADE,A,C,A,B
29138369000147,TERESÓPOLIS - RJ,RJ,2025,GRANDE PORTE,MAIOR MATURIDADE,C,C,C,D
11286366000195,TEREZINHA - PE,PE,2025,PEQUENO PORTE,MAIOR MATURIDADE,C,C,B,D
75793786000140,TERRA BOA - PR,PR,2025,MÉDIO PORTE,MENOR MATURIDADE,B,C,C,D
90256660000120,TERRA DE AREIA - RS,RS,2025,MÉDIO PORTE,MAIOR MATURIDADE,B,B,B,C
11361201000130,TERRA NOVA - PE,PE,2025,MÉDIO PORTE,MAIOR MATURIDADE,C,B,C,D
01978212000100,TERRA NOVA DO NORTE - MT,MT,2025,MÉDIO PORTE,MENOR MATURIDADE,B,C,B,C
76978881000181,TERRA RICA - PR,PR,2025,MÉDIO PORTE,MAIOR MATURIDADE,B,C,A,C
75587204000170,TERRA ROXA - PR,PR,2025,MÉDIO PORTE,MAIOR MATURIDADE,B,C,A,C
45709896000110,TERRA ROXA - SP,SP,2025,MÉDIO PORTE,MENOR MATURIDADE,C,C,B,D
88661400000199,TEUTÔNIA - RS,RS,2025,MÉDIO PORTE,MENOR MATURIDADE,B,A,A,B
84727601000190,THEOBROMA - RO,RO,2025,PEQUENO PORTE,MENOR MATURIDADE,B,A,B,B
76170257000153,TIBAGI - PR,PR,2025,MÉDIO PORTE,MAIOR MATURIDADE,B,A,B,B
82577636000165,TIJUCAS - SC,SC,2025,MÉDIO PORTE,MENOR MATURIDADE,B,B,B,C
76105584000121,TIJUCAS DO SUL - PR,PR,2025,MÉDIO PORTE,MENOR MATURIDADE,B,A,B,B
11361904000169,TIMBAÚBA - PE,PE,2025,MÉDIO PORTE,MAIOR MATURIDADE,B,C,C,D
06424618000165,TIMBIRAS - MA,MA,2025,MÉDIO PORTE,MENOR MATURIDADE,C,C,C,D
83102764000115,TIMBÓ - SC,SC,2025,MÉDIO PORTE,MAIOR MATURIDADE,B,A,A,B
78497492000160,TIMBÓ GRANDE - SC,SC,2025,PEQUENO PORTE,MAIOR MATURIDADE,B,A,A,B
06115307000114,TIMON - MA,MA,2025,MÉDIO PORTE,MAIOR MATURIDADE,C,C,C,D
18128223000102,TOCANTINS - MG,MG,2025,MÉDIO PORTE,MAIOR MATURIDADE,B,C,C,D
76205806000188,TOLEDO - PR,PR,2025,GRANDE PORTE,MAIOR MATURIDADE,A,A,B,B
13099205000118,TOMAR DO GERU - SE,SE,2025,MÉDIO PORTE,MAIOR MATURIDADE,C,C,C,D
03503646000180,TORIXORÉU - MT,MT,2025,PEQUENO PORTE,MAIOR MATURIDADE,B,C,B,C
01539271000182,TOROPI - RS,RS,2025,PEQUENO PORTE,MENOR MATURIDADE,C,B,C,D
87876801000101,TORRES - RS,RS,2025,MÉDIO PORTE,MAIOR MATURIDADE,B,A,B,B
10167310000159,TRACUNHAÉM - PE,PE,2025,MÉDIO PORTE,MAIOR MATURIDADE,B,C,C,D
29115441000110,TRAJANO DE MORAES - RJ,RJ,2025,MÉDIO PORTE,MAIOR MATURIDADE,B,C,C,D
88771001000180,TRAMANDAÍ - RS,RS,2025,MÉDIO PORTE,MENOR MATURIDADE,B,C,C,D
92453810000111,TRÊS ARROIOS - RS,RS,2025,PEQUENO PORTE,MAIOR MATURIDADE,B,B,A,B
17955535000119,TRÊS CORAÇÕES - MG,MG,2025,MÉDIO PORTE,MAIOR MATURIDADE,B,B,C,C
88199971000153,TRÊS COROAS - RS,RS,2025,MÉDIO PORTE,MAIOR MATURIDADE,B,A,B,B
87612800000141,TRÊS DE MAIO - RS,RS,2025,MÉDIO PORTE,MAIOR MATURIDADE,B,C,B,C
93317998000133,TRÊS FORQUILHAS - RS,RS,2025,PEQUENO PORTE,MAIOR MATURIDADE,B,A,B,B
03184041000173,TRÊS LAGOAS - MS,MS,2025,MÉDIO PORTE,MENOR MATURIDADE,B,A,A,B
17695008000112,TRÊS MARIAS - MG,MG,2025,MÉDIO PORTE,MAIOR MATURIDADE,A,C,B,C
92399112000185,TRÊS PALMEIRAS - RS,RS,2025,PEQUENO PORTE,MAIOR MATURIDADE,B,B,B,C
87613188000121,TRÊS PASSOS - RS,RS,2025,MÉDIO PORTE,MAIOR MATURIDADE,B,B,B,C
18245167000188,TRÊS PONTAS - MG,MG,2025,MÉDIO PORTE,MAIOR MATURIDADE,B,C,C,D
01304286000161,TRÊS RANCHOS - GO,GO,2025,PEQUENO PORTE,MAIOR MATURIDADE,B,C,C,D
01217538000115,TRINDADE - GO,GO,2025,MÉDIO PORTE,MENOR MATURIDADE,B,B,C,C
11040912000103,TRINDADE - PE,PE,2025,MÉDIO PORTE,MAIOR MATURIDADE,C,C,C,D
92399211000167,TRINDADE DO SUL - RS,RS,2025,PEQUENO PORTE,MAIOR MATURIDADE,B,B,B,C
11350659000194,TRIUNFO - PE,PE,2025,MÉDIO PORTE,MAIOR MATURIDADE,A,B,C,C
88363189000128,TRIUNFO - RS,RS,2025,MÉDIO PORTE,MENOR MATURIDADE,B,B,C,C
01558070000122,TRIZIDELA DO VALE - MA,MA,2025,MÉDIO PORTE,MENOR MATURIDADE,C,C,C,D
22981088000102,TUCUMÃ - PA,PA,2025,MÉDIO PORTE,MENOR MATURIDADE,B,B,B,C
87612792000133,TUCUNDUVA - RS,RS,2025,PEQUENO PORTE,MAIOR MATURIDADE,B,C,B,C
05251632000141,TUCURUÍ - PA,PA,2025,MÉDIO PORTE,MENOR MATURIDADE,C,C,C,D
92406438000192,TUNAS - RS,RS,2025,PEQUENO PORTE,MAIOR MATURIDADE,B,A,B,B
68703834000105,TUNAS DO PARANÁ - PR,PR,2025,PEQUENO PORTE,MAIOR MATURIDADE,C,C,C,D
10106250000164,TUPANATINGA - PE,PE,2025,MÉDIO PORTE,MAIOR MATURIDADE,C,C,C,D
88227764000165,TUPANCIRETÃ - RS,RS,2025,MÉDIO PORTE,MAIOR MATURIDADE,B,A,B,B
92122712000100,TUPANDI - RS,RS,2025,PEQUENO PORTE,MENOR MATURIDADE,B,B,B,C
87613634000106,TUPARENDI - RS,RS,2025,PEQUENO PORTE,MAIOR MATURIDADE,B,C,A,C
11358124000160,TUPARETAMA - PE,PE,2025,PEQUENO PORTE,MAIOR MATURIDADE,B,C,C,D
25324187000100,TURMALINA - MG,MG,2025,MÉDIO PORTE,MENOR MATURIDADE,B,C,B,C
45139482000101,TURMALINA - SP,SP,2025,PEQUENO PORTE,MAIOR MATURIDADE,B,C,C,D
25107657000183,TURVELÂNDIA - GO,GO,2025,PEQUENO PORTE,MENOR MATURIDADE,C,C,C,D
78279973000107,TURVO - PR,PR,2025,MÉDIO PORTE,MAIOR MATURIDADE,B,A,A,B
18128207000101,UBÁ - MG,MG,2025,MÉDIO PORTE,MAIOR MATURIDADE,B,B,C,C
46482857000196,UBATUBA - SP,SP,2025,MÉDIO PORTE,MAIOR MATURIDADE,A,A,A,A
18428839000190,UBERABA - MG,MG,2025,GRANDE PORTE,MENOR MATURIDADE,A,A,C,B
18431312000115,UBERLÂNDIA - MG,MG,2025,GRANDE PORTE,MAIOR MATURIDADE,A,C,A,B
01611538000103,UBIRETAMA - RS,RS,2025,PEQUENO PORTE,MENOR MATURIDADE,B,C,B,C
45111952000110,UCHOA - SP,SP,2025,MÉDIO PORTE,MAIOR MATURIDADE,C,C,C,D
37622164000160,UIRAPURU - GO,GO,2025,PEQUENO PORTE,MAIOR MATURIDADE,C,C,C,D
16449902000140,UMBURANAS - BA,BA,2025,MÉDIO PORTE,MENOR MATURIDADE,B,C,C,D
76247378000156,UMUARAMA - PR,PR,2025,MÉDIO PORTE,MENOR MATURIDADE,B,C,C,D
18125161000177,UNAÍ - MG,MG,2025,MÉDIO PORTE,MENOR MATURIDADE,B,C,C,D
06553606000130,UNIÃO - PI,PI,2025,MÉDIO PORTE,MAIOR MATURIDADE,C,C,C,D
75967760000171,UNIÃO DA VITÓRIA - PR,PR,2025,MÉDIO PORTE,MAIOR MATURIDADE,C,C,C,D
45726445000191,UNIÃO PAULISTA - SP,SP,2025,PEQUENO PORTE,MAIOR MATURIDADE,B,C,B,C
76279975000162,UNIFLOR - PR,PR,2025,PEQUENO PORTE,MAIOR MATURIDADE,C,C,C,D
46611117000102,URÂNIA - SP,SP,2025,MÉDIO PORTE,MAIOR MATURIDADE,B,C,B,C
01219807000182,URUAÇU - GO,GO,2025,MÉDIO PORTE,MENOR MATURIDADE,B,C,C,D
02295640000100,URUANA - GO,GO,2025,MÉDIO PORTE,MAIOR MATURIDADE,B,C,C,D
04477782000105,URUCARÁ - AM,AM,2025,MÉDIO PORTE,MENOR MATURIDADE,C,C,C,D
25223850000180,URUCUIA - MG,MG,2025,MÉDIO PORTE,MENOR MATURIDADE,B,C,A,C
01763622000134,URUTAÍ - GO,GO,2025,PEQUENO PORTE,MAIOR MATURIDADE,C,C,C,D
04215993000170,VALE DE SÃO DOMINGOS - MT,MT,2025,PEQUENO PORTE,MENOR MATURIDADE,B,C,B,C
84722917000190,VALE DO ANARI - RO,RO,2025,MÉDIO PORTE,MENOR MATURIDADE,B,A,A,B
63786990000155,VALE DO PARAÍSO - RO,RO,2025,PEQUENO PORTE,MENOR MATURIDADE,B,B,C,C
94577574000170,VALE DO SOL - RS,RS,2025,PEQUENO PORTE,MENOR MATURIDADE,B,B,B,C
92123918000146,VALE REAL - RS,RS,2025,PEQUENO PORTE,MENOR MATURIDADE,B,B,B,C
01624729000100,VALE VERDE - RS,RS,2025,PEQUENO PORTE,MENOR MATURIDADE,B,B,A,B
29076130000190,VALENÇA - RJ,RJ,2025,MÉDIO PORTE,MAIOR MATURIDADE,B,A,B,B
06554737000132,VALENÇA DO PIAUÍ - PI,PI,2025,MÉDIO PORTE,MENOR MATURIDADE,B,C,C,D
46599833000111,VALENTIM GENTIL - SP,SP,2025,MÉDIO PORTE,MENOR MATURIDADE,B,B,A,B
45787678000102,VALINHOS - SP,SP,2025,MÉDIO PORTE,MENOR MATURIDADE,B,B,C,C
01616319000109,VALPARAÍSO DE GOIÁS - GO,GO,2025,MÉDIO PORTE,MENOR MATURIDADE,B,C,C,D
31723570000133,VARGEM ALTA - ES,ES,2025,MÉDIO PORTE,MAIOR MATURIDADE,B,B,B,C
05648738000183,VARGEM GRANDE - MA,MA,2025,MÉDIO PORTE,MENOR MATURIDADE,C,C,C,D
46248837000155,VARGEM GRANDE DO SUL - SP,SP,2025,MÉDIO PORTE,MAIOR MATURIDADE,B,B,C,C
18240119000105,VARGINHA - MG,MG,2025,GRANDE PORTE,MAIOR MATURIDADE,B,B,B,C
01218643000179,VARJÃO - GO,GO,2025,PEQUENO PORTE,MAIOR MATURIDADE,C,C,C,D
01609780000134,VARJÃO DE MINAS - MG,MG,2025,PEQUENO PORTE,MENOR MATURIDADE,C,C,C,D
39217831000155,VARRE-SAI - RJ,RJ,2025,MÉDIO PORTE,MAIOR MATURIDADE,A,B,C,C
18279059000126,VÁRZEA DA PALMA - MG,MG,2025,MÉDIO PORTE,MAIOR MATURIDADE,C,C,C,D
03507548000110,VÁRZEA GRANDE - MT,MT,2025,GRANDE PORTE,MENOR MATURIDADE,A,C,B,C
13231006000111,VÁRZEA NOVA - BA,BA,2025,MÉDIO PORTE,MENOR MATURIDADE,B,C,C,D
45780087000103,VÁRZEA PAULISTA - SP,SP,2025,MÉDIO PORTE,MAIOR MATURIDADE,B,A,B,B
32412819000152,VASSOURAS - RJ,RJ,2025,MÉDIO PORTE,MENOR MATURIDADE,C,C,C,D
87334918000155,VENÂNCIO AIRES - RS,RS,2025,MÉDIO PORTE,MENOR MATURIDADE,A,C,A,B
10106268000166,VENTUROSA - PE,PE,2025,MÉDIO PORTE,MAIOR MATURIDADE,B,C,C,D
00179531000193,VERA - MT,MT,2025,MÉDIO PORTE,MENOR MATURIDADE,B,B,B,C
08362915000159,VERA CRUZ - RN,RN,2025,MÉDIO PORTE,MENOR MATURIDADE,B,C,C,D
98661366000106,VERA CRUZ - RS,RS,2025,MÉDIO PORTE,MENOR MATURIDADE,B,C,B,C
01612615000131,VERA MENDES - PI,PI,2025,PEQUENO PORTE,MAIOR MATURIDADE,B,A,B,B
98671597000109,VERANÓPOLIS - RS,RS,2025,MÉDIO PORTE,MAIOR MATURIDADE,B,A,B,B
11348570000193,VERDEJANTE - PE,PE,2025,MÉDIO PORTE,MAIOR MATURIDADE,B,C,C,D
01614685000129,VEREDINHA - MG,MG,2025,PEQUENO PORTE,MENOR MATURIDADE,B,B,B,C
40893646000160,VERTENTE DO LÉRIO - PE,PE,2025,PEQUENO PORTE,MAIOR MATURIDADE,C,C,B,D
18715425000142,VESPASIANO - MG,MG,2025,MÉDIO PORTE,MAIOR MATURIDADE,B,C,B,C
87613352000109,VIADUTOS - RS,RS,2025,PEQUENO PORTE,MENOR MATURIDADE,B,C,B,C
88000914000101,VIAMÃO - RS,RS,2025,GRANDE PORTE,MAIOR MATURIDADE,A,C,B,C
27165547000101,VIANA - ES,ES,2025,MÉDIO PORTE,MAIOR MATURIDADE,B,B,B,C
01299692000183,VIANÓPOLIS - GO,GO,2025,MÉDIO PORTE,MAIOR MATURIDADE,C,C,C,D
10168235000140,VICÊNCIA - PE,PE,2025,MÉDIO PORTE,MAIOR MATURIDADE,B,C,C,D
24644502000113,VICENTINA - MS,MS,2025,PEQUENO PORTE,MENOR MATURIDADE,B,C,C,D
00044834000107,VICENTINÓPOLIS - GO,GO,2025,MÉDIO PORTE,MAIOR MATURIDADE,B,B,B,C
12333746000104,VIÇOSA - AL,AL,2025,MÉDIO PORTE,MAIOR MATURIDADE,C,C,C,D
18132449000179,VIÇOSA - MG,MG,2025,MÉDIO PORTE,MAIOR MATURIDADE,A,B,C,C
10462497000113,VIÇOSA DO CEARÁ - CE,CE,2025,MÉDIO PORTE,MENOR MATURIDADE,B,A,B,B
87613485000177,VICTOR GRAEFF - RS,RS,2025,PEQUENO PORTE,MAIOR MATURIDADE,B,A,B,B
83039842000184,VIDEIRA - SC,SC,2025,MÉDIO PORTE,MAIOR MATURIDADE,A,A,A,A
03214160000121,VILA BELA DA SANTÍSSIMA TRINDADE - MT,MT,2025,MÉDIO PORTE,MENOR MATURIDADE,B,C,B,C
37388378000114,VILA BOA - GO,GO,2025,PEQUENO PORTE,MENOR MATURIDADE,B,C,C,D
91566869000153,VILA FLORES - RS,RS,2025,PEQUENO PORTE,MENOR MATURIDADE,B,B,B,C
01612386000155,VILA LÂNGARO - RS,RS,2025,PEQUENO PORTE,MENOR MATURIDADE,B,A,A,B
92406115000107,VILA MARIA - RS,RS,2025,PEQUENO PORTE,MAIOR MATURIDADE,B,A,B,B
01612614000197,VILA NOVA DO PIAUÍ - PI,PI,2025,PEQUENO PORTE,MENOR MATURIDADE,C,C,C,D
94444189000155,VILA NOVA DO SUL - RS,RS,2025,PEQUENO PORTE,MENOR MATURIDADE,B,C,B,C
03238862000145,VILA RICA - MT,MT,2025,MÉDIO PORTE,MENOR MATURIDADE,B,B,C,C
27165554000103,VILA VELHA - ES,ES,2025,GRANDE PORTE,MAIOR MATURIDADE,A,A,B,B
04092706000181,VILHENA - RO,RO,2025,MÉDIO PORTE,MENOR MATURIDADE,B,A,A,B
45709912000175,VIRADOURO - SP,SP,2025,MÉDIO PORTE,MENOR MATURIDADE,A,A,A,A
18307512000160,VIRGINÓPOLIS - MG,MG,2025,PEQUENO PORTE,MAIOR MATURIDADE,B,C,B,C
18137927000133,VISCONDE DO RIO BRANCO - MG,MG,2025,MÉDIO PORTE,MAIOR MATURIDADE,C,C,C,D
91997072000100,VISTA GAÚCHA - RS,RS,2025,PEQUENO PORTE,MENOR MATURIDADE,B,B,A,B
27142058000126,VITÓRIA - ES,ES,2025,GRANDE PORTE,MAIOR MATURIDADE,A,B,A,B
94449030000123,VITÓRIA DAS MISSÕES - RS,RS,2025,PEQUENO PORTE,MENOR MATURIDADE,B,B,B,C
11049855000123,VITÓRIA DE SANTO ANTÃO - PE,PE,2025,MÉDIO PORTE,MAIOR MATURIDADE,B,C,C,D
05646807000110,VITÓRIA DO MEARIM - MA,MA,2025,MÉDIO PORTE,MENOR MATURIDADE,C,C,C,D
32512501000143,VOLTA REDONDA - RJ,RJ,2025,GRANDE PORTE,MAIOR MATURIDADE,B,C,B,C
46634051000176,VOTORANTIM - SP,SP,2025,MÉDIO PORTE,MAIOR MATURIDADE,B,C,C,D
46599809000182,VOTUPORANGA - SP,SP,2025,MÉDIO PORTE,MENOR MATURIDADE,B,A,B,B
76920800000192,WENCESLAU BRAZ - PR,PR,2025,MÉDIO PORTE,MAIOR MATURIDADE,C,C,C,D
76247360000154,XAMBRÊ - PR,PR,2025,MÉDIO PORTE,MAIOR MATURIDADE,B,C,C,D
94436474000124,XANGRI-LÁ - RS,RS,2025,MÉDIO PORTE,MENOR MATURIDADE,A,A,A,A
65708760000101,ZACARIAS - SP,SP,2025,PEQUENO PORTE,MENOR MATURIDADE,A,C,B,C
