cnpj_ente,cnpj_ug,unidade_gestora,natureza_juridica,regime
00003848000174,27585142000114,FUNPREF,Autarquia,RPPS
00005959000110,04841653000154,FUNDO DE PREVIDENCIA DO MUNICIPIO DE INDIARA,Autarquia,RPPS
00006874000156,05728643000170,FUNDO MUNICIPAL DE PREVIDENCIA SOCIAL DOS SERVIDORES DO MUNICIPIO DE NOVO BRASIL,Autarquia,RPPS
00007401000173,32713093000198,FUNDO MUNICIPAL DE PREVIDÊNCIA SOCIAL DOS SERVIDORES DE PALMEIRÓPOLIS-TO,Outros,RPPS
00027722000130,06324752000194,FUNDO MUNICIPAL DE PREVIDÊNCIA DE SANTA ISABEL - FUMPRESI,Autarquia,RPPS
00044834000107,07625529000140,INSTITUTO DE PREVIDENCIA SOCIAL DE VICENTENÓPOLIS - VICENTENÓPOLIS PREV,Autarquia,RPPS
00078790000128,05034002000115,Inst. Prev. Social Munc. Doverlândia - IPASD,Autarquia,RPPS
00079806000117,08603255000150,REGIME PROPRIO DE PREVIDENCIA SOCIAL DO MUNICIPIO DE CACHOEIRA DOURADA,Autarquia,RPPS
00097857000171,07429219000150,SAD-PREV - Fundo de Previdência Social dos Servidores do Município de Santo Antônio do Descoberto,Autarquia,RPPS
00114801000188,27471534000152,FUNDO MUNICIPAL DE PREVIDÊNCIA SOCIAL DOS SERVIDORES DO MUNICIPIO DE FÁTIMA-TO,Adm Direta,Extinção RPPS
00114819000180,30164924000194,INSTITUTO DE PREVIDÊNCIA DOS SERVIDORES PÚBLICOS DO MUNICÍPIO DE SILVANÓPOLIS - SILPREV,Adm Direta,RPPS
00167437000114,05049574000178,Instituto de Previdência Municipal de Itauçu,Adm Direta,RPPS
00179531000193,04244981000173,FUNDO MUNICIPAL DE PREVIDENCIA SOCIAl DOS SERVIDORES DE VERA-MT,Autarquia,RPPS
00236968000111,04821993000113,FUNDO MUNICIPAL DE PREVIDÊNCIA SOCIAL,Autarquia,RPPS
00299180000154,07879775000128,PREVIPAR - INSTITUTO DE PREVIDÊNCIA SOCIAL DOS SERVIDORES PÚBLICOS DE PARAÍSO DO TOCANTINS,Autarquia,RPPS
00299198000156,19331029000184,INSTITUTO DE PREVIDÊNCIA SOCIAL DOS SERVIDORES PÚBLICOS DE PORTO NACIONAL,Autarquia,RPPS
00394577000125,03281445000185,Amapá Previdência - AMPREV,Outros,RPPS
00394585000171,15849540000111,INSTITUTO DE PREVIDENCIA DOS SERVIDORES PUBLICOS DO ESTADO DE RONDÔNIA,Autarquia,RPPS
00394601000126,10203387000137,INSTITUTO DE PREVIDENCIA DOS SERVIDORES DO DISTRITO FEDERAL,Autarquia,RPPS
00699197000107,09035539000150,INSTITUTO MUNICIPAL DE PREVIDÊNCIA DE NOVA UNIÃO,Autarquia,RPPS
00965145000127,00068071000126,PREVI-COCALINHO- FUNDO MUNICIPAL DE PREVIDÊNCIA SOCIAL DE COCALINHO,Adm Direta,RPPS
00965152000129,04102088000103,FUNDO MUNICIPAL DE PREVIDÊNCIA SOCIAL DOS SERVIDORES DE CAMPINÁPOLIS,Adm Direta,RPPS
01005727000124,07481455000115,INSTITUTO DE PREVIDENCIA DE APARECIDA DE GOIANIA,Autarquia,RPPS
01005917000141,04862101000122,Fundo Municipal de Previdencia Social dos Servidores de Bela Vista de Goias,Adm Direta,RPPS
01065846000172,04756332000151,FUNDO DE PREVIDÊNCIA SOCIAL DO MUNICÍPIO DE GOIANÉSIA,Autarquia,RPPS
01067081000100,07645201000195,Fundo Municipal de Previdência de Aruanã,Autarquia,RPPS
01067131000159,11329148000190,FUNDO DE PREVIDÊNCIA DOS SERVIDORES PÚBLICOS MUNICIPAIS DE BALIZA - PREVIBAL,Autarquia,RPPS
01067255000134,04837587000149,FUNDO DE PREVIDENCIA SOCIAL DE ITAGUARU,Autarquia,RPPS
01067271000127,05259863000100,FUNDO MUNICIPAL DE PREVIDÊNCIA SOCIAL DOS SERVIDORES DO MUNICÍPIO DE ITARUMÃ,Autarquia,RPPS
01067305000183,07464768000165,FUNDO DE PREVIDÊNCIA SOCIAL DE LEOPOLDO DE BULHÕES,Autarquia,RPPS
01067479000146,05469074000195,ISSA -Instituto de Seguridade Social Dos Servidores Municipais de Anápolis,Autarquia,RPPS
01067891000166,13024167000134,FUNDO MUNICIPAL DE PREVIDENCIA SOCIAL DOS SERVIDORES DE MONTE DO CARMO,Outros,RPPS
01067925000112,10456585000102,NOVA-PREV - Fundo de Previdência Social dos Servidores do Município de Nova Roma,Adm Direta,RPPS
01067974000155,32909968000121,FUNDO MUNICIPAL DE PREVIDENCIA DOS SERVIDORES DE PONTE ALTA DO TOCANTINS,Outros,RPPS
01068014000100,12982847000106,Fundo de Previdência Social dos Servidores do Município de São Domingos,Fundação Direito Público,RPPS
01068030000100,05742502000101,Instituto de Previdência dos Servidores Públicos do Município de Silvânia - GO,Autarquia,RPPS
01068055000104,13244968000105,Fundo de Previdência Social de Taquaral de Goiás - TAQUARAL-PREV,Autarquia,RPPS
01105329000180,37622644000121,IPAHI – Instituto de Previdência dos Servidores do Municipio,Autarquia,RPPS
01105626000125,04644392000182,INSTITUTO DE PREVIDENCIA DOS SERVIDORES MUNICIPAIS DE NEROPOLIS,Autarquia,RPPS
01123678000124,06348983000138,Fundo de Previdência Social de Nova Veneza - FUNPREN,Fundação Direito Público,RPPS
01125780000169,31781951000179,FUNDO MUNICIPAL DE PREVIDENCIAL SOCIAL DOS SERVIDORES ARRAIAS,Outros,RPPS
01126143000107,97384754000124,PREVCAMPOS - Fundo de Previdência Social dos Servidores de Campos Belos,Adm Direta,RPPS
01127430000131,00316138000102,INSTITUTO DE PREVIDENCIA E ASSISTENCIA DOS SERVIDORES DE ANAHANGUERA - IPASA,Autarquia,RPPS
01130277000100,24811986000148,INST DA PREVIDENCIA E ASSIST SERVIDORES DAVINOPOLIS,Adm Direta,RPPS
01131010000129,00287493000192,INSTITUTO DE PREVIDENCIA SOCIAL DO MUNICIPIO DE OUVIDOR – PREV OUVIDOR,Autarquia,RPPS
01131713000157,00663808000159,Instituto de Previdência Social de Ceres - Prev Ceres,Autarquia,RPPS
01135227000107,04963588000130,MOZAR-PREVI FUNDO MUNICIPAL DE PREVIDENCIA SOCIAL DOS SERVIDORES DO MUNICIPIO DE MOZARLANDIA,Autarquia,RPPS
01137116000130,06144537000101,FUNDO MUNICIPAL DE PREVIDENCIA SOCIAL DE SANTA TEREZINHA DE GOIAS,Autarquia,RPPS
01138122000101,07382076000178,REGIME PROPRIO DE PREV E ASSIST SOCIAL DOS SERV PUBLICOS MUN DE CRISTALINA,Autarquia,RPPS
01138957000161,10559316000171,FUNDO MUNICIPAL DE PREVIDÊNCIA SOCIAL DOS SERVIDORES DE DIANÓPOLIS-TO,Autarquia,RPPS
01146604000103,07405154000102,FUNDO DE PREVIDENCIA SOCIAL DE ITAPURANGA,Autarquia,RPPS
01149624000138,04854367000123,Instituto de Previdência dos Servidores Públicos do Município de Bom Jesus – BOM JESUS PREV,Autarquia,RPPS
01153030000109,04621712000189,FUNDO MUNICIPAL DE PREVIDÊNCIA SOCIAL DE INHUMAS - FUNPRESI,Autarquia,RPPS
01157536000188,02358297000197,INSTITUTO DE PREVIDÊNCIA E ASSISTÊNCIA SOCIAL DOS SERVIDORES MUNICIPAIS DE IPORÁ,Autarquia,RPPS
01164292000160,00786878000102,INSTITUTO MUNICIPAL DE PREVIDENCIA DOS SERVIDORES DE CAÇU CAÇUPREV,Autarquia,RPPS
01165729000180,04776218000193,FUNDO MUNICIPAL DE PREVIDÊNCIA SOCIAL DOS SERVIDORES DE JATAÍ,Autarquia,RPPS
01168145000169,07578154000104,Instituto Municipal de Previdência e Assistencia dos Servidores de Piranhas,Autarquia,RPPS
01169416000109,36863108000155,Instituto de Previdência dos Servidores do Municipio de Luziânia – Ipasluz Previdência,Autarquia,RPPS
01170331000132,19844989000148,INSTITUTO DE PREVIDÊNCIA SOCIAL DO MUNICÍPIO DE PADRE BERNARDO,Autarquia,RPPS
01178573000172,05639458000109,FUNDO DE PREVIDÊNCIA SOCIAL DO MUNICÍPIO DE PALMINÓPOLIS,Autarquia,RPPS
01179647000195,06980013000150,FUNDO DE PREVIDENCIA SOCIAL DE PIRACANJUBA,Autarquia,RPPS
01180645000116,05419083000171,PASCRI - Plano de Assistência Social de Cristianópolis,Adm Direta,RPPS
01181585000156,06053780000114,FUNDO DE PREVIDENCIA SOCIAL DO MUNICIPIO DE PIRES DO RIO,Adm Direta,RPPS
01189497000109,10696305000133,INSTITUTO PREVIDENCIARIO SOCIAL DOS SERVIDORES DO MUNICÍPIO DE PIUM,Autarquia,RPPS
01215474000113,09374809000158,FUNDO DE PREVIDÊNCIA SOCIAL DE ARAGOIÂNIA - REPREVSA,Autarquia,RPPS
01217538000115,05015173000105,INSTITUTO DE PREVIDÊNCIA DOS SERVIDORES PÚBLICOS DO MUNICÍPIO DE TRINDADE,Autarquia,RPPS
01218643000179,06097749000185,FUNDO DE PREVIDENCIA SOCIAL DE VARJÃO - FUNPREVAR,Autarquia,RPPS
01219807000182,11151349000140,Fundo de Previdência do Município de Uruaçu,Autarquia,RPPS
01223916000173,06103749000140,FUNDO MUNICIPAL DE PREVIDENCIA SOCIAL DE JARAGUA - PREV JARAGUÁ,Fundação Direito Público,RPPS
01237403000111,09633925000144,FUNDO DE PREVIDENCIA SOCIAL DOS SERVIDORES MUNICIPAIS DE ARAGUATINS - TO,Autarquia,RPPS
01254422000156,12257289000108,Impes - Instituto Municipal de Previdencia dos Servidores de São Francisco do Guaporé,Autarquia,RPPS
01266058000144,06117440000100,Instituto de Previdência Social de Buritis,Autarquia,RPPS
01291707000167,05160388000101,FUNDO DE PREVIDENCIA SOCIAL DE GOIANIRA,Adm Direta,RPPS
01298330000178,07303155000146,FUNDO DE PREVIDENCIA SOCIAL DE ABADIANIA,Autarquia,RPPS
01298975000100,04902949000138,INSTITUTO DE PREVIDENCIA DOS SERVIDORES PUBLICOS DO MUNICIPIO DE ALEXANIA,Adm Direta,RPPS
01299692000183,04949802000101,Instituto de Previdência Social - VIANOPOLIS-PREV,Autarquia,RPPS
01302603000100,06968400000171,Instituto de Previdência dos Servidores Públicos do Município de Corumbaíba,Autarquia,RPPS
01302728000130,73831208000126,INSTITUTO DE PREVIDÊNCIA E ASSISTÊNCIA DOS SERVIDORES DO MUNICÍPIO DE CUMARI,Autarquia,RPPS
01303221000100,24811911000167,Instituto de Previdência e Assistência dos Servidores do Município de Goiandira - IPASG,Autarquia,RPPS
01304286000161,24812000000154,INSTITUTO DE PREVIDÊNCIA ASSISTÊNCIA SOCIAL DO MUNICÍPIO DE TRÊS RANCHOS,Autarquia,RPPS
01310499000104,04718591000198,FUNDO MUNICIPAL DE PREVIDENCIA SOCIAL DOS SERVIDORES DE CLAUDIA,Fundação Direito Público,RPPS
01313113000100,02571926000162,Fundo de Previdência Social dos Servidores do Município de São João d´Aliança,Adm Direta,RPPS
01318898000103,05019327000129,FUNDO DE PREVIDENCIA SOCIAL DE ARAÇU,Autarquia,RPPS
01321850000154,03094874000143,FUNDO MUNICIPAL DE PREVIDENCIA SOCIAL DO MUNICIPIO DE APIACÁS-MT,Autarquia,RPPS
01343086000118,05433433000154,FUNDO MUNICIPAL DE PREVIDENCIA SOCIAL DOS SERVIDORES DO MUNICIPIO DE SERRANÓPOLIS,Autarquia,RPPS
01345537000156,07314524000104,REGIME PROPRIO DE PREVIDENCIA SOCIAL DO MUNICIPIO DE ALOÂNDIA,Autarquia,RPPS
01345909000144,05099103000174,INSTITUTO DE PREVIDENCIA DOS SERVIDORES PUBLICOS DO MUNICIPIO DE BURITI ALEGRE,Autarquia,RPPS
01367762000193,31896120000142,FUNDO MUNICIPAL DE PREVIDENCIA SOCIAL DOS SERVIDORES DE FIGUEIROPOLIS D´OESTE,Adm Direta,RPPS
01367788000131,10681463000110,RESER-PREVI - FUNDO MUNICIPAL DE PREVIDÊNCIA SOCIAL DOS SERVIDORES DE RESERVA DO CABAÇAL,Adm Direta,RPPS
01367853000129,04644976000158,COMODORO-PREVI FUNDO MUNICIPAL DE PREVIDENCIA SOCIAL.,Autarquia,RPPS
01373497000156,04639279000109,Fundo de Previdência Social do Município de Guapó,Autarquia,RPPS
01373620000139,04628455000107,FUNDO DE PREVIDÊNCIA DE NZÁRIO,Autarquia,RPPS
01409580000138,11991625000189,Goiás Previdência,Autarquia,RPPS
01485531000184,05042499000113,PREVIOURO,Autarquia,RPPS
01493998000176,05310332000196,Fundo Municipal de Previdência Social de Campos Verdes,Autarquia,RPPS
01505643000150,24811705000157,INSTITUTO DE PREVIDÊNCIA E ASSISTÊNCIA DOS SERVIDORES DE CATALÃO - IPASC,Autarquia,RPPS
01528506000130,06078287000159,INSTITUTO DE PREVIDÊNCIA MUNICIPAL DE IPIGUÁ,Autarquia,RPPS
01539271000182,13048231000117,Plano de Aposentadoria Municipal,Adm Direta,RPPS
01552221000135,08154321000152,INSTITUTO MUNICIPAL DE PREVIDENCIA DE RIBEIRAO DOS INDIOS - IMPRI,Autarquia,RPPS
01558070000122,01964083000100,INSTITUTO DE SEGURIDADE SOCIAL DOS SERVIDORES MUNICIPAIS DE TREZIDELA DO VALE,Autarquia,RPPS
01577844000162,30246674000131,Instituto de Previdência dos Servidores de São Pedro dos Crentes - IPRESPEC,Autarquia,RPPS
01587109000130,04946098000125,Instituto de Previdência dos Servidores Públicos do Município de Leme do Prado - INPLEM,Autarquia,RPPS
01591618000136,32286364000176,INSTITUTO DE PREVIDENCIA DOS SERVIDORES DO MUNICIPIO DE PORTO BARREIRO,Autarquia,RPPS
01601857000120,01601857000200,Fundo Municipal de Previdência Social do Municipio de Estrela Velha,Autarquia,RPPS
01602022000194,10540273000182,Fundo de Previdência Social do Município,Adm Direta,RPPS
01602258000120,15286571000101,FUNDO DE APOSENTADORIA E PENSÃO DO SERVIDOR - FAPS DE NOVA CANDELÁRIA,Adm Direta,RPPS
01603707000155,08890418000123,INSTITUTO DE PREVIDÊNCIA SOCIAL DO MUNICÍPIO DE CABECEIRA GRANDE - PREVCAB,Autarquia,RPPS
01603719000180,07602215000121,REGIME PRÓPRIO DE PREVIDENCIA,Fundação Direito Público,RPPS
01604139000107,08881803000104,INSTITUTO DE PREVIDÊNCIA DOS SERVIDORES MUNICIPAIS DE SEROPÉDICA,Autarquia,RPPS
01605306000134,28461331000148,FUNDO DE PREVIDENCIA SOCIAL DO MUNICIPIO DE ITAARA,Adm Direta,RPPS
01607509000160,24795794000195,FUNDO DE APOSENTADORIA DOS SERVIDORES DA PREFEITURA DE FAZENDA VILANOVA,Adm Direta,RPPS
01609402000150,13121144000148,REGIME PROPRIO DE PREVIDENCIA SOCIAL DOS SERVIDORES EFETIVOS DO MUNICIPIO DE JARI,Adm Direta,RPPS
01609404000140,13008509000122,CONSELHO MUNICIPAL DE PREVIDENCIA DO SERVIDOR PUBLICO,Adm Direta,RPPS
01609497000102,28881493000135,INSTITUTO DE PREVIDÊNCIA DO MUNICIPIO DE CARAPEBUS,Autarquia,RPPS
01609780000134,03639307000125,INSTITUTO DE PREVIDÊNCIA DOS SERVIDORES MUNICIPAIS DE VARJÃO DE MINAS - IPREVAM,Autarquia,RPPS
01611211000123,05240662000152,INSTITUTO DE PREVIDÊNCIA MUNICIPAL DE SANTA SALETE,Autarquia,RPPS
01611213000112,06056457000102,Instituto de Previdencia Municipal de Ouroestre,Autarquia,RPPS
01611339000197,10638611000113,FUNDO DE APOSENTADORIA E PENSAO DO SERVIDOR,Outros,RPPS
01611489000109,08962568000103,Regime Próprio de Previdência de Campina do Simão,Autarquia,RPPS
01611538000103,13923415000189,FUNDO DE PREVIDÊNCIA SOCIAL DO MUNICÍPIO DE UBIRETAMA - FPSM,Adm Direta,RPPS
01612092000123,08948407000157,INSTITUTO DE PREVIDÊNCIA DOS SERVIDORES DO MUNICÍPIO DE GOIÂNIA,Autarquia,RPPS
01612150000119,12075756000189,Fundo Municipal de Aposentadoria e Pensão - FUMAP,Adm Direta,RPPS
01612269000191,07015371000196,INSTITUTO DE PREVIDENCIA DE ESPERANÇA NOVA - IPEN,Autarquia,RPPS
01612289000162,97531145000150,FUNDO DE SEGURIDADE SOCIAL DO SERVIDOR MUNICIPAL DE FLORIANO PEIXOTO,Adm Direta,RPPS
01612346000103,04278424000173,INSTITUTO DE PENCOES E APOSENTADORIAS DOS SEVIDORES MUNICIPAIS DE IGARAPE DO MEIO - IMPA,Adm Direta,RPPS
01612360000107,02148931000167,INSTITUTO DE PREVIDÊNCIA E ASSISTÊNCIA SOCIAL DOS SERVIDORES MUNICIPAIS DE CACHOEIRA DO PIRIÁ,Autarquia,RPPS
01612364000195,11991200000170,FUNDO DE PREVIDÊNCIA SOCIAL DO MUNICÍPIO DE PASSA SETE,Autarquia,RPPS
01612384000166,02458148000108,INSTITUTO DE PREVIDENCIA DOS SERVIDORES MUNICIPAIS DE SÃO JOSÉ DOS RAMOS,Autarquia,RPPS
01612386000155,13042654000120,FUNDO DE APOSENTADORIA E PENSAO DO MUNICIPIO DE VILA LANGARO,Outros,RPPS
01612413000190,02570204000193,REGIME DE PREVIDENCIA SOCIAL MUNICIPAL - RPSM,Fundação Direito Público,RPPS
01612444000140,05003204000108,Instituto de Previdencia de Perobal - IPREVP,Autarquia,RPPS
01612471000113,02350102000162,INST.DE PREVIDENCIA DOS SERV.DO MUNIC.DE ALGODAO DE JANDAIRA,Autarquia,RPPS
01612476000146,02389244000133,INSTITUTO DE PREVIDENCIA MUNICIPAL DE JAPONVAR,Autarquia,RPPS
01612478000135,05661881000105,PATISPREV - INSTITUTO DE PREVIDENCIA MUNICIPAL DE PATIS,Autarquia,RPPS
01612481000159,05435876000184,INSTITUTO DE PREVIDENCIA MUNICIPAL DE PINTÓPOLIS,Autarquia,RPPS
01612486000181,02855044000129,INSTITUTO DE PREVIDÊNCIA MUNICIPAL DE SÃO JOÃO DAS MISSÕES,Autarquia,RPPS
01612489000115,04424722000124,INSTITUTO DE PREVIDÊNCIA MUNICIPAL DE CHAPADA GAÚCHA,Autarquia,RPPS
01612493000183,02808141000160,Instituto de Previdência Municipal de Bonito de Minas,Autarquia,Extinção RPPS
01612494000128,07347646000199,PREVIDENCIA MUNICIPAL DE SÃO JOÃO DA LAGOA,Autarquia,RPPS
01612509000158,06031294000103,INSTITUTO DE PREVIDENCIA SOCIAL DOS SERVIDORES DO MUNICIPIO DE SARZEDO,Autarquia,RPPS
01612525000140,07733475000136,Instituto de Previdencia Social dos Servidores Municipais de Buriticupu,Autarquia,RPPS
01612538000110,02393727000101,FUNDO MUNICIPAL DE PREVIDENCIA SOCIAL DO MUNICIPIO DE BOA VISTA,Autarquia,RPPS
01612546000166,07418746000169,INSTITUTO DE PREVIDENCIA DOS SERVIDORES PUBLICOS DO MUNICIPIO DE ITAIPAVA DO GRAJAU - IPAM,Autarquia,RPPS
01612552000113,04877728000157,INSTITUTO DE PREVIDENCIA DO MUNICIPIO DE MARQUINHO,Autarquia,RPPS
01612560000160,35698789000180,FUNDO PREVIDENCIÁRIO DO MUNÍCIPIO DE BELÉM DO PIUAÍ,Adm Direta,RPPS
01612566000137,20547208000132,INSTITUTO DE PREVIDENCIA DO MUNICIPIO DE BOQUEIRAO DO PIAUI,Autarquia,Extinção RPPS
01612573000139,21948346000196,INSTITUTO DE PREVIDENCIA DO MUNICIPIO DE CAJAZEIRAS DO PIAUI,Autarquia,RPPS
01612579000106,05694064000153,FUNDO PREVIDENCIÁRIO DO MUNICIPIO DE CURRALINHOS - CURRALINHOS PREV,Autarquia,RPPS
01612582000120,18418747000120,FUNDO DE PREVIDÊNCIA DO MUNICÍPIO DE JUAZEIRO DO PIAUÍ,Adm Direta,RPPS
01612584000119,18535065000105,FUNDO DE PREVIDÊNCIA MUNICIPAL DE LAGOA DE SÃO FRANCISCO,Adm Direta,RPPS
01612585000163,10897152000192,FUNDO PREVIDENCIARIO DO MUNICIPIO DE JUREMA PI,Adm Direta,RPPS
01612592000165,01612592000165,Nossa Senhora de Nazaré,Autarquia,Extinção RPPS
01612596000143,19110051000102,FUNDO PREVIDENCIÁRIO DO MUNICÍPIO DE MURICI DOS PORTELAS-PI,Adm Direta,RPPS
01612603000107,20356100000162,FUNDO PREVIDENCIARIO DO MUNICIPIO DE SANTO ANTONIO DOS MILAGRES,Adm Direta,RPPS
01612614000197,21970360000196,FUNDO PREVIDENCIARIO DO MUNICIPIO DE VILA NOVA DO PIAUI,Adm Direta,RPPS
01612615000131,06318746000124,FUNDO PREVIDENCIÁRIO DO MUNICÍPIO DE VERA MENDES,Adm Direta,RPPS
01612618000175,21724866000115,FUNDO PREVIDENCIÁRIO DO MUNICIPIO DE CAXINGO/PI,Adm Direta,RPPS
01612620000144,10827235000105,Fundo Previdenciário do Município de Cajueiro da Praia – CAJUEIRO-PREV,Autarquia,RPPS
01612668000152,13214864000158,INSTITUTO DE PREVIDÊNCIA SOCIAL DOS SERVIDORES DE BOM JESUS DAS SELVAS,Autarquia,RPPS
01612686000134,01612686000134,instituto de previdencia dos servidores do municipio de cacimbas,Autarquia,RPPS
01612770000158,04930156000122,Instituto de Previdência do Município de Riachão,Autarquia,RPPS
01612771000100,02207831000164,INSTITUTO DE PREVIDÊNCIA MUNICIPAL DE SERTÃOZINHO,Autarquia,RPPS
01612776000125,10706352000110,FUNDO DE PREVIDÊNCIA SOCIAL DO MUNICÍPIO DE SETE DE SETEMBRO,Adm Direta,RPPS
01612805000159,18128908000140,FUNDO PREVIDENCIARIO DO MUNICIPIO DE SEBASTIAO BARROS,Adm Direta,RPPS
01612832000121,05594905000150,INSTITUTO DE PREVIDÊNCIA DOS SERVIDORES PUBLICOS DO MUNICIPIO DE ALTO ALEGRE DO PINDARÉ,Autarquia,RPPS
01612848000134,01612848000134,Fundo de Aposentadoria e Pensão do Município de Fernão,Adm Direta,RPPS
01612869000150,14448784000120,Fundo de Aposentadoria e Pensão do Servidor de Cerrito - FAPS,Adm Direta,RPPS
01612906000120,04337607000112,FUNDO MUNICIPAL DE PREVIDÊNCIA SOCIAL DE BOA VENTURA DE SÃO ROQUE,Adm Direta,RPPS
01612911000132,04829381000177,FUNDO DE PREVIDÊNCIA DE RESERVA DO IGUAÇU,Autarquia,RPPS
01612941000149,02938882000166,INSTITUO DE PREVIDÊNCIA SOCIAL DOS SERVIDORES DE MARIZÓPO0LIS,Autarquia,RPPS
01612981000190,05507038000179,FUNDO DE PREVIDÊNCIA SOCIAL DO MUNICÍPIO DE PINHEIRAL,Adm Direta,RPPS
01613093000192,09370413000132,MS PREVI -FUNDO MUNICIPAL DE PREVIDÊNCIA DOS SERVIDORES PUBLICOS DE MONTE SANTO DO TOCANTINS,Autarquia,RPPS
01613101000109,03699965000102,INSTITUTO DE PREVIDENCIA DOS SERVIDORES PUBLICOS DO MUNICIPIO DE SÃO PEDRO DE ALCANTARA,Autarquia,RPPS
01613127000149,31741421000105,FUNDO MUNICIPAL DE PREVIDÊNCIA SOCIAL DOS SERVIDORES DE SANTA RITA DO TOCANTINS-TO,Outros,Extinção RPPS
01613202000171,02961615000100,INSTITUTO DE PREVIDENCIA DE NOVA CASTILHO,Autarquia,RPPS
01613501000106,01613501000106,PREFEITURA MUNICIPAL DE MAMPITUBA,Fundação Direito Público,RPPS
01613731000175,05530400000122,FUNDO PREVIDENCIÁRIO DE LAGOA GRANDE,Fundação Direito Público,RPPS
01613732000110,06203075000156,FUNDO PREVIDENCIÁRIO DO MUNICÍPIO DE SANTA FILOMENA-PE,Adm Direta,RPPS
01613745000199,02744401000181,INSTITUTO DE PREVIDENCIA DO MUNICIPIO DE PRESIDENTE SARNEY MA,Autarquia,RPPS
01613860000163,09160230000192,AUTARQUIA PREVIDENCIÁRIA DO MUNICÍPIO DE ARAÇOIABA,Autarquia,RPPS
01613940000119,05407979000130,Fundo de Previdência de Abadia de Goiás,Autarquia,RPPS
01614088000102,11624451000116,FUNDO MUNICIPAL DE PREVIDÊNCIA SOCIAL DOS SERVIDORES DE FELIZ NATAL,Autarquia,RPPS
01614158000114,14353831000151,FUNDO DE APOSENTADORIA E PENSAO DOS SERVIDORES DE CARAA,Outros,RPPS
01614414000173,07624192000156,Fundo de Previdência dos Servidores Públicos do Município de São José de Ubá,Adm Direta,RPPS
01614517000133,15066080000155,REGIME PROPRIO DE PREVIDENCIA SOCIAL DE NOVO MUNDO MT,Adm Direta,RPPS
01614519000122,17487897000122,FUNDO MUNICIPAL DE PREVIDÊNCIA SOCIAL DOS SERVIDORES DO MUNICIPIO DE NOVA LACERDA,Adm Direta,RPPS
01614521000100,07836047000139,UBIRATA-PREVI,Autarquia,RPPS
01614539000101,16637983000101,PREVNORTE- FUNDO MUNICIPAL DE PREVIDÊNCIA SOCIAL DE GAÚCHA DO NORTE,Adm Direta,RPPS
01614602000100,04967900000163,Instituto de Previdência Municipal de Berizal,Adm Direta,RPPS
01614685000129,02173618000189,Instituto de Previdência dos Servidores Públicos de Veredinha - INPREVE,Autarquia,RPPS
01615653000148,02372723000147,INSTITUTO POÇODANTENSE DE PREVIDENCIA MUNICIPAL - IPPM,Autarquia,RPPS
01615784000125,02212723000180,INSTITUTO MUNICIPAL DE APOSENTADORIAS E PENSÕES DOS SERVIDORES DE POÇO DE JOSÉ DE MOURA,Autarquia,RPPS
01615882000162,02524947000127,"Instituto de Assistência, Previdência e Pensões dos Servidores Públicos Municipais de Iguaba Grande",Autarquia,RPPS
01616171000102,15553850000194,FUNDO DE PREVIDÊNCIA DOS SERVIDORES MUNICIPAIS DE ARMAÇÃO DOS BUZIOS,Outros,RPPS
01616255000146,06057728000136,FUNDO DE APOSENTADORIA E PENSÃO DO SERVIDOR - FUNPREV,Autarquia,RPPS
01616319000109,04938153000135,Instituto de Previdência e Assistência dos Servidores Públicos de Valparaíso de Goiás - IPASVAL,Autarquia,RPPS
01616520000196,05568854000192,FUNDO DE PREVIDENCIA DO MUNICIPIO DE AGUAS LINDAS DE GOIAS (FUNPREVAL),Autarquia,RPPS
01616670000108,05019777000111,Fundo de Previdência Social de São Patrício,Autarquia,RPPS
01616684000113,02351751000188,INSTITUTO DE PREVIDENCIA DOS SERVIDORES PUBLICOS MUNICIPAIS DE FORMOSA DA SERRA NEGRA/MA,Autarquia,RPPS
01616837000122,03865221000110,INSTITUTO DE PREVIDÊNCIA DOS SERVIDORES DE ROSÁRIO DA LIMEIRA,Adm Direta,RPPS
01617413000182,01968192000197,Fundo de Previdência Social de Porteirão,Autarquia,RPPS
01617441000108,07210550000184,CANTAGALOPREV Instituto de Previdencia dos Servidores Publicos de Cantagalo,Autarquia,RPPS
01617905000178,02870728000108,Fundo Municipal de Previdência Social dos Servidores de Carlinda,Autarquia,RPPS
01618704000195,04709486000192,FUNPRECA - FUNDO PREVIDENCIÁRIO DO MUNICÍPIO DE CASINHAS,Adm Direta,RPPS
01619323000120,02318953000128,FUNDO MUNICIPAL DE ASSISTÊNCIA E PREVIDÊNCIA DE FERNANDES PINHEIRO,Autarquia,RPPS
01621714000180,10555898000118,FUNDO DE APOSENTADORIA E PENSÃO DO SERVIDOR PÚBLICO MUNICIPAL DE MUITOS CAPÕES,Autarquia,RPPS
01624729000100,12361633000104,FUNDO DE APOSENTARIA E PENSÃO - FAP,Adm Direta,RPPS
01626099000102,10296436000123,INSTITUTO DE PREVIDÊNCIA DOS SERVIDORES PÚBLICOS DO MUNICÍPIO DE MANARI,Autarquia,RPPS
01629276000104,01629276000104,FUNDO DE PREVIDENCIA SOCIAL DO MUNICIPIO DE NOVO GAMA,Autarquia,RPPS
01629809000140,18444895000119,INSTITUTO MUN DE PREVIDÊNCIA SOCIAL DOS SERVID DE OLIVEIRA DE FÁTIMA TO,Autarquia,RPPS
01634272000106,09510197000183,INSTITUTO DE PREVIDENCIA MUNICIPAL DE BONOPOLIS,Autarquia,RPPS
01640339000115,13746460000105,Fundo de Aposentadoria e Pensão do Servidor,Adm Direta,RPPS
01738780000134,01738780000134,FUNDO DE PREVIDÊNCIA SOCIAL DO MUNICÍPIO DE FORMOSA FPS,Adm Direta,RPPS
01740422000166,04407139000105,Instituto de Previdência Social dos Servidores de Planaltina - PREVPLAN,Autarquia,RPPS
01740448000104,07609983000107,Fundo de Previdência Social dos Servidores do Município de Iaciara,Adm Direta,RPPS
01740455000106,05161756000136,PARAISO-PREV - Fundo de Previdência Social dos Servidores do Município de Alto Paraíso de Goiás,Adm Direta,RPPS
01740463000152,00057011000108,Fundo de Previdência Social dos Servidores do Município de Mambaí,Adm Direta,RPPS
01740489000109,00242956000108,SIA-PREV - Fundo de Previdência Social do Município de Sítio d'Abadia,Adm Direta,RPPS
01740505000155,37915196000154,Fundo de Previdência Social do Município de Damianópolis,Adm Direta,RPPS
01740588000182,05004219000182,GUARANI-PREV - Fundo de Previdência Social dos Servidores do Município de Guarani de Goiás,Adm Direta,RPPS
01743335000162,06134339000167,POSSE-PREV - Fundo de Previdência Social dos Servidores do Município de Posse,Adm Direta,RPPS
01753722000180,04902663000152,INSTITUTO DE PREVIDENCIA DOS SERVIDORES PUBLICOS DO MUNICIPIO DE GOIATUBA -GO,Autarquia,RPPS
01756741000160,05153644000133,FUNDO MUNICIPAL DE PREVIDÊNCIA DOS SERVIDORES DE BRAZABRANTES,Outros,RGPS
01761113000172,05219838000194,FUNDO DE PREVIDENCIA SOCIAL DO MUNICÍPIO DE SANTA ROSA DE GOIÁS - FUNPREV,Autarquia,RPPS
01763606000141,07751806000160,Fundo Municipal de Previdência de Ipameri,Autarquia,RPPS
01763614000198,74130709000148,INSTITUTO DE PREVIDENCIA E ASSISTENCIA DOS FUNCIONARIOS DE CAMPO ALEGRE DE GOIAS,Autarquia,RPPS
01763622000134,07312170000150,Fundo Municipal de Previdencia de Urutaí,Autarquia,RPPS
01767722000139,02316764000116,FUNDO MUNICIPAL DE PREVIDENCIA DOS SERVIDORES PUBLICO DO MUNICIPIO DE MONTES CLAROS DE GOIAS,Autarquia,RPPS
01786029000103,25091307000176,Instituto de Gestão Previdenciária do Estado do Tocantins,Adm Direta,RPPS
01787506000155,10796854000180,FUNDO DE PREVIDENCIA DO MUNICIPIO DE CALDAS NOVAS,Autarquia,RPPS
01788082000143,21128964000190,FUNDO DE PREVIDÊNCIA SOCIAL DO MUNICÍPIO DE EDÉIA - EDEIA PREV,Autarquia,RPPS
01789551000149,24854234000164,INSTITUTO DE PREVIDÊNCIA SOCIAL DOS SERVIDORES PÚBLICOS DO MUNICÍPIO DE MORRINHOS-IPAM,Autarquia,RPPS
01795483000120,25065574000179,INSTITUTO DE PREVIDÊNCIA DOS SERVIDORES MUNICIPAIS DE COLINAS DO TOCANTINS,Autarquia,RPPS
01799683000151,25005158000185,IPASMU,Autarquia,RPPS
01801612000146,25041260000136,Fundo Liq.Previdencia Social - FLSP,Autarquia,RPPS
01803618000152,14120591000145,INSTITUTO DE PREVIDENCIA SOCIAL DOS SERVIDORES DE GURUPI,Autarquia,RPPS
01825413000178,10870672000101,INSTITUTO DE PREVIDÊNCIA SOCIAL DE PETROLINA DE GOIÁS,Autarquia,RPPS
01830793000139,02664384000172,INSTITUTO DE PREVIDÊNCIA E ASSISTÊNCIA DOS SERVIDORES DO MUNICÍPIO DE ARAGUAÍNA,Autarquia,RPPS
01915313000132,06676885000120,INSTITUTO DE PREVIDÊNCIA SOCIAL DO MUNICÍPIO DE FAZENDA NOVA,Autarquia,RPPS
01974088000105,05193668000116,Instituto de Previdência Social dos Servidores Públicos Municipais de Primavera do Leste - IMPREV,Autarquia,RPPS
01978212000100,02839701000144,FUNDO MUNICIPAL DE PREVIDENCIA SOCIAL DOS SERVIDORES DE TERRA NOVA DO NORTE,Adm Direta,RPPS
01988914000175,24101373000117,INSTITUTO DE PREVIDENCIA SOCIAL DOS SERVIDORES DO MUNICIPIO DE CORONEL SAPUCAIA - PREVI SAPUCAIA,Autarquia,RPPS
01998335000103,05035137000103,INSTITUTO MUNICIPAL DE PREVIDENCIA SOCIAL DOS SERV. DE PARANHOS - PREVIPAR,Adm Direta,RPPS
02029957000196,08003123000198,JOVIÂNIA PREV,Autarquia,RPPS
02056711000103,15282487000110,Fundo Especial da Previdência Social - FEPS de Santa Helena de Goiás,Autarquia,RPPS
02056729000105,03820397000156,INSTITUTO DE PREVIDENCIA E ASSISTENCIA DOS SERVIDORES MUNICIPAIS DE RIO VERDE - PREVIDENCIA,Autarquia,RPPS
02056737000151,04912678000100,QUIRINOPOLIS PREVIDENCIA,Autarquia,RPPS
02056745000106,05990876000146,PARANAIGUARA-PREV,Autarquia,RPPS
02056752000108,05056936000158,FUNDO DE PREVIDÊNCIA SOCIAL DE MAURILÂNDIA,Autarquia,RPPS
02070548000133,26195928000162,GUARAI-PREV – Fundo Municipal de Previdência Social dos Servidores de Guaraí,Autarquia,RPPS
02070563000181,12323327000183,FUNPREM - FUNDO MUNICIPAL DE PREVIDENCIA SOCIAL DOS SERV. DE DOIS IRMÃOS DO TOCANTINS,Adm Direta,RPPS
02070621000177,18176670000129,FUNDO MUNICIPAL DE PREVIDÊNCIA SOCIAL DOS SERVIDORES DE ARAGUACEMA - TO,Adm Direta,Extinção RPPS
02070720000159,05930889000120,IPSM – INSTITUTO DE PREVIDÊNCIA SOCIAL DE MIRANORTE,Autarquia,RPPS
02075216000141,01376689000116,INSTITUTO DE PREVIDÊNCIA E ASSISTÊNCIA AOS SERVIDORES DE FORMOSO DO ARAGUAIA,Autarquia,RPPS
02133098000180,31839045000188,RPPSCM - Regime Próprio de Previdência Social do Município de Couto de Magalhães - TO,Autarquia,RPPS
02164804000151,33304163000117,FUNDO MUNICIPAL DE PREVIDENCIA SOCIAL DE SANCLERLANDIA,Autarquia,RPPS
02164820000144,05345797000182,INSTITUTO DE PREVIDENCIA DOS SERVIDORES PUBLICOS DE CACHOEIRA DE GOIAS - IPC,Autarquia,RPPS
02186708000104,14829938000123,INSTITUTO DE PREVIDENCIA DOS SERV. MUNICIPAIS DE BOM JARDIM DE GOIAS,Autarquia,RPPS
02186757000147,04801661000177,IPASI - Instituto de Previdência Social de Itajá/GO,Autarquia,Extinção RPPS
02204196000161,07404675000145,INSTITUTO DE PREVIDÊNCIA DOS SERVIDORES DE ITUMBIARA – IPASMI,Autarquia,RPPS
02215275000178,01739656000193,INSTITUTO DE PREVIDENCIA DOS SERVIDORES PUBLICOS DO MUNICIPIO DE MINACU,Autarquia,RPPS
02215747000192,11745318000118,INSTITUTO DE PREVIDENCIA - CAMPINORTE-PREV,Autarquia,RPPS
02218683000183,05054229000122,Instituto de Previdência e Assistência dos Servidores de Acreúna - IPASMA,Autarquia,RPPS
02262368000153,05044925000158,FUNDO DE PREV. SOCIAL DE ANICUNS - ANPREV,Autarquia,RPPS
02264166000140,04991826000110,FUNDO MUNICIPAL DOS SERVIDORES DE SANTA BARBARA DE GOIAS,Autarquia,RPPS
02267698000131,07197685000157,FUNDO MUNICIPAL DE PREVIDÊNCIA SOCIAL DE MOSSÂMEDES,Autarquia,RPPS
02295640000100,05019797000192,FUNDO DE PREVIDENCIA SOCIAL DE URUANA,Autarquia,RPPS
02296002000103,05362562000107,INSTITUTO DE PREVIDENCIA SOCIAL DO MUNICIPIO DE HEITORAI,Autarquia,RPPS
02306900000197,11302297000166,FUNDO MUNICIPAL DE PREVIDENCIA SOCIAL DOS SERVIDORES DE TAGUATINGA,Fundação Direito Público,RPPS
02316537000190,05002963000148,INSTITUTO MUNICIPAL DE PREVIDÊNCIA SOCIAL DOS SERVIDORES DO MUNICIPIO DE MINEIROS - MINEIROSPREV,Autarquia,RPPS
02320364000184,08749774000121,FUNDO MUNICIPAL DE PREVIDENCIA SOCIAL DOS SERVIDORES DE AURILANDIA,Autarquia,RPPS
02320406000187,05452595000130,FUNDO DE PREVIDÊNCIA MUNICIPAL DOS SERVIDORES PÚBLICOS DE SÃO LUÍS DE MONTES BELOS,Autarquia,RPPS
02321115000103,05674714000107,FUNDO DE PREVIDÊNCIA SOCIAL DE CÓRREGO DO OURO - FUNPRECOR,Autarquia,RPPS
02321891000103,05544282000101,Fundo Mun. de Previd. E Assist. dos Servid. de Ivolândia-IPASI,Autarquia,RPPS
02321917000113,11377354000176,FUNDO DE PREVIDENCIA DOS SERVIDORS DE FIRMINOPOLIS - FUNPREV,Adm Direta,RPPS
02355675000189,05004744000106,FUNDO MUNICIPAL DE PREVIDENCIA SOCIAL DOS SERVIDORES DE BARRO ALTO,Autarquia,RPPS
02367597000132,05509957000181,Fundo Municipal de Previdência Social de Alvorada do Norte,Adm Direta,RPPS
02382067000163,04739716000166,CRIXASPREV,Autarquia,RPPS
02382836000123,25044199000180,FUMPRU,Autarquia,RPPS
02385839000110,06354418000183,INSTITUTO DE PREVIDENCIA DOS SERVIDORES PUBLICOS DO MUNICIPIO DE ORIZONA,Autarquia,RPPS
02391654000119,05256711000145,INSTITUTO DE PREVIDÊNCIA DOS SERVIDORES PÚBLICOS MUNICIPAIS,Autarquia,RPPS
02394757000132,05499749000149,INSTITUTO DE PREVIDENCIA DOS SERVIDORES PUBLICOS DE PALMEIRAS DE GOIAS,Autarquia,RPPS
02394765000189,06011288000186,INSTITUTO DE PREVIDENCIA E ASSISTENCIA DOS SERVIDORES DO MUNICIPIO DE PARAUNA - PARAUNAPREV,Autarquia,RPPS
02395812000109,05461855000133,INSTITUTO DE PREVIDENCIA SOCIAL DE FORMOSO - IPASF,Autarquia,RPPS
02451938000153,05370217000107,FUNDO MUNICIPAL DE PREVIDÊNCIA SOCIAL DOS SERVIDORES DO MUNICÍPIO DE ITABERAÍ - ITAPREVI,Autarquia,RPPS
02542538000153,05019767000186,Fundo de Previdência de Carmo do Rio Verde - FUNPAC,Autarquia,RPPS
02669976000187,05077316000103,Instituto Municipal de Previdência e Assistência dos Servidores de Santa Cruz de Goiás - IMPASC,Autarquia,RPPS
02879138000138,05168149000106,INSTITUTO MUNICIPAL DE PREVIDENCIA DOS SERVIDORES PUBLICOS DE JANDAIA,Autarquia,RPPS
02917132000108,13383140000138,JEQUIA PREV,Autarquia,RPPS
02922128000138,05091179000153,Intituto de Previdencia dos Servidores do Municipio de Jussara,Autarquia,RPPS
03073673000160,37198728000180,INSTITUTO DE PREVIDÊNCIA DOS SERVIDORES MUNICIPAIS DE BONITO,Autarquia,RPPS
03107539000132,07498757000104,INSTITUTO DE PREVIDÊNCIA DOS SERVIDORES PÚBLICOS DO MUNICÍPIO DE PORTO MURTINHO – PORTO MURTINHO PRE,Autarquia,RPPS
03155751000175,05292546000187,IPREFSUL - Instituto de Previdência Social dos Servidores Municipais de Fátima do Sul,Autarquia,RPPS
03155900000104,15391224000149,Instituto de Previdência Social dos Servidores Públicos Municipais de Caarapó-MS,Autarquia,RPPS
03155926000144,08797960000136,Instituto de Previdência Social dos Servidores do Município de Dourados - PreviD,Autarquia,RPPS
03155934000190,00094350000164,PREVIDÊNCIA SOCIAL DOS SERVIDORES PÚBLICOS DO MUNICÍPIO DE NAVIRAÍ-MS,Autarquia,RPPS
03156999000150,12694921000180,Fundo Municipal de Previdência Social dos Servidores de Itaporã - ITAPREV,Adm Direta,RPPS
03162047000140,02246328000118,Instituto de Previdência Social dos Servidores Municipais de Jardim - IPJ,Autarquia,RPPS
03173317000118,15358498000136,Instituto de Previdência Social dos Servidores Municipais de Nova Andradina - MS - PREVINA,Autarquia,RPPS
03180924000105,14016416000102,ROSÁRIO-PREVI - FUNDO MUNICIPAL DE PREVIDENCIA SOCIAL DE ROSÁRIO OESTE,Adm Direta,RPPS
03184041000173,20835263000128,INSTITUTO DE PREVIDÊNCIA SOCIAL DOS SERVIDORES DO MUNICÍPIO DE TRÊS LAGOAS - TRÊS LAGOAS PREVIDÊNCIA,Autarquia,RPPS
03184066000177,11443794000184,INSTITUTO MUNICIPAL DE PREVIDENCIA SOCIAL DOS SERVIDORES DE ÁGUA CLARA,Autarquia,RPPS
03214145000183,02332486000190,INSTITUTO MUNICIPAL DE PREVIDÊNCIA SOCIAL DOS SERVIDORES DE CÁCERES,Outros,RPPS
03214160000121,10630626000135,PREVILA- FUNDO MUNICIPAL DE PREVIDÊNCIA SOCIAL DE VILA BELA DA SANTISSIMA TRINDADE,Adm Direta,RPPS
03238631000131,01705187000191,FUNDO MUNIICPAL DE PREVIDÊNCIA SOCIAL DOS SERVIDORES DE PEIXOTO DE AZEVEDO - MT,Autarquia,RPPS
03238862000145,00937576000180,IMPREV - INSTITUTO MUNICIPAL DE PREVIDENCIA SOCIALDO MUNICÍPI DE VILA RICA,Adm Direta,RPPS
03238888000193,05222621000133,FUMPS - FUNDO MUNICIPAL DE PREVIDENCIA SOCIAL DE NOVO HORIZONTE DO NORTE,Adm Direta,RPPS
03238904000148,03381077000147,FUNDO MUNICPAL DE PREVIDENCIA SOCIAL DOS SERVDORES PUBLICOS MUNICIPAIS DE PORTO ESPERIDIAO,Autarquia,RPPS
03238912000194,07259759000132,CANAÃ-PREVI,Autarquia,RPPS
03238920000130,01875815000187,SIMPREV - FUNDO MUNICIPAL DE PREVIDENCIA SOCIAL DOS SERVIDORES DE NOVA,Adm Direta,RPPS
03238961000127,03238961000127,PREVI-ITAUBA - FUNDO MUNICIPAL DE PREVIDÊNCIA SOCIAL DOS SERVIDORES DE ITAÚBA/MT,Adm Direta,RPPS
03238987000175,03197975000140,FUNDO MUNICIPAL DE PREVIDENCIA SOCIAL DOS SERVIDORES PUBLICOS DE MARCELANDIA - MT,Autarquia,RPPS
03239019000183,03201609000117,FUNDO MUNICIPAL DE PREVIDENCIA SOCIAL DE GUARANTÃ DO NORTE - PREVIGUAR,Autarquia,RPPS
03239035000176,22599663000107,REGIME PROPRIO DE PREVIDENCIA SOCIAL DOS SERVIDORES DO MUNICIPIO DE ARAGUAIANA/MT,Adm Direta,RPPS
03239043000112,03222709000120,Fundo Municipal de Previdencia Social dos Servidores do Municipio de Paranaita - MT,Autarquia,RPPS
03239076000162,32946188000151,PREVISO – FUNDO MUNICIPAL DE PREVIDENCIA SOCIAL DOS SERVIDORES DE SORRISO/MT,Autarquia,RPPS
03330453000174,19491264000113,Instituto Municipal de Previdência Social de Ladário,Autarquia,RPPS
03330461000110,04727444000184,FUNDO DE PREVIDÊNCIA SOCIAL DOS SERVIDORES MUNICIPAIS DE CORUMBÁ - FUNPREV,Fundação Direito Público,RPPS
03342920000186,04720131000102,PREVIDÊNCIA SOCIAL DOS SERVIDORES PÚBLICOS DO MUNICÍPIO DE CASSILÂNDIA,Autarquia,RPPS
03342938000188,13241289000182,FUNDO DE PREVIDENCIA PROPRIA DO MUNICIPIO DE INOCENCIA - INOPREV,Fundação Direito Público,RPPS
03343118000100,04925862000186,INSTITUTO DE PREVIDENCIA DOS SERVIDORES DO MUNICIPIO DE PARANAIBA,Autarquia,RPPS
03347101000121,32974503000154,IMPRO - INSTITUTO MUNICIPAL DE PREVIDENCIA SOCIAL DOS SERVIDORES DE RONDONOPOLIS/MT,Autarquia,RPPS
03347127000170,05302784000126,INSTITUTO DE PREVIDÊNCIA MUNICIPAL DE GUIRATINGA,Autarquia,RPPS
03347135000116,01609895000129,PREV-JACI _ FUNDO MUNICIPAL DE PREVIDENCIA SOCIAL DOS SERV. MUNICIPIO DE JACIARA-MT,Autarquia,RPPS
03354560000132,13921551000130,Instituto de Previdência Social dos Servidores Municicpais de Rio Verde de Mato Grosso,Autarquia,RPPS
03370251000156,12079657000175,ITIPREV-FUNDO MUNICIPAL DE PREVIDÊNCIA SOCIAL,Adm Direta,RPPS
03403896000148,12986926000187,Instituto dos Servidores Municipais de Guia Lopes da Laguna/MS - IPSMGLL,Autarquia,RPPS
03408911000140,32972572000129,INSTITUTO DE PREVIDENCIA SOCIAL DOS SERVIDORES PUBLICOS DO MUNICIPIO DE POXOREU,Autarquia,RPPS
03424272000107,04463781000101,FUNDO MUNICIPAL DE PREVIDÊNCIA SOCIAL DOS SERVIDORES PÚBLICOS DE NOBRES-MT,Autarquia,RPPS
03425170000106,04784024000130,FUNDO MUNICIPAL DE PREVIDENCIA SOCIAL DOS SERVIDORES DE NORTELANDIA-MT,Autarquia,RPPS
03434792000109,01990043000124,Instituto de Previdência dos Servidores Municipais de Ponta Porã - PREVIPORÃ,Autarquia,RPPS
03439239000150,14332400000109,BARRA-PREVI - FUNDO MUN. DE PREV. SOCIAL DOS SERVIDORES DE BARRA DO GARÇAS,Adm Direta,RPPS
03442597000112,00282876000178,FUNDACAO DE PREVIDENCIA DOS SERVIDORES PUBLICOS MUNICIPAIS DE MARACAJU/MS - FUNPREVMAR,Fundação Direito Público,RPPS
03452299000103,05030089000152,Instituto de Previdencia dos Servidores Publicos de Aquidauana AQUIDAUANAPREV,Autarquia,RPPS
03501509000106,03514189000129,Instituto Municipal de Previdência de Campo Grande,Autarquia,RPPS
03501517000152,05061875000117,Instituto de Previdência dos Servidores Públicos do Município de Camapuã,Autarquia,RPPS
03501566000195,01346284000135,INSTITUTO MUNICIPAL DE PREVIDÊNCIA SOCIAL DE ROCHEDO,Autarquia,RPPS
03501574000131,01705182000169,Instituto Municipal de Previência Social de Sidrolândia,Autarquia,RPPS
03501582000188,97483499000177,Instituto de Aposentadoria e Pensões dos Servidores Municipais de Terenos,Autarquia,RPPS
03503612000195,05535209000173,FUNDO MUNICIPAL DE PREVIDENCIA SOCIAL DOS SERVIDORES DE GENERAL CARNEIRO,Adm Direta,RPPS
03503638000133,03503638000133,IMPBRAN - FUNDO MUNICIPAL DE PREVIDÊNCIA SOCIAL DOS SERVIDORES DE PONTE BRANCA,Adm Direta,RPPS
03503646000180,05888435000138,FUNDO DE PREVIDENCIA SOCIAL DOS SERVIDORES PUBLICOS MUNICIPAIS DE TORIXOREU - FAPET,Adm Direta,RPPS
03507415000144,22594192000144,MATO GROSSO PREVIDÊNCIA,Autarquia,RPPS
03507498000171,03507498000171,MUNICIPIO DE ARIPUANA,Outros,RPPS
03507514000126,03303941000192,INSTITUTO DE PREVIDENCIA DOS SERVIDORES MUNICIPAL DE NOSSA SENHORA DO LIVRAMENTO,Autarquia,RPPS
03507522000172,03602259000109,Fundo Municipal de Previdência Social dos Servidores de Barra do Bugres,Autarquia,RPPS
03507530000119,21847963000103,PREVI-SERV - FUNDO MUNICIPAL DE PREVIDNÊNICA SOCIAL DOS SERVIDORE DE CHAPADA DOS GUIMARÃES,Adm Direta,RPPS
03507548000110,00584491000165,INSTITUTO DE SEGURIDADE SOCIAL DOS SERVIDORES MUNICIPAIS DE VÁRZEA GRANDE/MT - PREVIVAG,Autarquia,RPPS
03507555000112,12606551000182,PREVI-LEVERGER- FUNDO MUNICIPAL DE PREVIDÊNCIA SOCIAL DE SANTO ANTONIO DE SANTO ANTÔNIO DO LEVERGER,Adm Direta,RPPS
03507563000169,05204707000133,BARAO PREVI - FUNDO MUNICIPAL DE PREVIDENCIA SOCIAL DO MUNICIPÍO DE BARÃO DE MELGAÇO,Adm Direta,RPPS
03507571000105,13490452000140,ACORIZAL PREVI- FUNDO MUNICIPAL DE PREVIDÊNCIA SOCIAL,Fundação Direito Público,RPPS
03510211000162,04942949000161,IMPC-INSTITUTO MUNICIPAL DE PREVIDENCIA DOS SERVIDORES DE COXIM MS,Autarquia,RPPS
03533064000146,26562272000179,FUNDO MUNICIPAL DE PREVIDENCIA SOCIAL DOS SERVIDORES DE CUIABA,Adm Direta,RPPS
03563335000106,37541703000137,INSTITUTO DE PREVIDENCIA DO MUNICIPIO DE APARECIDA DO TABOADO,Autarquia,RPPS
03567930000110,05127970000176,INSTITUTO MUNICIPAL DE PREVIDENCIA SOCIAL DOS SERVIDORES DE ANTONIO JOÃO,Autarquia,RPPS
03568433000136,02694244000147,FUNDO DE PREVIDENCIA DOS SERVIDORES MUNICIPAIS DE AMAMBAI-PREVIBAI,Adm Direta,RPPS
03575875000100,07477835000186,INSTITUTO DE PREVIDENCIA SOCIAL DOS SERVIDORES MUNICIPAIS DE IVINHEMS,Autarquia,RPPS
03579836000180,03724350000199,PREVIMAR - FUNDO MUNICIPAL DE PREVIDÊNCIA SOCIAL DOS SERVIDORES DE ALTO ARAGUAIA,Autarquia,RPPS
03681582000107,15554850000109,INSTITUTO DE PREVIDENCIA SOCIAL DOS FUNCIONARIOS MUNICIPAIS DE RIO BRILHANTE,Autarquia,RPPS
03741675000180,20461735000120,Instituto de Previdencia Social dos Servidores Municipais de Eldorado,Autarquia,RPPS
03741683000126,04733009000162,FUNDO DE PREVIDENCIA SOCIAL DOS SERVIDORES SERVIDORES PUBLICOS MUNICIPAIS DE MUNDO NOVO-MS,Adm Direta,RPPS
03747649000169,11267206000107,INSTITUTO DE PREVIDENCIA DOS SERVIDORES MUNICIPAIS DE ANGELICA-MS,Autarquia,RPPS
03755477000175,24179668000106,MIRASSOL-PREVI - FUNDO MUNICIPAL DE PREVIDENCIA SOCIAL DOS SERVIDORES DE MIRASSOL D' OESTE,Adm Direta,RPPS
03759271000113,03759271000113,FUNDO MUNICIPAL DE PREVIDENCIA DE ARAL MOREIRA - PREVIARAL,Adm Direta,RPPS
03783859000102,11713727000132,Fundo Municipal de Previdência Social dos Servidores de Jateí - MS,Outros,RPPS
03788239000166,13694270000191,Instituto Municipal de Previdencia Social dos Servidores de Tangara da Serra,Autarquia,RPPS
03888989000100,01990183000100,ISSEM - Instituto de Seguridade Social dos Servidores Municipais,Autarquia,RPPS
03889011000162,04278343000173,INSTUTO DE PREV. SOCIAL DOS SERVIDORES DE SETE QUEDAS - MS,Autarquia,RPPS
03918869000108,01559870000168,IPASFA FUNDO MUNICIPAL DE PREVIDENCIA SOCIAL DOS SERVIDORES DE SÃO FELIX DO ARAGUAIA,Adm Direta,RPPS
03947926000187,02526924000151,ARAGUAIPREVI-FUNDO MUNICIPAL DE PREVIDENCIA SOCIAL DE ARAGUAINHA-MT,Autarquia,RPPS
04011805000191,34545855000110,INSTITUTO DE PREVIDÊNCIA PRÓPRIA DE TABATINGA - IPRETAB,Autarquia,RPPS
04034583000122,17733605000194,Instituto de Previdência do Município de Rio Branco,Autarquia,RPPS
04092672000125,21407711000155,IPREJI - INSTITUTO DE PREVIDENCIA DOS SERVIDORES DE JI-PARANA,Autarquia,RPPS
04092706000181,08081573000107,INSTITUTO DE PREVIDENCIA MUNICIPAL DE VILHENA,Adm Direta,RPPS
04104816000116,63762959000184,Ipema - Instituto de Previdência do Município de Ariquemes,Autarquia,RPPS
04132090000125,08801853000134,INSTITUTO DE PREVIDÊNCIA DOS SERVIDORES PÚBLICOS DE MESQUITA,Autarquia,RPPS
04144168000121,34670356000154,IPMR INSTITUTO DE PREVIDÊNCIA DO MUNICÍPIO DE REDENÇÃO,Autarquia,RPPS
04197166000109,05957781000120,SISTEMA DE PREVIDÊNCIA SOCIAL DOS SERVIDORES PÚBLICOS DE MANICORÉ,Adm Direta,RPPS
04202280000171,04202280000252,PREVI-NAZARÉ - Fundo Municipal de Previdência Social,Fundação Direito Público,RPPS
04203896000167,11450910000192,Fundo de Previdência Social do Município de Rolador - FUNPREVI,Adm Direta,RPPS
04205596000117,04205596000117,Previdencia Social dos Servidores Publicos do Município de Santa Rita do TrivelatoMT,Autarquia,RPPS
04213687000102,04213687000285,PREFEITURA MUNICIPAL DE COLNIZA,Fundação Direito Público,RPPS
04213779000184,35555027000125,REGIME PROPRIO DE PREVIDENCIA SOCIAL DOS SERVIDORES PUBLICOS EFETIVOS DO MUNICIPIO DE CAPAO DO CIPO,Outros,RPPS
04214704000118,07236008000109,SANTA HELENA PREVI - FUNDO MUNICIPAL DE PREVIDENCIA SOCIAL,Autarquia,RPPS
04215013000139,10579015000100,FAPS - FUNDO DE APOSENTADORIA E PENSÃO DO SERVIDOR DE CORONEL PILAR,Adm Direta,RPPS
04215971000100,29651409000150,Regime Próprio de Previdência Social dos Servidores Públicos Efetivos do Município de Capão Bonito d,Adm Direta,RPPS
04215993000170,11569716000120,VALE - PREVI FUNDO MUNICIPAL DE VALE DE SAO DOMINGOS,Adm Direta,RPPS
04217362000190,17891785000132,FUNDO MUNICIPAL DE PREVIDÊNCIA SOCIAL DOS SERVIDORES DE SANTO ANTÔNIO DO,Adm Direta,RPPS
04217647000120,04217647000120,FUNDO MUNICIPAL DE PREVIDÊNCIA SOCIAL DE CURVELÂNDIA,Adm Direta,RPPS
04219099000178,15308401000180,FUNDO DE PREVIDENCIA SOCIAL DO MUNICPIO DE PEDRAS ALTAS,Fundação Direito Público,RPPS
04219688000156,14728481000160,PREVI-CONQUISTA FUNDO MUNICIPAL DE PREVIDENCIA SOCIAL,Adm Direta,RPPS
04223461000184,18423697000179,INSTITUTO DE PREVIDÊNCIA SOCIAL DO MUN DE GAMELEIRA DE GOIAS - GAMELEIRA PREV,Autarquia,RPPS
04241980000175,84542141000126,INSTITUTO MUNICIPAL DE PREVIDENCIA DOS SERVIDORES DE ITACOATIARA,Autarquia,RPPS
04243978000135,13240198000122,INSTITUTO DE PREVIDENCIA SOCIAL DOS SERVIDORES DE BENJAMIN CONSTANT,Autarquia,RPPS
04262432000121,84455401000126,INSTITUTO DE PREVIDENCIA DO MUNICIPIO DE COARI,Autarquia,RPPS
04271037000105,03290457000176,Fundo de Aposentadoria e Pensão de Barcelos,Adm Direta,RPPS
04274064000131,07679161000100,FUNDO DE PREVIDENCIA SOCIAL DO MUNICIPIO DE MANACAPURU,Adm Direta,RPPS
04279238000159,22859490000119,INSTITUTO DE PREVIDENCIA DOS SERVIDORES PUBLICOS DO MUNICIPIO DE JARU,Autarquia,RPPS
04282869000127,12098239000125,FUNDO DE PREVIDENCIA SOCIAL DO MUNICIPIO DE MAUES,Adm Direta,RPPS
04283040000149,11067260000109,Fundo de Aposentadoria e Pensão dos Servidores Públicos do Município de Barreirinha,Autarquia,RPPS
04283578000153,04202596000163,INSTITUTO MUNICIPAL DE PENSAO E APOSENTADORIA DE NHAMUNDÁ,Autarquia,RPPS
04312369000190,04986163000146,Fundação Amazonprev - Fundo Previdenciário do Estado do Amazonas,Fundação Direito Público,RPPS
04365326000173,07637990000112,MANAUS PREVIDÊNCIA - MANAUSPREV,Autarquia,RPPS
04380507000179,63787204000134,INSTITUTO DE PREVIDÊNCIA DOS SERVIDORES DO MUNICÍPIO DE OURO PRETO DO OESTE,Autarquia,RPPS
04394805000118,63788426000171,INSTITUTO DE PREVIDENCIA SOCIAL DOS SERV. PUBLICOS DO MUNICIPIO DE ROLIM DE MOURA,Autarquia,RPPS
04465209000181,19777847000105,INSTITUTO DE PREVIDENCIA SOCIAL DOS SERVIDORES MUNICIPAIS DE HUMAITÁ-HUMAITAPREV,Autarquia,RPPS
04477568000159,21407460000109,FUNDO MUNICIPAL DE PREVIDENCIA SOCIAL DE BORBA,Autarquia,RPPS
04477782000105,05368632000126,Regime Proprio de Previdencia Social de Urucará,Adm Direta,RPPS
04530044000184,11952836000102,FUNDO MUNICIPAL DE PREVIDENCIA SOLCIAL - CARAUARIPREV,Adm Direta,RPPS
04530101000125,12993726000151,FUNDO MUNICIPAL DA PREVIDENCIA E ASSISTENCIA SOCIAL DO MUNICIPIO DE FONTE BOA-FUMPAS,Autarquia,RPPS
04530895000127,05285565000186,FUNDO DE APOSENTADORIA E PENSIONISTAS DO MUNICIPIO DE ENVIRA - FAPENV,Autarquia,RPPS
04628046000100,12141490000125,Fundo de Previdência Social do Municipio de Caapiranga,Autarquia,RPPS
04628111000106,14720662000140,Fundo Municipal de Previdencia de Beruri,Autarquia,RPPS
04628533000173,10571912000177,Instituto de Previdência de Iranduba - INPREVI,Autarquia,RPPS
04628681000198,05573777000169,Sistema de Previdência dos Servidores Públicos do Município de Presidente Figueiredo - SISPREV,Autarquia,RPPS
04629697000115,29989843000144,INSTITUTO DE PREVIDENCIA DE RIO PRETO DA EVA,Adm Direta,RPPS
04641551000195,12316919000178,FUNDO DE PREVIDENCIA SOCIAL DOS SERVIDORES PÚBLICOS DE MANAQUIRI,Adm Direta,RPPS
04695284000139,63761126000107,INSTITUTO DE PREVIDENCIA MUNICIPAL DE ESPIGÃO DO OESTE,Autarquia,RPPS
04838496000128,23042096000156,INSTITUTO DE PREVIDENCIA DO MUNICIPIO DE MONTE ALEGRE,Autarquia,RPPS
04876389000194,04316287000114,INSTITUTO DE PREVIDÊNCIA DO MUNICÍPIO DE BREVES,Autarquia,RPPS
04876413000195,01182108000105,Fundo de Previdência do Municipio de Oeiras do Pará - FUNPREV,Adm Direta,RPPS
04876447000180,07241142000190,IMPP,Autarquia,RPPS
04876710000130,04315925000182,Intituto de Previdência dos Servidores do Município de Curralinho,Autarquia,RPPS
04884482000140,34639609000127,INST DE AP E PENSÃO DOS SERVIDORES MUNICIPAIS DE CACHOEIRA DO ARARI,Autarquia,RPPS
04888830000158,00377194000149,INSTITUTO DE PREVIDENCIA MUNCIPAL DE SANTA CRUZ DO ARARI - IMPSCA,Autarquia,RPPS
05054861000176,05873910000100,INSTITUTO DE GESTAO PREVIDENCIARIA E PROTECAO SOCIAL DO ESTADO DO PARA (IGEPPS),Autarquia,RPPS
05055009000113,29331615000182,INSTITUTO DE PREVIDENCIA DOS SERVIDORES PUBLICOS DO MUNICIPIO DE BELEM,Autarquia,RPPS
05058441000168,83366013000106,INSTITUTO DE PREVIDÊNCIA DOS SERVIDORES DO MUNICÍPIO DE ANANINDEUA,Autarquia,RPPS
05059936000101,01834432000160,INSTITUTO DE PREVIDENCIA DO MUNICIPIO DE SANTO ANTONIO,Autarquia,RPPS
05105127000199,01510576000161,INSTITUTO DE PREVIDENCIA DO MUNICÍPIO DE ABAETETUBA,Autarquia,RPPS
05105143000181,09177715000199,FUNDO DE PREVIDENCIA MUNICIPAL,Adm Direta,RPPS
05105200000122,04867350000100,FUNDO DE PREVIDÊNCIA DE MUANÁ - FUNPREM,Autarquia,RPPS
05119854000105,04316337000163,INSTITUTO MUNICIPAL DE PREVIDENCIA DE AFUÁ- IMPA,Autarquia,RPPS
05121991000184,34823005000136,INSTITUTO DE PREVIDENCIA DO MUNICIPIO DE CASTANHAL,Autarquia,RPPS
05133863000150,83367003000195,Instituto de Previdência dos Servidores do Município de Soure,Autarquia,RPPS
05149091000145,63887939000130,INSTITUTO DE PREVIDÊNCIA DO MUNICÍPIO DE CAPANEMA,Autarquia,RPPS
05193057000178,00978716000168,Instituto de Previdência dos Servidores Públicos de Paragominas,Autarquia,RPPS
05251632000141,17818624000113,INSTITUTO DE PREVIDÊNCIA DOS DO MUNICIPIO DE TUCURUÍ,Autarquia,RPPS
05263116000137,01966769000121,INSTITUTO DE PREVIDENCIA SOCIAL DOS SERVIDORES PUBLICOS DO MUNICIPIO DE ALTAMIRA,Autarquia,RPPS
05281738000198,01873642000168,Instituto de Previdencia Social do Municipio de Coelho Neto,Autarquia,RPPS
05425871000170,05425871000170,INSTITUTO DE PREVIDEMCIA DO MUNICIPIO DE BAIAO,Autarquia,RPPS
05646807000110,05646807000110,MUNICIPIO DE VITORIA DO MEARIM,Adm Direta,RPPS
05648738000183,10753813000106,INSTITUTO MUNICIPAL DE APOSENTADORIA E PENSOES DE VARGEM GRANDE - IMAP,Autarquia,RPPS
05830872000109,05995768000166,Instituto de Previdencia dos Servidores Públicos do Municipio de Lábrea - LABREAPREV,Adm Direta,RPPS
05832977000199,09129041000157,IPRESA - INSTITUTO DE PREVIDÊNCIA SOCIAL DOS SERVIDORES DE SANTANA DO ARAGUAIA,Autarquia,RPPS
05853163000130,01420402000108,INSTITUTO DE PREVIDÊNCIA SOCIAL DOS SERVIDORES PÚBLICOS DO MUNICÍPIO DE MARABÁ - IPASEMAR,Autarquia,RPPS
05893631000109,16464981000168,INSTITUTO DE PREVIDÊNCIA SOCIAL DE GUARAJÁ-MIRIM,Autarquia,RPPS
05903125000145,34481804000171,Instituto de Previdência e Assistência Médica dos Servidores do Município de Porto Velho,Autarquia,RPPS
05943030000155,01645572000190,Regime de Previdência Social dos Servidores Públicos do Município de Boa Vista-PRESSEM,Outros,RPPS
05986427000124,23856647000115,Instituto de Previdência Municipal de Mazagão - Mazagãoprev,Autarquia,RPPS
05995766000177,03296347000111,MACAPA PREVIDENCIA - MACAPAPREV,Fundação Direito Público,RPPS
06002372000133,74103110000115,INSTITUTO MUNICIPAL DE APOSENTADORIA E PENSOES DE ANAJATUBA,Autarquia,RPPS
06003636000173,04946294000108,Instituto de Previdência Municipal de Paço do Lumiar - PREVPAÇO,Autarquia,RPPS
06019491000107,01743768000118,Instituto de Previdência Municipal de São Mateus do Maranhão,Autarquia,RPPS
06082820000156,00884245000129,INSTITUTO DE PREVIDÊNCIA DOS SERVIDORES PÚBLICOS MUNICIPAIS DE CAXIAS,Autarquia,RPPS
06096853000155,06096853000155,FUNDO DE PREVIDENCIA SOCIAL DO MUNICIPIO DE ALDEIAS ALTAS,Adm Direta,RPPS
06115117000105,12729859000115,INSTITUTO DE PREVIDÊNCIA DOS SERVIDORES MUNICIPAIS DE PARNARAMA,Autarquia,RPPS
06115307000114,97421762000101,INSTITUTO DE PREVIDENCIA SOCIAL DOS SERVIDORES PUBLICOS MUNICIPAIS DE TIMON - IPMT,Autarquia,RPPS
06116461000100,07929135000185,Instituto de Previdência de Anapurus,Autarquia,RPPS
06117709000158,86792660000178,INSTITUTO DE PREVIDËNCIA DE CHAPADINHA - IPC,Autarquia,RPPS
06119945000103,02500138000185,INSTITUTO DE PREVIDENCIA E APOSENTADORIA DE MATA ROMA,Autarquia,RPPS
06124739000191,19165544000131,FUNDO DE PREVIDENCIA DOS SERVIDORES PUBLICOS MUNICIPAIS DE PRESIDENTE VARGAS,Adm Direta,RPPS
06156160000100,03338185000137,Instituto de Aposentadorias e Pensões do Municipio de Cantanhede,Autarquia,RPPS
06157846000116,06157846000116,MUNICIPIO DE AMARANTE DO MARANHAO,Adm Direta,RPPS
06184253000149,00393005000121,INSTITUTO MUNICIPAL DE PREVIDENCIA DE PEDREIRAS,Autarquia,RPPS
06189344000177,05164015000109,INSTITUTO DE PREVIDENCIA DOS SERVIDORES PUBLICOS DO MUNICIPIO DE PINDARE MlRlM,Autarquia,RPPS
06190243000116,22331738000174,REGIME PROPRIO DE PREVIDENCIA SOCIAL DO MUNICIPIO DE MONCAO - RPPSMM,Autarquia,RPPS
06191001000147,12115933000103,INTITUTO DE PREVIDÊNCIA SOCIAL DOS SERVIDORES DE SANTA LUZIA - IPRESAL,Autarquia,RPPS
06208946000124,10440043000141,FUNDO DE APOSENTADORIA PENSÃO E ASSISTENCIA DE PORTO FRANCO-MA,Fundação Direito Público,RPPS
06217954000137,15191203000180,FUNDO MUNICIPAL DE PREVIDÊNCIA SOCIAL DE BARREIRINHAS,Adm Direta,RPPS
06229975000172,06216559000130,Instituto de Previdencia Social do Municipio de Bom Jardim,Autarquia,RPPS
06307102000130,06040398000176,INSTITUTO DE PREVIDÊNCIA E ASSISTÊNCIA DO MUNICÍPIO DE SÃO LUIS,Autarquia,RPPS
06314439000175,13326131000105,FUNDO DE APOSENTADORIA E PENSÕES DOS SERVIDORES MUNICIPAIS DE DUQUE BACELAR,Adm Direta,RPPS
06323208000128,15159810000162,Fundo de Aposentadorias e Pensões do Municipio de Igarapé Grande - FAPSMIG,Autarquia,RPPS
06331110000112,04883006000105,FUNDO DE PREVIDÊNCIA DOS SERVIDORES PÚBLICOS MUNICIPAIS DE COROATÁ,Adm Direta,RPPS
06351514000178,20412249000111,Instituto de Previdencia de São José de Ribamar,Autarquia,RPPS
06354468000160,29127690000126,INSTITUTO DE PREVIDÊNCIA DOS SERVIDORES DO ESTADO DO MA-IPREV,Autarquia,RPPS
06424618000165,00612647000174,Instituto do Município de Timbiras -MA,Autarquia,RPPS
06447833000181,31436204000101,INSTITUTO DE PREVIDÊNCIA DOS SERVIDORES PÚBLICOS MUNICIPAIS DE PIO XII,Autarquia,RPPS
06460018000152,14954965000128,INSTITUTO DE PREVIDÊNCIA E ASSISTENCIA MUNICIPAL DE SÃO LUIS GONZAGA,Autarquia,RPPS
06469837000160,27114060000191,FUNDO MUNICIPAL DE PREVIDÊNCIA DE CAJARI - CAJARIPREV,Adm Direta,RPPS
06553481000149,26895877000181,FUNDAÇÃO PIAUÍ PREVIDÊNCIA,Autarquia,RPPS
06553606000130,08598892000186,INSTITUTO DE BENEFICIO E ASSISTÊNCIA AOS SERVIDORES MUNICIPAIS DE UNIÃO (PREVI UNIÃO),Autarquia,RPPS
06553655000173,20065057000186,FUNDO PREVIDENCIÁRIO DO MUNICÍPIO DE SÃO JOÃO DO PIAUI-PI,Adm Direta,RPPS
06553713000169,11517470000143,Fundo Previdenciário do Município de Francisco Santos,Adm Direta,RPPS
06553721000105,07809423000104,FUNDO DE PREVIDENCIA DO MUNICIPIO DE FRONTEIRAS,Autarquia,RPPS
06553754000155,06180797000132,INSTITUTO DE PREVIDENCIA E ASSISTENCIA DOS SERVIDORES DO MUNICIPIO DE ITAINOPOLIS,Autarquia,RPPS
06553762000100,05654619000133,FUNDO PREVIDENCIÁRIO DO MUNICIPIO DE JAICÓS - PI,Adm Direta,RPPS
06553788000140,28850718000196,FUNDO PREVIDENCIARIO DO MUNICIPIO DE PADRE MARCOS,Autarquia,RPPS
06553796000196,09059435000186,FUNDO PREVIDENCIÁRIO DO MUNICIPIO DE PAULISTANA,Adm Direta,RPPS
06553804000102,08002970000138,FUNDO DE PREVIDÊNCIA DO MUNICIPIO DE PICOS-PI,Adm Direta,RPPS
06553846000135,02047311000131,FUNDO MUNICIPAL DE SEGURIDADE SOCIAL,Adm Direta,RPPS
06553861000183,14732391000143,INSTITUTO DE PREVIDÊNCIA DO MUNICÍPIO DE PIRIPIRI,Autarquia,RPPS
06553879000185,06104166000134,FUNDO PREVIDENCIARIO DO MUNICIPIO DE CAPITAO DE CAMPOS,Adm Direta,RPPS
06553929000124,15237479000151,Fundo Previdenciario do Municipio de Pedro II,Autarquia,RPPS
06553994000150,25316695000146,Instituto de Previdência do Município de São Francisco do Piauí – IPMSF,Autarquia,RPPS
06554018000111,07824555000105,FUNDO PREVIDENCIÁRIO DO MUNICÍPIO DE ANTÔNIO ALMEIDA,Adm Direta,RPPS
06554034000104,19748566000124,INSTITUTO DE PREVIDÊNCIA DO MUNICÍPIO DE BERTOLÍNIA - PI,Autarquia,RPPS
06554059000108,21671196000116,FUNDO PREVIDENCIARIO DO MUNICIPIO DE ELISEU MARTINS,Adm Direta,RPPS
06554067000154,06129081000100,FUNDO PREVIDENCIARIO MUNICIPIO DE FLORIANO,Adm Direta,RPPS
06554117000101,19431374000190,FUNDO PREVIDENCIÁRIO DO MUNICÍPIO DE LANDRI SALES-PI,Adm Direta,RPPS
06554174000182,08273717000119,FUNDO DE PREVIDÊNCIA DO MUNICÍPIO DE ESPERANTINA-PI,Adm Direta,RPPS
06554182000129,34635921000142,FUNDO DE PREVIDÊNCIA DOS SERVIDORES PÚBLICOS MUNICIPAIS DE MATIAS OLÍMPIO,Adm Direta,RPPS
06554208000139,19544610000184,FUNDO DE PREVIDÊNCIA DO MUNICÍPIO DE JOAQUIM PIRES,Adm Direta,RPPS
06554257000171,11580245000151,FUNDO PREVIDENCIÁRIO DO MUNICÍPIO DE CORRENTE-PI,Adm Direta,RPPS
06554299000102,13847532000100,FUNDO PREVIDENCIARIO DO MUNICIPIO DE CRISTALÂNDIA DO PIAUÍ,Adm Direta,RPPS
06554315000167,31556375000166,FUNDO DE PREVIDENCIA DOS SERVIDORES PUBLICOS MUNICIPAIS DE CASTELO DO PIAUI,Adm Direta,RPPS
06554356000153,11026106000180,FUNDO DE PREVIDÊNCIA DO MUNICIPIO DE BOM JESUS-PI,Adm Direta,RPPS
06554380000192,24646117000105,FUNDO PREVIDENCIARIO DO MUNICIPIO DE REDENÇÃO DO GURGUEIA,Adm Direta,RPPS
06554430000131,12941961000180,INSTITUTO DE PREVIDÊNCIA DO MUNICIPIO DE PARNAÍBA-IPMP,Autarquia,RPPS
06554448000133,06191371000184,FUNDO DE PREVIDÊNCIA DO MUNICIPIO DE LUÍS CORREIA-PI,Adm Direta,RPPS
06554455000135,19206494000193,FUNDO PREVIDENCIÁRIO DO MUNICIPIO DE BURITI DOS LOPES,Adm Direta,RPPS
06554737000132,27651325000190,FUNDO PREVIDENCIARIO DO MUNICIPIO DE VALENÇA DO PIAUÍ,Adm Direta,RPPS
06554745000189,06126678000100,FUNDO PREVIDENCIÁRIO DO MUNICÍPIO DE BARRO DURO,Autarquia,RPPS
06554752000180,08575002000110,FUNDO PREVIDENCIARIO DO MUNICIPIO DE ANGICAL DO PIAUÍ,Adm Direta,RPPS
06554760000127,07667361000135,FUNDO PREVIDENCIÁRIO DO MUNICÍPIO DE ÁGUA BRANCA-PI,Adm Direta,RPPS
06554786000175,05656019000104,FUNDO DE PREVIDÊNCIA DO MUNICIPIO DE JOSÉ DE FREITAS - PI,Adm Direta,RPPS
06554794000111,14913154000189,INSTITUTO DE PREVIDENCIA DOS SERVIDORES DO MUNICIPIO DE ALTOS,Autarquia,RPPS
06554828000178,19364870000178,FUNDO PREVIDENCIÁRIO DO MUNICÍPIO DE SÃO GONÇALO DO PIAUÍ,Adm Direta,RPPS
06554836000114,17548604000170,FUNDO PREVIDENCIÁRIO DO MUNICÍPIO DE NOVO ORIENTE DO PIAUÍ,Adm Direta,RPPS
06554869000164,41256744000159,INSTITUTO DE PREVIDÊNCIA DOS SERVIDORES DO MUNICÍPIO DE TERESINA- IPMT,Autarquia,RPPS
06554885000157,23598088000190,FUNDO PREVIDENCIÁRIO DO MUNICIPIO DE DEMERVAL LOBÃO PI,Adm Direta,RPPS
06554893000101,20251792000184,FUNDO PREVIDENCIARIO DO MUNICIPIO DE PIMENTEIRAS-PI,Adm Direta,RPPS
06554927000150,22635344000100,FUNDO PREVIDENCIÁRIO DO MUNICÍPIO DE HUGO NAPOLEÃO/PI,Adm Direta,RPPS
06554943000142,06023593000198,FUNDO PREVIDENCIÁRIO DO MUNICIPIO DE REGENERAÇÃO,Adm Direta,RPPS
06554976000192,19168560000188,FUNDO PREVIDENCIÁRIO DO MUNICÍPIO DE AGRICOLÂNDIA-PI,Adm Direta,RPPS
06554984000139,22681736000105,FUNDO PREVIDENCIARIO DO MUNICIPIO DE AROAZES,Adm Direta,RPPS
06582449000191,01077820100017,FUNDO MUNICIPAL DE SEGURIDADE SOCIAL,Autarquia,RPPS
06716880000183,13851048000155,Fundo Previdenciário do Município de Campo Maior - Campo Maior Prev,Adm Direta,RPPS
06738132000100,18649465000133,Regime Próprio de Previdência Social do Municipio de Caririaçu - PrevCar,Adm Direta,RPPS
07000268000172,11569190000189,Instituto de Previdência Social dos Servidores do Município de Açailândia - IPSEMA,Autarquia,RPPS
07063589000116,04418053000188,Fundo Municipal de Seguridade Social - FMSS,Adm Direta,RPPS
07209245000172,08226022000186,FUNDO MUNICIPAL DE PREVIÊNCIA SOCIAL DOS SERVIDORES DE IPIRANGA DO NORTE,Autarquia,RPPS
07384407000109,22716084000105,Instituto de Previdência do Municipio de Pacajus,Autarquia,RPPS
07387343000108,41981116000136,Fundo de Previdência de Baturité,Fundação Direito Público,Extinção RPPS
07387392000132,11128780000176,INSTITUTO DE PREVIDENCIA DOS SERVIDORES PUBLICOS DO MUNICIPIO DE ARACOIABA - IPMA,Autarquia,RPPS
07387509000188,14399576000188,FUNDO DE PREVIDENCIA SOCIAL DO MUNICIPIO DE ITAPIUNA -FPS,Autarquia,RPPS
07438591000122,13677704000145,FUNDO DE PREVIDÊNCIA DO MUNICÍPIO DE GENERAL SAMPAIO - GSPREV,Autarquia,RPPS
07488679000159,14579044000122,Fundo Municipal de Previdência Social dos Servidores do Municipio Palhano,Fundação Direito Público,RPPS
07528292000189,72519622000131,CAIXA DE APOSENTADORIA E PENSÃO DOS SERVIDORES MUNICIPAIS DE BEBERIBE,Autarquia,RPPS
07533656000119,15293523000140,INSTITUTO DE PREVIDÊNCIA DOS SERVIDORES PÚBLICOS MUNICIPAIS DE SÃO GONÇALO DO AMARANTE,Autarquia,RPPS
07535446000160,07535446000160,FUNDO MUNICIPAL DE SEGURIDADE SOCIAL DE RUSSAS,Fundação Direito Público,RPPS
07536444000195,11756646000110,FUNDO MUNICIPAL DE PREVIDÊNCIA SOCIAL DOS SERVIDORES DE NOVA OLINDA,Fundação Direito Público,RPPS
07539984000122,11669939000160,Instituto de Previdência Municipal de Araripe-IPREMA,Autarquia,RPPS
07551179000114,18716406000130,Fundo Municipal de Seguridade Social,Autarquia,RPPS
07568231000145,29083379000122,Instituto de Previdência Municipal de Aiuaba,Adm Direta,RPPS
07587975000107,12903772000112,Fundo de Previdencia Social dos Servidores de Crato,Autarquia,RPPS
07589369000120,11598569000117,INSTITUTO DE PREVIDÊNCIA DOS SERVIDORES PÚBLICOS MUNICIPAIS - CAPREV,Autarquia,RPPS
07597347000102,19653704000191,Fundo de Previdência Social dos Servidores de Santana do Cariri,Autarquia,RPPS
07605850000162,17943447000105,INSTITUTO DE PREVIDENCIA DO MUNICIPIO DE MARACANAU - IPM-MARACANAU,Autarquia,RPPS
07606478000109,19649354000190,INSTITUTO DE PREVIDENCIA DE GUARAMIRANGA,Autarquia,RPPS
07615750000117,35050699000189,JPREV - INSTITUTO DE PREVIDENCIA DOS SERVIDORES MUNICIPAIS DE JAGUARUANA,Autarquia,RPPS
07616162000106,05309627000142,INSTITUTO DE PREVIDENCIA DO MUNICIPIO DE CAUCAIA - IPMC,Autarquia,RPPS
07623051000119,27744525000198,INSTITUTO MUNICIPAL DE PREVIDÊNCIA -SLCPREV,Autarquia,Extinção RPPS
07623077000167,10575544000135,INSTITUTO DE PREVIDENCIA DOS SERVIDORES MUNICIPAIS DE ITAPIPOCA - ITAPREV,Autarquia,RPPS
07655277000100,21949560000167,Fundo de Previdência Municipal de Milagres,Autarquia,RPPS
07663917000115,09532126000181,INSTITUTO DE PREVIDENCIA DOS SERVIDORES DO MUNICIPIO DE CRUZ,Autarquia,Extinção RPPS
07663941000154,37494965000198,FUNDO DE ASSISTENCIA E PREVIDENCIA DOS FUNCIONARIOS PUBLICOS DO MUNICIPIO DE ITAREMA,Autarquia,RPPS
07679723000108,11446019000182,INSTITUTO DE PREVIDENCIA DO MUNICIPIO IPU,Autarquia,RPPS
07680846000169,11582029000145,Fundo Municipal de Seguridade Social,Adm Direta,RPPS
07683188000169,11732069000126,INSTITUTO DE PREVIDENCIA MUNICIPAL DE IRAUCUBA - IRAUCUBA PREV,Autarquia,RPPS
07683956000184,63393938000139,CAIXA DE APOSENTADORIA E PENSÃO DOS SERVIDORES MUNICIPAIS DE ITAPAJÉ,Autarquia,RPPS
07684756000146,10621907000121,FUNDO MUNICIPAL DE SEGURIDADE SOCIAL- FMSS,Fundação Direito Público,RPPS
07707094000182,15392592000101,FUNDO DE PREVIDENCIA SOCIAL DO MUNICIPIO DE CARIDADE,Outros,RPPS
07711666000105,10297390000167,Fundo Municipal de Previdencia Social de Palmácia,Autarquia,RPPS
07725138000105,07879030000169,INSTITUTO DE PREVIDENCIA DOS SERVIDORES PUBLICOS DO MUNICIPIO DE SANTA QUITERIA - IPESQ,Autarquia,RPPS
07733256000157,14492902000105,Instituto de Previdência dos Servidores Públicos Municipais de Solonópole - PREVSOL,Adm Direta,RPPS
07744303000168,10516417000165,INSTITUTO DE PREVIDÊNCIA DOS SERVIDORES DO MUNICIPIO DE QUIXERAMOBIM (QUIPREV),Autarquia,RPPS
07756646000142,12134535000134,Fundo de Previdência Social do Município de Redenção,Autarquia,RPPS
07782840000100,07796398000163,IPREMN - Instituto de Previdência dos Servidores Municipais de Morada Nova,Autarquia,RPPS
07847379000119,11289616000140,INSTITUTO DE PREVIDENCIA DO MUNICIPIO DE ACOPIARA,Autarquia,RPPS
07849532000147,19217838000160,INSTITUTO DE PREVIDENCIA DO MUNICÍPIO DE TAUÁ,Autarquia,RPPS
07891666000126,09147189000114,Instituto de Previdência e Assistência dos Servidores de Alto Santo - IPASA,Autarquia,Extinção RPPS
07910755000172,03036297000133,INSTITUTO DE PREVIDÊNCIA DO MUNICÍPIO DE PACOTI,Autarquia,RPPS
07954480000179,35853012000143,FUNDAÇÃO DE PREVIDÊNCIA DO ESTADO DO CEARÁ - CEARAPREV,Fundação Direito Público,RPPS
07954605000160,07354939000101,INSTITUTO DE PREVIDÊNCIA DO MUNICIPIO DE FORTALEZA,Autarquia,RPPS
07963051000168,41574427000180,INSTITUTO DE PREVIDÊNCIA DO MUNICÍPIO DE MARANGUAPE,Autarquia,RPPS
07963259000187,04787779000198,INSTITUTO DE PREVIDÊNCIA DO MUNICÍPIO DE CANINDE,Autarquia,RPPS
07963515000136,02660552000151,INSTITUTO DE PREVIDENCIA DO MUNICIPIO DE BOA VIAGEM,Autarquia,RPPS
07963861000114,10780738000172,INSTITUTO DE PREVIDENCIA DOS SERVIDORES PUBLICOS MUNICIPAIS DE PACATUBA/CE - IPMP/PACATUBAPREV,Autarquia,RPPS
07974082000114,08919882000103,FUNDO MUNICIPAL DE PREVIDÊNCIA SOCIAL DOS SERVIDORES DE JUAZEIRO DO NORTE,Fundação Direito Público,RPPS
08002404000126,28161852000180,Fundo de Previdência do Município de Bom Jesus,Adm Direta,RPPS
08004061000139,19897478000194,Instituto de Previdência Municipal de Ceará – Mirim,Autarquia,RPPS
08078412000156,18872844000198,Instituto de Previdência Social do Município de Serra Caiada,Autarquia,RPPS
08079402000135,11447510000128,Instituto de Previdência de São Gonçalo do Amarante,Autarquia,RPPS
08079774000161,21023657000144,Instituto Previdenciário do Município de São Paulo do Potengi - IPREVSAPP,Autarquia,RPPS
08080210000149,16903865000106,Instituto de Previdência dos Servidores Municipais de São Tomé,Autarquia,RPPS
08086662000138,35001011000170,INSTITUTO DE PREVIDÊNCIA DO MUNICÍPIO DE JARDIM DO SERIDÓ,Autarquia,RPPS
08095283000104,25344040000181,INSTITUTO DE PREVIDÊNCIA DE JUCURUTU - PREVI,Autarquia,RPPS
08095473000121,19598909000111,INSTITUTO DE PREVIDÊNCIA DO MUNICÍPIO DE OURO BRANCO RN,Autarquia,RPPS
08096083000176,20480373000114,INSTITUTO DE PREVIDÊNCIA DO MUNICÍPIO DE SÃO JOSÉ DO SERIDÓ-IPREVSJS,Autarquia,RPPS
08106510000150,18870251000192,Instituto de Previdência do Município de Cruzeta,Autarquia,RPPS
08113466000105,17603261000107,PREV LAJES,Autarquia,RPPS
08142655000106,18554076000124,INSTITUTO DE PREVIDÊNCIA DOS SERVIDORES MUNICIPAIS DE BOA SAÚDE,Autarquia,RPPS
08144982000105,18920743000145,FUNDO DE PREVIDENCIA SOCIAL DO MUNICIPIO DE PASSA E FICA,Autarquia,RPPS
08148462000162,07251389000197,INSTITUTO DE PREVIDENCIA DO MUNICÍPIO DE ALEXANDRIA,Autarquia,RPPS
08148553000106,15415537000190,REGIME PRÓPRIO DE PREVIDÊNCIA SOCIAL DO MUNICIPIO DE ITAÚ-RPPS,Adm Direta,RPPS
08153819000109,15162856000130,FUNDO DE PREVIDENCIA DO MUNICIPIO DE RODOLFO FERNANDES,Autarquia,RPPS
08159089000145,20913529000103,FUNDO DE PREVIDENCIA DE TANGARA,Autarquia,RPPS
08159394000137,20465699000172,INSTITUTO DE PREVIDÊNCIA SOCIAL DO MUNICÍPIO DE LAJES PINTADAS,Autarquia,RPPS
08162687000173,19649853000187,INSTITUTO DE PREVIDENCIA SOCIAL DO MUNICIPIO DE GOIANINHA - IPREVGOIANINHA,Autarquia,RPPS
08184434000109,11549099000100,FUNDO DE SEGURIDADE SOCIAL DE MACAU,Adm Direta,RPPS
08204497000171,30599346000119,Instituto de Previdência dos Servidores Públicos Municipais de Extremoz,Autarquia,RPPS
08234148000100,15401357000159,INSTITUTO DE PREVIDÊNCIA DOS SERVIDORES DO MUNICÍPIO DE MACAÍBA,Autarquia,RPPS
08241739000105,08242034000102,Instituto de Previdência dos Servidores do Estado do Rio Grande do Norte - IPERN,Autarquia,RPPS
08241747000143,08341026000105,INSTITUTO DE PREVIDENCIA SOCIAL DOS SERVIDORES DO MUNICIPIO DE NATAL,Autarquia,RPPS
08260663000157,08329025000145,Fundo Previdenciário do Município de Camaragibe - FUNPRECAM,Adm Direta,RPPS
08308470000129,19691803000168,INSTITUTO DE PREVIDÊNCIA DOS SERVIDORES MUNICIPAIS DE SÃO VICENTE,Autarquia,RPPS
08348971000139,14801428000148,Instituto Municipal de Previdência Social dos Servidores de Mossoró,Autarquia,RPPS
08349029000195,18937780000166,INSTITUTO DE PREVIDÊNCIA SOCIAL DOS SERVIDORES MUNICIPAIS,Autarquia,RPPS
08349060000126,22242799000165,MESSIASPREV,Autarquia,RPPS
08349078000128,17683394000122,Fundo de Previdência Social do Município de Patu/RN - PREVIPATU,Autarquia,RPPS
08349086000174,16550846000135,Fundo de Previdencia e assitencia Social - FGPREV,Adm Direta,Extinção RPPS
08355463000188,20632876000168,INSTITUTO DE PREVIDÊNCIA DOS SERVIDORES PÚBLICOS DO MUNICÍPIO DE SÃO MIGUEL,Autarquia,RPPS
08355471000124,14839024000143,INSTITUTO DE PREVIDÊNCIA DO MUNICÍPIO DE CORONEL JOÃO PESSOA,Autarquia,RPPS
08355489000126,11191932000185,Fundo de Previdência Social dos Servidores Públicos do Município de Doutor Severiano,Outros,RPPS
08355760000123,35939161000120,INSTITUTO DE PREVIDÊNCIA DO MUNICÍPIO DE ENCANTO,Autarquia,RPPS
08357667000158,19940565000187,INSTITUTO DE PREVIDENCIA DOS SERVIDORES DE TENENTE ANANIAS,Autarquia,RPPS
08358053000190,19666804000152,Instituto de Previdência Social do Município de Portalegre/RN - IPrev,Autarquia,RPPS
08358723000179,26915492000139,FUNDO DE PREVIDÊNCIA SOCIAL DO MUNICÍPIO DE CAMPO REDONDO,Autarquia,RPPS
08362915000159,23083192000142,FUNDO DE PREVIDÊNCIA DE VERA CRUZ,Autarquia,RPPS
08364655000150,18008343000168,Instituto de Previdência dos Servidores Municipais de Riachuelo,Autarquia,RPPS
08365900000144,20270215000130,FUNDO DE PREVIDÊNCIA DE MONTE ALEGRE,Autarquia,RPPS
08439549000199,13401333000174,INSTITUTO DE PREVIDENCIA APOSENTADORIA E PENSOES DOS SERVIDORES DE CRAIBAS,Autarquia,RPPS
08449571000110,22532629000115,FUNDO DE PREVIDÊNCIA DE SENADOR ELÓI DE SOUZA,Autarquia,RPPS
08629446000191,04457150000180,INSTITUTO MUNICIPAL DE PREVIDENCIA - IMP,Autarquia,RPPS
08637399000128,06017837000120,Instituto de Previdência dos Servidores Municipais de Itapissuma,Autarquia,RPPS
08700684000146,02345672000164,Instituto de Previdência de Alagoa Nova,Autarquia,RPPS
08732174000150,70098934000193,INSTITUTO MUNICIPAL DE PREVIDÊNCIA DOS SERVIDORES DE CUITÉ,Autarquia,RPPS
08737785000191,03703229000180,Instituto de Previdência Social dos Servidores Públicos do Município de Frei Martinho - IPAM,Autarquia,RPPS
08739351000120,15032962000108,INSTITUTO DE PREVIDÊNCIA DO MUNICÍPIO DE MONTADAS,Autarquia,RPPS
08739930000173,02512102000111,INSTITUTO DE PREVIDÊNCIA DOS SERVIDORES DE NOVA PALMEIRA - IPSENP,Autarquia,RPPS
08740466000135,08740466000135,INSTITUTO DE PREVIDENCIA DOS SERV MUNICIPAIS DE PEDRA LAVRADA,Autarquia,RPPS
08741399000173,00853469000173,INSTITUTO DE PREVIDENCIA SOCIAL DOS SERVIDORES DA PREFEITURA DE PICUÍ,Autarquia,RPPS
08742264000122,07434768000112,INSTITUTO DE PREVIDÊNCIA DO MUNICÍPIO DE QUEIMADAS,Autarquia,RPPS
08742439000100,41210170000188,Instituto de Previdência dos Servidores Municipais de São Sebastião de Lagoa de Roça PB,Autarquia,RPPS
08749525000136,11793009000113,INSTITUTO DE PREVIDÊNCIA DO MUNICÍPIO DE TAPEROÁ - IPMT,Autarquia,RPPS
08761124000100,06121067000160,PBPREV - Paraíba Previdência,Autarquia,RPPS
08764284000102,02575346000143,INSTITUTO DE PREVIDENCIA E ASSISTÊNCIA MUNICIPAL,Autarquia,RPPS
08767154000115,08891666000199,BREJO DO CRUZ PREVIDÊNCIA,Autarquia,RPPS
08778318000100,03474832000138,Instituto de Previdência do Municipio de Alhandra,Autarquia,RPPS
08778326000156,40955403000109,IPM INSTITUTO DE PREVIDENCIA DO MUNICIPIO DE JOAO PESSOA,Autarquia,RPPS
08778755000123,04691419000198,Instituto Municipal de Previdência de Arara - IMPA,Adm Direta,RPPS
08781791000146,01966584000117,Instituto de Previdência Municipal de Cuitegi,Autarquia,RPPS
08782146000148,70134374000185,Instituto Municipal de Previdencia dos Servidores Publicos - IMPRESP,Autarquia,RPPS
08785479000120,04887257000168,Instituto de Assistência e Previdência Municipal - IAPM,Autarquia,RPPS
08786626000187,03318829000125,INSTITUTO DE PREVIDENCIA E ASSISTENCIA DO MUNICIPIO DE PILOES,Autarquia,RPPS
08788903000190,00602213000193,INSTITUTO DE PREVIDÊNCIA MUNICIPAL DE PILÕEZINHOS,Autarquia,RPPS
08789299000117,05074663000174,INSTITUTO DE PREVIDÊNCIA MUNICIPAL DE PIRPIRITUBA,Autarquia,RPPS
08809071000141,07617264000138,INSTITUTO DE PREVIDENCIA E ASSISTENCIA SOCIAL MUNICIPAL,Autarquia,RPPS
08865644000154,04153496000194,INSTITUTO DE PREVIDENCIA SOCIAL DOS SERVIDORES MUNICIPAIS DE CAAPORA,Autarquia,RPPS
08874695000142,70098884000144,INSTITUTO DE PREVIDENCIA MUNICIPAL DE SERRA BRANCA-IPSERB,Autarquia,RPPS
08874935000109,04809903000179,Instituto de Previdência do Município de Sumé,Autarquia,RPPS
08888950000106,24228736000180,Instituto de Previdência dos Servidores Municipais de Juru Paraiba,Autarquia,RPPS
08888968000108,04480043000172,INSTITUTO DE PREVIDENCIA DOS SERVIDORES MUNICIPAIS DE PRINCESA ISABEL,Autarquia,RPPS
08916645000180,41217035000164,CONDREPREV,Autarquia,RPPS
08917080000156,05489626000127,FUNDO DE APOSENTADORIA E PENSÕES DOS SERVIDORES PÚBLICOS DO MUNICIPIO DE SAPÉ,Autarquia,RPPS
08917106000166,14707036000114,AUTARQUIA MUNICIPAL MARIPREV,Autarquia,RPPS
08919425000100,10732530000188,INSTITUTO DE PREVIDENCIA DOS SERVIDORES MUNICIPAIS DE SOLEDADE,Autarquia,RPPS
08920126000196,03936114000136,INSTIUTO DE PREVIDENCIA DE BELÉM DO BREJO DO CRUZ,Autarquia,RPPS
08923971000115,12724464000120,INSTITUTO DE PREVIDÊNCIA E ASSISTÊNCIA MUNICIPAL DO MUNICÍPIO DE CAJAZEIRAS,Autarquia,RPPS
08923989000117,12724605000104,INSTITUTO DE PREVIDENCIA E ASSISTENCIA SOCIAL DE BOM JESUS - IPASB,Autarquia,RPPS
08923997000163,12724811000114,Instituto Cachoeirense de Previdencia Municipal - ICPM,Adm Direta,RPPS
08924037000118,02739758000171,INSTITUTO DE PREVIDENICIA DOS SERVIDORES MUNICIPAIS BONITENSE - IPASB,Autarquia,RPPS
08924581000160,08608937000156,Instituto de Previdência e Assistência dos Servidores Públicos do Município de Bayeux - IPAM,Autarquia,RPPS
08924813000180,08924813000180,INSTITUTO DE PREVIDENCIA MUNICIPAL DE LUCENA,Autarquia,RPPS
08925968000130,11232760000140,INSTITUTO DE PREVIDÊNCIA MUNICIPAL DE DESTERRO,Autarquia,RPPS
08926263000138,08926263000138,INSTITUTO DE PREVIDENCIA DO MUNICIPIO DE ALAGOINHA PB,Fundação Direito Público,RPPS
08927915000159,02585539000185,INSTITUTO BANANEIRENSE DE PREVIDENCIA DO MUNICIPIO - IBPEM,Autarquia,RPPS
08928517000157,05065089000198,Instituto de Previdência dos Servidores do Município de Belém PB,Autarquia,RPPS
08942229000157,04911865000160,INSTITUTO DE PREVIDENCIA DO MUNICIPIO DE DIAMANTE - IPMD,Autarquia,RPPS
08945727000153,02670493000100,INSTITUTO DE PREVIDENCIA DE PAULISTA,Autarquia,RPPS
08947699000103,02311633000146,INSTITUTO DE PREVIDÊNCIA E ASSISTÊNCIA DO MUNICÍPIO DE JACARAÚ,Autarquia,RPPS
08993909000108,08683333000174,Fundo de Previdência Social dos Servidores do Município de Esperança,Adm Direta,RPPS
08993917000146,41134826000120,Instituto de Previdência Social dos Servidores Municipais de Campina Grande - IPSEM,Autarquia,RPPS
08993925000192,09494536000185,FUNDO DE APOSENTADORIA E PENSÃO DO MUNICIPIO DE BARRA DE SANTA ROSA - FAPEN,Autarquia,RPPS
08996886000187,11445922000129,INSTITUTO PREVIDENCIÁRIO DO MUNICÍPIO DE JUAZEIRINHO,Autarquia,RPPS
08997611000168,41137753000120,Instituto de Previdência Social dos Servidores Municipais de Lagoa Seca,Autarquia,RPPS
08999682000108,02906130000113,INSTITUTO DE PREVIDENCIA DOS SERVIDORES PUBLICOS DO MUNICIPIO DE SAO JOSE DA LAGOA TAPADA,Autarquia,RPPS
08999690000146,00534567000148,INSTITUTO DE PREVIDÊNCIA MUNICIPAL DE SANTA CRUZ,Autarquia,RPPS
08999708000100,12724621000105,INSTITUTO DE PREVIDENCIA DOS SERVIDORES MUNICIPAIS,Autarquia,RPPS
09012493000154,41216755000105,Instituto de Previdência dos Servidores Municipais de Cabedelo,Autarquia,RPPS
09048976000109,70097811000138,INSTITUTO DE PREVIDÊNCIA DOS SERVIDORES DO MUNICIPIO DE REMÍGIO - IPSER,Autarquia,RPPS
09069709000118,05216802000157,Instituto Municipal de Previdência de São Bento,Autarquia,RPPS
09072455000197,05508993000120,INSTITUTO DE PREVIDENCIA MUNICIPAL DE PEDRAS DE FOGO - IPAM,Autarquia,RPPS
09084815000170,03391291000184,Instituto de Seguridade Social do Municipio de Patos - PB,Autarquia,RPPS
09090689000167,02390313000129,Instituto de Previdência Social de Santa Luzia,Autarquia,RPPS
09145368000112,11459820000162,Instituto de Previdência dos Servidores Municipais de Água Branca - PB,Autarquia,RPPS
09159666000161,08608754000130,INSTITUTO DE PREVIDÊNCIA DO MUNICÍPIO DE SANTA RITA - IPREVSR,Autarquia,RPPS
09680315000100,05736752000139,INSTITUTO DE PREVIDENCIA DOS SERVIDORES PUBLICOS DO MUNCIPIO DA ILHA DE ITAMARACA,Autarquia,RPPS
10091494000110,19065011000188,REGIME PRÓPRIO DE PREVIDÊNCIA SOCIAL DO MUNICÍPIO DE AGRESTINA,Autarquia,RPPS
10091502000129,05856751000128,AUTARQUIA MUNICIPAL DE PREVIDENCIA SOCIAL DE ALTINHO,Autarquia,RPPS
10091510000175,04272224000103,IPREBE - INSTITUTO DE PREVIDENCIA MUNICIPAL DOS BEZERROS,Autarquia,RPPS
10091528000177,06894071000161,Instituto de Previdência dos Servidores do Municipio de Brejo da Madre de Deus,Autarquia,RPPS
10091536000113,08861577000108,INSTITUTO DE PREVIDÊNCIA DOS SERVIDORES MUNICIPAIS DE CARUARU - CARUARUPREV,Autarquia,RPPS
10091544000160,07184109000175,INSTITUTO DE PREVIDENCIA DOS SERVIDORES MUNICIPAIS DE JATAUBA,Autarquia,RPPS
10091551000161,05465696000145,RIACHO PREVIDÊNCIA SOCIAL,Autarquia,RPPS
10091569000163,21317180000100,Santa Cruz Prev,Outros,RPPS
10091577000100,05353839000127,Instituto de Previdência dos Servidores Públicos de São Bento do Una,Autarquia,RPPS
10091619000102,15919322000106,Instituto de Previdência dos Servidores Municipais de Cachoeirinha PE,Autarquia,RPPS
10105955000167,05368163000145,ARCOPREV-REGIME PRÓPRIO DE PREVIDÊNCIA SOCIAL DO MUNICÍPIO DE ARCOVERDE,Autarquia,RPPS
10105963000103,06002453000133,FUNDO DE PREVIDÊNCIA SOCIAL DO MUNICÍPIO DE BUÍQUE,Autarquia,RPPS
10105971000150,05259440000181,INSTITUTO DE PREVIDÊNCIA DOS SERVIDORES MUNICIPAIS DE IBIMIRIM,Autarquia,RPPS
10106219000123,07737237000107,Fundo Municipal Social do Município de Inajá/PE,Autarquia,RPPS
10106227000170,07219597000109,INSTITUTO DE PREVIDENCIA DOS SERVIDORES MUNICIPAIS DE PEDRA - PE,Autarquia,RPPS
10106250000164,07856173000155,INSTITUTO DE PREVIDÊNCIA DO MUNICÍPIO DE TUPANATINGA,Autarquia,RPPS
10106268000166,08078217000126,INSTITUTO DE PREVIDÊNCIA DOS SERVIDORES MUNICIPAIS DE VENTUROSA,Autarquia,RPPS
10110989000140,29391330000137,Instituto de Previdência dos Servidores Municipais dos Barreiros,Autarquia,RPPS
10111631000131,07730726000129,Fundo de Previdência do Município de São José da Coroa Grande,Autarquia,RPPS
10113710000181,05900668000109,Fundo Previdenciário do Município de Cabrobó,Adm Direta,RPPS
10113728000183,07829684000188,Instituto de Previdência Social dos Servidores Municipais de Belém de São Francisco,Autarquia,RPPS
10113736000120,07747015000167,FUNDO PREVIDENCIÁRIO DO MUNICÍPIO DE FLORESTA,Autarquia,RPPS
10114502000105,12127391000199,Instituto de Previdência dos Servidores Municipais de Itacuruba - ITACURUBAPREV,Autarquia,RPPS
10114767000103,08395173000168,FUNDO PREVIDENCIARIO DO MUNICIPIO DE OROCÓ,Adm Direta,RPPS
10120962000138,09241494000170,INSTITUTO DE PREVIDÊNCIA DO MUNICÍPIO DE BARRA DE GUABIRABA,Autarquia,RPPS
10121515000101,10121515000101,Fundo Previdenciário dos Servidores Municipais de Bonito,Autarquia,RPPS
10130755000164,08889626000102,FUNDO MUNICIPAL DE PREVIDENCIA DE ANGELIM,Autarquia,RPPS
10131076000100,10131076000100,Instituto de Previdência dos Servidores do Município de Brejão,Autarquia,RPPS
10131720000140,04387464000153,Instituto de Previdência dos Servidores de Caetés,Autarquia,RPPS
10132777000163,06035005000136,INSTITUTO DE PREVIDÊNCIA DO MUNICÍPIO DE CANHOTINHO,Autarquia,RPPS
10140978000102,08962335000100,INSTITUTO DE PREVIDENCIA DOS SERVIDORES PUBLICOS DO MUNICIPIO DE JUPI,Autarquia,RPPS
10141489000175,05319633000180,INSTITUTO DE PREVIDÊNCIA DO MUNICÍPIO DE JUREMA,Autarquia,RPPS
10143246000176,06303296000104,INSTITUTO DE PREVIDÊNCIA DOS SERVIDORES MUNICIPAIS DE LAJEDO – IPSEL,Autarquia,RPPS
10144038000191,04997661000194,INSTITUTO DE PREVIDENCIA DOS SERVIDORES MUNICIPAIS DE PALMEIRINA,Autarquia,RPPS
10144426000172,10329226000194,INSTITUTO DE PREVIDENCIA DOS SERVIDORES DE PARANATAMA - IPSEPAR,Autarquia,RPPS
10145225000190,05583693000106,QUIPAPAPREV,Autarquia,RPPS
10145803000198,08034664000183,INSTITUTO DE PREVIDENCIA DOS SERVIDORES MUNICIPAIS DE SÃO BENEDITO DO SUL,Autarquia,RPPS
10146371000130,03547768000178,INSTITUTO DE PREVIDÊNCIA DO MUNICÍPIO DE SÃO JOÃO - IPREVIS,Autarquia,RPPS
10150043000107,07017355000132,INSTITUTO DE PREVIDÊNCIA SOCIAL DO MUNICIPIO DE GOIANA - GOIANAPREV,Autarquia,RPPS
10150050000109,09595420000132,Regime Próprio de Previdência Social do Município de Itambé PE,Autarquia,RPPS
10150068000100,05864543000170,Fundo Previdenciário do Município do Condado,Autarquia,RPPS
10150076000157,09445443000160,INSTITUTO DE PREVIDENCIA DOS SERVIDORES MUNICIPAIS DE ITAQUITINGA,Autarquia,RPPS
10164028000118,10143570000194,FUNDO MUNICIPAL DE PREVIDENCIA SOCIAL DOS SERVIDORES DE ALIANÇA,Adm Direta,RPPS
10165165000177,05313547000160,Fundo Previdenciário do Município de Buenos Aires,Autarquia,RPPS
10167310000159,05202557000129,TRACUNHAEMPREV - INSTITUTO DE PREVIDÊNCIA DOS SERVIDORES MUNICIPAIS DE TRACUNHAÉM,Autarquia,RPPS
10168235000140,06147335000113,VICENCIAPREVI,Outros,RPPS
10183929000157,13188322000158,Instituto de Previdência dos Servidores Municipais de Água Preta,Autarquia,RPPS
10192441000196,08490874000186,INSTITUTO DE PREVIDENCIA SOCIAL DO MUNICIPIO DE JOAQUIM NABUCO,Autarquia,RPPS
10212447000188,05229390000190,Fundo Previdenciario do Municipio dos Palmares,Outros,RPPS
10215176000114,08811496000195,INSTITUTO DE PREVIDÊNCIA DOS SERVIDORES MUNICIPAIS - PANELAS PREV,Autarquia,RPPS
10222297000193,23043748000177,Instituto de Previdência do Município de Rurópolis,Autarquia,RPPS
10260222000105,05782177000100,Instituto de Previdência dos Servidores Públicos do Município de Belo Jardim/PE,Autarquia,RPPS
10264406000135,06331552000169,INSTITUTO DE PREVIDENCIA DOS SERVIDORES MUNICIPAIS DE PESQUEIRA - IPSEMP,Autarquia,RPPS
10273548000169,07969857000163,INSTITUTO DE PREVIDENCIA DOS SERVIDORES MUNICIPAIS DE CORTES,Autarquia,RPPS
10279107000174,05533095000122,FUNDO PREVIDENCIÁRIO DO MUNICÍPIO DE CALUMBI,Autarquia,RPPS
10280055000156,04979711000100,FUNDO PREVIDENCIÁRIO DO MUNICÍPIO DE SÃO JOSÉ DO BELMONTE,Autarquia,RPPS
10282945000105,05115318000131,INSTITUTO DE PREVIDÊNCIA PRÓPRIA DOS SERVIDORES PÚBLICOS DO MUNICÍPIO DE SERRA TALHADA - IPPSPMST,Autarquia,RPPS
10287373000149,05427546000147,FUNPREBE - Fundo Previdenciário do Município de Betânia,Autarquia,RPPS
10293074000117,03825198000130,INSTITUTO DE PREVIDENCIA DOS SERVIDORES DO BOM JARDIM - BOMJARDIMPREV,Autarquia,RPPS
10294254000113,09027587000105,Instituto de Previdência dos Servidores Municipal de Orobó,Autarquia,RPPS
10346096000106,07609181000105,Instituto de Previdência dos Servidores Municipais de Afogados da Ingazeira,Adm Direta,RPPS
10347466000111,05699773000121,FUNDO PREVIDENCIÁRIO DO MUNICIPIO DE FLORES,Autarquia,RPPS
10347888000197,09493399000164,INSTITUTO DE PREVIDENCIA DA INGAZEIRA,Autarquia,RPPS
10348050000118,04524700000136,FUNDO PREVIDENCIARIO DO MUNICIPIO DE SOLIDÃO,Adm Direta,RPPS
10358174000184,04926675000117,Fundo de Previdência Municipal de Afrânio - FUNPREAFRA,Autarquia,RPPS
10358182000120,08360572000193,Fundo Previdenciário do Município de Santa Maria da Boa Vista,Autarquia,RPPS
10358190000177,09182560000189,Instituto de Gestão Previdenciária do Município de Petrolina,Autarquia,RPPS
10359560000190,06234755000137,Instituto de Previdência do Município de Igarassu,Autarquia,RPPS
10377679000196,04811561000121,Instituto de Previdência dos Servidores Públicos do Município do Jaboatão dos Guararapes,Autarquia,RPPS
10380608000142,19030572000141,INSTITUTO DE PREVIDËNCIA MUNICIPAL DE PARAIPABA,Autarquia,RPPS
10393593000157,08988847000138,Instituto de Previdência dos Servidores do Município de Icapuí - ICAPREV,Autarquia,RPPS
10404184000109,46793392000194,INSTITUTO DE PREVIDENCIA SOCIAL DOS SERVIDORES PUBLICOS DO MUNICIPIO DE OLINDA (OLINPREV),Autarquia,RPPS
10408839000117,07010511000133,INSTITUTO DE PREVIDENCIA SOCIAL DO MUNICIPIO DE PAULISTA,Autarquia,RPPS
10462497000113,23099406000179,FUNDO DE PREVIDENCIA DO REGIME PROPRIO DE PREVIDÊNCIA SOCIAL DO MUNICIPIO DE VICOSA DO CEARA,Adm Direta,RPPS
10565000000192,05244336000113,Autarquia Municipal de Previdência e Assistência a Saúde dos Servidores Recife PE,Autarquia,RPPS
10571982000125,05136779000190,FUNDAÇÃO DE APOSENTADORIAS E PENSÕES DOS SERVIDORES DO ESTADO DE PERNAMBUCO,Fundação Direito Público,RPPS
11034741000100,05539687000151,INSTITUTO DE PREVIDENCIA DE CALÇADO,Autarquia,RPPS
11040854000118,08731244000156,FUNDO DE PREVIDENCIA DO MUNICIPIO DE ARARIPINA - ARARIPREV,Adm Direta,RPPS
11040862000164,04487101000190,FUNDO PREVIDENCIARIO DO MUNICIPIO DE BODOCO,Autarquia,RPPS
11040870000100,05521084000122,Fundo Previdenciário do Município de Exu,Adm Direta,RPPS
11040888000102,05639801000115,Fundo Previdenciário do Município de Granito - FUNPREG,Adm Direta,RPPS
11040896000159,08071509000137,IPUBI-PREV Instituto de Previdência dos Servidores Públicos do Município de Ipubi,Autarquia,RPPS
11040904000167,05219326000128,Fundo Previdenciário do Município de Ouricuri,Adm Direta,RPPS
11040912000103,08571006000120,FUNDO MUNICIPAL DE APOSENTADORIAS E PENSÕES-FUMAP,Autarquia,RPPS
11043312000107,05460442000134,Fundo de Previdência de Mirandiba,Autarquia,RPPS
11043981000170,07191947000176,INSTITUTO DE PREVIDENCIA DOS SERVIDORES MUNICIPAIS DE ALAGOINHA,Autarquia,RPPS
11049806000190,07811658000122,Instituto de Previdência dos Servidores Municipais de Chã Grande,Adm Direta,RPPS
11049822000183,07870386000131,INSTITUTO DE PREVIDENCIA SOCIAL DOS SERVIDORES PUBLICOS DO MORENO,Autarquia,RPPS
11049830000120,07183448000137,Instituto de Previdência dos Servidores Municipais de Gravatá,Autarquia,RPPS
11049848000121,07080825000102,INST DE PREV DOS SERV MUN DE POMBOS IPRESP,Autarquia,RPPS
11049855000123,06259729000163,Instituto de Previdência dos Servidores do Município da Vitória de Santo Antão - VITÓRIA PREV,Autarquia,RPPS
11097243000106,14929918000124,Instituto de Previdencia Propria de Feira Nova,Autarquia,RPPS
11097292000149,14537991000150,FUNDO PREVIDENCIARIO DO MUNICIPIO DE LIMOEIRO - LIMOEIROPREV,Adm Direta,RPPS
11097300000157,09032346000146,PASSIRAPREV - Fundo Municipal de Previdência do Município de Passira/PE,Autarquia,RPPS
11097342000198,03078786000158,INSTITUTO DE PREVIDENCIA DOS SERVIDORES DO MUNICIPIO DO CARPINA,Autarquia,RPPS
11097359000145,07616244000142,FUNDO MUNICIPAL DE APOSENTADORIAS E PENSÕES - FUMAP,Adm Direta,RPPS
11097367000191,05417780000193,IPRESAL - INSTITUTO DE PREVIDENCIA DO MUNICIPIO DE SALGADINHO /PE,Autarquia,RPPS
11097375000138,08660689000192,REGIME PROPRIO DE PREVIDENCIA DO MUNICIPIO DE MACHADOS,Autarquia,RPPS
11097391000120,09519099000107,INSTITUTO DE PREVIDÊNCIA DOS SERVIDORES MUNICIPAIS,Autarquia,RPPS
11251832000105,08474135000109,FUNDO PREVIDENCIARIO DO MUNICIPIO DE SAO LOURENCO DA MATA,Adm Direta,RPPS
11256062000185,05377687000100,FUNDO PREVIDENCIÁRIO DO MUNICÍPIO DE IBIRAJUBA,Autarquia,RPPS
11256088000123,05670418000120,INSTITUTO DE PREVIDENCIA DOS SERVIDORES MUNICIPAIS DE CAPOEIRAS - IPSEC,Autarquia,RPPS
11285954000104,05624075000167,FUNDO DE PREVIDENCIA DO MUNICIPIO DE BOM CONSELHO - FPMBC,Autarquia,RPPS
11286267000103,07227427000176,Instituto de Previdência do Município de Lagoa do Ouro - IPSELO,Autarquia,RPPS
11286341000191,05494599000180,Instituto de Previdência do Município de Águas Belas,Autarquia,RPPS
11286358000149,07185420000139,IPSEC – INSTITUTO DE PREVIDÊNCIA DE CORRENTES,Autarquia,RPPS
11286366000195,08640223000125,Instituto de Previdência dos Servidores de Terezinha,Autarquia,RPPS
11286374000131,05766861000107,IPREVI - INSTITUTO DE PREVIDENCIA DO MUNICIPIO DE IATI,Autarquia,RPPS
11286382000188,07177308000156,Instituto de Previdência do Município de Itaíba,Autarquia,RPPS
11294303000180,06152328000100,Instituto de Previdência do Município de Escada,Adm Direta,RPPS
11294360000160,05696842000143,FUNDO DE PREVIDÊNCIA DE AMARAJI,Autarquia,RPPS
11294386000108,05364629000134,FUNDO PREVIDENCIARIO DO MUNICIPIO DO IPOJUCA - FUNPREI,Fundação Direito Público,RPPS
11294402000162,07738191000132,INSTITUTO DE PREVIDÊNCIA SOCIAL DOS SERVIDORES DO MUNICÍPIO DO CABO DE SANTO AGOSTINHO,Autarquia,RPPS
11303906000100,04664996000190,INSTITUTO DE PREVIDÊNCIA DOS SERVIDORE PÚBLICOS DO MUNICIPIO DE GARANHUNS,Autarquia,RPPS
11343910000193,05486834000172,Fundo de Previdencia Social do Municipio de Ribeirão,Autarquia,RPPS
11348570000193,04699626000199,Fundo de Previdência dos Servidores de Verdejante,Autarquia,RPPS
11350659000194,04783285000135,Triunfoprev,Autarquia,RPPS
11354180000126,04902032000133,Fundo Previdenciário do Município de São José do Egito,Autarquia,RPPS
11358116000113,06338513000193,INSTITUTO DE PREVIDÊNCIA DOS SERVIDORES MUNICIPAIS DE SERTÂNIA,Autarquia,RPPS
11358124000160,05785402000162,FUNDO PREVIDENCIÁRIO DO MUNICÍPIO DE TUPARETAMA,Autarquia,RPPS
11358140000152,06302674000127,INSTITUTO DE PREVIDENCIA SOCIAL DE SANTA TEREZINHA,Autarquia,RPPS
11358157000100,08286381000129,INSTITUTO PREVIDENCIARIO DE ITAPEM - PREVITA,Outros,RPPS
11358165000156,05974874000163,Instituto de Previdência dos Servidores Públicos Municipais de Custodia,Fundação Direito Público,RPPS
11358173000100,17551806000170,Fundo Previdenciário de Brejinho - FUNPREBRE,Adm Direta,RPPS
11361201000130,05554947000168,Fundo Previdenciário do município de Terra Nova,Adm Direta,RPPS
11361219000132,07381527000152,Fundo de Previdência dos Servidores de Cedro,Autarquia,RPPS
11361227000189,05242899000172,FUNDO DE PREVIDÊNCIA DE MOREILÂNDIA,Autarquia,RPPS
11361235000125,04987722000132,Fundo Previdenciário do Município de Parnamirim,Adm Direta,RPPS
11361243000171,07439828000190,Fundo de Previdência dos Servidores do Salgueiro,Autarquia,RPPS
11361250000173,11361250000173,FUNDO PREVIDENCIARIO DO MUNICIPIO DE SERRITA,Autarquia,RPPS
11361870000102,05330706000135,Fundo Municipal de Aposentadorias e Pensoes de Ferreiros - Fumap,Autarquia,RPPS
11361888000104,04247932000194,Fundo Previdenciário do Município de Macaparana,Adm Direta,RPPS
11361896000150,06265282000135,INSTITUTO DE PREVIDÊNCIA DOS SERVIDORES MUNICIPAIS DE SÃO VICENTE FÉRRER,Autarquia,RPPS
11361904000169,04857891000158,Fundo Previdenciário do Município de Timbaúba,Outros,RPPS
11362779000101,10948778000180,Instituto Previdenciário do Município de Camutanga,Autarquia,RPPS
11368966000100,05480417000112,FUNPREV - FUNDO PREVIDENCIARIO DO MUNICIPIO DE IGUARACY,Autarquia,RPPS
11455714000100,08370368000153,FUNDO DE PREVIDÊNCIA DOS SERVIDORES PUBLICOS DO MUNICIPIO DE SALOÁ,Autarquia,RPPS
12081691000184,08067635000118,INSTITUTO MUNICIPAL DE PREVIDENCIA SOCIAL DOS SERVIDORES DE CAROLINA,Autarquia,RPPS
12198693000158,10573381000151,IMPREV - Instituto Municipal de Previdência Social dos Servidores Públicos de Arapiraca,Autarquia,RPPS
12198719000168,10961615000138,FPMCN – Fundo de Previdência do Município de Coité do Nóia.,Autarquia,RPPS
12200135000180,12183737000176,Instituto de Previdência dos Servidores do Município de Maceió - IPREV,Autarquia,RPPS
12200143000126,08418390000126,REGIME PROPRIO DOS SERVIDORES TITULARES DE CARGO PUBLICO DE PROVIMENTO EFETIVO E INATIVOS,Autarquia,RPPS
12200150000128,11158315000188,FUNDO DE PREVIDÊNCIA PRÓPRIA DOS SERVIDORES DO MUNICÍPIO DE PILAR,Autarquia,RPPS
12200176000176,23658211000111,ALAGOAS PREVIDÊNCIA,Autarquia,RPPS
12200275000158,12236873000187,FAPEM Fundo de Aposentados e Pencionistas de Marechal Deodoro,Autarquia,RPPS
12200283000102,14971510000110,MESSIAS PREV - INSTITUTO DE PREVIDÊNCIA SOCIAL DE MESSIAS,Autarquia,RPPS
12200317000150,05018218000197,FUNDO DE PREVIDÊNCIA SOCIAL DO MUNICÍPIO DE SANTA LUZIA DO NORTE - FUNPREV,Autarquia,RPPS
12200325000105,17539312000170,INSTITUTO MUNICIPAL DE PREVIDENCIA SOCIAL - IMPS,Autarquia,RPPS
12207445000126,10701487000193,REGIME PROPRIO DE PREVIDENCIA SOCIAL DO MUNICIPIO DE TAQUARANA,Autarquia,RPPS
12207536000161,07727128000109,INSTITUTO MUNICIPAL DE PREVIDENCIA SOCIAL - IMPS,Autarquia,RPPS
12207544000108,05344550000141,"INSTITUTO DE APOSENTADORIA, PREVIDENCIA E PENSÕES DO MUNICIPIO DE JARAMATAIA - IAPREJAL",Autarquia,RPPS
12207551000100,10612722000150,REGIME PRÓPRIO DE PREVIDÊNCIA SOCIAL DO MUNICÍPIO DE LAGOA DA CANOA - AL,Autarquia,RPPS
12225546000120,15008711000180,FUNDO DE PREVIDÊNCIA SOCIAL DO MUNICÍPIO DE PIRANHAS,Autarquia,RPPS
12226197000160,11784748000149,INSTITUTO DE PREVIDENCIA SOCIAL DOS SERVIDORES PUBLICOS DO MUNICIPIO DE INHAPI - IPREV,Autarquia,RPPS
12226205000179,07709529000128,INSTITUTO DE PREVIDÊNCIA DOS SERVIDORES MUNICIPAIS DE MATA GRANDE,Autarquia,RPPS
12227641000162,07788156000128,FUNDO DE PREVIDENCIARIO DO SERVIDOR PUBLICO DE BELEM-PREVBELEM,Autarquia,RPPS
12227971000158,19053855000109,Instituto Municipal de Previdência de Cacimbinhas,Autarquia,RPPS
12228375000192,05088176000160,INSTITUTO DE PREVIDÊNCIA E ASSISTÊNCIA MUNICIPAL DE IGACI - IPAM,Autarquia,RPPS
12228904000158,17902946000146,FPS - Fundo de Previdência Social dos Servidores Públicos do Município de Major Izidoro,Autarquia,RPPS
12236873000187,05128610000199,FUNDO PREVIDENCIÁRIO DO MUNICÍPIO DE MARIBONDO - FUNPREMA,Autarquia,RPPS
12237038000161,11701408000107,INSTITUTO DE PREVIDÊNCIA DOS SERVIDORES DE MINADOR DO NEGRÃO,Autarquia,RPPS
12241675000101,10786243000150,Fundo Municipal de Previdência de Quebrangulo,Autarquia,RPPS
12241865000129,11757798000137,INSTITUTO DE PREVIDÊNCIA DOS SERVIDORES MUNICIPAIS DE TANQUE D'ARCA,Autarquia,RPPS
12243697000100,30331370000172,INSTITUTO DE PREVIDÊNCIA MUNICIPAL DE PENEDO,Autarquia,RPPS
12247631000199,02109954000162,INSTITUTO DE PREVIDÊNCIA E ASSISTÊNCIA DOS SERVIDORES DE SÃO SEBASTIÃO,Adm Direta,RPPS
12247755000174,07652494000138,AUTARQUIA PREVIDENCIARIA DO MUNICIPIO DE JACUIPE,Autarquia,RPPS
12247946000136,15268111000150,Fundo de Previdência de Jarapatinga - FPMJ,Fundação Direito Público,RPPS
12248100000110,21868680000130,INSTITUTO MUNICIPAL DE PREVIDENCIA DOS SERVIDORES DO MUNICIPIO DE JUNDIÁ,Autarquia,RPPS
12248522000196,04503396000140,IPREV-MARAGOGI -INSTITUTO DE PREVIDÊNCIA APOSENTADORIA E PENSÕES DOS SERV DO MUN DE MARAGOGI,Autarquia,RPPS
12248878000120,10343011000128,FUNDO DE PREVIDENCIA DOS SERVIDORES MUNICIPIO DE NOVO LINO,Autarquia,RPPS
12250056000183,12250056000183,FUNDO DE PREVIDENCIA DOS SERVIDORES MUNICIPAIS DE BATALHA BATALHA PREV,Autarquia,RPPS
12250163000101,18422545000151,FUNDO DE PREVIDENCIA DO MUNICIPIO DE BELO MONTE,Adm Direta,RPPS
12250684000169,11996151000168,FUNDO DE PREVIDENCIA PRÓPRIA DOS SERVIDORES DE CARNEIROS/AL,Autarquia,RPPS
12251286000167,06057506000113,INSTITUTO DE PREVIDENCIA SOCIAL DOS SERVIDORES PUBLICOS DE MARAVILHA,Autarquia,RPPS
12251450000136,04971570000180,REGIME PRÓPRIO DE PREVIDÊNCIA SOCIAL DO MUNICÍPIO DE MONTEIRÓPOLIS,Autarquia,RPPS
12251468000138,10574106000152,INSTITUTO DE PREVIDÊNCIA SOCIAL DO MUNICIPIO DE OLHO D'ÁGUA DAS FLORES - PREVIOAF,Autarquia,RPPS
12257762000157,16691383000121,INSTITUTO MUNICIPAL DE PREVIDÊNCIA SOCIAL - OLIVENÇAPREV,Autarquia,RPPS
12258141000198,14924285000161,OURO PREV - INSTITUTO MUNICIPAL DE PREVIDÊNCIA DE OURO BRANCO,Autarquia,RPPS
12259040000131,11887747000120,FUNDO DE PREVIDÊNCIA PRÓPRIA DOS SERVIDORES DE POÇO DAS TRINCHEIRAS,Autarquia,RPPS
12261228000114,04358384000170,IAPREV - INSTITUTO DE PREVIDÊNCIA MUNICIPAL DE SÃO JOSÉ DA TAPERA,Autarquia,RPPS
12262713000102,04936518000192,INSTITUTO DE PREVIDÊNCIA E ASSISTÊNCIA DOS SERVIDORES DO MUNICÍPIO DE BARRA DE SANTO ANTÔNIO - AL,Autarquia,RPPS
12262721000159,08648272000104,Fundo Municipal de Previdencia Propria dos Servidores de Flexeiras,Outros,RPPS
12264230000147,12052067000159,PREVICORURIPE,Autarquia,RPPS
12264396000163,11304969000172,INSTITUTO DE PREVIDÊNCIA DOS SERVIDORES PÚBLICO DE BOCA DA MATA/AL,Autarquia,RPPS
12264628000183,12264628000183,FAPEN Fundo de Previdência e Pensão,Autarquia,RPPS
12265468000197,14937533000109,INSTITUTO DE PREVIDÊNCIA SOCIAL DOS SERVIDORES PÚBLICOS DO MUNICÍPIO DE JUNQUEIRO - IPREV,Autarquia,RPPS
12330916000199,05498329000148,FUNDO DE APOSENTADORIA E PENSÃO - FAPEN,Autarquia,RPPS
12332953000136,08419782000100,Regime Próprio de Previdência Social do Município de Murici,Adm Direta,RPPS
12332979000184,07644514000129,FUNDO DE APOSENADORIA E PENSÃO DE SANTANA DO MUNDAU,Autarquia,RPPS
12332987000120,14931986000128,COLONIA PREVIDENCIA - INSTITUTO DE PREV. APOSENTADORIAS E PENSOES DOS,Autarquia,RPPS
12332995000177,07513145000135,INSTITUTO DE PREVIDENCIA DOS SERVIDORES MUNICIPAIS DE BRANQUINHA,Autarquia,RPPS
12333738000150,08752429000147,FUNDO DE APOSENTADORIAS E PENSÕES DE CAJUEIRO - FAPEN,Autarquia,RPPS
12333746000104,05112485000129,Instituto de Previdência e Assistência dos Servidores do Município de Viçosa,Autarquia,RPPS
12333761000144,02195968000146,FUNDO DE PREVIDÊNCIA SOCIAL DO MUNICÍPIO DE MAR VERMELHO - FUNPREV,Autarquia,RPPS
12334629000157,11925695000139,FUNDO DE PREVIDENCIA SOCIAL DO MUNICIPIO DE CHÃ PRETA - FUNSERP,Adm Direta,RPPS
12335030000138,08166180000198,INSTITUTO DE PREVIDÊNCIA DE PAULO JACINTO,Autarquia,RPPS
12335436000110,05481996000118,FUNDO DE PREVIDENCIA SOCIAL DE PINDOBA - PREVPINDOBA,Autarquia,RPPS
12342655000127,08492283000148,AUTARQUIA MUNICIPAL DE PREVIDÊNCIA DO MUNICÍPIO DE PASSO DE CAMARAGIBE,Autarquia,RPPS
12342663000173,05862538000129,INSTITUTO DE PREVIDENCIA DE MATRIZ DE CAMARAGIBE - IPREVMATRIZ,Autarquia,RPPS
12342671000110,07850501000106,INSTITUTO DE PREVIDENCIA DE SAO LUIS DO QUITUNDE - IPREVSLQ,Outros,RPPS
12356879000198,06005055000170,INSTITUTO DE PREVIDÊNCIA SOCIAL DO MUNICÍPIO DE PALMEIRA DOS ÍNDIOS,Autarquia,RPPS
12364881000109,19079773000133,REGIME PRÓPRIO DE PREVIDÊNCIA SOCIAL DE SÃO MIGUEL DOS MILAGRES,Fundação Direito Público,RPPS
12366720000154,09395152000105,INSTITUTO DE PREVIDENCIA MUNICIPAL DE PORTO CALVO,Autarquia,RPPS
12367892000142,08529021000100,IPREVI-CANAPI - INSTITUTO DE PREVIDÊNCIA APOSENTADORIA E PENSÕES DOS SERVIDORES DE CANAPI,Autarquia,RPPS
12369872000100,18986399000197,INSTITUTO DE ASSIST E PREV DOS SERVIDORES PUBLICOS DO MUNICIPIO DE PALESTINA - IASPAL,Adm Direta,RPPS
12369880000157,08980513000118,INSTITUTO DE APOSENTADORIA PREVIDENCIA E PENSÕES DE PÃO DE AÇUCAR,Autarquia,RPPS
12421137000107,17863076000143,INSTITUTO DE APOSENTADORIA E PENSÕES DOS SERVIDORES PUBLICOS DE SENADOR RUI PALMEIRA - IAPREV,Autarquia,RPPS
12459616000104,05116013000144,INSTITUTO DE PREVIDENCIA DOS SERVIDORES PÚBLICOS DO MUNICÍPIO DE OCARA - IPMO,Autarquia,RPPS
12461646000155,17467300000188,INSTITUTO DE PREVIDENCIA DOS SERVIDORES PUBLICOS MUNICIPAIS DE IBICUITINGA,Autarquia,RPPS
12461653000157,12186476000148,Fundo de Previdência Social do Município de Potiretama - POTIPREV,Fundação Direito Público,Extinção RPPS
12511093000106,08679407000107,Instituto de Previdencia Dos Servidores Públicos do Município de Santa Luzia Do Paruá - SANTAPREV,Autarquia,RPPS
12842829000110,10440085000182,INSTITUTO DE PREVIDENCIA SOCIAL DOS SERVIDORES PUBLICOS DO MUNICIPIO DE TEOTONIO VILELA,Autarquia,RPPS
13099205000118,09269190000111,FUNDO DE PREVIDENCIA SOCIAL DOS SERVIDORES PUBLICOS DO MUNICIPIO DE TOMAR DO GERU,Adm Direta,RPPS
13111224000112,19028564000160,"IPREV - ILHA DAS FLORES, INSTITUTO DE PREVIDENCIA APOSENTADORIA E PENSOES DOS SERVIDORES DO MUNICIPIO DE ILHA DAS FLORES - SE",Autarquia,RPPS
13128780000100,05050052000196,INSTITUTO DE PREVIDÊNCIA DO MUNICÍPIO DE ARACAJU,Autarquia,RPPS
13128798000101,08042552000174,INSTITUTO DE PREVIDENCIA DOS SERVIDORES DO ESTADO DE SERGIPE - SERGIPEPREVIDENCIA,Autarquia,RPPS
13128863000190,14417080000190,INSTITUTO DE PREVIDÊNCIA DE BARRA DOS COQUEIROS - BARRAPREV,Outros,Extinção RPPS
13231006000111,63090195000128,CAIXA DE PREVIDENCIA DOS SERVIDORES PUBLICOS DE VARZEA NOVA,Autarquia,RPPS
13232996000102,63100259000124,INSTITUTO DE PREVIDÊNCIA DOS SERVIDORES PÚBLICOS DE FILADÉLFIA - FILADÉLFIA-PREV,Autarquia,RPPS
13621735000184,02561555000138,Instituto de Previdência dos Servidores de Ipecaetá – IPSI,Autarquia,RPPS
13696257000171,00511726000199,CAIXA DE PREVIDENCIA E ASSISTENCIA SOCIAL DOS SERVIDORES PUBLICOS DO MUNICIPIO DE SAPEAÇU,Autarquia,RPPS
13717517000148,05491593000150,INSTITUTO DE PREVIDENCIA DOS SERVIDORES PUBLICOS DE MORRO DO CHAPEU,Autarquia,RPPS
13719646000175,05156411000194,ITABERABA PREVIDENCIA,Autarquia,RPPS
13763479000160,30261990000182,INSTITUTO DE PREVIDÊNCIA DOS SERVIDORES MUNICIPAIS DE IRAJUBA,Autarquia,RPPS
13765219000123,02406366000190,IPREV - INSTITUTO DE PREVIDENCIA SOCIAL DOS SERVIDORES PUBLICOS DO MUNICIPIO DE MARCIONILIO SOUZA,Autarquia,RPPS
13796016000102,10598646000176,FUNDO MUNICIPAL DE PREVIDÊNCIA DE TAPIRAMUTÁ – FUNTAP,Outros,RPPS
13830823000196,13128451000150,IPM - Instituto de Previdência Municipal de São Francisco do Conde,Autarquia,RPPS
13883996000172,09293914000162,IPCM - INSTITUTO DE PREVIDÊNCIA DOS SERVIDORES MUNICIPAIS DE CORAÇÃO DE MARIA,Autarquia,RPPS
13892187000127,12420226000120,PREFEITURA MUNICIPAL DE NOVA ITARANA,Adm Direta,Extinção RPPS
13894878000160,09353852000137,Instituto de Previdência do Servidores Municipais de Jequié,Autarquia,RPPS
13897111000194,40597613000172,FUNDO DE PREVIDENCIA SOCIAL DO MUNICÍPIO DE CAPELA DO ALTO ALEGRE,Adm Direta,RPPS
13908702000110,05311000000126,INSTITUTO DE PREVIDENCIA DE CAMPO FORMOSO,Autarquia,RPPS
13908728000168,10886381000101,CAIXA DE PREVIDÊNCIA DOS SERVIDORES DO MUNICIPIO DE ANTÔNIO GONÇALVES BAHIA,Autarquia,RPPS
13912506000119,16424707000165,Instituto de Previdência Social do Municipio de Santa Maria da Vitoria/BA,Autarquia,RPPS
13913355000113,63091508000162,CAPEC - CALDEIRAO GRANDE PREVIDENCIA,Adm Direta,RPPS
13915632000127,13410996000155,INSTITUTO PREVIDENCIÁRIO DE JUAZEIRO,Autarquia,RPPS
13922588000182,05665331000164,INSTITUTO DE PREVIDENCIA DOS SERVIDORES DE IBICOARA-IPREVIB,Autarquia,RPPS
13922638000121,13922638000121,Palmeiras,Adm Direta,RGPS
13927801000149,49249166000135,FUNDO PREVIDENCIARIO (FUNPREV),Adm Direta,RPPS
13937032000160,13323274000163,SUPERINTENDENCIA DE PREVIDENCIA DO ESTADO DA BAHIA,Adm Direta,RPPS
14043574000151,42743658000133,IPFS - INSTITUTO DE PREVIDENCIA DE FEIRA DE SANTANA,Autarquia,RPPS
14109763000180,34327635000110,Instituto de Seguridade do Servidor Municipal,Autarquia,RPPS
14197586000130,13914379000197,Jacobina Previdência - JACOPREV,Adm Direta,RPPS
14221741000107,16424871000172,IMUPRE INSTITUTO MUNICIPAL DE PREVIDENCIA SOCIAL,Autarquia,RPPS
14222277000173,42707299000169,Caixa de Previdência dos Servidores Publicos Municipais,Autarquia,RPPS
15023898000190,03871331000195,ÁGUA-PREVI - FUNDO MUNICIPAL DE PREVIDÊNCIA SOCIAL DOS SERVIDORES DE ÁGUA BOA,Autarquia,RPPS
15023906000107,03544865000107,INSTITUTO DE PREVIDÊNCIA DO SERVIDOR. MUNICIPAL DE ALTA FLORESTA – IPREAF,Autarquia,RPPS
15023914000145,03267152000143,FUNDO MUNICIPAL DE PREVIDÊNCIA SOCIAL DOS SERVIDORES PUBLICOS DE ARAPUTANGA-MT,Autarquia,RPPS
15023922000191,04203025000143,PREVICAN-FUNDO MUNICIPAL DE PREVIDÊNCIA SOCIAL DOS SERVIDORES DE CANARANA,Fundação Direito Público,RPPS
15023930000138,32945594000108,PREVI-LÍDER - FUNDO MUNICIPAL DE PREVIDÊNCIA SOCIAL DOS SERVIDORES DE COLÍDER-MT,Autarquia,RPPS
15023948000130,15023948000130,FUNDO MUNICIPAL DE PREVIDENCIA SOCIAL DOS SERVIDORES DE JAURU,Adm Direta,RPPS
15023963000188,02834061000180,PREVBRAS- FUNDO PREVIDENCIA DOS SERVIDORES PUBLICOS MUNICIPAIS DO MUNICÍPIO DE NOVA BRASILÂNDIA,Autarquia,RPPS
15023971000124,04971947000109,FUNDO MUNICIPAL DE PREVIDENCIA SOCIAL DOS SERVIDORES DE PARANATINGA,Autarquia,RPPS
15023989000126,10654059000157,PREVI LACERDA - FUNDO MUNICIPAL DE PREVIDENCIA SOCIAL,Fundação Direito Público,RPPS
15023997000172,14699999000113,PREVIRB - Fundo Municipal de Previdência Social de Rio Branco,Adm Direta,RPPS
15024003000132,00571071000144,INSTITUTO DE PREVIDENCIA DE SINOP - MT,Autarquia,RPPS
15024029000180,03556113000166,FUNDO MUNICILPAL DE PREVIDÊNCIA SOCIAL DOS SERVIDORES DE SÃO JOSE DOS QUATRO MARCOS,Autarquia,RPPS
15024037000127,24978017000186,INST MUNIC DE PREV SOCIAL DOS SERVIDORES DE S J R C,Autarquia,RPPS
15024045000173,04909731000105,FUNDO MUNICIPAL DE PREVIDÊNCIA SOCIAL DE NOVA XAVANTINA,Autarquia,RPPS
15031669000118,05651897000137,PREVIST - INSTITUTO DE PREVIDENCIA SOCIAL DOS SERVIDORES PUBLICOS MUNICIPAIS DE SANTA TEREZINHA,Adm Direta,RPPS
15072663000199,20813563000106,FUNDO MUNICIPAL DE PREVIDENCIA SOCIAL DO MUNICIPIO DE JUARA/ PREV JUARA,Adm Direta,RPPS
15359201000157,10693863000145,PREVI-JUÍNA FUNDO MUNICIPAL DE PREVIDÊNCIA SOCIAL,Adm Direta,RPPS
15389588000194,36377754000102,Instituto de Previdência Social dos Servidores Municipais de São gabriel d'Oeste - MS/SGOPREV,Autarquia,RPPS
15389596000130,37541885000146,SERVIÇO DE PREVIDÊNCIA MUNICIPAL DE COSTA RICA - SPMCR,Autarquia,RPPS
15403041000104,15564779000145,Instituto de Previdencia Social dos Servidores Municipais de Itaquiraí - Itaquiprev,Autarquia,RPPS
15412257000128,10306292000149,AGENCIA DE PREVIDENCIA SOCIAL DE MATO GROSSO DO SUL,Autarquia,RPPS
15465016000147,11959090000169,Previdencia Social dos Servidores Publicos Municipais de Bodoquena,Autarquia,RPPS
15479751000100,01911274000103,Instituto Municipal de Previdência Social dos Servidores de Douradina - DINAPREV,Autarquia,RPPS
15845340000190,05556673000146,Instituto de Previdência Social dos Servidores Públicos de Alvorada d´Oeste,Autarquia,RPPS
15884109000106,53391862000159,FUNDO PREVIDENCIARIO DE NOVA BRASILANDIA D OESTE FUNPREV NBO,Autarquia,Extinção RPPS
15943434000100,11702296000109,Fundo de Previdência Social dos Servidores Municipio de Ribeirãozinho/MT – PREVI RIBE,Autarquia,RPPS
16234429000183,02389729000127,Caixa de Previdência do Município de Itabela - CAPREMI,Adm Direta,RPPS
16245375000151,00606781000162,FUNDO DE PREVIDENCIA DE DOS SERVIDORES PUBLICOS DE BONITO,Adm Direta,RPPS
16417784000198,02209356000165,IMUP- INSTITUTO DE PREVIDÊNCIA DE SERRA DO RAMALHO,Autarquia,RPPS
16418683000131,16425191000173,IPSEM,Autarquia,RPPS
16418766000120,63184295000113,CAIXA DE PREVIDÊNCIA E ASSISTÊNCIA SOCIAL DO SERVIDOR PÚBLICO DE CARAÍBAS,Autarquia,RPPS
16443632000160,63091318000145,Caixa de Previdencia dos Servidores Municipais de São José do Jacuípe,Autarquia,RPPS
16443723000103,42751198000195,CAIXA DE PREVIDENCIA DO SERVIDORES MUNICPAIS DE QUIXABEIRA,Autarquia,RPPS
16444143000122,08621632000184,Instituto de Previdência de Ponto Novo,Autarquia,RPPS
16444150000124,63089940000119,OUROPREV - OUROLÂNDIA PREVIDÊNCIA,Adm Direta,RPPS
16449902000140,16450124000109,UMBUPREV - Umburanas Previdência,Adm Direta,RPPS
16725392000196,00262940000159,INSTITUTO DE PREVIDENCIA SOCIAL DO MUNICÍPIO DE ALVINÓPOLIS,Autarquia,RPPS
16752446000102,08771208000116,PREVIDÊNCIA DO MUNICÍPIO DE CONGONHAS - PREVCON,Autarquia,RPPS
16784720000125,05121894000191,Instituto de Previdência dos Servidores Públicos Municipais de Formiga - PREVIFOR,Autarquia,RPPS
16854531000181,04189915000148,INSTITUTO DE PREVIDÊNCIA MUNICIPAL DE OLIVEIRA - OLIVEIRAPREV,Autarquia,RPPS
16870974000166,23776966000110,FUNDO DE ASSISTÊNCIA E APOSENTADORIA DOS SERVIDORES PUBLICOS MUNICIPAIS DE SANTO ANTÔNIO DO MONTE,Autarquia,RPPS
16886871000194,04830099000100,INSTITUTO DE PREVIDENCIA DOS SERVIDORES PUBLICOS DO MUNICIPIO DE ITAMARANDIBA,Autarquia,RPPS
16928483000129,07844253000190,Instituto de Previdência Municipal de São João da Ponte - PREVPONTE,Autarquia,RPPS
16930299000113,02205357000131,Instituto Municipal de Previdência dos Servidores Públicos de João Pinheiro/MG,Autarquia,RPPS
17095043000109,01065039000150,SISTEMA MUNICIPAL DE PREVIDENCIA E ASSISTENCIA AO SERVIDOR - SIMPAS,Autarquia,RPPS
17695008000112,06069513000135,INSTITUTO DE PREVIDÊNCIA MUNICIPAL DE TRÊS MARIAS,Autarquia,RPPS
17695032000151,05048696000140,Instituto de Previdência Municipal de Felixlândia - IPREMFEL,Autarquia,RPPS
17702499000181,19649847000120,INSTITUTO DE PREVIDENCIA PMC,Adm Direta,Extinção RPPS
17709197000135,13536718000149,Fundo de Previdência Social do Município de Além Paraíba,Adm Direta,RPPS
17744442000145,06179405000115,INSTITUTO DE PREVIDÊNCIA MUNICIPAL DE MERCÊS,Autarquia,RPPS
17749896000109,26148536000142,INSTITUTO MUNICIPAL DE PREVIDÊNCIA DE SÃO JOÃO DEL REI - IMP,Autarquia,RPPS
17749912000163,25138146000129,Fundo de Previdência dos Servidores Municipais de Resende Costa - MG,Outros,RPPS
17754136000190,97451751000166,Fundo Municipal de Previdência - FUMPREV,Autarquia,RPPS
17877200000120,08161843000181,INSTITUTO DE PREVIDENCIA MUNICIPAL DE LAMBARI,Autarquia,RPPS
17884412000134,04949250000123,Instituto de Previdência dos Servidores Públicos do Município de Andradas - ANDRADASPREV,Autarquia,RPPS
17888090000100,05998211000189,INSTITUTO DE PREVIDÊNCIA SOCIAL DO MUNICÍPIO DE CANDEIAS,Autarquia,RPPS
17899717000110,05065658000103,INSTITUTO DE PREVIDENCIA SOCIAL DO MUNICIPIO DE ARCEBURGO,Autarquia,RPPS
17947581000176,10935438000115,Fundo Previdenciário de Muriaé - Muriaé-Prev,Adm Direta,RPPS
17954041000110,09584171000180,INSTITUTO DE PREVIDÊNCIA MUNICIPAL DE MINDURI - IPMM,Autarquia,RPPS
17955535000119,11201980000107,Instituto de Previdência Municipal de Três Corações,Autarquia,RPPS
17966201000140,05850486000170,Sistema de Previdência de Miraí-SISPREV,Fundação Direito Público,RPPS
17980392000103,05472772000140,INSTITUTO DE PREVIDÊNCIA MUNICIPAL DE PIRACEMA - PIRAPREV,Autarquia,RPPS
18008193000192,41774159000140,FUNDO PREVIDENCIÁRIO MUNICIPAL,Autarquia,RPPS
18008862000126,00310726000120,Instituto Baependiano de Seguridade Social,Autarquia,RPPS
18008870000172,07791365000120,INSTITUTO DE PREVIDÊNCIA MUNICIPAL DE CAXAMBU - IPMCA,Autarquia,RPPS
18008912000175,09665488000140,INSTITUTO DE PREVIDÊNCIA DOS SERVIDORES PÚBLICOS DO MUNICÍPIO DE SERRANOS - SERRANOS PREV,Autarquia,RPPS
18017368000128,02487939000158,INSTITUTO DE PREVIDÊNCIA DOS SERVIDORES PÚBLICOS DE JURAMENTO,Autarquia,RPPS
18017392000167,04124168000160,Instituto de Previdência dos Servidores Públicos do Município de Janaúba - PREVIJAN,Autarquia,RPPS
18017426000113,73591539000136,INSTITUTO MUNICIPAL DE PREVIDÊNCIA DOS SERVIDORES PÚBLICOS DE CAPITÃO ENÉAS,Autarquia,RPPS
18017442000106,06182852000123,INSTITUTO DE PREVIDENCIA DOS SERVIDORES PUBLICOS DO MUNICIPIO DE BRASILIA DE MINAS,Autarquia,RPPS
18025890000151,23863538000125,INSTITUTO DE PREVIDÊNCIA MUNICIPAL DE BRAZÓPOLIS,Autarquia,RPPS
18025932000154,27281980000102,INSTITUTO DE PREVIDÊNCIA MUNICIPAL DE GONÇALVES - PREVGON,Autarquia,RPPS
18029165000151,13996352000190,INSTITUTO DE PREVIDÊNCIA MUNICIPAL DE LIBERDADE - PREVLIBERDADE,Autarquia,RPPS
18039503000136,05615796000100,REGIME PRÓPRIO DE PREVIDÊNCIA SOCIAL DE PASSA TEMPO,Autarquia,RPPS
18080655000182,05555840000134,CALDASPREV - Instituto de Previdência Municipal de Engenheiro Caldas,Autarquia,RPPS
18083055000178,05443119000152,INSTITUTO DE PREVIDENCIA MUNCIPAL DOS SERVIDORES PUBLICOS DE SOBRALIA,Autarquia,RPPS
18083071000160,05993425000162,Instituto de Previdencia Social do Municipio de Felisburgo,Autarquia,RPPS
18085647000129,05504404000136,INSTITUTO DE PREVIDENCIA DOS SERVIDORES PÚBLICOS DO MUNICÍPIO DE COROACI,Autarquia,RPPS
18094797000107,00426641000102,INSTITUTO DE PREVIDÊNCIA SOCIAL DO MUNICÍPIO DE CARANDAÍ,Autarquia,RPPS
18114231000191,06032184000158,INSTITUTO DE PREVIDÊNCIA MUNICIPAL DE SÃO FRANCISCO DO GLÓRIA,Autarquia,RPPS
18114249000193,05153122000131,Instituto de Previdência dos Servidores do Município de Caparaó,Autarquia,RPPS
18114256000195,05196025000126,Fundo de Aposentadoria e Previdência Social dos Servidores de Caiana,Autarquia,RPPS
18114264000131,05370615000123,FUMPREF - Fundo Municipal Previdenciário de Espera Feliz,Autarquia,RPPS
18114272000188,26139840000123,PLANO ÚNICO DE PREVIDÊNCIA E ASSISTÊNCIA SOCIAL - UNIPREV,Autarquia,RPPS
18116152000110,02410430000107,IPREMI INSTITUTO DE PREVIDÊNCIA MUNICIPAL DE INHAÚMA,Autarquia,RPPS
18116160000166,01931756000117,Instituto de Previdência dos Servidores Públicos Municipais de Paraopeba,Autarquia,RPPS
18125146000129,24336499000170,INSTITUTO DE PREVIDENCIA DE BURITIS - IPREB,Autarquia,RPPS
18125161000177,03650743000103,INSTITUTO DE PREVIDÊNCIA DOS SERVIDORES PÚBLICOS MUNICIPAIS DE UNAÍ - MG,Autarquia,RPPS
18128207000101,05586308000184,Instituto de Previdência dos Servidores Públicos do Município de Ubá-MG,Outros,RPPS
18128223000102,00273737000188,Fundo de Aposentadoria e Pensão do Servidor Público Municipal - FAPSEM,Adm Direta,RPPS
18132167000171,04988872000160,FUNDO DE PREVIDÊNCIA MUNICIPAL DE ARAPONGA,Adm Direta,RPPS
18132449000179,05665754000184,IPREVI- INSTITUTO DE PREVIDÊNCIA MUNICIPAL DOS SERVIDORES PÚBLICOS DO MUNICÍPIO DE VIÇOSA,Autarquia,RPPS
18132464000117,00821869000105,Fundo Previdenciário do Município de Coimbra-FPMC,Autarquia,RPPS
18137927000133,27751000000180,FUNDO MUNICIPAL DE PREVIDENCIA DOS SERVIDORES PUBLICOS DE VISCONDE DO RIO BRANCO,Autarquia,RPPS
18137943000126,04704172000105,FUNDO MUNICIPAL DE PREVIDÊNCIA DOS SERVIDORES PÚBLICOS DE GUIRICEMA - IPREV,Autarquia,RPPS
18140335000170,05546368000173,Instituto de Previdência dos Servidores Públicos do Município de Pedrinópolis - PEDRIPREV,Autarquia,RPPS
18140756000100,26034744000110,Instituto de Previdência Municipal de Araxá - IPREMA,Autarquia,RPPS
18140772000194,00507115000177,INSTITUTO DE PREVIDÊNCIA MUNICIPAL DE PERDIZES - IPREMP,Autarquia,RPPS
18140780000130,00560077000116,Instituto de Previdência Municipal de Santa Juliana - IPMSJ,Autarquia,RPPS
18159905000174,15404128000198,FUNDO DE PREVIDENCIA DO MUNICIPIO DE NOVA PONTE - FUNPREV,Autarquia,RPPS
18186346000191,10745612000167,INSTITUTO DE PREVIDÊNCIA SOCIAL DO MUNICÍPIO DE ALAGOA - MG,Autarquia,RPPS
18187815000197,01260435000138,INSTITUTO DE PREVIDÊNCIA SOCIAL DO MUNICÍPIO DE BOM JESUS DA PENHA,Autarquia,RPPS
18187823000133,01605008000144,INSTITUTO DE PREVIDÊNCIA DO MUNICÍPIO DE NOVA RESENDE,Autarquia,RPPS
18188276000100,41878851000119,Instituto Municipal de Previdência de Olímpio Noronha,Autarquia,RPPS
18239590000175,25660465000108,INSTITUTO DE PREVIDÊNCIA MUNICIPAL DE BOA ESPERANÇA,Autarquia,RPPS
18240119000105,09215261000101,Instituto de previdencia dos servidores publicos do municipio de varginha - inprev,Autarquia,RPPS
18241349000180,23781024000120,INPAR-INSTITUTO DE PREVIDÊNCIA DOS SERVIDORES DO MUNICÍPIO DE SÃO SEBASTIÃO DO PARAISO,Autarquia,RPPS
18241760000156,05823164000132,Instituto Municipal de Previdência dos Servidores de Fortaleza de Minas,Autarquia,RPPS
18242784000120,43156378000191,Instituto de Previdência dos Servidores Públicos do Município de Machado - IPSPM-Machado,Autarquia,RPPS
18242792000176,04186274000178,Instituto de Previdência do Município de Poço Fundo - IPREMPOF,Autarquia,RPPS
18242800000184,01660482000179,Instituto de Previdência Municipal de Carvalhóplis - MG,Autarquia,RPPS
18244343000167,05949826000115,INSTITUTO DE PREVIDÊNCIA MUNICIPAL DE PERDÕES - PREVIPER,Autarquia,RPPS
18244368000160,06308972000124,Instituto de Previdência dos Servidores Públicos Municipais de Bom Sucesso,Autarquia,RPPS
18244376000107,05319747000120,INSTITUTO DE PREVIDÊNCIA MUNICIPAL DE LAVRAS,Autarquia,RPPS
18245167000188,00191026000164,Instituto de Previdência dos Servidores Municipais de Três Pontas,Autarquia,RPPS
18245175000124,25647918000158,PREVICAM - Instituto de Previdência dos Servidores Públicos de Campos Gerais,Autarquia,RPPS
18278051000145,04813860000103,INSTITUTO DE PREVIDENCIA SOCIAL DOS SERVIDORES PUBLICOS MUNICIPAIS DE PARACATU - PRESERV,Autarquia,RPPS
18279059000126,05563535000194,Instituto de Previdência dos Servidores Públicos do Município de Várzea da Palma,Adm Direta,RPPS
18279067000172,18279067000172,INSTITUTO DE PREVIDENCIA DOS SERVIDORES MUNICIPAIS DE BURITIZEIRO,Autarquia,RPPS
18279075000119,23068574000105,INSTITUTO DE PREVIDENCIA MUNICIPAL DE SANTA FÉ DE MINAS,Adm Direta,Extinção RPPS
18283101000182,25208547000108,INSTITUTO DE PREVIDÊNCIA E ASSISTÊNCIA SOCIAL DE ITACARAMBI,Autarquia,RPPS
18291351000164,04286331000190,Instituto de Previdência dos Servidores do Município de Divinópolis,Autarquia,RPPS
18291377000102,07340643000123,Instituto de Previdencia dos Servidores do Municipio de Carmo do Cajuru,Autarquia,RPPS
18291385000159,02642921000183,FUNDO PREVIDENCIÁRIO MUNICIPAL DE NOVA SERRANA - FPMNS,Autarquia,RPPS
18295303000144,30317936000101,Instituto de Previdência dos Servidores Públicos de Mariana - IPREV Mariana,Autarquia,RPPS
18296640000156,04685700000118,INSTITUTO DE PREVIDÊNCIA MUNICIPAL DE BIQUINHAS - IMPAS,Autarquia,RPPS
18296665000150,23776339000180,INSTITUTO MUNICIPAL DE PREVIDÊNCIA E ASSISTÊNCIA SOCIAL - IMPAS,Autarquia,RPPS
18296673000104,05389129000157,INSTITUTO DE PREVIDÊNCIA MUNICIPAL DE PAINEIRAS - PREVIPAI,Autarquia,RPPS
18296681000142,05389041000135,Instituto de Previdência Social do Município de Pompéu - IPSEMP,Autarquia,RPPS
18296699000144,02755255000190,INSTITUTO DE PREVIDÊNCIA MUNICIPAL DE QUARTEL GERAL - FUNDOPREV,Autarquia,RPPS
18298174000148,05345213000179,INSTITUTO DE PREVIDÊNCIA DOS SERVIDORES PÚBLICOS DO MUNICÍPIO DE CÓRREGO DANTA - PREVDANTA,Autarquia,RPPS
18298190000130,03816205000138,INSTITUTO DE PREVIDÊNCIA MUNICIPAL DE CAMPOS ALTOS - IPMCA,Autarquia,RPPS
18299446000124,14827712000193,Instituto de Previdencia de Itabira - ItabiraPrev,Autarquia,RPPS
18301002000186,07474736000140,INSTITUTO MUNICIPAL DE PREVIDÊNCIA DOS SERVIDORES PÚBLICOS DE BOM DESPACHO - BDPREV,Autarquia,RPPS
18301010000122,03771075000164,INSTITUTO DE PREVIDÊNCIA DO SERVIDOR MUNICIPAL DE DORES DO INDAIÁ - IPSEMDI,Autarquia,RPPS
18301028000124,86879319000154,FUNDO DE PREVIDÊNCIA DOS SERVIDORES MUNICIPAIS - FUNDOPREI,Autarquia,RPPS
18301051000119,05154584000173,INSTITUTO DE PREVIDENCIA MUNICIPAL DE PERDIGÃO - IPREMPE,Autarquia,RPPS
18301069000110,23776545000190,INSTITUTO MUNICIPAL DE PREVIDÊNCIA E ASSISTÊNCIA SOCIAL - IMPAS,Autarquia,RPPS
18303172000108,71275465000101,FUNDO DE APOSENTADORIA E PENSÃO DO SERVIDOR PÚBLICO MUNICIPAL DE CARMÉSIA - FAPEMCA,Autarquia,RPPS
18306654000103,13662211000131,FUNDO DE PREVIDÊNCIA SOCIAL DOS FUNCIONÁRIOS PÚBLICOS MUNICIPAIS DE JAPARAÍBA,Autarquia,RPPS
18306688000106,86853470000113,FUNDO DE APOSENTADORIA E PENSÃO DOS SERVIDORES PÚBLICOS MUNICIPAIS DE IGUATAMA - FAPEN,Autarquia,RPPS
18307439000127,05518895000174,INSTITUTO DE PREVIDÊNCIA DOS SERVIDORES PÚBLICOS DO MUNICÍPIO DE GUANHÃES,Autarquia,RPPS
18307447000173,05355530000176,INSTITUTO DE PREVIDÊNCIA MUNICIPAL DE PAULISTAS - PAULISTASPREV,Autarquia,RPPS
18307454000175,00703449000116,INSTITUTO DE PREVIDÊNCIA DOS SERVIDORES DO MUNICÍPIO DE SABINÓPOLIS,Autarquia,RPPS
18307504000114,05640194000103,Instituto de Previdência Municipal de Senhora do Porto,Autarquia,RPPS
18307512000160,05866299000185,INSTITUTO DE PREVIDENCIA MUNICIPAL DE VIRGINÓPOLIS,Autarquia,RPPS
18308734000106,64486384000187,Instituto Previdência dos Servidores do Municipio de São Sebastião do Oeste - IPSEM,Autarquia,RPPS
18309724000187,00124513000104,INSTITUTO MUNICIPAL DE PREVIDENCIA DOS SERVIDORES PUBLICOS DE ITAUNA,Autarquia,RPPS
18312108000185,05744086000180,Instituto de Previdência Municipal de Rio Acima - RIOPREV,Autarquia,RPPS
18313817000185,06088862000102,Instituto de Previdência dos Servidores Públicos do Município de Pará de Minas - PARAPREV,Autarquia,RPPS
18313825000121,06313288000130,INSTITUTO DE PREVIDÊNCIA MUNICIPAL DE IGARATINGA - PREVIGARA,Autarquia,RPPS
18313833000178,05311627000187,Fundo Previdenciário do Município de Florestal,Adm Direta,RPPS
18313858000171,05277656000170,INSTITUTO DE SEGURIDADE SOCIAL MUNICIPAL DE ONÇA DE PITANGUI,Autarquia,RPPS
18313874000164,07074460000103,INSTITUTO DE PREVIDÊNCIA MUNICIPAL DE PEQUI - IPREMPE,Autarquia,RPPS
18315200000107,05626895000198,INSTITUTO DE PREVIDÊNCIA MUNICIPAL DE CONCEIÇÃO DO PARÁ - IPMCP,Autarquia,RPPS
18315218000109,05305892000152,INSTITUTO DE PREVIDÊNCIA MUNICIPAL DE LEANDRO FERREIRA - IPMLF,Autarquia,RPPS
18315226000147,19132499000119,INSTITUTO DE PREVIDÊNCIA MUNICIPAL DE PITANGUI- IPMP,Autarquia,RPPS
18316166000187,18316166000187,MUNICIPIO DE JEQUERI,Adm Direta,Extinção RPPS
18332627000105,05538180000183,INSTITUTO DE PREVIDÊNCIA MUNICIPAL DE ALPERCATA - IPREMA,Autarquia,RPPS
18338129000170,65249344000184,FUNDO DE PREVIDÊNCIA DOS SERVIDORES MUNICIPAIS DE BELMIRO BRAGA - FUNPREV,Adm Direta,RPPS
18338160000100,73960056000161,Fundo de Previdência dos Servidores Públicos de Guarani,Autarquia,RPPS
18338178000102,40527279000180,JUIZ DE FORA PREVIDENCIA - JFPREV,Autarquia,RPPS
18338202000103,18338202000103,Prefeitura Municipal de Olaria,Adm Direta,RPPS
18338236000106,00309813000168,Fundo de Previdência dos Servidores do Município de Piau,Autarquia,RPPS
18349902000101,05850613000131,Instituto de Previdência Municipal de Bandeira,Autarquia,RPPS
18385138000111,05467826000189,Regime Proprio de Previdência Social do Município de Caputira,Autarquia,RPPS
18398974000130,00460195000152,Instituto de Previdência dos Servidores Municipais de Nanuque - IPASMUN,Autarquia,RPPS
18404749000160,05271805000193,INSTITUTO DE PREVIDENCIA MUNICIPAL DE AGUAS FORMOSAS,Autarquia,RPPS
18404764000108,02856149000100,Instituto Municipal de Previdência dos Servidores Públicos de Padre Paraíso,Autarquia,RPPS
18404780000109,05110612000150,INSTITUTO DE PREVIDENCIA DOS SERVIDORES PUBLICOS DO MUNICIPAIO DE TEÓFILO,Autarquia,RPPS
18404871000136,04467060000170,Instituto de Previdência do Município de Malacacheta,Autarquia,RPPS
18404905000192,05856980000142,Regime Próprio de Previdência Social do Município de Campanário,Autarquia,RPPS
18404954000125,05859208000184,FRONTEPREV - Instituto de Previdência dos Servidores Públicos de Fronteira dos Vales,Autarquia,RPPS
18409201000102,05930833000175,REGIME PRÓPRIO DE PREVIDÊNCIA SOCIAL DO MUNICÍPIO DE SÃO JOSÉ DO JACURI,Autarquia,RPPS
18409219000104,05079861000120,FUNDO DE SEGURIDADE SOCIAL DE SANTA MARIA DO SUACUI,Fundação Direito Público,Extinção RPPS
18428839000190,04793484000124,Instituto de Previdências Social dos Servidores Públicos Municipais de Uberaba,Autarquia,RPPS
18428847000137,05900797000105,INSTITUTO DE PREVIDÊNCIA MUNICIPAL DE PIRAJUBA - IPREMP,Autarquia,RPPS
18428854000139,04560604000143,INSTITUTO DE PREVIDÊNCIA MUNICIPAL DE CONCEIÇÃO DAS ALAGOAS - IPMCA,Autarquia,RPPS
18431155000148,03650395000166,Instituto de Previdencia Municipal de Monte Alegre de Minas,Autarquia,RPPS
18431312000115,22224976000180,Instituto de previdência dos Servidores Públicos do Município de Uberlândia - Ipremu,Autarquia,RPPS
18449173000157,04142127000104,INSTITUTO DE PREVIDÊNCIA DOS SERVIDORES PÚBLICOS DO MUNICÍPIO DE COMENDADOR GOMES - IPRECOMGO,Autarquia,RPPS
18457192000125,04192671000152,Fundo Municipal de Previdência dos Servidores de Gurinhatã,Autarquia,RPPS
18457218000135,18152827000186,Caixa de Aposentadoria dos Servidores Municipais de Ituiutaba - CASMI,Adm Direta,RPPS
18457226000181,00096667000130,INSTITUTO DE PREVIDENCIA MUNICIPAL DE SANTA VITORIA,Autarquia,RPPS
18457234000128,23094832000110,CAPINÓPOLIS PREV,Adm Direta,RPPS
18457259000121,05249733000188,IPREMIP - INSTITUTO DE PREVIDÊNCIA MUNICIPAL DE IPIAÇU,Autarquia,RPPS
18457267000178,00317984000139,INSTITUTO MUNICIPAL DE PREVIDENCIA DE CACHOEIRA DOURADA,Autarquia,RPPS
18468033000126,22239867000137,IPSEM INST. PREVIDENCIA DOS SERVIDORES MUNICIPAIS,Autarquia,RPPS
18468041000172,02264804000123,INSTITUTO DE PREVIDÊNCIA MUNICIPAL DE CRUZEIRO DA FORTALEZA - IPREM CF,Autarquia,RPPS
18468058000120,04575640000180,INSTITUTO DE PREVIDÊNCIA MUNICIPAL DE SERRA DO SALITRE - IPMSS,Autarquia,RPPS
18477315000190,04887249000111,INSTITUTO DE PREVIDENCIA DO MUNICÍPIO DE CARLOS CHAGAS,Autarquia,RPPS
18504167000155,02888096000100,INSTITUTO MUNICIPAL DE PREVIDÊNCIA DOS SERVIDORES PÚBLICOS DE MANTENA -IMP,Autarquia,RPPS
18558080000160,74073875000150,Fundo de Previdência dos Servidores do Município de Rochedo de Minas - Rochedoprevi,Autarquia,RPPS
18558098000162,01128400000140,INSTITUTO DE PREVIDÊNCIA MUNICIPAL DE DESCOBERTO - PREVIDES,Autarquia,RPPS
18585570000156,05390368000127,INSTITUTO DE PREVIDÊNCIA DOS SERVIDORES PÚBLICOS DE PRATINHA - PRATPREV,Autarquia,RPPS
18591149000158,22239545000198,Instituto de Previdência dos Servidores Municipais,Autarquia,RPPS
18602011000107,23090384000186,INSTITUTO DE PREVIDENCIA MUNICIPAL DE PATOS DE MINAS,Autarquia,RPPS
18602029000109,08048170000158,INSTITUTO DE PREVIDÊNCIA DOS SERVIDORES MUNICIPAIS DE CARMO DO PARANAÍBA - IPSEM,Autarquia,RPPS
18602045000100,03850414000106,INSTITUTO DE PREVIDÊNCIA DOS SERVIDORES MUNICIPAIS DE RIO PARANAÍBA - IPSEM,Autarquia,RPPS
18602052000101,22239164000109,INSTITUTO DE PREVIDÊNCIA MUNICIPAL DE GUIMARÂNIA - FUNPREV,Autarquia,RPPS
18602060000140,01874735000107,Instituto de Previdência do Município de Presidente Olegário - IPREMPO,Autarquia,RPPS
18602078000141,23096837000181,SISTEMA DE BENEFICENCIA DOS SERVIDORES PUBLICOS DO MUNICIPIO DE LAGOA FORMOSA - SIBELF,Autarquia,RPPS
18629840000183,13702294000145,PREFEITURA MUNICIPAL DE POÇOS DE CALDAS,Adm Direta,RGPS
18650952000116,73816928000112,INSTITUTO MUNICIPAL DE PREVIDENCIA DOS SERVIDORES PUBLICOS DE ESPINOSA,Autarquia,RPPS
18666750000162,05389001000193,Instituto de Previdência e Assistência aos Servidores de Itamonte,Autarquia,RPPS
18668368000198,04957832000151,INSTITUTO DE PREVIDÊNCIA DOS SERVIDORES PÚBLICOS DO MUNICÍPIO DE JURUAIA-JURUAIAPREV,Autarquia,RPPS
18668376000134,41877077000121,Instituto de Previdencia dos Servidores do Municipio de Monte Belo,Autarquia,RPPS
18668624000147,10810342000120,INSTITUTO DE PREVIDÊNCIA DOS SERVIDORES PÚBLICOS DO MUNICÍPIO DE MUZAMBINHO,Autarquia,RPPS
18675975000185,00135676000192,FAPEM - FUNDO DE APOSENTADORIA E PENSÃO DO SERVIDOR PÚBLICO MUNICIPAL,Autarquia,RPPS
18675983000121,86754348000190,IPREM - Instituto de Previdência Municipal de Pouso Alegre,Autarquia,RPPS
18677591000100,71196935000133,Instituto de Previdência do Município de Extrema - PREVEXTREMA,Autarquia,RPPS
18677625000158,71196885000194,INSTITUTO DE PREVIDENCIA DO MUNICIPIO DE ITAPEVA,Autarquia,RPPS
18712133000156,04642103000106,Instituto de Previdência Municipal de Heliodora,Autarquia,RPPS
18712174000142,05892181000121,INSTITUTO DE PREVIDÊNCIA DOS SERVIDORES PÚBLICOS DO MUNICÍPIO DA CAMPANHA - CAMPANHA PREVI,Autarquia,RPPS
18715383000140,14885482000119,FUNDO PREVIDENCIARIO - BHPREV,Adm Direta,RPPS
18715391000196,07842278000155,INSTITUTO DE PREVIDÊNCIA SOCIAL DO MUNICÍPIO DE BETIM,Autarquia,RPPS
18715409000150,04122069000149,INSTITUTO MUNICIPAL DE PREVIDENCIA E ASSISTENCIA SOCIAL - IMPAS,Autarquia,RPPS
18715425000142,04835019000109,Instituto de Previdência dos Servidores Públicos do Município de Vespasiano - IPSV,Autarquia,RPPS
18715441000135,05788157000147,INSTITUTO DE PREVIDENCIA DOS SERVIDORES PUBLICOS DO MUNICIPIO DE SABARA,Autarquia,RPPS
18715490000178,02914041000119,INSTITUTO DE PREVIDENCIA SOCIAL DE IBIRITE - IPASI,Autarquia,RPPS
18715508000131,10584543000157,FUNDO DE PREVIDENCIA DOS SERVIDORES DO MUNICIPIO DE CONTAGEM,Adm Direta,RPPS
18715615000160,17217332000125,Instituto de Previdência dos Servidores do Estado de Minas Gerais,Autarquia,RPPS
18803072000132,00324208000166,INSTITUTO MUNICIPAL DOS SERVIDORES PÚBLICOS DE BOCAIUVA -MG,Autarquia,RPPS
19279827000104,04015843000112,IPESC - INSTITUTO DE PREVIDENCIA DOS SERVIDORES PÚBLICOS DO MUNICÍPIO DE CARANGOLA,Autarquia,RPPS
19382647000153,05103481000184,Instituto De Previdencia Dos Servidos Publicos Do Municipio De Guaraciaba,Autarquia,RPPS
19875046000182,05973796000182,Instituto de Previdência dos Servidores Públicos do Município de Coronel Fabriciano - PREVCEL,Autarquia,RPPS
20622890000180,86813953000194,INSTITUTO DE PREVIDÊNCIA MUNICIPAL DE GOVERNADOR VALADARES IPREM/GV,Autarquia,RPPS
20920567000193,05085096000151,INSTITUTO DE PREVIDÊNCIA MUNICIPAL DE BAMBUÍ - PREVIBAM,Autarquia,RPPS
21154174000189,03981019000154,INSTITUTO DE PREVIDÊNCIA DOS SERVIDORES PÚBLICOS DO MUNICIPIO DE CARBONITA,Autarquia,RPPS
21226840000147,05663468000180,Instituto de Previdência dos Servidores Públicos Municipais de Itapagipe - IPREVI,Autarquia,RPPS
21461546000110,02101116000142,INSTITUTO DE PREVIDÊNCIA MUNICIPAL DE JANUÁRIA,Autarquia,RPPS
22678874000135,66489741000196,INSTITUTO MUNICIPAL DOS SERVIDORES PÚBLICOS DE MONTES CLAROS,Autarquia,RPPS
22679153000140,05762881000100,INSTITUTO DE PREVIDENCIA DOS SERVIDORES PULICOS DO MUNICÍPIO DE SÃO FRANCISCO - IPREMSAF,Autarquia,RPPS
22680672000128,01209327000130,Instituto de Previdência Social do Município de Coração de Jesus,Autarquia,RPPS
22681423000157,03133862000180,INSTITUTO MUNICIPAL DE PREVIDENCIA DOS SERVIDORES PUBLICOS DE FRANCISCO SA,Autarquia,RPPS
22855142000173,05127965000163,INSTITUTO MUNICIPAL DE PREVIDÊNCIA DE MACHADINHO D'OESTE,Autarquia,RPPS
22855167000177,12210658000107,INSTITUTO DE PREVIDÊNCIA SOCIAL DOS SERV. PÚB. MUN. DE SÃO MIGUEL DO GUAPORÉ,Autarquia,RPPS
22855183000160,13265121000107,INSTITUTO DE PREVIDENCIA SOCIAL DOS SERVIDORES PUBLICOS MUNICIPAIS DE NOVA MAMORE,Autarquia,RPPS
22953681000145,12118390000188,INSTITUTO DE PREVIDENCIA SOCIAL DOS SERVIDORES MUNICIPAIS DE DOM ELISEU,Autarquia,RPPS
22981088000102,34670653000108,INSTITUTO DE PREVIDÊNCIA DO MUNICÍPIO DE TUCUMÃ/PA,Autarquia,RPPS
23066640000108,00743471000190,Instituto de Previdência do Município de Santana,Autarquia,RPPS
23098510000149,02393505000199,Instituto Municipal de Previdência de Araporã,Autarquia,RPPS
23245806000145,71203822000118,INSTITUTO MUNICIPAL DE SEGURIDADE SOCIAL,Autarquia,RPPS
23444748000189,10689520000107,INSTITUTO DE PREVIDENCIA DO MUNICIPIO DE QUIXADA,Autarquia,RPPS
23489834000108,11635706000146,FUNDO DE PREVIDÊNCIA SOCIAL DO MUNICIPIO DE TEJUÇUOCA - TEJUPREV,Adm Direta,RPPS
23515687000101,05267632000130,Instituto de Previdência dos Servidores do Município de Piranga,Autarquia,RPPS
23539463000121,97352686000111,INSTITUTO DE PREVIDENCIA DOS SERVIDORES MUNICIPAIS DE PIRAPORA,Autarquia,RPPS
23555170000138,18918530000189,INSTITUTO DE PREVIDÊNCIA DO MUNICIPIO DE ACARAPE,Adm Direta,RPPS
23555196000186,07527239000163,FUNDO MUNICIPAL DE SEGURIDADE SOCIAL DE HORIZONTE,Autarquia,RPPS
23555279000175,23555279000175,Fundo de Previdência do Município de Chorozinho,Autarquia,RPPS
23563067000130,04865123000146,Instituto de Previdência dos Servidores Públicos Municipais de Eusébio - IPME,Autarquia,RPPS
24301475000186,08702822000126,Fundo da Previdência do Município de Santa Cruz,Adm Direta,RPPS
24616187000110,10696184000120,Instituto de Previdencia Social dos Servidores do Município de Dois Irmãos do Buriti,Autarquia,RPPS
24644502000113,09437156000109,Instituto de Previdência Social dos Servidores do Município de Vicentina - MS,Autarquia,RPPS
24651200000172,04680541000169,IPMCS - Instituto de Previdência Social dos Servidores do Município de Chapadão do Sul MS,Autarquia,RPPS
24651234000167,04318288000106,Fundo de Previdencia Social de Sonora,Autarquia,RPPS
24740268000128,24740268000209,PREVI-PORTO-FUNDO MUNICIPAL DE PREVIDENCIA SOCIAL,Autarquia,RPPS
24772113000173,05030772000190,Fundo Municipal de Previdência e Assistência Social dos Servidores Municipal de Ribeirão Cascalheira,Autarquia,RPPS
24772147000168,35547084000162,FUNDO MUNICIPAL DE PREVIDENCIA SOCIAL DOS SERVIDORES DE JANGADA - PREVJANGADA,Adm Direta,RPPS
24772154000160,15525571000117,CASTPREV - FUNDO MUNICIPAL DE PREVIDÊNCIA SOCIAL DOS SERVIDORES DE CASTANHEIRA,Adm Direta,RPPS
24772162000106,23482454000141,FUNDO MUNICIPAL DE PREVIDÊNCIA SOCIAL DOS SERVIDORES DE NOVA MUTUM-MT - MUTUMPREV,Autarquia,RPPS
24772188000154,03717851000148,FUNDO MUNICIPAL DE PREVIDENCIA SOCIAl DOS SERVIDORES DE MATUPÁ-MT,Autarquia,RPPS
24772246000140,24977548000154,INSTITUTO MUNICIPAL DE PREVIDENCIA SOCIAL DOS SERVIDORES DE LUCAS DO RIO VERDE,Autarquia,RPPS
24772253000141,04963339000144,FUNDO MUNICIPAL DE PREVIDENCIA SOCIAL DOS SERVIDORES DE TAPURAH,Autarquia,RPPS
24772287000136,24734238000109,Fundo de Previdencia dos Servidores Públicos Municipais de Campo Novo do Parecis - MT,Autarquia,RPPS
24850109000186,05014839000100,FUNPRI - FUNDO DE PREVIDÊNCIA SOCIAL DE ITAGUARI,Autarquia,RPPS
24850216000104,06189132000190,Fundo de Previdência FUMPREMA,Fundação Direito Público,RPPS
24851479000138,27940098000113,PREVIMAR - FUNDO MUNICIPAL DE PREVIDÊNCIA SOCIAL DOS SERVIDORES DE MARIANÓPOLIS DO TOCANTINS,Outros,RPPS
24851511000185,05278848000109,INSTITUTO DE PREVIDENCIA SOCIAL DO MUNICIPIO DE PALMAS - PREVIPALMAS,Autarquia,RPPS
24852618000148,24852618000148,Fundo de Previdencia Social de Edealina,Autarquia,RPPS
24852675000127,05274068000182,FUNDO MUN DE PREV SOCIAL DOS SERV DO MUN DE RIO QUENTE,Autarquia,RPPS
24855058000185,05524220000138,FUMPRESI - Fundo de Previdência Social dos Servidores do Município de Simolândia,Adm Direta,RPPS
24856569000111,07523718000101,Fundo de Previdência dos Servidores do Município de Buritinópolis,Adm Direta,RPPS
24857096000177,05797786000133,Fundo Municipal de Previdência Social de Bonfinópolis - FUMPREB,Autarquia,RPPS
24859316000100,24859316000282,INSTITUTO DE PREVIDENCIA DOS SERVIDORES DE APARECIDA DO RIO DOCE,Autarquia,RPPS
24859332000194,07528505000172,Instituto de Previdência Social dos Servidores do Município de Chapadão do Céu,Autarquia,RPPS
24862864000180,08846583000188,INSTITUTO DE PREVIDÊNCIA SOCIAL DE SÃO MIGUEL DO PASSA QUATRO - PREV SÃO MIGUEL DO PASSA QUATRO,Autarquia,RPPS
24891418000102,06263590000121,INSTITUTO DE PREVIDENCIA DOS SERVIDORES DO MUNICIPIO DE SÃO ROMÃO,Autarquia,RPPS
24950461000193,03502516000122,PREVI-JURUENA - FUNDO MUNICIPAL DE PREVIDENCIA SOCIAL DOS SERVIDORES DE JURUENA,Adm Direta,RPPS
24950495000188,00309037000104,PREVIVERDE - FUNDO MUNICIPAL DE PREVIDENCIA SOCIAL DOS SERVIDORES DE CAMPO VERDE,Autarquia,RPPS
25040122000132,01915310000107,Instituto de Previdência Social de Gouvelândia - PREVIGOU,Autarquia,RPPS
25041005000193,01742605000110,INSTITUTO DE PREVIDÊNCIA SOCIAL DE NOVO PLANALTO,Autarquia,RPPS
25043530000148,03852808000195,INSTITUTO DE PREVIDENCIA E ASSISTENCIA DO SERVIDOR DO MUNICIPIO DE CEZARINA - IPCEZ,Autarquia,RPPS
25043571000134,05548251000129,PREVIM,Autarquia,RPPS
25043621000183,05107849000182,Prev - Morro Agudo de Goiás,Autarquia,RPPS
25043639000185,05260206000174,REGIME PROPRIO DE PREVIDENCIA DE SAO LUIZ DO NORTE,Adm Direta,RPPS
25086612000170,31189150000119,INSTITUTO DE PREVIDENCIA DOS SERVIDORES DE GOIANORTE,Autarquia,RPPS
25107517000105,05036374000180,FUNDO DE PREV. SOCIAL DE STA FÉ DE GOIÁS - FUNPASA,Autarquia,RPPS
25107525000151,04927847000177,Instituto de Previdência do Servidor Público de Senador Canedo-SENAPREV,Autarquia,RPPS
25107657000183,04807851000100,FUNDO MUNICIPAL DE PREVIDENCIA SOCIAL DOS SERVIDORES PUBLICOS DO MUNICIPIO DE TURVELANDIA,Autarquia,RPPS
25141292000103,04285610000130,ÁGUA - PREVI - FUNDO MUNICIPAL DE PREVIÊNCIA SOCIAL DOS SERVIDORES DE ÁGUA FRIA- GO,Adm Direta,RPPS
25141318000113,05460307000199,INSTITUTO DE PREVIDENCIA DOS SERVIDORES DE FAINA,Autarquia,RPPS
25209156000108,05436426000106,Instituto de Previdência Municipal de Pedras de Maria da Cruz,Autarquia,RPPS
25222118000195,05508160000160,Instituto Municipal de Previdência e Aposentadoria dos Servidores de Riachinho - IMPAR,Autarquia,RPPS
25223850000180,00715411000163,INSTITUTO DE PREVIDÊNCIA DOS SERVIDORES PÚBLICOS DO MUNICIPIO DE URUCUIA,Autarquia,RPPS
25324187000100,00801529000104,IPSETUR- INSTITUTO DE PREVIDENCIA DOS SERVIDORES PUBLICOS DO MUNICIPIO DE TURMALINA,Autarquia,RPPS
26867770000120,37275823000130,Fundo de Aposentadoria e Pensão de Buriti de Goiás- PREVBURITI,Adm Direta,RPPS
26923755000151,04229015000187,INSTITUTO DE PREVIDENCIA SOCIAL DOS SERVIDORES DO MUNICIPIO DE INACIOLANDIA GO,Autarquia,RPPS
27080530000143,29986312000106,Instituto de Previdência dos Servidores do Estado do Espírito Santo,Autarquia,RPPS
27142058000126,27741750000170,INSTITUTO DE PREVIDENCIA E ASSISTENCIA DOS SERVIDORES DO MUNICÍPIO DE VITÓRIA,Autarquia,RPPS
27142694000158,02399408000103,INSTITUTO DE PREVIDENCIA DOS SERVIDORES DO MUNICIPIO DE ANCHIETA- IPASA,Autarquia,RPPS
27142702000166,36330231000100,INSTITUTO DE PREVIDÊNCIA E ASSISTÊNCIA DOS SERVIDORES DO MUNICÍPIO DE ARACRUZ,Autarquia,RPPS
27150549000119,00444435000125,INSTITUTO DE PREVIDÊNCIA DOS SERVIDORES PÚBLICOS DO MUNICÍPIO DE CARIACICA,Autarquia,RPPS
27150556000110,36348332000109,Instituto de Previdência dos Servidores do Município de Domingos Martins - IPASDM,Autarquia,RPPS
27165182000107,32406423000100,IPRESF - INSTITUTO DE PREVIDÊNCIA DOS SERVIDORES DO MUNICÍPIO DE FUNDÃO,Adm Direta,RPPS
27165190000153,02970007000161,INSTITUTO DE PREVIDÊNCIA DOS SERVIDORES DO MUNICÍPIO DE GUARAPARI,Autarquia,RPPS
27165208000117,32402794000106,INSTITUTO PREVIDENCIA DOS SERV MUN DE IBIRAÇU,Autarquia,RPPS
27165521000155,02405962000156,INSTITUTO DE PREVIDÊNCIA E ASSISTÊNCIA DOS SERVIDORES PÚBLICOS DO MUNICÍPIO DE SANTA LEOPOLDINA,Autarquia,RPPS
27165547000101,36327906000162,INSTITUTO DE PREVIDÊNCIA SOCIAL DOS SERVIDORES PÚBLICOS DO MUNICÍPIO DE VIANA,Autarquia,RPPS
27165554000103,07238345000127,INSTITUTO DE PREVIDÊNCIA DE VILA VELHA,Autarquia,RPPS
27165588000190,02548293000171,INSTITUTO DE PREVIDÊNCIA DO MUNICÍPIO DE CACHOEIRO DE ITAPEMIRIM,Autarquia,RPPS
27165646000185,36403004000168,INSTITUTO DE PREVIDÊNCIA DOS SERVIDORES DO MUNICÍPIO DE ICONHA - IPASIC,Autarquia,RPPS
27165653000187,02697809000140,INSTITUTO DE PREVIDENCIA DOS SERVIDORES DE JERONIMO MONTEIRO,Autarquia,RPPS
27165711000172,36402949000165,IPASNOSUL - INSTITUTO DE PREVIDÊNCIA DOS SERVIDORES DO MUNICÍPIO DE RIO NOVO DO SUL,Autarquia,RPPS
27165745000167,05692642000112,Instituto de Previdencia dos Servidores Publicos de Barra de são Francisco,Autarquia,RPPS
27167345000190,36351872000141,INSTITUTO DE PREVIDENCIA E ASSISTENCIA DOS SERVIDORES DO MUNICIPIO DE MANTENÓPOLIS - IPASMA,Autarquia,RPPS
27167386000187,05776797000137,PREVIDRP - Instituto de Previdência de Dores do Rio Preto,Autarquia,RPPS
27167402000131,05271924000146,INSTITUTO DE PREVIDÊNCIA SOCIAL DOS SERVIDORES PÚBLICOS DO MUNICIPIO DE SÃO JOSÉ DO CALÇADO,Autarquia,RPPS
27167410000188,06939919000121,INSTITUTO DE PREV. E ASSIST. DOS SERV. DO MUNIC. DE LINHARES,Autarquia,RPPS
27167436000126,36352334000171,INSTITUTO DE PREVIDÊNCIA DOS SERV. MUNICÍPIO DE BOA ESPERANÇA,Autarquia,RPPS
27174077000134,05051178000185,Instituto de Previdência Social dos Servidores Públicos do Município de Conceição da Barra,Autarquia,RPPS
27174093000127,27451574000132,Instituto de Previdência dos Servidores do Município de Serra - IPS,Autarquia,RPPS
27174101000135,05269863000182,INSTITUTO DE PREVIDÊNCIA E ASSISTÊNCIA DE ALEGRE/ES - IPASMA,Autarquia,RPPS
27174119000137,26990250000100,IPREV MIMOSO INSTITUTO MUNICIPAL DE PREVIDENCIA DOS SERVIDORES PUBLICOS MUNICIPAIS DE MIMOSO DO SUL,Autarquia,RPPS
27174135000120,04376371000123,INSTITUTO DE PREVIDENCIA DO MUNICIPIO DE GUACUI - IPMG,Autarquia,RPPS
27174143000176,05251479000152,Instituto de Previdência dos Servidores Públicos do Município de São Gabriel da Palha,Autarquia,RPPS
27174168000170,05129529000123,INSTITUTO DE PREVIDÊNCIA DOS SERVIDORES PÚBLICOS DO MUNICÍPIO DE ITAPEMIRIM,Autarquia,RPPS
27744143000164,03632431000169,INSTITUTO DE PREVIDENCIA DOS SERVIDORES DO MUNICIPIO DE RIO BANANAL,Autarquia,RPPS
27792373000107,00266518000171,INSTITUTO DE PREVIDENCIA CABISTA,Autarquia,RPPS
28521748000159,28543098000142,NITEROI PREV,Autarquia,RPPS
28531762000133,30597686000100,INSTITUTO DE BENEFÍCIOS E ASSISTÊNCIA AOS SERVIDORES MUNICIPAIS DE ARARUAMA,Autarquia,RPPS
28539872000141,31790223000123,INSTITUTO DE PREVIDÊNCIA SOCIAL DO MUNICÍPIO DE PEDRO CANÁRIO,Autarquia,RPPS
28549483000105,27759281000117,INSTITUTO DE BENEFÍCIOS E ASSISTÊNCIA AOS SERVIDORES MUNICIPAIS DE CABO FRIO - IBASCAF,Autarquia,RPPS
28561041000176,04539825000130,Instituto de Previdência dos Servidores Públicos de Bom Jardim - RJ,Autarquia,RPPS
28564177000130,01594641000184,INSTITUTO DE PREVIDÊNCIA DOS SERVIDORES PÚBLICOS DO MUNICÍPIO DE DUAS,Autarquia,RPPS
28576080000147,01857468000160,Fundo de Previdência do Município de Barra do Piraí,Adm Direta,RPPS
28580694000100,15495547000182,Fundo Pensões e Previdencia dos Servidores Públicos,Autarquia,RPPS
28606630000123,07032277000145,FUNDO DE PREVIDÊNCIA SOCIAL DE NOVA FRIBURGO,Outros,RPPS
28614865000167,04289397000134,INSTITUTO DE PENSÃO E APOSENTADORIA DO MUNICÍPIO DE CORDEIRO,Autarquia,RPPS
28615557000156,00941254000104,Instituto de Previdencia dos Servidores Municipais de Itaocara,Autarquia,RPPS
28636579000100,32538167000105,INSTITUTO DE PREVIDÊNCIA E ASSISTÊNCIA DOS SERVIDORES MUNICIPAIS DE SÃO GONÇALO - IPASG,Outros,RPPS
28645786000113,39831953000137,INSTITUTO DE PREVIDÊNCIA DOS SERVIDORES PÚBLICOS DO MUNICÍPIO DE SÃO SEBASTIÃO DO ALTO,Autarquia,RPPS
28645794000160,00902907000146,IPAM INSTITUTO DE PENSAO E APOSENTADORIA MUNICIPAL,Autarquia,RPPS
28695658000184,13206697000101,Fundo de Previdência Social de Barra Mansa,Autarquia,RPPS
28741072000109,04095458000122,INSTITUTO DE PREVIDÊNCIA DOS SERVIDORES MUNICIPAIS DE RIO BONITO,Autarquia,RPPS
28741080000155,39250220000109,INSTITUTO DE PREVIDÊNCIA E ASSISTENCIA DOS SERVIDORES MUNICÍPIO DE ITABORAÍ- ITAPREVI,Autarquia,RPPS
28741098000157,07902163000109,Instituto de Previdência dos Servidores Públicos do Município de Silva Jardim/RJ,Autarquia,RPPS
28909604000174,39844436000100,Instituto de Previdência dos Servidores Públicos do Município de São Pedro da Aldeia,Autarquia,RPPS
28916716000152,14218461000140,REGIME PRÓPRIO DE PREVIDÊNCIA SOCIAL DE ITAPERUNA,Autarquia,RPPS
28919637000103,08876702000145,INSTITUTO DE PREVIDENCIA DOS SERVIDORES PUBLICOS DO MUNICIPIO DE LAJE DO MURIAE,Autarquia,RPPS
28920304000196,01709035000167,INSTITUTO DE PREVIDENCIA DOS SERVIDORES PUBLICOS DO MUNICIPIO DE NATIVIDADE,Autarquia,RPPS
28920999000106,01180031000134,"Caixa de Assistência, Previdência e Pensões dos Servidores Públicos Municipais de Porciúncula",Autarquia,RPPS
29051216000168,17568727000172,FUNDO DE PREVIDÊNCIA DO MUNICÍPIO DE RIO CLARO,Adm Direta,RPPS
29076130000190,11463902000180,Instituto Municipal de Previdência Socail dos Servidores Públicos de Valença,Autarquia,RPPS
29111085000167,08644819000101,Regime Próprio de Previdência Social dos Servidores Públicos do Município de Cambuci,Autarquia,RPPS
29111093000103,01193480000117,FUNDO DE PREVIDÊNCIA DO MUNICÍPIO DE SÃO FIDÉLIS - FPMSF,Adm Direta,RPPS
29114121000146,28746249000160,FUNDO DE PREVIDÊNCIA SOCIAL DO MUNICÍPIO DE MIRACEMA - FPS,Autarquia,RPPS
29114139000148,39421813000190,FUNDO DE APOSENTADORIA E PENSÕES DOS SERVIDORES DE SANTO ANTÔNIO DE PÁDUA/ RJ,Autarquia,RPPS
29115441000110,00156410000126,INSTITUTO DE PREVIDENCIA DOS SERVIDORES PUBLICOS DO MUNICIPIO DE TRAJANO DE MORAIS,Autarquia,RPPS
29115458000178,03405084000131,Instituto de Previdência dos Servidores do Municipio de Casimiro de Abreu,Autarquia,RPPS
29115466000114,36576106000185,INSTITUTO DE PREVIDÊNCIA E ASSISTÊNCIA DOS SERVIDORES MUNICIPAIS DE CONCEIÇÃO DE MACABU - IPASCON,Autarquia,RPPS
29115474000160,03567964000104,INSTITUTO DE PREVIDÊNCIA SOCIAL DO MUNICÍPIO DE MACAÉ - MACAEPREV,Autarquia,RPPS
29116894000161,03388502000120,INSTITUTO DE PREVIDÊNCIA DOS SERVIDORES DO MUNICÍPIO DE CAMPOS DOS GOYTACAZES,Autarquia,RPPS
29116902000170,24363372000140,INSTITUTO DE PREVIDENCIA MUNICIPAL DE SAO JOAO DA BARRA,Autarquia,RPPS
29128741000134,07810523000142,FUNDO FINANCEIRO ESPECIAL DE CUSTEIO DA PREVIDÊNCIA MUNICIPAL - CARMOPREV,Autarquia,RPPS
29128766000138,39248745000100,INSTITUTO DE APOSENTADORIAS E PENSOES DE CACHOEIRAS DE MACACU IAPCM,Autarquia,RPPS
29131075000193,39511530000130,INSTITUTO DE SEGURIDADE SOCIAL DE MARICÁ,Autarquia,RPPS
29138278000101,03450083000109,Instituto de Previdência dos Servidores Municipais de Nova Iguaçu - PREVINI,Autarquia,RPPS
29138286000158,04939180000122,Instituto de Previdência dos Servidores do Município de Nilópolis - PREVINIL,Autarquia,RPPS
29138302000102,04764158000199,ITAPREVI,Autarquia,RPPS
29138310000159,36062230000122,PREVI Mangaratiba,Autarquia,RPPS
29138328000150,28453066000156,INSTITUTO DE PREVIDÊNCIA DOS SERVIDORES DO MUNICÍPIO DE DUQUE DE CAXIAS - IPMDC,Autarquia,RPPS
29138336000105,06083793000136,INSTITUTO DE PREVIDENCIA DOS SERVIDORES PÚBLICOS DA CIDADE DE SÃO JOÃO DE MERITI,Autarquia,RPPS
29138344000143,31157589000160,Instituto de Previdência e Assistência Social do Servidor Público do Município de Petrópolis - INPAS,Autarquia,RPPS
29138351000145,21237513000190,Fundo de Previdência Social de Magé,Autarquia,RPPS
29138369000147,04752512000165,Instituto dos Servidores Públicos Municipais de Teresópolis - Teresópolis Prev,Autarquia,RPPS
29138385000130,00708056000103,INSTITUTO DE PREVIDÊNCIA DE PARAÍBA DO SUL - PREVSUL,Autarquia,RPPS
29138393000186,01031100000148,IAPSS – Instituto de Aposentadorias e Pensões dos Servidores Públicos Municipais de Sapucaia,Autarquia,RPPS
29141322000132,13560304000155,FUNDO DE PREVIDENCIA SOCIAL DO MUNICIPIO DE PIRAI,Outros,RPPS
29172467000109,10590600000100,Instituto de Previdência Social do Município de Angra dos Reis - ANGRAPREV,Autarquia,RPPS
29178233000160,04947432000165,INSTITUTO DE PREVIDENCIA DOS SERVIDORES PÚBLICOS DO MUNICÍPIO DE RESENDE - RESENPREVI,Autarquia,RPPS
30417158000122,05400781000125,FUNDO DE PREVIDENCIA DO MUNICIPIO DE ITALVA,Outros,RPPS
31505027000160,35306813000199,Instituto de Previdência dos Servidores Públicos do Municipio de Quissamã - IPMQ,Autarquia,RPPS
31723570000133,05282378000149,INSTITUTO DE PREVIDÊNCIA SOCIAL DOS SERVIDORES PÚBLICOS DO MUNICÍPIO DE VARGEM ALTA,Autarquia,RPPS
31776479000186,32401614000171,INSTITUTO DE PREVIENCIA DOS SERV MUN DE JOÃO NEIVA,Autarquia,RPPS
31796584000187,05110021000183,INSTITUTO DE PREVIDENCIA DOS SERVIDORES PUBLICOS DO MUNICIPIO DE AGUIA BRANCA,Autarquia,RPPS
31844889000117,13233438000161,FUNDO MUNICIPAL DE APOSENTADORIAS E PENSOES DOS SERVIDORES PUBLICOS DO MUNICIPIO DE PATY DO ALFERES,Adm Direta,RPPS
31846892000170,03716646000168,Instituto de Previdência dos Servidores Públicos do Município de Itatiaia,Autarquia,RPPS
32147670000121,32557811000184,INSTITUTO DE PREVIDENCIA DOS SERVIDORES MUNICIPAIS DE SAQUAREMA - IPRES,Autarquia,RPPS
32165706000108,01834293000175,INSTITUTO DE APOSENTADORIAS E PENSÕES DO MUNICÍPIO DE SUMIDOURO,Autarquia,RPPS
32412819000152,06134286000184,FUPREVAS - Fundo de Previdência de Vassouras,Autarquia,RPPS
32415283000129,47144934000160,INSTITUTO DE PREVIDENCIA DO MUNICIPIO DE MIGUEL PEREIRA MP-PREVI,Autarquia,RPPS
32512501000143,13444605000113,Fundo de Previdência Social do Município de Volta Redonda,Outros,RPPS
32972424000104,15808565000177,FUNPREV - FUNDO MUNICIPAL DE PREVIDÊNCIA SOCIAL DOS SERVIDORES DE SÃO JOSÉ DO POVO,Adm Direta,RPPS
33000670000167,16538579000180,FUNAPEM - FUNDO MUNICIPAL DE PREVIDENCIA SOCIAL DE PONTAL DO ARAGUAIA,Adm Direta,RPPS
35050756000120,14014632000119,SISTEMA ÚNICO DE PREVIDÊNCIA SOCIAL DO SERVIDOR PÚBLICO DE FORTIM,Adm Direta,RPPS
35444991000186,09330107000172,FUNDO DE PREVIDENCIA DOS SERVIDORES DE CARNAUBEIRA DA PENHA - PRECAPE,Adm Direta,RPPS
35445485000101,07435007000185,INSTITUTO DE PREVIDENCIA DOS SERVIDORES PUBLICOS DE SANTA CRUZ DA BAIXA VERDE,Autarquia,RPPS
35445527000104,05636889000111,INSTITUTO DE PREVIDENCIA DOS SERVIDORES MUNICIPAIS DE QUIXABA,Autarquia,RPPS
35450790000191,08690580000106,INSTITUTO DE PREVIDENCIA DOS SERVIDORES DE JUCATI,Autarquia,RPPS
35667377000183,05542602000194,Fundo Previdenciário do Município de Dormentes,Adm Direta,RPPS
36288900000123,02402756000192,"Caixa de Assistência, Previdência e Pensões dos Servidores Públicos do Município de Aperibé",Outros,RPPS
36388445000138,39616875000158,INSTITUTO DE PREVIDÊNCIA DOS SERVIDORES DO MUNICÍPIO DE SANTA MARIA DE JETIBÁ,Autarquia,RPPS
36862621000121,07829410000199,FUNDO DE PREVIDENCIA DO MUNICÍPIO DE CIDADE OCIDENTAL,Autarquia,RPPS
37212719000104,23108791000173,Instituto de Previdência Social dos Servidores Municipais de Nova Alvorada do Sul - MS,Adm Direta,RPPS
37275823000130,15745613000125,FUNDO MUNICIPAL DE PREVIDÊNCIA DE SANTO ANTÔNIO DA BARRA,Autarquia,RPPS
37275849000188,01959426000130,RPPSMC,Autarquia,RPPS
37388378000114,12434136000199,FUNPRESVIB - Fundo de Previdência Social dos Servidores do Município de Vila Boa,Adm Direta,RPPS
37425451000180,31741472000129,PREV FUNDO MUNICIPAL DE PREVIDENCIA SOCIAL DO MUNICÍPIO DE ABREULÂNDIA - TO,Adm Direta,RPPS
37464161000146,04204754000114,PREVIMSA-PREV.SOCIAL DOS SERVIDORES PUBLICOS DO MUN.STO AFONSO - MT,Fundação Direito Público,RPPS
37464716000150,12850750000131,FUNDO DE PREVIDENCIA SOCIAL DOS SEVIDORES DOS SERVIDORES DE CONFRESA/MT,Autarquia,RPPS
37464955000100,24637657000122,AV. DOS IMIGRANTES N° 2.000,Adm Direta,RPPS
37464989000102,13715755000114,PREVINOM - FUNDO MUNICIPAL DE PREVIDENCIA SOCIAL.,Adm Direta,RPPS
37464997000140,37464997000140,PREVIPORA FUNDO MUNICIPAL DE PREVIDENCIA SOCIAL TABAPORA,Fundação Direito Público,RPPS
37465002000166,37465002000166,FUNDO MUNICIPAL DE PREVIDENCIA SOCIAL DE QUERÊNCIA,Autarquia,RPPS
37465176000129,02274804000104,IMPAS-FUNDO MUNICIPAL DE PREVIDENCIA SOCIAL DO MUNICIPO DE PLANALTO DA SERRA,Adm Direta,RPPS
37465309000167,05070835000131,Instituto Municipal de Previdência Social de Cotriguaçu,Autarquia,RPPS
37465408000149,04487545000125,LAMBARI-PREVI - FUNDO MUNICIPAL DE PREVIDÊCIA SOCIAL DOS SERVIDORES DE LAMBARI D' OESTE,Autarquia,RPPS
37465556000163,04732895000100,PREVVER FUNDO MUNICIPAL DE PREVIDENCIA SOCIAL,Autarquia,RPPS
37622164000160,05110120000165,UIRAPURU-PREVI FUNDO MUN. DE PREVIDÊNCIA SOCIAL DOS SERV. DE UIRAPURU-GO,Autarquia,RPPS
37623485000180,37622321000138,Instituto de Previdência Social do Município Santo Antonio de Goiás,Autarquia,RPPS
37623501000134,01124440000113,FUNDO MUNICIPAL DE PREVIDÊNCIA SOCIAL DE JESÚPOLIS - FUNPREJE,Autarquia,RPPS
39217831000155,02624843000194,"Caixa de Assistência, Previdência e Pensões dos Servidores Públicos do Municipio de Varre-Sai",Autarquia,RPPS
39223581000166,39691605000101,OSTRASPREV- RIO DAS OSTRAS PREVIDÊNCIA,Autarquia,RPPS
39228739000190,39714183000142,Fundo de Previdência do Município de Cardoso Moreira,Adm Direta,RPPS
39485396000140,06018338000157,INSTITUTO DE PREVIDENCIA DOS SERVIDORES PUBLICOS DO MUNICIPIO DE JAPERI - PREVI,Autarquia,RPPS
39485412000102,05639998000192,Instituto de Previdência dos Servidores Públicos do Município de Queimados,Autarquia,RPPS
39485438000142,04736032000100,INSTITUTO DE PREVIDÊNCIA DOS SEVIDORES PÚBLICOS DO MUNICÍPIO DE BELFORD ROXO,Autarquia,RPPS
39554597000151,19556698000154,Comendador Levy Gasparian Prev,Autarquia,RPPS
39554605000160,06309481000106,FUNDO MUNICIPAL DE PREVIDENCIA SOCIAL DO MUNICIPIO DE AREAL,Adm Direta,RPPS
39560008000148,06698764000189,Insituto de Previdência dos Servidores Públicos do Município de Quatis,Autarquia,RPPS
40893646000160,05634455000182,INSTITUTO DE PREVIDENCIA DOS SERVIDORES MUNICIPAIS DE VERTENTE DO LERIO IPVEL,Autarquia,RPPS
40893778000191,05018469000171,FUNDO PREVIDENCIÁRIO DO MUNICÍPIO DE LAGOA DO CARRO,Autarquia,RPPS
41522129000147,23119990000187,FUNDO PREVIDENCIARIO DO MUNICÍPIO DE SIGEFREDO PACHECO,Autarquia,RPPS
41522145000130,28039362000105,Fundo de Previdência Social do Município de São Braz do Piauí – SÃO BRAZ PREV,Adm Direta,RPPS
41522152000131,05645057000161,FUNDO DE PREVIDÊNCIA DO MUNICÍPIO DE ALEGRETE DO PIAUÍ,Adm Direta,RPPS
41522186000126,22625607000108,FUNDO PREVIDENCIÁRIO DO MUNICÍPIO DE PASSAGEM FRANCA DO PIAUÍ,Adm Direta,RPPS
41522194000172,21060936000188,Fundo Previdenciário do Município de Bom Princípio do Piauí,Adm Direta,RPPS
41522236000175,20781115000178,Fundo Previdenciário do Município de Brasileira - Brasileira Previdência,Autarquia,RPPS
41522327000100,04790005000116,FUNDO DE SEGURIDADE DO SERVIDOR PUBLICO DE LAGOA ALEGRE/PI,Adm Direta,RPPS
41522350000103,11657742000100,FUNDO PREVIDENCIÁRIO DO MUNICÍPIO DE COLONIA DO GURGUEIA,Adm Direta,RPPS
41563628000182,07158749000100,FUNDO MUNICIPAL DE SEGURIDADE SOCIAL DO MUNICÍPIO DE ITAITINGA - ITAITINGAPREV,Adm Direta,RPPS
42498600000171,03066219000181,Fundo Único de Previdência Social do Estado do Rio de Janeiro,Autarquia,RPPS
42498733000148,31941123000150,INSTITUTO DE PREVIDENCIA E ASSISTENCIA DO MUNICIPIO DO RIO DE JANEIRO,Autarquia,RPPS
44215846000114,07777646000129,ARAPREV - SERVIÇO DE PREVIDÊNCIA SOCIAL DO MUNICÍPIO DE ARARAS,Autarquia,RPPS
44229813000123,05324623000133,Instituto de Previdência dos Servidores Públicos do Município de Serrana,Autarquia,RPPS
44430783000119,04266480000198,Instituto de Previdencia Municipal - IPREM,Adm Direta,RPPS
44435121000131,59764258000107,INSTITUTO DE PREVIDENCIA MUNICIPAL DE BURITAMA,Autarquia,RPPS
44437820000110,15550573000166,Regime Próprio de Previdência Social,Adm Direta,RPPS
44438968000170,02365145000111,INSTITUTO DE PREVIDENCIA MUNICIPAL DE MIRANDOPOLIS,Autarquia,RPPS
44447126000184,04237782000138,INSTITUTO DE PREVIDENCIA DO MUNICIPIO DE ITAPURA,Autarquia,RPPS
44477909000100,59989830000136,INSTITUTO DE PREVIDÊNCIA DO MUNICÍPIO DE MARÍLIA - IPREMM,Autarquia,RPPS
44498467000189,15255907000179,FUNDO DE APOSENTADORIA E PENSÕES AOS FUNCIONÁRIOS PÚBLICOS MUNICIPAIS DE IGARAÇU DO TIETÊ,Adm Direta,RPPS
44518371000135,59991364000123,INSTITUTO DE APOSENTADORIA E PENSÃO DOS SERVIDORES PÚBLICOS DO MUNICÍPIO DE GARÇA,Autarquia,RPPS
44518488000119,13442366000162,FUNDO DE APOSENTADORIAS E PENSOES - FAPEN,Autarquia,RPPS
44518496000165,15252870000125,Fundo de Aposentadorias e Pensões de Júlio Mesquita,Outros,RPPS
44529592000109,03267532000188,FUNDO DE APOSENTADORIAS E PENSÕES DO MUNICÍPIO DE GUIAMBÊ - FAPEN,Autarquia,RPPS
44531788000138,44531788000138,Lins,Adm Direta,RGPS
44544690000115,02122662000160,Instituto de Previdência dos Funcionários Muniicipais de Taiaçu,Autarquia,RPPS
44547305000193,03066632000146,INSTITUTO MUNICIPAL DE SEGURIDADE SOCIAL - IMSS,Autarquia,RPPS
44547313000130,04932821000117,INSTITUTO MUNICIPAL DE PREVIDENCIA SOCIAL DE QUATA - IMPREV,Autarquia,RPPS
44723674000190,67165936000143,INSTITUTO DE PREVIDÊNCIA MUNICIPAL DE CAPIVARI - CAPIVARIPREV,Autarquia,RPPS
44723757000189,10875812000134,INSTITUTO DE PREVIDENCIA MUNICIPAL DE RAFARD,Autarquia,RPPS
44733608000109,68004118000121,SEPREV - SERVIÇO DE PREVIDÊNCIA E ASSISTÊNCIA A SAÚDE DOS SERVIDORES MUNICIPAIS DE INDAIATUBA,Autarquia,RPPS
44780609000104,66998014000154,INSTITUTO DE PREVIDENCIA DO MUNICIPIO DE BARRETOS,Autarquia,RPPS
44831733000143,04006005000182,Instituto de Previdência e Beneficios dos Servidores Públicos de Águas da Prata,Fundação Direito Público,RPPS
44847663000111,00734500000157,SERPREV SERVIÇO DE PREVIDENCIA SOCIAL DOS FUNCIONÁRIOS MUNICIPAIS DE SERRA NEGRA,Autarquia,RPPS
44882074000174,07447578000130,INSTITUTO DE PREVIDENCIA MUNICIPAL DE MONTE CASTELO,Autarquia,RPPS
44882223000103,04797984000134,INSTITUTO DE PREVIDÊNCIA DE NOVA GUATAPORANGA - IPRENOG,Autarquia,RPPS
44959021000104,17391027000155,GUARUJÁ PREVIDÊNCIA,Autarquia,RPPS
45093267000109,15271502000124,Fundo Municipal de seguridade de Bady Bassitt,Autarquia,RPPS
45094901000128,07581026000110,Instituto de Previdencia Municipal de Potirendaba,Autarquia,RPPS
45111952000110,06056117000173,INSTITUTO DE PREVIDENCIA DOS SERVIDORES PUBLICOS DO MUNICIPIO DE UCHOA - UCHOA PREV,Autarquia,RPPS
45112224000123,65711228000135,INSTITUTO DE PREVIDENCIA MUNICIPAL DE ESTRELA D´OESTE,Autarquia,RPPS
45116092000108,15317270000106,Regime Próprio de Previdência Social do Município de Meridiano,Adm Direta,RPPS
45116290000171,15335949000110,FUNDO DE PREVIDENCIA MUNICIPAL DE MIRA ESTRELA,Fundação Direito Público,RPPS
45116712000109,07910175000185,INSTITUTO DE PREVIDENCIA MUNICIPAL DE SÃO JOÃO DAS DUAS PONTES,Autarquia,RPPS
45122603000102,45118189000150,Instituto de Previdência dos Municipiários de Catanduva,Autarquia,RPPS
45126851000113,03122091000126,FUNDO MUNICIPAL DE SEGURIDADE SOCIAL DE ITAJOBI,Autarquia,RPPS
45127248000156,09653309000155,INSTITUTO DE PREVIDÊNCIA DOS SERVIDORES PÚBLICOS DO MUNICÍPIO DE PARAÍSO,Autarquia,RPPS
45131885000104,65711129000153,Instituto Municipal de Previdência Social de Jales,Autarquia,RPPS
45132495000140,09626556000162,Instituto de Previdencia Municipal de Limeira - IPML,Autarquia,RPPS
45132719000114,65712028000105,INSTITUTO DE PREVIDENCIA MUNICIPAL DE MARINÓPOLIS - IPREM,Autarquia,RPPS
45134236000159,04863234000113,INSTITUTO DE PREVIDENCIA MUNICIPALDE PARANAPUÃ,Autarquia,RPPS
45135043000112,05142651000130,INSTITUTO DE PREVIDENCIA MUNICIPAL DE RUBINÉIA,Autarquia,RPPS
45135530000185,05102787000116,INSTITUTO DE PREVIDÊNCIA MUNICIPAL DE SANTA ALBERTINA,Autarquia,RPPS
45138070000149,00798851000121,SANTAFEPREV - INSTITUTO MUN. DE PREVIDENCIA SOCIAL,Autarquia,RPPS
45138336000153,04952761000102,Instituto de Previdência Municipal de Santa Rita d' Oeste - SP,Autarquia,RPPS
45139482000101,07429231000164,INSTITUTO DE PREVIDÊNCIA DE TURMALINA,Autarquia,RPPS
45145414000147,18641776000156,FUNDO MUNICIPAL DE SEGURIDADE DE NEVES PAULISTA,Autarquia,RPPS
45148699000170,15457917000197,FUNDO DE PREVIDENCIA SOCIAL DE ONDA VERDE,Outros,RPPS
45148970000177,15531990000161,FUNDO MUNICIPAL DE SEGURIDADE DE ORINDIUVA,Autarquia,RPPS
45150166000122,71745525000102,INSTITUTO DE PREVIDÊNCIA DO MUNICÍPIO DE PAULO DE FARIA,Autarquia,RPPS
45162328000142,15631031000118,FUNDO DE PREVIDÊNCIA MUNICIPAL DE PONTES GESTAL,Autarquia,RPPS
45176005000108,72311392000110,INSTITUTO DE PREVIDÊNCIA DO MUNICÍPIO DE TAUBATÉ,Autarquia,RPPS
45226214000119,19434722000182,FUNDO DE PREVIDÊNCIA MUNICIPAL DE PINDAMONHANGABA,Adm Direta,RGPS
45228319000107,04756117000150,FUNDO DE APOSENTADORIA DO MUNICIPIO DE CRAVINHOS - FAPEM,Autarquia,RPPS
45279627000161,10543660000172,Instituto de Previdência dos Servidores Públicos do Município de Piracaia - PIRAPREV,Autarquia,RPPS
45281144000100,13891469000100,FUNDO MUNICIPAL DE APOSENTADORIA E PENSÃO,Fundação Direito Público,RPPS
45298569000113,04189357000110,INSTITUTO DE PREVIDENCIA MUNICIPAL DE ALTINOPOLIS,Autarquia,RPPS
45301652000102,04897737000100,INSTITUTO DE PREVIDENCIA DOS SERVIDORES PUBLICOS DO MUNICIPIO DE BRODOWSKI,Autarquia,RPPS
45324290000167,10959076000100,PREVIGARAPAVA - INSTITUTO DE PREVIDENCIA MUNICIPAL DE IGARAPAVA,Autarquia,RPPS
45331188000199,04106469000160,Instituto de Previdência dos Servidores Municipais de Conchal,Autarquia,RPPS
45331196000135,10625602000198,Instituto de Previdencia Municipal de Santo Antonio de Posse - IPREM-POSSE,Autarquia,RPPS
45339363000194,04073373000143,Instituto de Previdência Social dos Servidores Públicos do Município de Porto Ferreira - PORTOPREV,Autarquia,RPPS
45345899000112,05315227000140,INSTITUTO DE PREVIDENCIA MUNICIPAL DE MORRO AGUDO,Autarquia,RPPS
45351749000111,05509966000172,INSTITUTO DE PREVIDÊNCIA DOS SERVIDORES PÚBLICOS MUNICIPAIS DE ORLÂNDIA,Autarquia,RPPS
45353307000104,06082303000187,Instituto de Previdência dos Servidores Públicos do Município de Miguelópolis,Autarquia,RPPS
45355575000165,06090929000135,INSTITUTO DE PREVIDÊNCIA MUNICIPAL DE IBATÉ-IPREI,Autarquia,RPPS
45370707000128,05360812000161,INSTITUTO DE PREV. DOS SERVIDORES PÚBLICOS DO MUN. DE PITANGUEIRAS,Autarquia,RPPS
45371820000128,31417180000135,INSTITUTO DE PREVIDÊNCIA DOS SERVIDORES MUNICIPAIS DE SERTÃOZINHO,Autarquia,RPPS
45374261000100,05239286000186,Instituto de Previdência de Cândido Rodrigues,Autarquia,RPPS
45660602000103,05568020000187,Instituto de Previdência e Assistência Social do Município de Gastão Vidigal,Autarquia,RPPS
45660610000150,02321302000197,Instituto de Previdência Municipal de General Salgado,Autarquia,RPPS
45660628000151,63892350000120,INSTITUTO DE PREVIDÊNCIA MUNICIPAL DE MAGDA,Autarquia,RPPS
45685872000179,64037930000100,ORGANIZAÇÃO MUNICIPAL DE SEGURIDADE SOCIAL,Autarquia,RPPS
45709896000110,20593306000106,INSTITUTO DE PREVIDENCIA SOCIAL DO MUNICIPIO DE TERRA ROXA,Autarquia,RPPS
45709912000175,05249019000190,IMPREV - Instituto Municipal de Previdência de Viradouro,Autarquia,RPPS
45709920000111,51807816000162,Serviço Assistencial dos Funcionários e Servidores Municipais de Bebedouro - SASEMB,Autarquia,RPPS
45724952000196,59765420000101,INSTITUTO DE PREVIDENCIA DO MUNICIPIO DE TURIUBA,Autarquia,Extinção RPPS
45726445000191,15346479000190,FUNDO DE PREVIDÊNCIA MUNICIPAL DE UNIÃO PAULISTA,Autarquia,RPPS
45728326000178,15509798000179,PREVI - GUAPIAÇU,Autarquia,RPPS
45735552000186,04857976000136,FUNDO DE PREVIDENCIA E BENEFÍCIOS DOS SERV. PUBL. DO MUNICIPIO DE ARTUR NOGUEIRA,Autarquia,RPPS
45741659000137,00526975000158,INSTITUTO MUNICIPAL DE PREVIDÊNCIA DE SÃO JOSÉ DO RIO PARDO,Autarquia,RPPS
45742707000101,05869275000180,INSTITUTO DE PREVIDÊNCIA DOS SERVIDORES PÚBLICOS DO MUNICÍPIO DE TAPIRATIBA,Autarquia,RPPS
45749819000194,07182887000125,INSTITUTO DE PREVIDÊNCIA DOS SERVIDORES MUNICIPAIS DE SANTA RITA DO PASSA QUATRO,Autarquia,RPPS
45751435000106,04882772000155,INSTITUTO DE PREVIDENCIA DOS FUNCIONARIOS PUBLICOS DO MUNICIPIO DE PAULINIA,Autarquia,RPPS
45774064000188,09345021000113,INSTITUTO DE PREVIDÊNCIA DO MUNICÍPIO DE RIO CLARO,Autarquia,RPPS
45780061000157,23907409000191,Instituto de Previdência Social dos Servidores Municipais de Itupeva - Itupeva Previdência,Autarquia,RPPS
45780087000103,13571196000116,FUNDO DE SEGURIDADE SOCIAL E DE BENEFÍCIOS DOS FUNCIONÁRIOS PÚBLICOS DE VÁRZEA PAULISTA,Fundação Direito Público,RPPS
45780103000150,05507216000161,Instituto de Previdência do Município de Jundiaí,Autarquia,RPPS
45781176000166,12937005000124,INSTITUTO DE PREVIDÊNCIA SOCIAL DOS SERVIDORES MUNICIPAIS DE AMERICANA,Autarquia,RPPS
45787652000156,04865518000149,INSTITUTO DE PREVIDÊNCIA DOS SERVIDORES PÚBLICOS DE MONTE MOR,Autarquia,RPPS
45787660000100,10742819000188,Fundo de Previdência Social do Município de Sumaré,Adm Direta,RPPS
45787678000102,18853149000189,INSTITUTO DE PREVIDÊNCIA SOCIAL DOS SERVIDORES MUNICIPAIS DE VALINHOS,Autarquia,RPPS
46137410000180,46139960000138,Fundação de Previdência dos Servidores Públicos Municipais Efetivos de Bauru - FUNPREV,Fundação Direito Público,RPPS
46137451000176,05110619000172,INSTITUTO DE PREVIDÊNCIA MUNICIPAL DE PIRATININGA,Autarquia,RPPS
46151718000180,05078585000186,INSTITUTO DE PREVIDENCIA DO MUNICIPIO DE BIRIGUI-BIRIGUIPREV,Autarquia,RPPS
46177523000109,05448443000163,INSTITUTO DE PREVIDENCIA DOS SERVIDORES MUNICIPAIS DE SÃO VICENTE,Autarquia,RPPS
46177531000155,46922309000130,FUNDO PREVIDENCIARIO DOS SERVIDORES PUBLICOS DE PRAIA GRANDE - FPGPREV,Adm Direta,RPPS
46179941000135,05291631000120,INSTITUTO DE PREVIDÊNCIA DOS SERVIDORES PÚBLICOS DO MUNICÍPIO DE ASSIS,Autarquia,RPPS
46179958000192,05380490000112,Instituto de Previdência dos Servidores Públicos do Municipio de Cândido Mota,Autarquia,RPPS
46200846000176,07556356000155,INSTITUTO DE PREVIDÊNCIA MUNICIPAL DE LENÇÓIS PAULISTA - IPREM,Autarquia,RPPS
46200853000178,04082090000168,IPREMAC - Instituto de Previdência Municipal de Macatuba,Autarquia,RPPS
46248837000155,15180781000110,FUNDO DE PREVIDENCIA DOS SERVIDORES DE VARGEM GRANDE DO SUL,Outros,RPPS
46316600000164,04704773000100,Instituto de Previdencia dos Servidores Municipais de Itaquaquecetuba,Autarquia,RPPS
46319000000150,52373396000116,Instituto de Previdência dos Funcionários Públicos Municipais de Guarulho,Autarquia,RPPS
46341038000129,51327724000185,IPASP - INSTITUTO DE PREVIDÊNCIA E ASSISTÊNCIA SOCIAL DOS FUNCIONÁRIOS MUNICIPAIS DE PIRACICABA,Autarquia,RPPS
46362661000168,11639339000159,LEMEPREV - Instituto de Previdência do Município de Leme,Autarquia,RPPS
46363933000144,18009906000132,FUNDO DE PREVIDENCIA DO MUNICIPIO DE LOUVEIRA,Adm Direta,RPPS
46373445000118,15609532000106,Fundo Previdenciário do Município de Tambaú - Fuprevit,Autarquia,RPPS
46379400000150,09041213000136,São Paulo Previdência -SPPREV,Autarquia,RPPS
46395000000139,47109087000101,Instituto de Previdência Municipal de São Paulo,Autarquia,RPPS
46410866000171,15697698000113,FUNDO ESPECIAL DE PREVIDÊNCIA SOCIAL DE JAGUARIUNA,Adm Direta,RPPS
46429379000150,05774894000190,INSTITUTO DE PREVIDENCIA DOS SERVIDORES PÚBLICOS DO MUNICÍPIO DE SÃO JOÃO DA BOA VISTA,Autarquia,RPPS
46435921000188,05119717000170,INSTITUTO DE PREVIDÊNCIA DO MUNICÍPIO DE DIVINOLÂNDIA,Autarquia,RPPS
46444790000103,04046640000193,PREVIDENCIA SOCIAL MUNICIPAL DE JOAO RAMALHO,Adm Direta,RPPS
46476131000140,04988533000184,IPREVEN - Instituto de Previdência Municipal de Presidente Venceslau,Autarquia,RPPS
46482832000192,15372714000106,INSTITUTO PREVIDENCIARIO DO MUNICIPIO DE SAO SEBASTIAO - SAO SEBASTIAO PREV,Autarquia,RPPS
46482840000139,04332948000103,Instituto de Previdência do Servidor Público do Município de Caraguatatuba - CaraguaPrev,Autarquia,RPPS
46482857000196,04921738000142,INSTITUTO DE PREVIDÊNCIA MUNICIPAL DE UBATUBA - IPMU,Autarquia,RPPS
46482865000132,07984395000153,INSTITUTO DE PREVIDÊNCIA DOS SERVIDORES PÚBLICOS DE ILHABELA,Autarquia,RPPS
46522942000130,57602096000185,INSTITUTO DE PREVIDÊNCIA DE SANTO ANDRÉ,Autarquia,RPPS
46522967000134,05481291000109,Instituto Municipal de Previdência Social de Ribeirão Pires,Autarquia,RPPS
46522975000180,03463463000188,FUNDO DE PREVIDENCIA MUNICIPAL DOS SERVIDORES PÚBLICOS DE RIO GRANDE DA SERRA,Adm Direta,RPPS
46522983000127,01778583000149,CAIXA DE PREVIDENCIA E ASSISTENCIA DOS SERVIDORES MUNICIPAIS DE SANTANA DE PARNAIBA,Autarquia,RPPS
46522991000173,04725003000143,IPREJAN INSTITUTO DE PREVIDENCIA MUNICIPAL DE JANDIRA,Autarquia,RPPS
46523007000199,59055145000132,Instituto de Previdencia e Assistencia Social de Pirapora do Bom Jesus,Autarquia,RPPS
46523015000135,08434600000170,IPRESB - INSTITUTO DE PREVIDENCIA SOCIAL DOS SERVIDORES MUNICIPAIS DE BARUERI,Autarquia,RPPS
46523023000181,02675642000116,INSTITUTO DE PREVIDÊNCIA SOCIAL DOS SERVIDORES DE CAJAMAR,Autarquia,RPPS
46523031000128,11377303000144,FUNDO DE PREVIDENCIA DO MUNICIPIO DE ITAPEVI,Fundação Direito Público,RPPS
46523049000120,05309993000100,INSTITUTO DE PREVFIDÊNCIA DOS SERVIDORES PÚBLICOS DO MUNICÍPIO DE COTIA,Autarquia,RPPS
46523056000121,16837343000145,INSTITUTO DE PREVIDÊNCIA DO MUNICÍPIO DE SUZANO,Autarquia,RPPS
46523064000178,13123565000108,Instituto de Previdencia Municipal de Caieiras - IPREM CAIEIRAS,Autarquia,RPPS
46523072000114,11898138000176,FUNDO DE PREVIDENCIA SOCIAL DO MUNICIPIO DE FRANCISCO MORATO,Fundação Direito Público,RPPS
46523080000160,96493648000116,SERVIÇO MUNICIPAL DE PREVIDÊNCIA SOCIAL - SEPREV,Autarquia,RPPS
46523114000117,11758142000139,FUNDO DE PREVIDENCIA SOCIAL DO MUNICIPIO DE EMBU DAS ARTES - EMBUPREV,Adm Direta,RPPS
46523122000163,08940472000136,Taboãoprev Autarquia Previdenciária do Município de Taboão da Serra,Autarquia,RPPS
46523130000100,22182519000170,INSTITUTO DE PREVIDÊNCIA DO MUNICÍPIO DE ITAPECERICA DA SERRA,Autarquia,RPPS
46523163000150,06292868000199,Instituto de Previdência dos Servidores Públicos do Município de Mairiporã,Autarquia,RPPS
46523171000104,46621538000114,INSTITUTO DE PREVIDENCIA DO MUNICIPIO DE OSASCO,Autarquia,RPPS
46523239000147,14337579000197,INSTITUTO DE PREVIDÊNCIA DO MUNICÍPIO DE SÃO BERNARDO DO CAMPO,Autarquia,RPPS
46523247000193,00438795000114,Instituto de Previdência do Servidor Municipal de Diadema,Autarquia,RPPS
46523270000188,07544655000170,INSTITUTO DE PREVIDÊNCIA MUNICIPAL DE MOGI DAS CRUZES,Autarquia,RPPS
46523288000180,06072304000140,INSTITUTO DE PREVIDÊNCIA DOS SERVIDORES PÚBLICOS DO MUNICÍPIO DE BIRITIBA MIRIM,Autarquia,RPPS
46578498000175,08424027000113,Instituto De Previdência dos Servidores Públicos do Município de Itanhaém - ItanhaemPrev,Autarquia,RPPS
46578514000120,07849816000133,INSTITUTO DE PREVIDÊNCIA MUNICIPAL DE PERUÍBE - PERUIBEPREV,Autarquia,RPPS
46588950000180,04841899000126,REGIME PRÓPRIO DE PREVIDÊNCIA SOCIAL DE SÃO JOSÉ DO RIO PRETO,Autarquia,RPPS
46596151000155,05009757000160,Instituto de Previdência dos Servidores Públicos do Município de Olímpia - OlimpiaPrev,Autarquia,RPPS
46596235000199,07216942000150,INSTITUTO DE PREVIDENCIA MUNICIPAL DE SEVERINIA,Autarquia,RPPS
46596318000188,46596318000188,Fundo Municipal de Seguridade Social,Fundação Direito Público,RPPS
46599809000182,15042362000112,INSTITUTO DE PREVIDENCIA DO MUNICIPIO DE VOTUPORANGA,Autarquia,RPPS
46599825000175,05014690000151,INSTITUTO DE PREVIDÊNCIA MUNICIPAL DE CARDOSO,Autarquia,RPPS
46599833000111,15209937000149,FUNDO DE PREVIDENCIA MUNICIPAL DE VALENTIM GENTIL,Adm Direta,RPPS
46603395000118,00409769000168,INSTITUTO DE PREVIDÊNCIA MUNICIPAL DE SÃO FRANCISCO,Autarquia,RPPS
46605051000148,65712119000132,INSTITUTO DE PREVIDENCIA MUNICIPAL,Autarquia,RPPS
46609731000130,04864243000129,INSTITUTO DE PREVIDENCIA MUNICIPAL DE PALMEIRA D' OESTE,Autarquia,RPPS
46611117000102,71748057000111,Instituto de Previdencia Municipal de Urânia,Autarquia,RPPS
46613196000190,07317483000100,INSTITUTO DE PREVIDENCIA MUNICIPAL DE SALES,Autarquia,RPPS
46634044000174,67366310000103,FUNDAÇÃO DA SEGURIDADE SOCIAL DOS SERVIDORES PÚBLICOS MUNICIPAIS DE SOROCABA,Fundação Direito Público,RPPS
46634051000176,01644118000115,Fundação da Seguridade Social dos Funcionários Públicos do Município de Votorantim,Autarquia,RPPS
46634093000107,00465496000179,Salto de Pirapora Fundação Pública da Previdência dos Funcionários Públicos Municipais,Adm Direta,RPPS
46634101000115,14381084000165,INSTITUTO DE PREVIDÊNCIA SOCIAL DOS SERVIDORES DE BOTUCATU,Autarquia,RPPS
46634127000163,66493396000164,CAIXA DE APOSENTADORIA E PREVIDENCIA DOS SERVIDORES MUNICIPAIS DE ITATINGA,Autarquia,RPPS
46634168000150,06087115000141,Instituto de Previdência dos Servidores Públicos do Município de Avaré,Autarquia,RPPS
46634176000104,57268617000100,CAPSMAR - CAIXA DE APOSENTADORIA E PREVIDENCIA DOS SERVIDORES PUBLICOS,Autarquia,RPPS
46634184000142,07041571000113,INSTITUTO DE PREVIDÊNCIA SOCIAL DOS SERVIDORES PÚBLICOS DO MUNICÍPIO DE CERQUEIRA CÉSAR,Autarquia,RPPS
46634192000199,05108497000180,INSTITUTO DE PREVIDENCIA MUNICIPAL DE CORONEL MACEDO,Autarquia,RPPS
46634200000105,06040762000106,Caixa de Previdência Social Municipal De Itaí,Autarquia,RPPS
46634218000107,03148801000197,CAPSTUBA - Caixa de Aposentadoria e Pensão dos Servidores Municipais de Taquarituba,Autarquia,RPPS
46634291000170,50818947000182,Serviço de Previdencia Municipal de Itapetininga,Autarquia,RPPS
46634309000134,05152243000169,Instituto de Previdência Social dos Funcionários Públicos da Estância Turística de Paranapanema,Autarquia,RPPS
46634358000177,15224648000119,Instituto de Previdencia Municipal de Itapeva,Autarquia,RPPS
46634382000106,02922449000132,Instituto de Previdência dos Servidores Publicos do Município de Buri - SP _ IPASB,Autarquia,RPPS
46634440000100,12870883000170,INSTITUTO DE PREVIDÊNCIA SOCIAL DOS SERVIDORES MUNICIPAIS DE ITU- ITUPREV,Autarquia,RPPS
46634481000198,07381646000105,Instituto de Previdência Social dos Sercidores Públicos do Município de Porto Feliz,Autarquia,RPPS
46634523000190,01671721000196,INSTITUTO DE PREVIDÊNCIA MUNICIPAL DE SÃO MANUEL,Autarquia,RPPS
46634564000187,11167104000101,Instituto de Previdência Própria do Município de Tatuí,Autarquia,RPPS
46634614000126,16539300000183,FUNDO DE APOSENTADORIA E PENSÕES DOS SERVIDORES PÚBLICOS DO MUNICÍPIO DE CERQUILHO,Autarquia,RPPS
46643466000106,96490479000160,INSTITUTO DE PREVIDENCIA DO SERVIDOR MUNICIPAL,Adm Direta,RPPS
46643474000152,65054272000110,INSTITUTO DE PREVIDENCIA DO MUNICIPIO DE PARAIBUNA,Autarquia,RPPS
46694139000183,96484134000102,INSTITUTO DE PREVIDÊNCIA DO MUNICÍPIO DE JACAREÍ,Autarquia,RPPS
46710422000151,14072074000148,Departamento de Gestão Previdenciária | Fundo Municipal de Seguridade,Adm Direta,RPPS
46756029000107,06064431000106,INSTITUTO DE PREVIDENCIA DOS SERVIDORES MUNICIPAIS DE SALES OLIVEIRA,Adm Direta,RPPS
47492806000108,47498340000158,CAIXA DE PREVIDENCIA DOS SERVIDORES MUNICIPAIS DE CUBATAO,Autarquia,RPPS
47842836000105,65711285000114,INSTITUTO DE PREVIDÊNCIA MUNICIPAL IPREM,Autarquia,RPPS
48344014000159,07253706000104,FUNDO MUNICIPAL DE PREVIDÊNCIA DOS SERVIDORES PÚBLICOS DO MUNICÍPIO DE GUAÍRA,Outros,RPPS
48813638000178,13064477000182,Instituto Municipal de Previdência Social dos Servidores Públicos de Regente Feijó - SP REGENPREV,Autarquia,Extinção RPPS
50387844000105,68327642000133,"Serviço de Previdência, Saúde e Assistência Municipal - SEPREM",Autarquia,RPPS
51842177000176,11463861000122,INSTITUTO DE PREVIDENCIA MUNICIPAL DE POPULINA,Autarquia,RPPS
51848943000100,16731985000165,FUNDO MUNICIPAL DE SEGURIDADE SOCIAL DE MACAUBAL,Autarquia,RPPS
51885242000140,06916689000185,INSTITUTO DE PREVIDÊNCIA SOCIAL DO MUNICÍPIO DE CAMPINAS - CAMPREV,Autarquia,RPPS
52359692000162,10642943000171,Instituto de Previdência dos Servidores Públicos do Município de Bom Jesus dos Perdões,Autarquia,RPPS
52382702000180,66998030000147,Instituto de Previdência e Assistência aos Servidores Públicos - IPASP,Outros,RPPS
52879780000195,16685037000130,FUNDO MUNICIPAL DE PREVIDENCIA SOCIAL DE SEBASTIANÓPOLIS DO SUL,Autarquia,RPPS
53099149000136,05288846000192,INSTITUTO DE PREVIDENCIA DOS SERVIDORES PUBLICOS DO MUNICIPIO DE NOVA LUZITANIA,Autarquia,RPPS
53221941000111,04469155000122,Instituto de Previdência Social do Município de Floreal,Autarquia,RPPS
53307906000110,04988769000110,INSTITUTO DE PREVIDÊNCIA MUNICIPAL DE CAIUÁ,Fundação Direito Público,RPPS
53415717000160,05591313000185,Instituto de Previdência dos Servidores Públicos do Município de Ourinhos,Autarquia,RPPS
55356653000108,04794805000105,Prudenprev Sistema de Previdência Municipal,Autarquia,RPPS
56024581000156,00118735000114,INSTITUTO DE PREVIDENCIA DOS MUNICIPIÁRIOS DE RIBEIRÃO PRETO,Autarquia,RPPS
58200015000183,08717299000101,INSTITUTO DE PREVIDENCIA SOCIAL DOS SERVIDORES PÚBLICOS MUNICIPAIS DE SANTOS - IPREV SANTOS,Autarquia,RPPS
58993577000121,02785633000188,INSTITUTO MUNICIPAL DE SEGURIDADE SOCIAL DE ARAÇARIGUAMA - IMSS,Autarquia,RPPS
59754648000104,59761494000170,INSTITUTO DE PREVIDÊNCIA MUNICIPAL DE ILHA SOLTEIRA,Autarquia,RPPS
59764472000163,04812451000184,INSTITUTO DE PREVIDÊNCIA MUNICIPAL DE SÃO JOÃO DE IRACEMA,Autarquia,RPPS
59764944000188,00427990000149,INSTITUTO DE PREVIDENCIA MUNICIPAL DE SUZANÁPOLIS,Autarquia,RPPS
59854927000131,02925383000134,Serviço de Previdência do Município de Monções,Autarquia,RPPS
59858134000190,14359991000108,FUNDO MUNICIPAL DE SEGURIDADE SOCIAL DE PARISI,Outros,RPPS
63386627000142,16538408000151,FUNDO MUNICIPAL DE SEGURIDADE SOCIAL DO SERVIDOR PúBLICO,Adm Direta,RPPS
63606479000124,07756076000190,INSTITUTO DE PREVIDENCIA DO ESTADO DO ACRE,Autarquia,RPPS
63761944000100,13363520000100,INSTITUTO DE PREVIDENCIA MUNICIPAL DE GOVERNADOR JORGE TEIXEIRA/RO,Autarquia,RPPS
63761969000103,63761969000103,INSTITUTO DE PREVIDENCIA SOCIAL DOS SERVIDORES PÚBLICOS MUNICIPAIS DE CASTANHEIRAS IPC,Autarquia,RPPS
63761985000198,84645928000113,INSTITUTO DE PREVIDÊNCIA DOS SERVIDORES PÚBLICOS MUNICIPAIS DDE MONTE NEGRO,Autarquia,Extinção RPPS
63761993000134,14555818000185,Instituto de Previdencia Social dos Servidores Públicos de Seringueiras,Autarquia,Extinção RPPS
63762009000150,08611715000192,INSTITUTO DE PREVIDENCIA SOCIAL DE NOVO HORIZONTE DO OESTE,Autarquia,RPPS
63762033000199,84722560000140,INSTITUTO DE PREVIDENCIA SOCIAL DOS SERVIDORES PUBLICOS DO MUNICIPIO DE CAMPO NOVO DE RONDONIA,Adm Direta,RPPS
63762058000192,07828314000126,Instituto de Previdência dos Servidores Públicos do Município de Cacaulândia,Autarquia,RPPS
63786990000155,11305963000110,INSTITUTO DE PREVIDENCIA DO MUNICIPIO DE VALE DO PARAISO,Autarquia,RPPS
63787071000104,49560572000114,FUNDO PREVIDENCIARIO DE MIRANTE DA SERRA,Adm Direta,Extinção RPPS
64487614000122,22869532000100,Instituto de Previdencia Municipal de Juatuba,Autarquia,RPPS
64614449000122,15338702000157,FUNDO MUNICIPAL DE APOSENTADORIA E PENSÃO - FUMAP,Adm Direta,RPPS
65708760000101,04294935000189,INSTITUTO DE PREVIDENCIA MUNICIPAL DE ZACARIAS,Autarquia,RPPS
65711954000158,04762957000126,INSTITUTO DE PREVIDÊNCIA MUNIC DE NOVA CANAA PAULISTA,Autarquia,RPPS
65711988000142,04864270000100,INSTITUTO DE PREVIDENCIA MUNICIPAL DE DIRCE REIS - IPREM,Autarquia,RPPS
65712002000159,05146146000163,INSTITUTO DE PREVIDÊNCIA MUNICIPAL DE ASPÁSIA,Autarquia,RPPS
65712069000193,03965565000100,INSTITUTO DE PREVIDÊNCIA MUNICIPAL DE MESÓPOLIS,Autarquia,RPPS
65712077000130,04357039000111,INSTITUTO DE PREVIDENCIA MUNICIPAL DE PONTALINDA,Autarquia,RPPS
66232521000182,05095900000183,Fundo Previdenciário do Município de São João do Manhuaçu,Autarquia,RPPS
67172437000183,05128453000111,INSTITUTO DE PREVIDÊNCIA MUNICIPAL DOS SERVIDORES PÚBLICOS DA ESTÂNCIA TURÍSTICA DE HOLAMBRA - IPMH,Autarquia,RPPS
67360446000106,02005383000116,SEPREM RG SERVIÇO DE PREVIDENCIA MUNIC.DE RIBEIRÃO GRANDE,Autarquia,RPPS
67995027000132,01335616000186,Instituto de Previdência dos Servidores Públicos Municipais de Hortolândia,Autarquia,RPPS
67996363000108,07646426000166,Inst. Prev. Serv. Público de Engenheiro Coelho - Sp,Autarquia,RPPS
68020916000147,02581343000112,INSTITUTO DE PREVIDENCIA SOCIAL DOS SERVIDORES PUBLICOS DO MUNICIPIO DE BERTIOGA - BERTPREV,Autarquia,RPPS
68703834000105,09686727000149,REGIME PROPRIO DE PREVIDENCIA SOCIAL DE TUNAS DO PARANA,Autarquia,RPPS
70946009000175,45664616000103,INSTITUTO DE PREVIDENCIA SOCIAL DOS SERVIDORES MUNICIPAIS DE SAO ROQUE,Autarquia,RPPS
72130818000130,03321503000157,INSTITUTO DE PREVIDÊNCIA DO SERVIDOR MUNICIPAL DE TAQUARITINGA,Autarquia,RPPS
75326066000175,00898427000159,INSTITUTO DE PREV E ASSIS DO MUNICIPIO DE OTACILIO COST,Autarquia,RPPS
75352062000161,04283506000106,Instituto de Previdência dos Servidores de Munhoz de Melo,Autarquia,RPPS
75370148000117,14771747000158,FUNDO DE PREVIDENCIA DO MUNICIPIO DE PEABIRU,Fundação Direito Público,RPPS
75371401000157,01600982000115,PREVISRON - PREVIDENCIA SOCIAL DOS SERVIDORES PUBLICOS DO MUNICIPIO DE RONCADOR,Autarquia,RPPS
75381178000129,04958376000164,FUNDO DE PREVIDENCIA DO MUNICIPIO DE SÃO TOME - FUNPREST,Adm Direta,RPPS
75442756000190,05020895000140,Instituto de Previdência dos Servidores Públicos do Município de Cambará,Outros,RPPS
75458836000133,04424482000168,FUNDO PREVIDENCIÁRIO MUNICIPAL DE ITAÚNA DO SUL,Autarquia,RPPS
75461970000193,74081498000109,Fundo Previdenciario Municipal dePorto Rico,Fundação Direito Público,RPPS
75475038000110,00073108000104,FUNDO DE PREVIDENCIA M. DE AMAPORÃ,Fundação Direito Público,RPPS
75587204000170,00830215000130,PREVISTERRA-Previdência Social dos Servidores Públicos Municipais de Terra Roxa - PR,Autarquia,RPPS
75654574000182,04525731000101,CAIXA DE APOSENTADORIA E PENSÃO DOS SERVIDORES MUNICIPAIS DE IRATI,Autarquia,RPPS
75658377000131,05493720000150,Instituto de Previdencia dos Servidores Municipais de Arapoti,Autarquia,RPPS
75666131000101,07703928000181,Fundo Municipal de Previdência de Barracão,Outros,RPPS
75680025000182,04887994000160,Previdencia Social dos Servidores Públicos do Municipio de Palmital,Autarquia,RPPS
75730994000109,05137967000133,Instituto de Previdência dos Servidores Públicos do Município de Nova Esperança - PR,Fundação Direito Público,RPPS
75731018000162,05238078000162,FUNDO DE PREVIDENCIA SOCIAL DO MUNICÍPIO DE ATALAIA,Autarquia,RPPS
75731034000155,04793441000149,Instituto de Previdencia do Município de Cruzeiro do Sul,Autarquia,RPPS
75732057000184,20237599000199,Autarquia Municipal de Previdência Social dos Servidores Públicos de Município de Cambé PR,Autarquia,RPPS
75738484000170,04767377000121,FAPESPI – FUNDO DE APOSENTADORIA E PENSÃO DO MUNICÍPIO DE IPORÃ,Outros,RPPS
75743377000130,02460655000178,CAIXA DE PREVIDÊNCIA SOCIAL DO SERVIDOR PÚBLICO DO MUNICÍPIO DE ASTORGA,Autarquia,RPPS
75771204000125,05541129000120,INSTITUTO DE PREVIDÊNCIA DOS SERVIDORES PÚBLICOS DO MUNICÍPIO DE JANDAIA DO SUL,Autarquia,RPPS
75771261000104,06973261000174,INSTITUTO DE PREVIDENCIA DOS SERVIDORES PÚBLICOS MUNICIPAIS DE BOM SUCESSSO,Autarquia,RPPS
75771477000170,78634771000128,"Caixa de Assistência, Aposentadoria e Pensões dos Servidores Municipais de Londrina",Autarquia,RPPS
75772400000114,13489999000126,Fundo de Previdência Social dos Servidores Públicos do Município de Flórida,Outros,RPPS
75788349000139,05220745000180,Instituto de Previdência dos Servidores Públicos do Município de Japurá,Autarquia,RPPS
75789552000120,01048489000134,INSTITUTO DE PREVIDENCIA DOS SERVIDORES PUBLICOS DE JUSSARA,Adm Direta,RPPS
75793786000140,05258053000120,Fundo de Previdência Municipal de Terra Boa,Autarquia,RPPS
75798355000177,08916529000161,FUNDO MUNICIPAL DE PREVIDÊNCIA DE INDIANÓPOLIS,Autarquia,RPPS
75799577000104,04907344000130,FUNDO DE PREVIDENCIA DE NOVA OLÍMPIA,Autarquia,RPPS
75801738000157,05763202000109,INSTITUTO DE PREVIDENCIA DOS SERVIDORES PUBLICOS MUNICIPAIS DE TAPIRA,Adm Direta,RPPS
75825828000188,04993593000195,Instituto Municipal de Previdência de Congonhinhas - IPMC,Autarquia,RPPS
75845537000151,09532018000109,Fundo Especial Previdenciário do Município de Guaraci,Adm Direta,RPPS
75845545000106,04684563000105,FUNDO DE PREVIDÊNCIA MUNICIPAL DE CAFEARA,Outros,RPPS
75904524000106,80900699000185,Previdência Social dos Servidores Públicos do Município de Campo Mourão,Outros,RPPS
75963256000101,11468330000122,Fundo de Previdência Municipal de Rio Azul - PR,Adm Direta,RPPS
75963850000194,02096844000103,FUNDO MUNICIPAL DE TEIXEIRA SOARES,Autarquia,RPPS
75967760000171,15228530000169,FUNDO PARA CUSTEIO PREVIDENCIARIO DA APOSENTADORIA E PENSOES DOS FUNCIONARIOS DA ADMINISTRAO PUBLICA DIRETA E INDIRETA DO MUNICIPIO DE UNIAO DA VITORI,Fundação Direito Público,RPPS
75969667000104,04993852000188,INSTITUTO DOS SERVIDORES PUBLICOS DO MUNICIPIO DE JABOTI,Autarquia,RPPS
75971010000173,08995332000165,Fundo Previdenciário Municipal de Marilena,Fundação Direito Público,RPPS
76002641000147,04783770000109,Insituto de Previdência Social dos Servidores Públicos do Município de Rio Negro,Autarquia,RPPS
76002658000102,02791062000194,Instituto de Previdência Social dos Servidores Públicos do Município de Campo do Tenete - IPRECAMPO,Autarquia,RPPS
76002666000140,14472792000101,INSTITUTO DE PREVIDENCIA SOCIALDOS SERVIDORES PÚBLICOS DO MUNICIPIO DE PIEN - PIENPREV,Autarquia,RPPS
76002674000197,05115903000131,Instituto de Previdência dos Servidores Públicos do Município de Quitandinha,Adm Direta,RPPS
76017458000115,08542807000168,Paranaguá Previdência,Autarquia,RPPS
76017466000161,05859564000106,Instituto de Previdência dos Servidores Publicos de Matinhos,Autarquia,RPPS
76017474000108,07046712000190,GUARAPREV,Adm Direta,RPPS
76020452000105,04809888000169,INSTITUTO DE PREVIDÊNCIA DOS SERVIDORES PÚBLICOS DO MUNICÍPIO DE LAPA - LAPAPREVI,Autarquia,RPPS
76021450000122,09292485000109,IPRESMAT INSTITUTO DE PREVIDENCIA DE SAO MATEUS DO SUL,Autarquia,RPPS
76105519000104,04256799000132,Instituto de Previdência Social dos Servidores Públicos do Município de Contenda - IPRECONTENDA,Autarquia,RPPS
76105535000199,04102170000138,Fundo de Previdência Municipal de Araucária,Autarquia,RPPS
76105543000135,07784999000156,PREV São José Autarquia de Previdência Social dos Servidores Públicos do Município de SJP,Autarquia,RPPS
76105550000137,04256615000134,Fundo de Previdência dos Servidores Municipais de Mandirituba,Autarquia,RPPS
76105568000139,00520196000145,Previdência Social do Município de Quatro Barras - Previbarras,Autarquia,RPPS
76105584000121,15458221000185,INSTITUTO DE PREVEIDECIA DOS SERVIDORES DO MUNICIPIO DE TIJUCAS DO SUL,Autarquia,RPPS
76105600000186,73230450000144,PREVIDENCIA SOCIAL DO MUNICIPIO DE CAMPINA GRANDE DO SUL - PREVICAMP,Autarquia,RPPS
76105618000188,05067274000111,FAPEN - INSTITUTO DE APOSENTADORIAS E PENSÕES DE CAMPO LARGO,Autarquia,RPPS
76105626000124,08927997000131,Instituto de Previdências dos Servidores Públicos Municipais de Cerro Azul,Autarquia,RPPS
76105634000170,08434306000168,Colombo Previdência - Previdência dos Servidores Públicos Municipais de Colombo,Autarquia,RPPS
76105642000117,07545220000140,INSTITUTO DE PREVIDENCIA MUNICIPAL DE ADRIANOPOLIS,Autarquia,RPPS
76105659000174,05093137000151,IPMAT -Instituto de Previdência do Município de Almirante Tamandaré PR,Autarquia,RPPS
76105675000167,08696728000101,Instituto de Previdência do Município de Piraquara,Autarquia,RPPS
76167725000130,14033215000113,FUNDO DE PREVIDENCIA PROPRIO DO MUNICIPIO DE CURIUVA- CURIUVAPREV.,Adm Direta,RPPS
76167733000187,05256707000187,sapopema,Outros,Extinção RPPS
76169879000161,07761989000103,Instituto de Previdência dos Servidores Públicos do Município de Reserva,Autarquia,RPPS
76170240000104,01017786000112,Fundo Previdenciario de Telêmaco Borba,Autarquia,RPPS
76170257000153,04996792000157,Instituto de Previdência dos Servidores Públicos do Município de Tibagi,Autarquia,RPPS
76172907000108,04907070000189,REGIME PRÓPRIO DE PREVIDENCIA SOCIAL DO MUNICÍPIO DE PITANGA,Adm Direta,RPPS
76175892000123,07795416000192,FUNDO DE PREVIDÊNCIA DO MUNICÍPIO DE IMBITUVA,Autarquia,RPPS
76175934000126,29163172000168,REGIME PROPRIO DE PREVIDENCIA SOCIAL DO MUNICIPIO DE IPIRANGA,Autarquia,RPPS
76178011000128,04598400000100,FUNDO DE PREVIDENCIA MUNICIPAL DE PINHAO,Autarquia,RPPS
76178029000120,06074903000101,Instituto de Previdência dos Servidores Públicos de Inácio Martins,Autarquia,RPPS
76178037000176,04916685000171,Instituto de Previdência dos Servidores Públicos do Município de Guarapuava,Autarquia,RPPS
76179829000165,07681157000179,REGIME PRÓPRIO DE PREVIDÊNCIA SOCIAL,Autarquia,RPPS
76205681000196,12403837000160,Fundo de Aposentadoria e Pensões - FAPEN,Outros,RPPS
76205707000104,08873090000137,FUNDO MUNICIPAL DE SAÚDE,Outros,Extinção RPPS
76205715000142,23798621000168,IPRESIO - INSTITUTO DE PREVIDÊNCIA DO MUNICÍPIO DE SANTA IZABEL DO OESTE,Autarquia,RPPS
76205806000188,08885045000100,FUNDO DE APOSENTADORIA E PENSÕES DOS SERVIDORES PÚBLICOS MUNICIPAIS DE TOLEDO,Adm Direta,RPPS
76205970000195,04958548000108,INSTITUTO DE PREVIDENCIA DOS SERVIDORES PUBLICOS DO MUNICIPIO DE LARANJEIRAS DO SUL,Outros,RPPS
76206465000165,76206465000165,Município de Matelândia,Adm Direta,RPPS
76206481000158,07902410000177,IPREMED - INSTITUTO DE PREVIDÊNCIA DO MUNICÍPIO DE MEDIANEIRA,Autarquia,RPPS
76206606000140,08322648000196,Foz Previdência - FOZPREV,Autarquia,RPPS
76208487000164,00084514000172,FUNDO DE APOSENTADORIA E PENSÃO DOS SERVIDORES DE PALOTINA,Adm Direta,RPPS
76208818000166,04886373000162,FUNDO DE PREVIDENCIA DO MUNICIPIO DE GUARANIACU,Adm Direta,RPPS
76208826000102,95594545000180,Caixa de Prev dos Serv Publicos Civis do Municipio de Corbélia - CASSEMC,Autarquia,RPPS
76208842000103,07150817000195,CATANDUVAS-PREV,Autarquia,RPPS
76208859000152,09251848000168,FUNDO DE PREVIDENCIA DE NOVA AURORA - PREVINOVA,Autarquia,RPPS
76208867000107,81269169000143,Instituto de Previdência dos Servidores Públicos do Município de Cascavel,Autarquia,RPPS
76217017000167,08883009000108,Instituto de Previdencia dos Servidores Publicos de Boa Esperança - BoaEsperançaPrev,Autarquia,RPPS
76217025000103,03003368000100,FUNOD DE PREVIDENCIA MUNICIPAL DE MOREIRA SALES,Autarquia,RPPS
76235761000194,04752073000190,FUNDO DE PREVIDÊNCIA SOCIAL DOS SERVIDORES PÚBLICOS DO MUNICÍPIO DE ANDIRÁ,Autarquia,RPPS
76238443000187,00340121000182,Instituto de Previdência dos Servidores Públicos Municipais de Guairaça,Autarquia,RPPS
76244961000103,04851923000108,INSTITUTO DE PRTEVIDÊNCIA DE IBIPORÃ,Autarquia,RPPS
76245042000154,05281320000180,INSTITUTO DE PREVID. DOS SERV. PUBLICOS MUNIC. DE JATAIZINHO,Autarquia,RPPS
76245067000158,01164099000120,Instituto de Previdência dos Servidores Publicos do Municipio de Bela Vista do Paraiso,Autarquia,RPPS
76247337000160,08774349000192,FUNDO DE APOSENTADORIAS E PENSÕES DOS SERVIDORES MUNICIPAIS DE ICARAÍMA,Autarquia,RPPS
76247345000106,04026123000152,Instituto de Previdência do Municipio de Tapejara,Autarquia,RPPS
76247360000154,05472631000127,FUNDO DE PREVIDÊNCIA DO MUNICÍPIO DE XAMBRÊ,Adm Direta,RPPS
76247378000156,76247378000156,PREFEITURA MUNICIPAL DE UMUARAMA,Adm Direta,RPPS
76247386000100,72540594000134,FUNDO DE PREVIDENCIA DO MUNICIPIO DE MARIA HELENA,Autarquia,RPPS
76279967000116,73641524000135,Fundo Previdênciario Municipal dos Servidores Públicos do Município de Alto Paraná,Autarquia,RPPS
76279975000162,09003619000124,FUNDO PREVIDENCIÁRIO MUNICIPAL DE UNIFLOR,Adm Direta,RPPS
76282656000106,78074804000122,Maringá Previdência - Previdência dos Servidores Públicos Municipais de Maringá,Autarquia,RPPS
76282672000107,06259109000124,FUNDO DE PREVIDÊNCIA MUNICIPAL DE OURIZONA,Adm Direta,RPPS
76282680000145,00844979000184,INSTITUTO DE PREVIDENCIA E ASSISTENCIA DE MARIALVA,Adm Direta,RPPS
76282706000155,14880042000179,FUNDO DE PENSAO E APOSENTADORIA DOS SERVIDORES PUBLICOS DE FLORESTA,Autarquia,RPPS
76285329000108,85449932000179,Fundo de Previdencia dos Servidores Municipais de Mandaguaçu,Adm Direta,RPPS
76285337000154,06173433000125,FPMI - Fundo de Previdência do Município de Ivatuba,Autarquia,RPPS
76288760000108,08690876000119,Instituto de Previdência Municipal de Rolândia - Rolandia Previdência,Autarquia,RPPS
76291418000167,05110794000160,INSTITUTO PREVIDENCIARIO MUNICIPAL DE SANTAFEÉ,Adm Direta,RPPS
76309806000128,80909245000175,Caixa de Aposentadoria e Pensões dos Servidores Públicos Municipais de Cianorte - CAPSECI,Autarquia,RPPS
76381854000127,09093161000141,FUNDO DE PREVIDÊNCIA MUNICIPAL DE CRUZEIRO DO OESTE,Autarquia,RPPS
76402882000183,01603367000162,Fundo de Pensões dos Servidores Municipais de Janiópolis - FUPEMJ,Autarquia,RPPS
76404136000129,05478149000102,FUNDO MUNICIPAL DE PREVIDÊNCIA DOS SERVIDORES PÚBLICOS DE MARILUZ,Autarquia,RPPS
76416940000128,03165607000110,Paranaprevidência,Outros,RPPS
76417005000186,76608736000109,Instituto de Previdência dos Servidores do Município de Curitiba,Autarquia,RPPS
76460526000116,02188778000100,Fundo de Previdência do Município de Planalto,Autarquia,RPPS
76910900000138,72376916000151,INSTITUTO DE PREVIDENCIA E ASSISTENCIA AOS SERVIDORES PUBLICOS MUNICIPAIS DE JAGUARIAIVA,Adm Direta,RPPS
76919083000189,07243572000140,Fundo de Previdência do Município de Siqueira Campos,Autarquia,RPPS
76920800000192,06302460000150,Fundo de Previdência Social do Município de Wenceslau Braz (PR),Adm Direta,RPPS
76920826000130,24670442000103,INSTITUTO PROPRIO DE PREVIDENCIA SOCIAL DO MUNICIPIO DE SANTANA DO ITARARE,Autarquia,RPPS
76950088000174,01404335000138,PREVIDENCIA DOS SERVIDORES MUNICIPAIS DE IRETAMA,Fundação Direito Público,RPPS
76958966000106,07890935000130,"Instituto de Previdência, Pensões e Aposentadorias dos Servidores de Arapongas",Autarquia,RPPS
76970300000165,08546480000100,FUNDO MUNICIPAL DA PREVIDENCIA SOCIAL DE NOSSA SENHORA DAS GRAÇAS,Autarquia,RGPS
76970318000167,01620229000191,Caixa de Previdência e Assistência Social do Município de Inajá - CPASMI,Outros,RPPS
76970326000103,04886077000161,INSTITUTO DE PREVIDÊNCIA DOS SERVIDORES PÚBLICOS DO MUNICÍPIO DE COLORADO,Autarquia,RPPS
76970334000150,08683905000115,INSTITUTO DE PREVIDENCIA SOCIAL DO MUNICIPIO DE PARANACITY,Autarquia,RPPS
76970359000153,04886232000140,Instituto de Previdência de Itaguajé PR,Autarquia,RPPS
76970367000108,09145493000122,INSTITUTO DE SEGURIDADE SOCIAL DO MUNICÍPIO DE LOBATO - LOBATOPREV,Autarquia,RPPS
76970383000192,09528435000188,REGIME PROPRIO DE PREVIDENCIA SOCIAL DO MUNICIPIO DE JARDIM OLINDA,Adm Direta,RPPS
76970391000139,95642443000192,Instituto de Previdência do Município de Paranapoema,Adm Direta,RPPS
76972074000151,84784511000131,SOPREMU,Autarquia,RPPS
76972082000106,00604641000155,CAIXA PREVIDENCIARIA MUNICIPAL,Autarquia,RPPS
76973692000116,00604639000186,INSTITUTO DE PREVIDENCIA DOS SERVIDORES PUBLICOS MUNICIPAIS DE QUERENCIA DO NORTE,Autarquia,RPPS
76975259000110,24121081000146,FUNDO DE PREVIDÊNCIA PRÓPRIO DO MUNICÍPIO DE SÃO PEDRO DO PARANÁ,Fundação Direito Público,RPPS
76977768000181,04210981000152,Paranavaí Previdência,Autarquia,RPPS
76978519000100,10904465000120,Fundo de Previdência Social do Município de Tamboara,Fundação Direito Público,RPPS
76978881000181,06284346000145,Fundo Previdência Municipal - PRESOMTER,Autarquia,RPPS
76995323000124,09218451000174,FUNDO DE PREVIDÊNCIA DO MUNICÍPIO DE MARIÓPOLIS,Autarquia,RPPS
76995414000160,27188003000157,Fundo de Previdência Social dos Servidores Públicos do Município de Chopinzinho - PREVCHOPIM,Outros,RPPS
76995448000154,30731795000179,INSTITUTO DE PREVIDÊNCIA DOS SERVIDORES PÚBLICOS MUNICIPAIS,Autarquia,RPPS
77001329000100,07790970000187,Fundo Municipal de Previdencia de Piraí do Sul - Fumpisul,Fundação Direito Público,RPPS
77003424000134,07966651000180,INSTITUTO DE PREVIDÊNCIA DE PRUDENTÓPOLIS,Autarquia,RPPS
77008068000141,04919126000115,INSTITUTO DE PREVIDENCIA DOS SERVIDORES PUBLICOS DO MUNICIPIO DE IBAITI,Autarquia,RPPS
77816510000166,04261480000103,Previdência Social dos Servidores Públicos do Município de Francisco Beltrão - PREVBEL,Autarquia,RPPS
77817054000179,28993744000173,Instituto de Previdência do Município de Ampére PR,Autarquia,RPPS
77845394000103,05135424000187,INSTITUTO DE PREVIDENCIA DOS SERVIDORES PUBLICOS DO MUNICIPIO DE NOVA CANTU,Autarquia,RPPS
77870475000163,00604063000157,Fundo de Previdência do Município de São Jorge do Patrocínio - Serviprev,Fundação Direito Público,RPPS
78069143000147,04834076000173,IPASMAP - Instituto de Previdência e Assistência Social dos Servidores do Município de Altamira do P,Autarquia,RPPS
78103884000105,15236376000177,FUNDO DE PREVIDENCIA SOCIAL DE NOVA PRATA DO IGUAÇU,Outros,RPPS
78121878000172,09166107000189,FUNDO DE PREVIDÊNCIA DOS SERVIDORES MUNICIPAIS DE CAFELANDIA,Adm Direta,RPPS
78200482000110,73310153000109,CAIXA DE APOSENTADORIA E PENSÃO DOS SERVIDORES MUNICIPAIS DE SARANDI,Autarquia,RPPS
78279973000107,04942517000150,FUNPREV,Autarquia,RPPS
78279981000145,11269152000100,INSTITUTO DE PREVIDENCIA DOS SERVIDORES PUBLICOS MUNICIPAIS DE CANTAGALO PR,Autarquia,RPPS
78497492000160,00128192000116,FUNDO MUNICIPAL DE PREVIDÊNCIA DOS SERVIDORES PÚBLICOS MUNICIPAIS,Adm Direta,RPPS
80869621000145,09541789000162,FUNDO DE PREVIDÊNCIA DOS SERVIDORES PÚBLICOS DE CAMPO BONITO,Adm Direta,RPPS
80888688000127,10943968000105,Previdência Social dos Servidores Públicos do Município de Luiziana,Autarquia,RPPS
81044984000104,05947311000186,Instituto de Previdência dos Servidores Públicos Municipais de Nova Londrina,Autarquia,RPPS
81140303000101,02482294000160,Instituto de Previdência Social dos Servidores Publicos do Municipio de Itapoá- IPESI,Autarquia,RPPS
81392656000107,05038747000152,Instituto de Previdencia dos Servidores Publicos do Municipio de Godoy Moreira,Autarquia,RPPS
81478059000191,84782226000181,FAPESPAL - FUNDO DE APOSENTADOS E PENSÕES DOS SERVIDORES PÚBLICOS,Adm Direta,RPPS
81478133000170,03331336000125,Fundo de Aposentadoria e Pensões dos Servidores Públicos de Pérola - FASPEL,Adm Direta,RPPS
81531162000158,14015108000162,Fundo Municipal de Previdência dos Servidores de Forquilhinha,Adm Direta,RPPS
82575812000120,29470098000122,INSTITUTO DE PREVIDENCIA DOS SERVIDORES PUBLICOS DE PORTO BELO,Adm Direta,RPPS
82577636000165,05048537000145,Instituto de Previdência Social dos Servidores Públicos do Município de Tijucas - PREVISERTI,Autarquia,RPPS
82765488000102,05287617000153,Instituto de Previdência dos Servidores Públicos do Município de Taió,Autarquia,RPPS
82777301000190,78499936000104,Instituto de Previdência do Município de Lages - Lagesprevi,Autarquia,RPPS
82826462000127,03548627000170,INSTITUTO DE PREVIDENCIA SOCIAL DOS SERVIDORES PÚBLICOS DO MUNICIPIO DE ARROIO TRINTA IPREARROIO,Autarquia,RPPS
82827148000169,03593265000139,INSTITUTO DE PREVIDÊNCIA DOS SERVIDORES PÚBLICO DO MUNICÍPIO DE PINHEIRO PRETO,Autarquia,RPPS
82827353000124,06271097000153,INSTITUTO DE PREVIDÊNCIA SOCIAL DOS SERVIDORES PÚBLICOS DO MUNICÍPIO DE SALTO VELOSO,Autarquia,RPPS
82836057000190,03749731000122,Instituto de Previdência Social dos Servidores Públicos de Garopaba,Autarquia,RPPS
82892266000150,03697237000161,INSTITUTO DE PREVIDÊNCIA DOS SERVIDORES PÚBLICOS DO MUNICÍPIO DE ÁGUAS MORNAS - SC,Autarquia,RPPS
82892274000105,05774805000106,Autarquia São José Previdência,Autarquia,RPPS
82892282000143,18600539000147,Instituto de Previdência Social dos Servidores Públicos do Município de Florianópolis,Autarquia,RPPS
82892290000190,03721066000169,INSTITUTO DE PREVIDENCIA SOCIAL DOS SERVIDORES DE ANTONIO CARLOS - IPREANCARLOS,Autarquia,RPPS
82892308000153,04902325000110,INSTITUTO DE PREVIDENCIA SOCIAL DOS SERVIDORES PUBLICOS DO MUNICIPIO DE BIGUAÇU,Autarquia,RPPS
82892316000108,04816835000175,Instituto de Previdência Social dos Servidores Públicos da Palhoça - IPPA,Autarquia,RPPS
82892324000146,03752747000194,INSTITUTO DE PREVIDENCIA DOS SERVIDORES PUBLICOS MUNICIPAL DE SANTO AMARO DA IMPERATRIZ,Autarquia,RPPS
82892332000192,03686296000134,INSTITUTO DE PREVIDÊNCIA SOCIAL DOS SERVIDORES PÚBLICOS DO MUNICÍPIO DE ANITÁPOLIS,Autarquia,RPPS
82892357000196,03793235000176,INSTITUTO DE PREVIDENCIA SOCIAL DOS SERVIDORES PÚBLICOS DO MUNICIPIO DE RANCHO QUEIMADO,Autarquia,RPPS
82915026000124,10581784000142,FUNDO MUNICIPAL DE PREVIDENCIA - FUMPREVI,Adm Direta,RPPS
82916800000111,05243165000108,INSTITUTO DE PREVIDENCIA DOS SERVIDORES PÚBLICOS DE IÇARA - IÇARAPREV,Autarquia,RPPS
82916818000113,05140677000149,Instituto Municipal de Seguridade Social dos Servidores Públicos de Criciúma,Autarquia,RPPS
82924390000150,03916700000119,Instituto de Previdência Social dos Servidores Públicos do Minicípio de Leoberto Leal,Autarquia,RPPS
82925025000160,04529689000105,Instituto de Previdencia Social do Servidores Municipais de Nova Trento,Autarquia,RPPS
82925652000100,04545243000166,Instituto de Previdência Social dos Servidores Públicos do Município de São João Batista-IPRESJB,Autarquia,RPPS
82928664000180,82928664000180,Prefeitura Municipal de Armazem,Adm Direta,RGPS
82939380000199,05298824000103,INSTITUTO DE PREV DOS SERV PUB DO MUNICIPIO DE JOAÇABA - IMPRES,Autarquia,RPPS
82939430000138,07733382000101,INSTITUTO DE PREVIDENCIA DO SERVIDOR PUBLICO DE HERVAL D'OESTE,Autarquia,RPPS
82951195000110,03863650000159,Instituto de Previdência Social dos Servidores Públicos do Município de Angelina- ANGEPREV,Autarquia,RPPS
82951229000176,83882498000190,Instituto de Previdência do Estado de Santa Catarina,Autarquia,RPPS
83021808000182,01357327000188,INSTITUTO DO SISTEMA MUNICIPAL DE PREVIDÊNCIA DE CHAPECÓ - SIMPREVI,Autarquia,RPPS
83024257000100,03383321000100,Instituto de Previdência Social dos Servidores Públicos do Município de Concórdia - IPRECON,Autarquia,RPPS
83039842000184,05002371000126,Instituto de Previdência Social dos Servidores Públicos do Município de Videira,Autarquia,RPPS
83074294000123,14085717000198,FUNDO DE PREVIDENCIA SOCIAL DOS SERVIDORES PUBLICOS DO MUNICÍPIO DE RIO DAS ANTAS - FUP,Adm Direta,RPPS
83074302000131,04272905000171,INSTITUTO DE PREVIDÊNCIA SOCIAL DOS SERVIDORES PÚBLICOS MUNICIPAIS DE CAÇADOR,Autarquia,RPPS
83102228000110,04200511000108,INSTITUTO DE PREVIDENCIA SOCIAL DOS SERVIDORES DO MUNICIPIO DE ARAQUARI,Autarquia,RPPS
83102251000104,04533821000144,Fundo Municipal de Previdência Social dos Servidores do Município de Pomerode - SC,Adm Direta,RPPS
83102269000106,23017093000162,Fundação Instituto de Previdência Social dos Servidores de São Francisco do Sul,Fundação Direito Público,RPPS
83102277000152,04984818000147,INSTITUTO DE PREVIDENCIA DE ITAJAÍ,Autarquia,RPPS
83102285000107,07252009000139,Instituto de Previdência Social dos Servidores Públicos do Município de Balneário Camboriu,Autarquia,RPPS
83102293000145,04924921000100,Instituto de Previdência dos Servidores Públicos do Município de Camboriú - Camboriú PREV,Autarquia,RPPS
83102301000153,03845124000166,ILHOTAPREV - INSTITUTO DE PREVIDENCIA MUNICIPAL DE ILHOTA,Autarquia,RPPS
83102335000148,19445390000131,INSTITUTO DE PREVIDENCIA SOCIAL DOS SERVIDORES PUBLICOS DO MUNICIPIO DE BALNEARIO PICARRAS - IPRESP,Adm Direta,RPPS
83102343000194,14634385000153,INSTITUTO BRUSQUENSE DE PREVIDÊNCIA,Autarquia,RPPS
83102384000180,24767074000116,INSTITUTO CANOINHENSE DE PREVIDÊNCIA - ICPREV,Autarquia,RPPS
83102392000127,97457105000106,FUNDO MUNICIPAL DE PREVIDÊNCIA SOCIAL,Adm Direta,RPPS
83102442000176,05285778000108,FUNDO DE APOSENTADORIA E PENSAO - FAP,Adm Direta,RGPS
83102459000123,00091238000170,Instituto de Seguridade dos Servidores Municipais,Autarquia,RPPS
83102509000172,97457071000150,INSTITUTO DE PREVIDÊNCIA DO MUNICÍPIO DE MAFRA - IPMM,Autarquia,RPPS
83102517000119,05478139000169,INSTITUTO DE PREVIDENCIA DO MUNICIPIO DE ITAIOPOLIS,Autarquia,RPPS
83102533000101,05516347000105,INSTITUTO DE PREVIDÊNCIA SOCIAL DOS SERVIDORES PÚBLICOS DO MUNICÍPIO DE PAPANDUVA- IPREPAV,Autarquia,RPPS
83102541000158,02390926000166,IMPRESS- INSTITUTO MUNICIPAL DE PREVIDÊNCIA E ASSISTÊNCIA SOCIAL DOS SERVIDORES PÚBLICOS MUNICIPAIS,Autarquia,RPPS
83102574000106,95951950000108,INSTITUTO DE PREVIDENCIA SOCIAL DOS SERVIDORES PUBLICOS DE RIO DO SUL,Fundação Direito Público,RPPS
83102707000136,05160525000108,INSTITUTO DE PREVIDENCIA DOS SERVIDORES MUNICIPAIS,Autarquia,RPPS
83102723000129,07725512000164,FUNDO DE APOSENTADORIA E PENSÃO DE SALETE - FAP,Adm Direta,RPPS
83102749000177,04616444000107,INSTITUTO DE PREVIDENCIA SOCIAL DOS SERVIDORES PUBLICOS DE CAMPO ALEGRE,Autarquia,RPPS
83102756000179,03838193000142,IPRERIO Instituto de Previdencia dos Servidores Publicos de Rio Negrinho,Autarquia,RPPS
83102764000115,14911565000135,INSTITUTO DE PREVIDENCIA DOS SERVIDORES PÚBLICOS MUNICIPAIS DE TIMBÓ,Autarquia,RPPS
83102798000100,07855180000132,INSTITUTO DE APOSENTADORIA E PENSÕES DOS SERVIDORES PÚBLICOS DE INDAIAL,Autarquia,RPPS
83102830000157,03937163000193,INSTITUTO DE PREVIDÊNCIA SOCIAL DOS SERVIDORES PUBLICOS DO MUNICIPIO DE BARRA VELHA,Autarquia,RPPS
83102855000150,14823518000130,Instituto de Previdência Social do Município de Navegantes,Autarquia,RPPS
83108357000115,04515660000166,INSTITUTO MUNICIPAL DE SEGURIDADE SOCIAL DO SERVIDOR DE BLUMENAU,Autarquia,RPPS
83169623000110,01280363000190,Instituto de Previdência Social dos Servidores Públicos do Município de Joinville,Autarquia,RPPS
83754044000134,03688948000170,INSTITUTO DE PREVIDÊNCIA DOS SERVIDORES PÚBLICOS DO MUNICÍPIO DE CURITIBANOS,Autarquia,RPPS
84012012000126,03491063000186,INSTITUTO DE PREVIDÊNCIA DO ESTADO DE RORAIMA,Autarquia,RPPS
84722917000190,05972519000155,INSTITUTO DE PREVIDÊNCIA DOS SERVIDORES PÚBLICOS MUNICIPAIS DE VALE DO ANARI,Autarquia,RPPS
84727601000190,05903684000155,INSTITUTO DE PREVIDÊNCIA SOCIAL DOS SERVIDORES PÚBLICOS DE THEOBROMA - IPT,Autarquia,RPPS
84736941000188,07892556000189,INPREC - INSTITUTO DE PREVIDENCIA SOCIAL DOS SERV. PUBL. DE CUJUBIM,Autarquia,RPPS
85997237000141,85997237000141,Santa Cecília,Adm Direta,RGPS
86051398000100,02180700000130,INSTITUTO DE PREVIDÊNCIA SOCIAL DOS SERVIDORES PÚBLICOS DO MUNICÍPIO DE SÃO BENTO DO SUL- IPRESBS,Autarquia,RPPS
87246120000151,10600181000140,FUNDO DE PREVIDENCIA DO SERVIDOR - FUNPREV,Adm Direta,RPPS
87261509000176,11363198000194,Fundo de Previdência Social do Município de Anta Gorda,Adm Direta,RPPS
87297271000139,15347606000175,REGIME PRÓPRIO DE PREVIDÊNCIA SOCIAL DO MUNICÍPIO DE ARROIO DO MEIO,Autarquia,RPPS
87297982000103,25134886000197,FUNDO DE PREVIDÊNCIA SOCIAL DO MUNICÍPIO DE LAJEADO,Adm Direta,RPPS
87334918000155,11094795000160,FUNDO DE PREVIDÊNCIA SOCIAL MUNICIPAL,Adm Direta,RPPS
87344016000108,15118699000166,FUNDO DE PREVIDÊNCIA SOCIAL - FPS,Adm Direta,RPPS
87366159000102,10830413000157,FAPS - Fundo de Aposentadoria e Pensão do Servidor,Adm Direta,RPPS
87455531000157,03577180000167,INSTITUTO DE PREVIDÊNCIA DOS SERVIDORES PUBLICOS MUNICIPAIS DE PELOTAS,Autarquia,RPPS
87482535000124,11427667000191,Regime Próprio de Previdência Social do Município de Dom Pedrito - RPPS,Fundação Direito Público,RPPS
87488938000180,87488938000180,Fundo de Previdência Social do Município FPSM,Autarquia,RPPS
87489910000168,15361428000137,REGIME PROPRIO DE PREVIDENCIA SOCIAL - SAO PEDRO DO SUL,Adm Direta,RPPS
87490306000151,10961348000107,REGIME PROPRIO DE PREVIDENCIA SOCIAL DO MUNICIPIO DE RESTINGA SECA,Adm Direta,RPPS
87502886000150,15077195000145,FUNDO DE PREVIDENCIA SOCIAL DO MUNICÍPIO FPSM,Adm Direta,RPPS
87502894000104,14337693000117,FUNDO DE APOSENTADORIA E PENSÃO DE NOVA BASSANO,Adm Direta,RPPS
87502902000104,14428074000138,FUNDO DE PREVIDENCIA SOCIAL DO MUNICIPIO - FPSM,Outros,RPPS
87530978000143,13569600000117,FUNDO DE APOSENTADORIA E PENSÃO DOS SERVIDORES,Adm Direta,RPPS
87531976000179,87531976000179,Prefeitura Municipal de Agudo,Adm Direta,RPPS
87564381000110,04609460000172,Instituo Municipal de Previdência e Assistência do Servidor Público de Ibirubá - IMPASI,Autarquia,RPPS
87566188000118,15604208000197,REGIME PROPRIO DE PREVIDENCIA SOCIAL DO MUNICIPIO DE PEJUCARA,Outros,RPPS
87568911000106,14027104000102,Regime Próprio de Previdência Social dos Servidores Efetivos do Município de Candelária - RPPS,Adm Direta,RPPS
87572046000163,13950560000159,FUNDO DE PREVIDENCIA DOS SERVIDORES MUNICIPAIS DE JAGUARI- FUNPREV,Fundação Direito Público,RPPS
87572079000103,16516798000169,FUNDO DE APOSENTADORIA DO SERVIDOR MUNICIPAL - FASEM,Adm Direta,RPPS
87592861000194,12835103000150,Fundo de Previdência Social do Município de Sobradinho,Adm Direta,RPPS
87612537000190,04903989000102,IPPASSO Instituto de Previdência Social dos Servidores Municipais de Passo Fundo,Autarquia,RPPS
87612735000154,10887955000166,FUNDO MUNICIPAL DE PREVIDÊNCIA SOCIAL DOS SERVIDORES DO MUNICIPIO DE BARROS CASSAL,Outros,RPPS
87612743000109,12841288000106,Fundo de Previdência Social do Muncípio de Espumoso,Autarquia,RPPS
87612750000100,15268638000185,FUNDO DE PREVIDENCIA SOCIAL DO MUNICIPIO DE ARVOREZINHA - RPPS,Fundação Direito Público,RPPS
87612768000102,35670046000100,FUNDO DE PREVIDENCIA SOCIAL DO MUNICIPIO DE FONTOURA XAVIER,Adm Direta,RPPS
87612784000197,13937121000106,FUNDO DE APOSENTADORIA E PENSÃO DOS SERVIDORES DO MUNICÍPIO DE ALECRIM,Adm Direta,RPPS
87612792000133,10628043000170,Fundo de Previdência Social do Município - FPSM,Adm Direta,RPPS
87612800000141,11426769000192,FUNDO DE APOSENTADORIA DOS SERVIDORES PUBLICOS DO MUNICIPIO DE TRES DE MAIO - RS,Outros,RPPS
87612818000143,10585531000147,FUNDO DE PREVIDENCIA SOCIAL DO MUNICIPIO DE SANTO CRISTO - FPSMSC,Adm Direta,RPPS
87612826000190,12091144000180,FUNDO DE PREV. SOCIAL DO MUN. DE INDEPENDENCIA,Autarquia,RPPS
87612834000136,10554073000189,FUNDO DE PREVIDÊNCIA SOCIAL DO MUNICÍPIO DE HORIZONTINA- FAPS,Adm Direta,RPPS
87612842000182,10697405000184,FUNDO DE APOSENTADORIA PENSAO E DEMAIS BENEFICIOS DO SERVIDOR MUNICIPAL,Adm Direta,RPPS
87612859000130,10695887000133,FUNDO DE PREVIDÊNCIA SOCIAL DO MUNICÍPIO - FPSM,Adm Direta,RPPS
87612867000186,15301130000131,Regime próprio de previdência social dos servidores efetivos do município,Adm Direta,RPPS
87612917000125,10578796000118,FUNDO DE PREVIDENCIA DOS SERVIDORES DO MUNICIPIO DE FREDERICO WESTPHALEN,Adm Direta,RPPS
87612925000171,15332900000103,FUNDO DE PREVIDENCIA SOCIAL DO MUNICIPIO - FPSM,Adm Direta,RPPS
87612933000118,10576578000144,Fundo de Previdência Social do Município de Alpestre/RS,Adm Direta,RPPS
87612966000168,10844958000112,FUNDO DE APOSENTADORIA E PENSAO DO SERVIDOR FAPS,Adm Direta,RPPS
87612974000104,14785085000175,FUNDO DE APOSENTADORIA E PENSÃO DO SERVIDOR,Adm Direta,RPPS
87612982000150,10547268000100,Fundo de Aposentadoria e Pensão dos Servidores Efetivos do Município de Roque Gonzales,Adm Direta,RPPS
87612990000105,12957150000177,FUNDO DE APOSENTADORIA E PENSÃO DO SERVIDOR DE CERRO LARGO - FAPES,Adm Direta,RPPS
87613006000112,14677877000126,FUNDO DE APOSENTADORIA E PENSAO DOS SERVIDORES DO MUNICIPIO DE CAIBATÉ,Adm Direta,RPPS
87613014000169,11505938000180,Fundo de Previdência Social do Munícipio - FPSM,Adm Direta,RPPS
87613022000105,10589926000118,FUNDO DE APOSENTADORIAS E PENSOES DOS SERVIDORES MUNICIPAIS DE SAO LUIZ GONZAGA,Adm Direta,RPPS
87613030000151,10579180000161,FUNDO DE PREVIDENCIA DOS SERVIDORES MUNICIPAIS,Adm Direta,RPPS
87613048000153,11483709000101,FUNDO DE PREVIDÊNCIA SOCIAL DO MUNICÍPIO DE GIRUÁ – FPS,Outros,RPPS
87613071000148,10607617000123,Fundo de Aposentadoria de Benefícios dos Servidores - FABS,Adm Direta,RPPS
87613089000140,13310105000199,FUNDO DE PREVIDENCIA SOCIAL DO MUNICIPIO DE TENENTE PORTELA,Outros,RPPS
87613097000196,13044424000108,FUNDO DE PREVIDÊNCIA SOCIAL DO MUNICÍPIO DE SÃO MARTINHO,Adm Direta,RPPS
87613105000102,10818311000116,Fundo De Previdência Social do Município de Santo Augusto,Adm Direta,RPPS
87613113000140,13772427000150,Fundo de Aposentadoria e Pensão do Servidor de Redentora,Adm Direta,RPPS
87613139000199,12720798000125,FUNDO DE APOSENTADORIA E PENSÃO DO SERVIDOR FAPS,Adm Direta,RPPS
87613154000137,15279299000132,FUNDO MUNICIPAL DE PREVIDENCIA SOCIAL,Adm Direta,RPPS
87613162000183,87613162000183,Fundo de Assistencia do Servidor,Adm Direta,RGPS
87613188000121,04510687000166,INSTITUTO DE PREVIDÊNCIA DO SERVIDOR PUBLICO MUNICIPIO DE TRÊS PASSOS,Autarquia,RPPS
87613196000178,13386385000119,FUNDO DE PREVIDENCIA SOCIAL DO MUNICIPIO FPSM,Adm Direta,RPPS
87613220000179,87613220000179,FUNDO DE APOSENTADORIA E PENSAO DO SERVIDOR,Adm Direta,RPPS
87613253000119,24238525000128,FUNDO DE PREVIDENCIA SOCIAL DO MUNICIPIO - FPSM,Adm Direta,RPPS
87613352000109,12979703000192,FUNDO DE PREVIDENCIA SOCIAL DO MUNICIPIO DE VIADUTOS - FPSM,Adm Direta,RPPS
87613394000131,10658963000130,REGIME PRÓPRIO DE PREVIDÊNCIA SOCIAL DO MUNICÍPIO DE JACUTINGA,Adm Direta,RPPS
87613402000140,13500338000154,FUNDO DE PREVIDENCIA SOCIAL DOS SERVIDORES DO MUNICIPIO DE ITATIBA DO SUL - FAPS,Fundação Direito Público,RPPS
87613410000196,13533027000191,FUNDO DE PREVIDÊNCIA SOCIAL DO MUNICIPIO DE GETULIO VARGAS - FPS,Adm Direta,RPPS
87613469000184,12911655000109,FUNDO DE PREVIDENCIA SOCIAL DO MUNICIPIO - FPSM,Adm Direta,RPPS
87613477000120,23681516000144,INSTITUTO ERECHINENSE DE PREVIDENCIA - IEP,Autarquia,RPPS
87613485000177,11827061000143,Fundo de Previdencia Social de Victor Graeff/RS,Adm Direta,RPPS
87613493000113,13624533000196,FUNDO DE APOSENTADORIAS E PENSÕES - FAPS,Adm Direta,RPPS
87613501000121,94703576000169,FUNDO APOSENTADORIA PEN PREVID ASSIST SERV MUNICIPAL,Outros,RPPS
87613519000123,10618516000158,Fundo de Aposentadoria e Pensão dos Servidores Públicos Municipais - FAPS,Adm Direta,RPPS
87613527000170,13013491000157,FUNDO DE PREVIDENCIA SOCIAL DO MUNICIPIO DE COLORADO/RS,Autarquia,RPPS
87613535000116,10225642000142,Instituto de Previdência dos Servidores - Previcarazinho,Autarquia,RPPS
87613543000162,14374282000100,FUNDO DE APOSENTADORIA E PENSAO DO SERVIDOR - FAPS,Outros,RPPS
87613584000159,11312917000148,FUNDO DE PREVIDENCIA SOCIAL DO MUNICIPIO DE IBIRAIARAS,Adm Direta,RPPS
87613592000103,11683214000126,FUNDO DE APOSENTADORIA E PENSAO DO SERVIDOR - FAPS,Fundação Direito Público,RPPS
87613600000103,13676052000124,Fundo de Aposentadoria e Pensão do Servidor Público Municipal de Cacique Doble - FUPRAS,Adm Direta,RPPS
87613626000151,11435008000105,Fundo de Previdência Social do Município de Lagoa Vermelha,Adm Direta,RPPS
87613634000106,10706124000140,Regime Próprio de Previdência Social do Servidores Efetivos Municipais,Adm Direta,RPPS
87613642000144,10592884000174,FUNDO DE APOSENTADORIA E PENSÕES DOS SERVIDORES MUNICIPAIS DE SÃO PAULO DAS MISSÕES,Adm Direta,RPPS
87613659000100,15140883000102,FUNDO DE APOSENTADORIA E PENSÃO,Adm Direta,RPPS
87613667000148,15055200000119,FUNDO DE APOSENTADORIA E PENSÃO DO SERVIDOR - FAPS,Adm Direta,RPPS
87615449000142,12877365000188,Fundo de Previdência Social do Município - FPSM,Outros,RPPS
87708889000144,13550099000147,REGIME PRÓPRIO DE PREVIDÊNCIA SOCIAL DO MUNICÍPIO DE CONSTANTINA - RPPS,Outros,RPPS
87711503000153,10815492000127,Regime Próprio de Previdência Social do Município de Ronda Alta – RPPS,Adm Direta,RPPS
87712212000180,13153862000104,REGIME PRÓPRIO DE PREVIDENCIA SOCIAL DO SERVIDOR DE RONDINHA,Adm Direta,RPPS
87738530000110,13137276000168,FAPS,Adm Direta,RPPS
87838330000139,11429253000100,Fundo de Previdência Social do Município de Feliz/RS,Adm Direta,RPPS
87842233000110,11436750000127,Fundo de Previdência Social do Município,Fundação Direito Público,RPPS
87843819000107,10643449000121,FUNDO DE PREVIDENCIA DOS SERVIDORES DO MUNICIPIO DE FLORES DA CUNHA - FUPREV,Adm Direta,RPPS
87849923000109,10582946000167,Fundo de Aposentadoria e Pensão do Servidor Público Municipal de Bento Gonçalves - FAPSBENTO,Adm Direta,RPPS
87860763000190,12799725000170,FUNDO DE APOSENTADORIA E PENSÃO DO SERVIDOR,Adm Direta,RPPS
87862397000109,14812132000122,FUNDOPREVI - FUNDO PREVIDENCIA MUNICIPAL,Adm Direta,RPPS
87876801000101,13041104000196,REGIME PRÓPRIO DE PREVIDÊNCIA SOCIAL DO MUNICÍPIO DE TORRES - RS,Adm Direta,RPPS
87890992000158,01455352000102,INSTITUTO DE PREVIDENCIA DOS SERVIDORES MUNICIPAIS DE GRAVATAI - IPG,Autarquia,RPPS
87893111000152,14668692000155,RPPS - REGIME PRÓPRIO DE PREVIDÊNCIA SOCIAL,Adm Direta,RPPS
87896874000157,11239569000120,FUNDO DE APOSENTADORIA E PENSÃO ALEGRETEPREV,Adm Direta,RPPS
87896882000101,11363343000137,Regime de Previdência Social dos Servidores Públicos do Município de São Francisco de Assis,Adm Direta,RPPS
87897740000150,11424315000182,FAPS - Fundo de Aposentadoria e Pensão do Servidor,Outros,RPPS
87934675000196,92829100000143,INSTITUTO DE PREVIDÊNCIA DO ESTADO DO RIO GRANDE DO SUL,Autarquia,RPPS
87990800000185,22431861000167,INSTITUTO DE PREVIDENCIA DOS SERVIDORES PUBLICOS MUNICIPAIS DE CACHOEIRINHA,Autarquia,RPPS
88000906000157,88000906000408,FUNDO DE PREVIDENCIA DOS SERVIDORES MUNICIPAIS DE ALVORADA,Adm Direta,RPPS
88000914000101,31384511000188,INSTITUTO DE PREVIDÊNCIA DOS SERVIDORES PÚBLICOS MUNICIPAIS DE VIAMÃO - IPREV,Autarquia,RPPS
88000922000140,11405829000190,Regime Próprio de Previdência Social dos Servidores Efetivos do Município de Mostardas,Adm Direta,RPPS
88073291000199,04025494000110,FUNDO DE PENSÃO E APOSENTADORIA DO SERVIDOR,Adm Direta,RPPS
88080379000138,14034211000150,FUNDO MUNICIPAL DE APOSENTADORIAS DOS SERVIDORES PÚBLICOS DO MUNICIPIO DE HERVAL - FMAPSP,Adm Direta,RPPS
88084942000146,43294608000189,Fundo de Aposentadoria e Pensão do Servidor,Adm Direta,RPPS
88117700000101,10581860000110,Regime Próprio de Previdência Social do Município de São Jerônimo,Adm Direta,RPPS
88120662000146,13019678000168,Fundo de Aposentadoria e Pensão do Servidor,Adm Direta,RPPS
88124961000159,92913581000170,SISTEMA DE PREVIDÊNCIA MUNICIPAL,Autarquia,RPPS
88131164000107,44649601000103,FUNDO DE PREVIDENCIA DE URUGUAIANA,Adm Direta,Extinção RPPS
88138292000174,13041582000104,Fundo de Aposentadoria e Pensão dos Servidores Municipais de Rosário do Sul - FAPESE,Adm Direta,RPPS
88141460000180,15685554000147,Fundo de Previdência do Servidor Municipal - FUNPREV,Adm Direta,RPPS
88142302000145,11235467000137,Fundo de Aposentadoria e Pensão dos Servidores - FAPS,Adm Direta,RPPS
88150495000186,14772232000172,Regime Proprio de Previdencia Social do Municipio de Esteio - Prev-Esteio,Autarquia,RPPS
88185020000125,13504552000189,Fundo Municipal de Aposentadoria e Pensão do Servidor,Adm Direta,RPPS
88186424000133,13611602000127,FUNDO DE PREVIDÊNCIA SOCIAL DO MUNICÍPIO DE ILÓPOLIS,Adm Direta,RPPS
88186754000129,11423248000181,Fundo de Aposentadoria e Pensão do Servidor - FAPS,Fundação Direito Público,RPPS
88187935000170,15285168000168,FUNDO DE PREVIDÊNCIA SOCIAL DO MUNICÍPIO - FPSM,Adm Direta,RPPS
88199971000153,88199971000153,PREFEITURA MUNICIPAL DE TRES COROAS,Autarquia,RPPS
88201298000149,12453704000107,Fundo de Previdência Social do Município de Lavras do Sul,Adm Direta,RPPS
88202437000159,10654187000109,FUNDO DE ASSISTÊNCIA PENSÃO E APOSENTADORIA DOS MUNICIPÁRIOS DE CIRÍACO,Adm Direta,RPPS
88227756000119,12684347000180,FUNDO DE APOSENTADORIA E PENSOES DOS SERVIDORES- FAPS,Adm Direta,RPPS
88227764000165,10751888000158,FUNDO DE PREVIDÊNCIA DOS SERVIDORES PÚBLICOS DO MUNICÍPIO DE TUPANCIRETÃ - FUNPREV,Autarquia,RPPS
88254875000160,94707684000100,INSTITUTO DE PREVIDÊNCIA E ASSISTÊNCIA DOS SERVIDORES MUNICIPAIS DE NOVO HAMBURGO,Autarquia,RPPS
88254883000107,13051715000115,Fundo de Aposentadorias e Pensão de Estância Velha,Adm Direta,RPPS
88254891000153,39829357000112,Fundo de Previdência Social do Municipio de Dois Irmãos -FPSMDI,Adm Direta,RPPS
88254909000117,14481567000131,Fundo de Previdência dos Servidores do Município - FPSM,Adm Direta,RPPS
88349238000178,13044910000118,FUNDO DE PREVIDÊNCIA SOCIAL DO MUNICÍPIO DE ENCANTADO,Fundação Direito Público,RPPS
88363072000144,13187592000144,FUNDO DE APOSENTADORIA E PENSÃO DOS SERVIDORES DE ARROIO DOS RATOS,Adm Direta,RPPS
88363189000128,13746560000131,FUNDO DE ASSISTÊNCIA E PREVIDENCIA DOS SERVIDORES ESTATUTÁRIOS DO MUNICIPIO,Adm Direta,RPPS
88370879000104,11406549000105,Fundo de Aposentadoria e Pensão do Servidor - FAP,Fundação Direito Público,RPPS
88372883000101,13498855000136,FUNDO DO REGIME PRÓRPIO DE PREVIDENCIA SOCIAL DE PAROBÉ,Adm Direta,RPPS
88379763000136,03467153000131,INSTITUTO DE PREVIDÊNCIA DOS SERVIDORES MUNICIPAIS DE IGREJINHA,Autarquia,RPPS
88414552000197,13498783000127,FUNDO PREVIDENCIARIO CAPITALIZADO/JAGUARAO PREV,Adm Direta,RPPS
88437926000190,15331049000102,FUNDO DE PREVIDENCIA DOS SERVIDORES PUBLICOS MUNICIPAIS DE CONDOR - FUNPREV,Adm Direta,RPPS
88485412000100,11201900000113,FAPS - FUNDO DE APOSENTADORIA E PENSÃO DOS SERVIDORES DE MATA/RS,Autarquia,RPPS
88488341000107,13060056000183,FUNDO DE PREVIDENCIA SOCIAL DO MUNICIPIO,Adm Direta,RPPS
88488358000156,12081941000186,FUNDO DE APOSENTADORIA DE NOVA PALMA,Adm Direta,RPPS
88488366000100,04870834000109,Instituto de Previdência e Assistência a Saúde dos Servidores Públicos Municipais de Santa Maria,Autarquia,RPPS
88489786000101,10690224000126,FUNDO DE PREVIDÊNCIA DO MUNICÍPIO DE SÂO BORJA,Adm Direta,RPPS
88496468000160,93541449000148,INSTITUTO MUNICIPAL DE PREVIDÊNCIA E ASSISTÊNCIA DOS SERVIDORES DE SANTA BÁRBARA DO SUL - IMPAS,Autarquia,RPPS
88541354000194,10871133000197,FUNDO DE APOSENTADORIA E PENSAO DO SERVIDOR PUBLICO DE PALMEIRA DAS MISSOES - FAPS,Outros,RPPS
88546890000182,04465992000183,Instituto de Previdência dos Servidores Públicos de Santa Rosa,Autarquia,RPPS
88566872000162,09487310000157,PREVIDÊNCIA DO RIO GRANDE - PREVIRG,Autarquia,RPPS
88577416000118,05550055000199,Inst de Previd e Assist dos Servidores Mun de Canoas - CANOASPREV,Autarquia,RPPS
88587183000134,94728698000100,Instituto de Previdência Municipal de Carlos Barbosa,Autarquia,RPPS
88594999000195,11427876000135,"Fundo de Previdência, Aposentadoria e Pensão do Servidor - Funpres",Outros,RPPS
88597984000180,14373681000148,Fundo de Previdência Social do Município - FPSM,Adm Direta,RPPS
88600655000141,15209533000155,FUNDO DE PREVIDENCIA DOS SERVIDORES MUNICIPAIS DE NOVA BRESCIA,Outros,RPPS
88604897000103,15565136000116,FUNDO DE APOSENTADORIA E PENSOES DOS SERVIDORES MUNICIPAIS,Outros,RPPS
88661400000199,21997934000110,Fundo de Previdência Social do Município de Teutônia - FPS,Adm Direta,RPPS
88696810000175,05102937000191,Instituto de Previdência dos Servidores Públicos do Município de Camaquã - FAPS,Autarquia,RPPS
88702089000189,01871402000124,Instituto de Previdência dos Servidores Municipais de Panambi - PANAMBIPREV,Autarquia,RPPS
88743604000179,10750658000174,FUNDO DE APOSENTADORIA E PENSÃO DO SERVIDOR - FAPS,Adm Direta,RPPS
88756879000147,16608185000151,Fundo Municipal de Previdência do Município de São Fco. de Paula - RS,Adm Direta,RPPS
88756929000196,13822906000133,FUNDO DE PREVIDENCIA SOCIAL DO MUNICIPIO - FPSM,Adm Direta,RPPS
88768080000170,05150569000157,INSTITUTO DE PREVIDÊNCIA DOS SERVIDORES PUBLICOS MUNICIPAIS DE SÃO GABRIEL,Autarquia,RPPS
88771001000180,13356948000126,FUNDO MUNICÍPAL DE SEGURIDADE SOCIAL DE TRAMANDAÍ,Adm Direta,RPPS
88811922000120,05438669000183,INSTITUTO DE PREVIDENCIA DOS SERVIDORES PÚBLICOS DO MUNICÍPIO DE GUAÍBA - GUAIBAPREV,Autarquia,RPPS
88811930000176,12514100000115,FAPS - Fundo de Aposentadoria e Pensão dos Servidores,Autarquia,RPPS
88811948000178,12774358000150,SISTEMA MUNICIPAL DE PREVIDÊNCIA SOCIAL DE TAPES,Adm Direta,RPPS
88814181000130,13349825000168,FUNDO DE PREVIDÊNCIA SOCIAL DO MUNICÍPIO DE OSÓRIO,Adm Direta,RPPS
88814199000132,13007496000177,FUNDO MUNICIPAL DE APOSENTADORIA E PENSAO DO SERVIDOR - FAPS,Adm Direta,RPPS
88818299000137,12963092000194,Fundo de Aposentadoria e Pensão do Servidor de São Marcos,Outros,RPPS
88824099000197,14524278000172,FUNDO DE APOSENTADORIA E PENSÃO DOS SERVIDORES,Adm Direta,RPPS
88830609000139,88892393000136,Instituto de Previdência e Assistência Municipal - IPAM,Autarquia,RPPS
88860366000181,18180116000115,FUNDO DE PREVIDENCIA SOCIAL DO MUNICIPIO DE ARROIO GRANDE,Adm Direta,RPPS
88861430000149,13072654000172,FUNDO DE APOSENTADORIA E PENSÃO DO SERVIDOR - FAPS,Autarquia,RPPS
88861448000140,10718706000147,Fundo de Previdencia do Servidor - FUNPREV,Adm Direta,RPPS
89030639000123,10587671000154,FUNDO DE APONSENTADORIA DO MUNICIPIO DE LIBERATO SALZANO,Adm Direta,RPPS
89363642000169,11899581000161,FUNDO DE APOSENTADORIAS E PENSÕES DOS SERVIDORES,Adm Direta,RPPS
89650121000192,10606123000124,FUNDO DE APOSENTADORIA E PENSAO DO SERVIDOR - FAPS DE JOIA,Adm Direta,RPPS
89658025000190,12257224000162,REGIME PROPRIO DE PREVIDENCIA SOCIAL DOS SERVIDORES EFETIVOS DO MUNICIPIO DE SALTO DO JACUI,Outros,RPPS
89708051000186,11380577000192,FUNDO DE APOSENTADORIA E PENSÃO DO SERVIDOR,Adm Direta,RPPS
89814693000160,93850972000156,INSTITUTO DE APOSENTADORIAS E PENSÕES DOS SERVIDORES MUNICIPAIS DE SÃO LEOPOLDO,Autarquia,RPPS
89848949000150,15269995000168,Fundo de Previdência Social do Município de Farroupilha-FPS,Adm Direta,RPPS
89971758000180,10630561000128,FUNDO DE APOSENTADORIA E BENEFICIOS DO SERVIDOR - FABS - SAO MIGUEL DAS MISSOES,Outros,RPPS
89971766000127,13035697000188,REGIME PROPRIO DE PREVIDENCIA SOCIAL DO MUNICIPIO DE EUGENIO DE CASTRO,Adm Direta,RPPS
89971782000110,10505217000107,REGIME PROPRIO DE PREVIDENCIA DO SERVIDOR,Adm Direta,RPPS
90152240000102,10318862000110,Fundo de Aposentadoria e Pensão do Servidores,Adm Direta,RPPS
90221524000103,13015739000119,Dois Lajeados Prev,Outros,RPPS
90256660000120,10697565000123,Fundo Municipal de Seguridade Social,Adm Direta,RPPS
90256686000179,15415445000100,FUNDO MUNICIPAL DE SEGURIDADE SOCIAL DE CIDREIRA,Adm Direta,RPPS
90483058000126,10653444000180,FUNDO DE APOSENTADORIA E PENSÃO DO SERVIDOR MUNICIPAL DE CASEIROS,Adm Direta,RPPS
90483082000165,14297080000101,FUNDO DE APOSENTADORIA DO SERVIDOR PUBLICO - FASP,Adm Direta,RPPS
90544511000167,16728798000122,FUNDO DE PREVIDÊNCIA SOCIAL DO MUNICÍPIO - FPSM,Adm Direta,RPPS
90738196000109,04778819000135,Instituto de Pevidência dos Servidores Públicos do Município de Ijuí - PREVIJUÍ,Fundação Direito Público,RPPS
90832619000155,94707817000148,Instituto de Previdência e Assistência dos Servidores Municipais de Campo Bom - IPASEM,Autarquia,RPPS
90836693000140,02279284000122,INSTITUTO MUNICIPAL DE SEGURIDADE SOCIAL,Autarquia,RPPS
90836701000158,12050598000102,REGIME PROPRIO DE PREVIDENCIA SOCIAL - RPPS,Adm Direta,RPPS
90873787000199,14747926000150,FUNDO DE APOSENTADORIA E PENSAO DO SERVIDOR - FAPS,Adm Direta,RPPS
90895905000160,11430806000136,Fundo de Aposentadoria e Pensão - FAP,Adm Direta,RPPS
91103093000135,11959992000103,FUNDO DE APOSENTADORIA E PENSÃO DO SERVIDOR,Adm Direta,RPPS
91105452000193,10780545000111,Fundo de Previdência Social do Município - FPSM,Fundação Direito Público,RPPS
91110296000159,15595121000109,FUNDO DE PREVIDENCIA SOCIAL DO MUNICIPIO - FPSM,Adm Direta,RPPS
91342667000128,10580501000148,REGIME PROPRIO DE PREVIDENCIA SOCIAL DO MUNICIPIO DE PANTANO GRANDE-RPPS,Autarquia,RPPS
91553941000108,15279614000121,FUNDO DE PREVIDENCIA SOCIAL DOS SERVIDORES PUBLICOS DO MUNICIPIO DE PIRAPO - PIRAPO-PREV,Adm Direta,RPPS
91553966000101,10587596000121,FUNDO PREVIDÊNCIA SOCIAL MUNICIPAL DE DEZESSEIS DE NOVEMBRO (FPSM),Adm Direta,RPPS
91566869000153,11177411000173,FUNDO DE APOSENTADORIA E PENSÃO DOS SERVIDORES DO MUNICÍPIO DE VILA FLORES,Adm Direta,RPPS
91566893000192,11476111000195,Fundo de Previdência Social do Município - FUPS,Adm Direta,RPPS
91567974000107,12665583000159,FPSM-FUNDO DE PREVIDENCIA SOCIAL DO MUNICIPIO DE NONOAI,Outros,RPPS
91574764000146,10615973000199,Fundo de Aposentadoria e Pensão do Servidor,Adm Direta,RPPS
91618439000138,91567420000100,Instituto de Previdência e Assistência Municipal de Nova Prata,Autarquia,RPPS
91693283000150,10624825000130,FUNDO DE APOSENTADORIA E PENSÃO DO SERVIDOR,Adm Direta,RPPS
91693309000160,10616315000111,FUNDO DE PREVIDÊNCIA SOCIAL DO MUNICÍPIO DE BROCHIER,Adm Direta,RPPS
91693317000106,13098778000127,FUNDO DE APOSENTADORIA DOS SERVIDORES DA PREFEITURA DE PAVERAMA,Adm Direta,RPPS
91693325000152,15528905000106,FUNDO DE PREVIDÊNCIA SOCIAL DO MUNICÍPIO - FPSM,Adm Direta,RPPS
91900365000128,11293873000156,FAPS - FUNDO DE APOSENTADORIA E PENSÃO DO SERVIDOR,Adm Direta,RPPS
91984492000152,14792114000126,FUNDO DE PREVIDENCIA DO SERVIDOR - FPS,Adm Direta,RPPS
91995365000159,14158607000109,INSTITUTO DE PREVIDÊNCIA DOS SERVIDORES PÚBLICOS DO MUNICÍPIO DE NOVA HARTZ- NOVA HARTZ PREV.,Autarquia,RPPS
91995373000103,15024301000122,Regime Próprio de Previdência Social de Santa Maria do Herval,Adm Direta,RPPS
91997056000118,10715858000196,FUNDO MUNICIPAL DE BENEFICIOS E APOSENTADORIA DOS SERVIDORES SEDE NOVA,Adm Direta,RPPS
91997072000100,14935350000154,Fundo de Previdência e Pensão - FAP,Adm Direta,RPPS
92000207000184,11370802000100,FUNDO DE APOSENTADORIA E BENEFICIOS DO SERVIDOR - FABS,Fundação Direito Público,RPPS
92000215000120,12585754000130,FUNDO DE PREVIDENCIA SOCIAL DO MUNICIPIO DE SEGREDO,Adm Direta,RPPS
92000223000177,16513568000146,Regime Próprio de Previdência Social dos Servidores Efetivos Municipais de Cerro Branco,Adm Direta,RPPS
92005545000109,10585079000113,FUNDO DE PREVIDENCIA SOCIAL DO MUNICIPIO DE CERRO GRANDE,Fundação Direito Público,RPPS
92005586000103,10774760000100,REGIME PROPRIO DE PREVIDENCIA DOS SERVIDORES EFETIVOS DO MUNICIPIO - RPPS,Adm Direta,RPPS
92122712000100,15212166000149,Fundo de Aposentadoria e Pensão dos Servidores,Adm Direta,RPPS
92122720000148,10588166000124,FAPS - FUNDO DE APOSENTADORIA E PENSAO DOS SERVIDORES MUNICIPAIS,Adm Direta,RPPS
92122753000198,13577963000102,FUNDO DE APOSENTADORIA E PENSÕES DOS SERVIDORES MUNICIPAIS,Adm Direta,RPPS
92123918000146,14747955000111,FUNDO DE PREVIDENCIA SOCIAL DO MUNICIPIO - FPSM,Adm Direta,RPPS
92123926000192,10703206000131,Fundo de Previdência Social do Município de Alto Feliz - FPSM,Adm Direta,RPPS
92324748000168,11441339000140,FUNDO DE APOSENTADORIA E PENSAO DO SERVIDOR,Outros,RPPS
92399112000185,12441692000192,REGIME PRÓPRIO DE PREVIDÊNCIA SOCIAL - RPPS - MUNICÍPIO DE TRÊS PALMEIRAS - RS,Adm Direta,RPPS
92399153000171,94703410000142,Instituto Municipal de Previdência e Assistência dos Servidores de Saldanha Marinho,Autarquia,RPPS
92399211000167,17101115000175,FAPAS - FUNDO DE APOSENTADORIA DOS SERVIDORES DO MUNICIPIO DE TRINDADE DO SUL,Outros,RPPS
92401553000174,93241131000141,FUNDO DE APOSENTADORIA E PENSAO DO SERVIDOR - FAPS,Fundação Direito Público,RPPS
92401561000110,17274080000176,REGIME PROPRIO DE PREVIDENCIA SOCIAL DO MUNICIPIO DE JAQUIRANA RPPS,Adm Direta,RPPS
92406057000103,12947414000101,Fundo de Aposentadoria e Pensão do Servidor - FAPS,Adm Direta,RPPS
92406115000107,11432496000199,Fundo de Aposentadoria e Pensão do Servidor - FAPS,Adm Direta,RPPS
92406164000131,11815144000112,FUNDO DE PREVIDENCIA SOCIAL DO MUNICIPIO DE CAMPOS BORGES,Adm Direta,RPPS
92406180000124,15328037000110,FUNDO DE APOSENTADORIAS E PENSOES DOS SERVIDORES PÚBLICOS DO MUNICÍPIO DE ERNESTINA,Outros,RPPS
92406248000175,11259716000124,Fundo de Previdência Social do Município - FPS,Adm Direta,RPPS
92406263000113,13557472000191,Fundo de Previdência Social do Municipio de Ibirapuitã,Adm Direta,RPPS
92406289000161,13007419000117,Fundo de Aposentadoria e Benefício dos Servidores - FAS,Adm Direta,RPPS
92406438000192,13742536000124,FUNDO DE PREVIDÊNCIA SOCIAL MUNICIPAL - FPSM,Adm Direta,RPPS
92406495000171,11806792000102,FAPS - Fundo de Aposentadoria e Pensão do Servidor,Fundação Direito Público,RPPS
92406511000126,14417923000158,FUNDO DE PREVIDÊNCIA SOCIAL DO MUNICÍPIO -FPSM,Adm Direta,RPPS
92410422000153,10637865000117,Fundo Municipal de Aposentadoria Pensões e Benefícios dos Serv. Púb. Mun. de Sagrada Família,Adm Direta,RPPS
92410521000135,14774037000181,FUNDO DE APOSENTADORIA E PENSAO DOS SERVIDORES DE NOVO BARREIRO - FAPS,Adm Direta,RPPS
92410562000121,10618111000110,Regime Próprio de Previdência Social do Município de Boa Vista das Missões,Adm Direta,RPPS
92411156000183,10610744000181,FUNDO DE APOSENTADORIA E PENSÃO DO MUNICIPIO DE AMETISTA DO SUL,Adm Direta,RPPS
92411172000176,13378892000100,Regime Próprio de Previdência Social dos servidores Efetivos de Novo Tiradentes,Adm Direta,RPPS
92451038000107,11937781000161,FUNDO DE PREVIDÊNCIA SOCIAL DO MUNICIPIO DE MORMAÇO,Adm Direta,RPPS
92451152000129,12659002000176,REGIME PROPRIO DE PREVIDENCIA DO SERVIDOR PÚBLICO - RPPS PONTÃO,Adm Direta,RPPS
92453810000111,12912637000133,"FAPP - FUNDO DE APOSENTADORIA, PENSAO E PREVIDENCIA",Autarquia,RPPS
92453828000113,01031661000147,INSTITUTO DE PREVIDENCIA E ASSIST MUNICIPAL DE EREBANGO,Autarquia,RPPS
92453836000160,13985867000195,PREFEITURA MUNICIPAL DE IPIRANGA DO SUL RPPS,Outros,Extinção RPPS
92454776000108,23931731000156,FUNDO DE PREVIDENCIA SOCIAL DO MUNICIPIO DE IMIGRANTE,Adm Direta,RPPS
92454818000100,10819924000178,REGIME PROPRIO DE PREVIDENCIA SOCIAL,Adm Direta,RPPS
92455393000146,11503938000140,REGIME PROPRIO DE PREVIDENCIA SOCIAL DOS SERV PUB DE NOVA ESPERANCA DO SUL,Outros,RPPS
92457175000140,12984732000142,Fundo de Aposentadoria e Pensões do Servidor - FAPS,Adm Direta,RPPS
92457217000143,13612592000144,FUNDO MUNICIPAL DE PREVIDÊNCIA SOCIAL DE SILVEIRA MARTINS,Adm Direta,RPPS
92465210000173,11416634000146,FUNDO DE APOSENTADORIA E PENSÃO DO SERVIDOR,Adm Direta,RPPS
92465228000175,10703223000179,FUNDO DE PREVIDENCIA SOCIAL DO MUNICIPIO DE ALEGRIA,Adm Direta,RPPS
92868850000124,15613765000174,FUNDO DE PREVIDENCIA SOCIAL DO MUNICIPIO DE SAO JOSE DOS AUSENTES FPS,Outros,RPPS
92871532000112,12971760000125,Fundo de Previdência dos Servidores Municipais de Nova Pádua - FUNPREV,Adm Direta,RPPS
92891035000186,11369157000105,Fundo de Aposentadoria e Pensão dos Servidores Municipais de Garruchos,Adm Direta,RPPS
92902055000105,12755699000189,FUNPREV - Fundo de Previdência Social dos Servidores Públicos Municipais de São Valentim do Sul,Adm Direta,RPPS
92963560000160,05332568000123,Departamento Municipal de Previdência dos Servidores Públicos do Município de Porto Alegre,Autarquia,RPPS
93235943000184,12963020000147,FUNDO DE PREVIDÊNCIA DO SERVIDOR MUNICIPAL,Adm Direta,RPPS
93235950000186,15190708000120,FUNDO DE APOSENTADORIAS E PENSOES DO SERVIDOR PUBLICO MUNICIPAL DE PARECI NOVO,Adm Direta,RPPS
93235968000188,15330604000173,FUNDO DE APOSENTADORIA E PENSAO DO SERVIDOR DO MUNICIPIO DE SÃO PEDRO DA SERRA,Adm Direta,RPPS
93317980000131,12967969000115,FUNDO DE PREVIDENCIA SOCIAL DO MUNICIPIO - FPSM,Adm Direta,RPPS
93317998000133,10686720000106,Fundo de Aposentadoria e Previdência Social - FAPS,Adm Direta,RPPS
93539153000192,12904250000135,Fundo de Aposentadoria e Prev. Social dos Servidores Efetivos do Município de Barra do Rio Azul,Adm Direta,RPPS
93592715000161,12403858000186,FUNDO DE APOSENTADORIA E PENSAO DO SERVIDOR - FAPS,Adm Direta,RPPS
93592731000154,13022610000138,Fundo de Aposentadoria e Pensão do Servidor - FAPS,Adm Direta,RPPS
93845519000151,12013208000124,FUNDO DE PREVIDÊNCIA SOCIAL DO MUNICIPIO DE PORTO MAUÁ,Adm Direta,RPPS
94068236000103,12995840000110,REGIME PRÓPRIO DE PREVIDÊNCIA SOCIAL,Adm Direta,RPPS
94068418000184,12694628000113,FUNDO MUNICIPAL DE APOSENTADORIA E PENSÕES DOS SERVIDORES PÚBLICOS - FMAPSP,Adm Direta,RPPS
94187341000161,10614820000127,Fundo de Aposentadoria e Pensões dos Servidores do Município de Novo Machado - RS,Fundação Direito Público,RPPS
94187358000119,15147307000197,FUNDO DE APOSENTADORIA E PENSÃO DOS SERVIDORES MUN. SÃO J. INHACORA,Autarquia,RPPS
94309291000148,11419552000155,FUNDO DE PREVIDENCIA SOCIAL DO MUNICIPIO DE NOVA SANTA RITA,Adm Direta,RPPS
94436342000100,10957325000110,FUNDO DE PREVIDÊNCIA SOCIAL DO MUNICÍPIO - FPSM,Adm Direta,RPPS
94436474000124,20181811000143,Prev Xangri-la,Adm Direta,RPPS
94442241000134,11188610000187,FUNDO DE PREVIDENCIA SOCIAL DO MUNICIPIO-FPSM,Adm Direta,RPPS
94444122000110,12021758000195,FUNDO DE APOSENTADORIA E PENSAO DOS SERVIDORES DO MUNICIPIO DE QUEVEDOS,Adm Direta,RPPS
94444189000155,15766917000179,FUNDO DE APOSENTADORIA E PENSÃO DO SERVIDOR,Adm Direta,RPPS
94444247000140,36139908000128,FUNDO DE PREVIDÊNCIA SOCIAL DO MUNICIPIO DE SÃO JOÃO DO POLÊSINE,Adm Direta,RPPS
94444346000122,10742202000162,FUNDO DE APOSENTADORIA E PENSÃO DO SERVIDOR - FAPS,Adm Direta,RPPS
94449030000123,13040724000100,FPSM - FUNDO DE PREVIDENCIA SOCIAL DO MUNICIPIO - VITORIA DAS MISSOES,Autarquia,RPPS
94577509000145,15360914000130,Fundo de Previdência Social do Município - FPSM,Adm Direta,RPPS
94577574000170,15424832000102,Fundo de Previdência Social do Município de Vale do Sol - FPSM,Adm Direta,RPPS
94577590000163,10519253000120,Fundo de Previdência Social do Município de Mato Leitão,Adm Direta,RPPS
94577616000173,13431864000100,FUNDO DE PREVIDÊNCIA DOS SERVIDORES DO MUNICÍPIO DE PASSO DO SOBRADO,Adm Direta,RPPS
94702818000108,94702818000280,FUNDO MUNICIPAL DE PREVIDÊNCIA SOCIAL,Fundação Direito Público,RPPS
94703964000140,13036103000153,FAPS-FUNDO DE APOSENTADORIA E PENSAO DO SERVIDOR DE GRAMADO DOS LOUREIROS,Outros,RPPS
94703980000132,13601557000120,FUNDO DE PREVIDENCIA SOCIAL DE COQUEIROS DO SUL,Adm Direta,RPPS
94704004000102,11137208000173,"FUNDO DE APOSENTADORIA, PENSOES E BENEFICIOS SOCIAIS DO MUNICIPIO DE BARRA FUNDA - FABS",Adm Direta,RPPS
94704020000197,13598489000197,FUNDO DE PREVIDÊNCIA MUNICIPAL DE SANTO ANTÔNIO DO PLANALTO,Adm Direta,RPPS
94704061000183,15398651000159,Fundo de Previdência Social do Município - FPSM - Nova Boa Vista,Adm Direta,RPPS
94704103000186,15045713000149,FUNDO DE PREVIDENCIA SOCIAL DO SERVIDOR - FPSS,Outros,RPPS
94704129000124,12142958000104,Fundo de Aposentadoria e Benefícios do Servidor,Fundação Direito Público,RPPS
94704277000149,13540079000195,Fundo Municipal de Previdência Social de Lagoa dos Três Cantos,Adm Direta,RPPS
94706033000103,15266911000132,FUNDO DE APOSENTADORIA PENSAO DOS SERVIDORES DE SÉRIO,Adm Direta,RPPS
94707486000146,10619979000134,FUNDO DE APOSENTADORIA E PENSÃO DOS SERVIDORES - FAPS,Adm Direta,RPPS
94707494000192,15579986000173,Fundo de Previdência dos Servidores do Município de Presidente Lucena,Adm Direta,RPPS
94707627000120,11787524000190,FUNDO DE PREVIDÊNCIA SOCIAL DO MUNICÍPIO DE MORRO REUTER - FPSM,Adm Direta,RPPS
94721388000163,10602607000103,FUNDO DE APOSENTADORIA E PENSOES DOS SERVIDORES DE CORONEL BARROS,Adm Direta,RPPS
94726312000120,94727898000148,FUNDO APOSENTADORIA E DEMAIS BECIFICIOS DOS SERVIDORES - BARRA DO GUARITA,Adm Direta,RPPS
95422911000113,05130775000103,Regime de Previdência Social Municipal - RPSM,Fundação Direito Público,RPPS
95422986000102,05145721000103,Instituto de Previdência Municipal de Fazenda Rio Grande - FAZPREV,Autarquia,RPPS
95423000000100,03861196000105,Pinhais Previdência,Autarquia,RPPS
95543427000142,09224738000107,FUNDO DE PREVIDENCIA DO MUNICIPIO DE PITANGUEIRAS,Autarquia,RPPS
95587770000199,07424321000162,FUNDO DE PREVIDÊNCIA DE RIO BONITO DO IGUAÇU,Autarquia,RPPS
95589271000130,11816032000186,Instituto de Previdência e Flor da Serra do Sul - IPFS,Autarquia,RPPS
95639472000103,05695730000178,Instituto de Previdência dos Servidores Públicos do Município de Novo Itacolomi,Autarquia,RPPS
95640132000194,02427834000103,Fundo de Previdência Municipal de Rancho Alegre d' Oeste,Outros,RPPS
95641916000137,05051306000190,INSTITUTO DE PREVIDENCIA DOS SERVIDORES PÚBLICOS DO MUNICIPIO DE SANTA MÔNICA,Fundação Direito Público,RPPS
95642286000115,00343828000142,INSTITUTO DE PREVIDÊNCIA E ASSISTÊNCIA DO MUNICÍPIO DE ÂNGULO,Autarquia,RPPS
95684536000180,04874895000144,Fundo de Previdência dos Servidores Públicos Municipio de Laranjal,Autarquia,RPPS
95719472000105,95719472000105,Pato Bragado,Adm Direta,RGPS
95954509000180,05018753000148,Instituto de Previdência Social dos Servidores Públicos do Município de Balneário Barra do Sul,Autarquia,RPPS
95990115000187,05416258000197,INSTITUTO DE PREVIDÊNCIA SOCIAL DOS SERVIDORES PÚBLICOS MUNICIPAIS DE NOVO HORIZONTE,Fundação Direito Público,RPPS
95991261000127,05026870000153,Instituto de Previdência Municipal de São Cristóvão do Sul SC,Autarquia,RPPS
95992020000100,13297941000180,Fundo de Previdência Social dos Servidores Públicos do Município de Macieira - FUPEM,Autarquia,RPPS
95993085000162,95993085000162,Passos Maia,Adm Direta,Extinção RPPS
97228126000150,11321065000155,Fundo de Previdencia Social do Município,Autarquia,RPPS
97229181000164,10752239000171,REGIME PROPRIO DE PREVIDENCIA SOCIAL DO SERVIDOR PUBLICO DE SAO SEPE,Adm Direta,RPPS
97320030000117,11869557000180,FUNDO DE APOSENTADORIA E PENSÃO DO SERVIDOR – FAPS,Adm Direta,RPPS
97761407000173,10588062000110,Fundo de Previdência Social do Município de Taquara,Adm Direta,RPPS
98661366000106,12998988000109,Fundo de Previdência Social do Município - FPSM,Adm Direta,RPPS
98671597000109,14241481000131,FUNDO DE APOSENTADORIA E PENSAO DO SERVIDOR FAPS,Adm Direta,RPPS
