Via;Emissor_Razao_Social;Emissor_CNPJ;Data_Vencimento;Indexador_Descricao;Taxa_Contratada;Declarado_no_DAIR;Valor_da_LF_nos_Fundos_RS;Exposicao_RPPS_RS;Perc_da_LF_em_Maos_de_RPPS;RPPS_Alcancados;Fundos_que_Carregam;Principal_Veiculo;Principal_Veiculo_CNPJ;Exposicao_pelo_Principal_Veiculo_RS;Maior_RPPS;Maior_RPPS_Exposicao_RS
Dois fundos;BANCO BRADESCO S.A.;60.746.948/0001-12;2025-08-12;DI de um dia;100% do DI1 + 0,8000%;;883258634.01;412507089.5582942;46.70286523954024;1051;2;BB PREVIDENCIARIO RENDA FIXA REFERENCIADO DI LONGO PRAZO PERFIL FUNDO DE INVESTIMENTO EM COTAS DE FUNDOS DE INVESTIMENTO;13.077.418/0001-49;400271736.323246;Governo do Estado do Amazonas/AM;15978587.92939572
Dois fundos e Um fundo;BANCO BRADESCO S.A.;60.746.948/0001-12;2024-06-24;DI de um dia;100% do DI1 + 0,9000%;;2324445619.470001;344812145.6765094;14.83416702840011;1084;5;BB PREVIDENCIARIO RENDA FIXA REFERENCIADO DI LONGO PRAZO PERFIL FUNDO DE INVESTIMENTO EM COTAS DE FUNDOS DE INVESTIMENTO;13.077.418/0001-49;289451247.7215115;Governo do Estado do Amazonas/AM;14321564.30432402
Dois fundos;BANCO BRADESCO S.A.;60.746.948/0001-12;2024-08-27;DI de um dia;100% do DI1 + 0,8500%;;1391251127.6;337073245.8223344;24.22806631638158;1051;2;BB PREVIDENCIARIO RENDA FIXA REFERENCIADO DI LONGO PRAZO PERFIL FUNDO DE INVESTIMENTO EM COTAS DE FUNDOS DE INVESTIMENTO;13.077.418/0001-49;312119709.174831;Governo do Estado do Amazonas/AM;12459616.21811827
Dois fundos e Um fundo;BANCO BRADESCO S.A.;60.746.948/0001-12;2027-02-01;DI de um dia;100% do DI1 + 0,6000%;;3079909822.410001;316991017.8217204;10.29221750309812;890;3;FUNDO DE INVESTIMENTO CAIXA BRASIL RENDA FIXA REFERENCIADO DI LONGO PRAZO;03.737.206/0001-97;313702801.2866756;Macaé/RJ;14620574.2804181
Dois fundos e Um fundo;ITAU UNIBANCO S.A.;60.701.190/0001-04;2025-09-01;DI de um dia;100% do DI1 + 0,7000%;;1892279296.24;316952251.1451935;16.74976055463824;1017;4;FUNDO DE INVESTIMENTO CAIXA BRASIL RENDA FIXA REFERENCIADO DI LONGO PRAZO;03.737.206/0001-97;244705153.9780022;Macaé/RJ;12349822.53124868
Dois fundos e Um fundo;BANCO BRADESCO S.A.;60.746.948/0001-12;2024-12-23;DI de um dia;100% do DI1 + 0,7000%;;1034084307;250621618.5265539;24.23609147049496;998;5;FUNDO DE INVESTIMENTO CAIXA BRASIL MATRIZ RENDA FIXA;23.215.008/0001-70;130386450.9641053;Rio Grande/RS;8093649.282312484
Direta;;;;;;nvest em Letra Financeira da CEF IPCA + 6 31%;;248673036.06;;1;;;;;São José dos Pinhais/PR;248673036.06
Um fundo;BANCO BRADESCO S.A.;60.746.948/0001-12;2027-10-08;DI de um dia;100% do DI1 + 1,4031%;;342506849.78;235533981.0098497;68.76767024108818;473;1;BRADESCO FUNDO DE INVESTIMENTO RENDA FIXA REFERENCIADO DI PREMIUM;03.399.411/0001-90;235533981.0098497;Governo do Estado do Amazonas/AM;22327129.70344077
Dois fundos;BANCO DO BRASIL;00.000.000/0001-91;2026-02-09;DI de um dia;100% do DI1 + 0,5500%;;2312087073.55;217993015.8007747;9.428408570533039;1051;2;BB PREVIDENCIARIO RENDA FIXA REFERENCIADO DI LONGO PRAZO PERFIL FUNDO DE INVESTIMENTO EM COTAS DE FUNDOS DE INVESTIMENTO;13.077.418/0001-49;173668137.2828128;Governo do Estado de São Paulo/SP;9116608.170791257
Dois fundos e Um fundo;ITAU UNIBANCO S.A.;60.701.190/0001-04;2025-09-01;DI de um dia;100% do DI1 + 0,7500%;;1892279296.24;201627726.1188471;10.65528363172846;998;4;FUNDO DE INVESTIMENTO CAIXA BRASIL RENDA FIXA REFERENCIADO DI LONGO PRAZO;03.737.206/0001-97;180978218.9662698;Macaé/RJ;8901147.162715815
Dois fundos e Um fundo;BANCO SAFRA S.A.;58.160.789/0001-28;2026-02-02;DI de um dia;100% do DI1 + 0,6000%;;1056381284.88;198681573.1629293;18.80775208787409;1352;7;FUNDO DE INVESTIMENTO CAIXA BRASIL RENDA FIXA REFERENCIADO DI LONGO PRAZO;03.737.206/0001-97;106056808.4426418;Macaé/RJ;7819481.873525302
Dois fundos e Um fundo;BANCO VOTORANTIM S/A;59.588.111/0001-03;2026-04-01;DI de um dia;100% do DI1 + 0,6500%;;561714092.8299999;191765603.4730202;34.1393612730769;890;2;FUNDO DE INVESTIMENTO CAIXA BRASIL RENDA FIXA REFERENCIADO DI LONGO PRAZO;03.737.206/0001-97;189276247.5481729;Macaé/RJ;8855236.197485799
Dois fundos e Um fundo;BANCO BRADESCO S.A.;60.746.948/0001-12;2025-12-23;DI de um dia;100% do DI1 + 1,0000%;;3257724806.990001;186678474.8168416;5.730332851206193;1199;17;FUNDO DE INVESTIMENTO CAIXA BRASIL RENDA FIXA REFERENCIADO DI LONGO PRAZO;03.737.206/0001-97;91343040.02169983;Governo do Estado do Amazonas/AM;9279712.664451985
Dois fundos e Um fundo;BANCO SANTANDER;90.400.888/0001-42;2025-03-31;DI de um dia;100% do DI1 + 0,7000%;;298961399.39;183764254.6628314;61.4675523454812;879;2;FUNDO DE INVESTIMENTO CAIXA BRASIL RENDA FIXA REFERENCIADO DI LONGO PRAZO;03.737.206/0001-97;183761216.9321078;Macaé/RJ;8440319.350095307
Dois fundos;BANCO BRADESCO S.A.;60.746.948/0001-12;2025-10-21;DI de um dia;100% do DI1 + 0,6500%;;1074644210.41;180867965.7757994;16.83049738915862;1034;1;BB PREVIDENCIARIO RENDA FIXA REFERENCIADO DI LONGO PRAZO PERFIL FUNDO DE INVESTIMENTO EM COTAS DE FUNDOS DE INVESTIMENTO;13.077.418/0001-49;180817987.3653089;Governo do Estado do Amazonas/AM;7218136.701012838
Dois fundos e Um fundo;ITAU UNIBANCO S.A.;60.701.190/0001-04;2024-10-15;DI de um dia;100% do DI1 + 0,6500%;;982161370.4699999;175449232.037805;17.86358508010207;998;6;FUNDO DE INVESTIMENTO CAIXA BRASIL MATRIZ RENDA FIXA;23.215.008/0001-70;109451277.4530244;Rio Grande/RS;6213072.443674777
Dois fundos e Um fundo;BANCO BRADESCO S.A.;60.746.948/0001-12;2024-12-27;DI de um dia;100% do DI1 + 0,7000%;;911809688.3499999;169554878.3076902;18.59542407522722;1011;3;FUNDO DE INVESTIMENTO CAIXA BRASIL RENDA FIXA REFERENCIADO DI LONGO PRAZO;03.737.206/0001-97;111196360.1177482;Macaé/RJ;5107349.666217899
Dois fundos;BANCO BRADESCO S.A.;60.746.948/0001-12;2026-11-16;DI de um dia;100% do DI1 + 0,7500%;;1829710481.95;167841168.9312097;9.173099820269611;1034;1;BB PREVIDENCIARIO RENDA FIXA REFERENCIADO DI LONGO PRAZO PERFIL FUNDO DE INVESTIMENTO EM COTAS DE FUNDOS DE INVESTIMENTO;13.077.418/0001-49;167794790.155388;Governo do Estado do Amazonas/AM;6698259.120716904
Dois fundos;BANCO DO BRASIL;00.000.000/0001-91;2025-03-07;DI de um dia;100% do DI1 + 0,6500%;;587973431.83;167634543.8930701;28.51056439256562;1051;2;BB PREVIDENCIARIO RENDA FIXA REFERENCIADO DI LONGO PRAZO PERFIL FUNDO DE INVESTIMENTO EM COTAS DE FUNDOS DE INVESTIMENTO;13.077.418/0001-49;164898341.2207538;Governo do Estado do Amazonas/AM;6582634.759101513
Dois fundos e Um fundo;BANCO SANTANDER;90.400.888/0001-42;2025-03-21;DI de um dia;100% do DI1 + 0,7000%;;1982865213.97;166082030.9560767;8.375860839454386;1073;3;BB PREVIDENCIARIO RENDA FIXA REFERENCIADO DI LONGO PRAZO PERFIL FUNDO DE INVESTIMENTO EM COTAS DE FUNDOS DE INVESTIMENTO;13.077.418/0001-49;126039458.6315667;Macaé/RJ;5537111.108292334
Um fundo;BANCO BRADESCO S.A.;60.746.948/0001-12;2024-10-11;DI de um dia;100% do DI1 + 0,6500%;;402822788.5599999;165164072.060095;41.00167039966112;986;2;FUNDO DE INVESTIMENTO CAIXA BRASIL MATRIZ RENDA FIXA;23.215.008/0001-70;142333452.0864693;Rio Grande/RS;7261492.136353861
Dois fundos e Um fundo;BANCO SANTANDER;90.400.888/0001-42;2024-07-29;DI de um dia;100% do DI1 + 0,8000%;;2161637944.61;161130297.8473921;7.454083522597628;998;5;FUNDO DE INVESTIMENTO CAIXA BRASIL RENDA FIXA REFERENCIADO DI LONGO PRAZO;03.737.206/0001-97;129647264.5792918;Macaé/RJ;6301448.356946189
Dois fundos e Um fundo;BANCO CITIBANK S.A.;33.479.023/0001-80;2024-08-23;DI de um dia;100% do DI1 + 1,1500%;;1686318398.769999;147014049.8562434;8.718048143427447;1365;10;FUNDO DE INVESTIMENTO CAIXA BRASIL RENDA FIXA REFERENCIADO DI LONGO PRAZO;03.737.206/0001-97;52757039.63693714;Governo do Estado do Amazonas/AM;5380113.656524555
Dois fundos e Um fundo;ITAU UNIBANCO HOLDING SA;60.872.504/0001-23;2026-09-21;DI de um dia;100% do DI1 + 2,0032%;;2532328034.069999;145324304.7927548;5.738763021123576;482;3;BRADESCO FUNDO DE INVESTIMENTO RENDA FIXA REFERENCIADO DI PREMIUM;03.399.411/0001-90;139216393.2537112;Governo do Estado do Amazonas/AM;14055627.55200798
Dois fundos;ITAU UNIBANCO S.A.;60.701.190/0001-04;2027-02-01;DI de um dia;100% do DI1 + 0,8000%;;1224129756.7;133350891.0968641;10.89352581840265;1034;1;BB PREVIDENCIARIO RENDA FIXA REFERENCIADO DI LONGO PRAZO PERFIL FUNDO DE INVESTIMENTO EM COTAS DE FUNDOS DE INVESTIMENTO;13.077.418/0001-49;133314042.8603844;Governo do Estado do Amazonas/AM;5321810.067417877
Dois fundos e Um fundo;CAIXA ECONOMICA FEDERAL CEF;00.360.305/0001-04;2024-11-08;DI de um dia;105,50% do DI1;;4171119809.139999;131400004.6359657;3.150233286227703;1073;3;BB PREVIDENCIARIO RENDA FIXA REFERENCIADO DI LONGO PRAZO PERFIL FUNDO DE INVESTIMENTO EM COTAS DE FUNDOS DE INVESTIMENTO;13.077.418/0001-49;88615583.70055364;Macaé/RJ;4395254.213836771
Dois fundos e Um fundo;ITAU UNIBANCO S.A.;60.701.190/0001-04;2024-06-03;DI de um dia;100% do DI1 + 0,6580%;;1314998439.930001;121219646.1172929;9.218234975529368;1038;6;FUNDO DE INVESTIMENTO CAIXA BRASIL RENDA FIXA REFERENCIADO DI LONGO PRAZO;03.737.206/0001-97;79290214.45481554;Macaé/RJ;3641871.459653208
Direta;;;;;;LF BTG PACTUAL IPCA;;119975484.63;;4;;;;;Maringá/PR;53685539.51
Dois fundos;BANCO VOTORANTIM S/A;59.588.111/0001-03;2025-02-24;DI de um dia;100% do DI1 + 1,1000%;;413201894.38;115906556.7437118;28.0508289821921;1034;1;BB PREVIDENCIARIO RENDA FIXA REFERENCIADO DI LONGO PRAZO PERFIL FUNDO DE INVESTIMENTO EM COTAS DE FUNDOS DE INVESTIMENTO;13.077.418/0001-49;115874528.8196589;Governo do Estado do Amazonas/AM;4625635.985517097
Um fundo;BANCO ABC BRASIL S.A.;28.195.667/0001-06;2024-08-22;DI de um dia;100% do DI1 + 1,0000%;;147707851.43;114157659.2413263;77.2861145403815;987;2;FUNDO DE INVESTIMENTO CAIXA BRASIL MATRIZ RENDA FIXA;23.215.008/0001-70;67346598.28479235;Rio Grande/RS;4009364.403226715
Dois fundos e Um fundo;BANCO BRADESCO S.A.;60.746.948/0001-12;2027-06-01;DI de um dia;100% do DI1 + 2,2555%;;2971330201.669999;113659640.9178942;3.825210703745187;482;4;BRADESCO FUNDO DE INVESTIMENTO RENDA FIXA REFERENCIADO DI PREMIUM;03.399.411/0001-90;110016681.6029104;Governo do Estado do Amazonas/AM;10913504.30186033
Dois fundos e Um fundo;BANCO BRADESCO S.A.;60.746.948/0001-12;2025-08-01;DI de um dia;108,75% do DI1;;5264633301.920004;112394616.7663894;2.134899247881126;1057;11;FUNDO DE INVESTIMENTO CAIXA BRASIL RENDA FIXA REFERENCIADO DI LONGO PRAZO;03.737.206/0001-97;59726533.26658325;Joinville/SC;6328682.969613986
Um fundo;ITAU UNIBANCO S.A.;60.701.190/0001-04;2025-06-02;DI de um dia;100% do DI1 + 0,6880%;;2028533679.54;111668637.606016;5.504894433467749;427;2;FUNDO DE INVESTIMENTO CAIXA BRASIL MATRIZ RENDA FIXA;23.215.008/0001-70;111644680.5194561;Rio Grande/RS;5410604.924208169
Dois fundos;BANCO DO BRASIL;00.000.000/0001-91;2025-03-28;DI de um dia;100% do DI1 + 0,8500%;;1160728025.03;111643838.7436983;9.618432254258074;1069;3;BB PREVIDENCIARIO RENDA FIXA REFERENCIADO DI LONGO PRAZO PERFIL FUNDO DE INVESTIMENTO EM COTAS DE FUNDOS DE INVESTIMENTO;13.077.418/0001-49;48500075.64511108;Macaé/RJ;15835384.0415794
Dois fundos e Um fundo;BANCO SANTANDER;90.400.888/0001-42;2026-11-30;DI de um dia;100% do DI1 + 2,0048%;;7300459966.270001;107696765.7577779;1.475205209745202;482;4;BRADESCO FUNDO DE INVESTIMENTO RENDA FIXA REFERENCIADO DI PREMIUM;03.399.411/0001-90;96433348.52116133;Governo do Estado do Amazonas/AM;10694919.13882211
Dois fundos e Um fundo;BANCO SANTANDER;90.400.888/0001-42;2028-10-10;DI de um dia;100% do DI1 + 1,6039%;;3832451797.020001;107248137.2994257;2.798421036445094;482;2;BRADESCO FUNDO DE INVESTIMENTO RENDA FIXA REFERENCIADO DI PREMIUM;03.399.411/0001-90;100514836.2234713;Governo do Estado do Amazonas/AM;10485701.53171835
Direta;;;;;;LF BRADESCO IPCA;;106666800.14;;2;;;;;Governo do Estado da Paraíba/PB;94421799.67
Dois fundos e Um fundo;BANCO SAFRA S.A.;58.160.789/0001-28;2026-04-20;DI de um dia;100% do DI1 + 0,5500%;;633835087.74;100431542.313294;15.84505879461365;890;3;FUNDO DE INVESTIMENTO CAIXA BRASIL RENDA FIXA REFERENCIADO DI LONGO PRAZO;03.737.206/0001-97;92173025.62344989;Macaé/RJ;4769065.073983139
Dois fundos e Um fundo;BANCO BTG PACTUAL S A;30.306.294/0001-45;2027-03-05;DI de um dia;100% do DI1 + 0,9300%;;790127293.1200001;98671446.33757849;12.48804429321148;1073;3;BB PREVIDENCIARIO RENDA FIXA REFERENCIADO DI LONGO PRAZO PERFIL FUNDO DE INVESTIMENTO EM COTAS DE FUNDOS DE INVESTIMENTO;13.077.418/0001-49;74751702.07930145;Macaé/RJ;3360524.305430037
Dois fundos;BANCO DO BRASIL;00.000.000/0001-91;2074-02-08;DI de um dia;100% do DI1 + 1,9000%;;1044237123.17;88184445.42066383;8.444867881440715;1083;4;BB PREVIDENCIARIO RENDA FIXA REFERENCIADO DI LONGO PRAZO PERFIL FUNDO DE INVESTIMENTO EM COTAS DE FUNDOS DE INVESTIMENTO;13.077.418/0001-49;70210484.50946674;Governo do Estado de São Paulo/SP;3685658.675097361
Dois fundos e Um fundo;BANCO BRADESCO S.A.;60.746.948/0001-12;2025-07-14;DI de um dia;100% do DI1 + 1,1670%;;2949347043.770001;86262848.64349023;2.924811741829635;482;3;BRADESCO FUNDO DE INVESTIMENTO RENDA FIXA REFERENCIADO DI PREMIUM;03.399.411/0001-90;82899512.91521022;Governo do Estado do Amazonas/AM;8318217.065070708
Dois fundos e Um fundo;BANCO CITIBANK S.A.;33.479.023/0001-80;2024-09-27;DI de um dia;100% do DI1 + 1,0000%;;694853588.0699999;84962581.16926597;12.22740770544986;998;5;FUNDO DE INVESTIMENTO CAIXA BRASIL RENDA FIXA REFERENCIADO DI LONGO PRAZO;03.737.206/0001-97;65748917.09387524;Macaé/RJ;3493836.400410136
Dois fundos e Um fundo;BANCO PAN S.A.;59.285.411/0001-13;2027-03-05;DI de um dia;100% do DI1 + 1,0500%;;651328113.83;81541065.33275916;12.51919940216826;1073;3;BB PREVIDENCIARIO RENDA FIXA REFERENCIADO DI LONGO PRAZO PERFIL FUNDO DE INVESTIMENTO EM COTAS DE FUNDOS DE INVESTIMENTO;13.077.418/0001-49;57511195.61137006;Macaé/RJ;2725659.699424777
Dois fundos e Um fundo;BANCO BRADESCO S.A.;60.746.948/0001-12;2026-08-18;DI de um dia;100% do DI1 + 1,4000%;;2829418303.51;75324853.02814178;2.662202790400361;227;4;ITAU INSTITUCIONAL RENDA FIXA REFERENCIADO DI - FUNDO DE INVESTIMENTO;00.832.435/0001-00;58970785.09428766;Niterói/RJ;6278441.199882068
Dois fundos e Um fundo;ITAU UNIBANCO S.A.;60.701.190/0001-04;2026-07-01;DI de um dia;100% do DI1 + 0,9170%;;3127945706.33;73522441.04106058;2.350502468513881;225;3;Itaú High Grade FIC Renda Fixa Crédito Privado;09.093.883/0001-04;42990557.70560528;Niterói/RJ;6589752.513782312
Dois fundos e Um fundo;Banco Volkswagen S/A;59.109.165/0001-49;2025-03-10;DI de um dia;100% do DI1 + 1,1000%;;293023156;69732220.51637718;23.7975119332812;890;2;FUNDO DE INVESTIMENTO CAIXA BRASIL RENDA FIXA REFERENCIADO DI LONGO PRAZO;03.737.206/0001-97;66457120.93932117;Macaé/RJ;3265052.015136715
Dois fundos e Um fundo;BANCO BRADESCO S.A.;60.746.948/0001-12;2027-09-17;DI de um dia;100% do DI1 + 1,4000%;;6778743623.540005;69523533.57279265;1.025610901279166;1111;10;Itaú High Grade FIC Renda Fixa Crédito Privado;09.093.883/0001-04;36205509.43315231;Santos/SP;5326908.510861877
Dois fundos e Um fundo;BANCO BRADESCO S.A.;60.746.948/0001-12;2025-11-03;DI de um dia;100% do DI1 + 0,7500%;;419359033.9299999;69463931.13977876;16.5643101780356;1073;3;BB PREVIDENCIARIO RENDA FIXA REFERENCIADO DI LONGO PRAZO PERFIL FUNDO DE INVESTIMENTO EM COTAS DE FUNDOS DE INVESTIMENTO;13.077.418/0001-49;50835944.44111916;Governo do Estado do Amazonas/AM;2029337.908511042
Dois fundos e Um fundo;BANCO VOTORANTIM S/A;59.588.111/0001-03;2026-01-30;DI de um dia;100% do DI1 + 0,8500%;;249780464.13;68718380.21409175;27.51151113976903;998;4;FUNDO DE INVESTIMENTO CAIXA BRASIL RENDA FIXA REFERENCIADO DI LONGO PRAZO;03.737.206/0001-97;48348621.69264029;Macaé/RJ;2338640.824743505
Dois fundos e Um fundo;BANCO DAYCOVAL S.A.;62.232.889/0001-90;2027-04-05;DI de um dia;100% do DI1 + 0,8000%;;556912034.5;68006230.51451626;12.21130561051222;1127;6;BB PREVIDENCIARIO RENDA FIXA REFERENCIADO DI LONGO PRAZO PERFIL FUNDO DE INVESTIMENTO EM COTAS DE FUNDOS DE INVESTIMENTO;13.077.418/0001-49;48414910.42181747;Governo do Estado do Amazonas/AM;2744245.015246592
Direta;;;;;;Letra Financeira Banco Daycoval;;67420124.5;;1;;;;;Goiânia/GO;67420124.5
Dois fundos e Um fundo;BANCO SAFRA S.A.;58.160.789/0001-28;2026-02-09;DI de um dia;100% do DI1 + 0,5500%;;103390152.63;64664295.16576301;62.54395947859335;998;3;FUNDO DE INVESTIMENTO CAIXA BRASIL RENDA FIXA REFERENCIADO DI LONGO PRAZO;03.737.206/0001-97;52857621.21626559;Macaé/RJ;2494146.198766605
Dois fundos e Um fundo;ITAU UNIBANCO S.A.;60.701.190/0001-04;2026-06-01;DI de um dia;100% do DI1 + 0,9000%;;2290953104.66;63797748.23955716;2.784768841832115;225;3;ITAU INSTITUCIONAL RENDA FIXA REFERENCIADO DI - FUNDO DE INVESTIMENTO;00.832.435/0001-00;61648571.73545377;Niterói/RJ;5154217.855545246
Dois fundos;BANCO VOTORANTIM S/A;59.588.111/0001-03;2024-06-03;DI de um dia;100% do DI1 + 1,4100%;;226937684.51;60019581.3220304;26.44760452704171;1034;1;BB PREVIDENCIARIO RENDA FIXA REFERENCIADO DI LONGO PRAZO PERFIL FUNDO DE INVESTIMENTO EM COTAS DE FUNDOS DE INVESTIMENTO;13.077.418/0001-49;60002996.38804328;Governo do Estado do Amazonas/AM;2395280.672626108
Dois fundos e Um fundo;ITAU UNIBANCO HOLDING SA;60.872.504/0001-23;2029-11-19;DI de um dia;100% do DI1 + 0,7500%;;1567717338.560001;58742130.23444467;3.746984790536362;1045;9;FUNDO DE INVESTIMENTO CAIXA BRASIL RENDA FIXA REFERENCIADO DI LONGO PRAZO;03.737.206/0001-97;35776519.31204957;Governo do Estado do Espírito Santo/ES;3034399.588775946
Dois fundos e Um fundo;BANCO RCI BRASIL S.A.;62.307.848/0001-15;2024-11-04;DI de um dia;100% do DI1 + 0,8500%;;122266706.73;57678011.17501523;47.1739304325787;890;3;FUNDO DE INVESTIMENTO CAIXA BRASIL RENDA FIXA REFERENCIADO DI LONGO PRAZO;03.737.206/0001-97;56823206.97873485;Macaé/RJ;2665388.725903746
Dois fundos e Um fundo;BANCO BRADESCO S.A.;60.746.948/0001-12;2027-06-02;DI de um dia;100% do DI1 + 2,0048%;;1048985947.629999;56900767.94019335;5.424359408126554;482;3;BRADESCO FUNDO DE INVESTIMENTO RENDA FIXA REFERENCIADO DI PREMIUM;03.399.411/0001-90;54343767.65394781;Governo do Estado do Amazonas/AM;5510518.605324152
Um fundo;BANCO DAYCOVAL S.A.;62.232.889/0001-90;2024-08-26;DI de um dia;100% do DI1 + 1,0500%;;219763133.33;56090938.27846189;25.52336118826391;427;1;FUNDO DE INVESTIMENTO CAIXA BRASIL MATRIZ RENDA FIXA;23.215.008/0001-70;56090938.27846189;Rio Grande/RS;2718319.452757215
Um fundo;BANCO BRADESCO S.A.;60.746.948/0001-12;2027-06-01;DI de um dia;100% do DI1 + 1,1922%;;2971330201.669999;55823279.18526351;1.878730245258125;473;1;BRADESCO FUNDO DE INVESTIMENTO RENDA FIXA REFERENCIADO DI PREMIUM;03.399.411/0001-90;55823279.18526351;Governo do Estado do Amazonas/AM;5291693.323812343
Um fundo;BANCO COOPERATIVO SICREDI S.A.;01.181.521/0001-55;2026-03-23;DI de um dia;100% do DI1 + 0,8000%;;175694617.94;54253066.50117398;30.87918522336381;890;3;FUNDO DE INVESTIMENTO CAIXA BRASIL RENDA FIXA REFERENCIADO DI LONGO PRAZO;03.737.206/0001-97;54124644.91221289;Macaé/RJ;2485994.027446865
Dois fundos e Um fundo;BANCO CITIBANK S.A.;33.479.023/0001-80;2026-04-02;DI de um dia;100% do DI1 + 1,1500%;;220245977.5;54170783.46085127;24.59558357239522;931;3;FUNDO DE INVESTIMENTO CAIXA BRASIL RENDA FIXA REFERENCIADO DI LONGO PRAZO;03.737.206/0001-97;43376539.89454053;Macaé/RJ;2055813.153181188
Dois fundos e Um fundo;BANCO TOYOTA DO BRASIL S.A.;03.215.790/0001-10;2024-09-01;DI de um dia;100% do DI1 + 0,8000%;;311063953.63;53794689.32677509;17.29377148943527;1007;7;FUNDO DE INVESTIMENTO CAIXA BRASIL RENDA FIXA REFERENCIADO DI LONGO PRAZO;03.737.206/0001-97;35190491.28273413;Macaé/RJ;1749364.023235777
Dois fundos e Um fundo;ITAU UNIBANCO S.A.;60.701.190/0001-04;2027-03-01;DI de um dia;100% do DI1 + 0,8130%;;948479451.3;53372707.05262705;5.627186438195749;197;3;BB INSTITUCIONAL FUNDO DE INVESTIMENTO RENDA FIXA;02.296.928/0001-90;32129685.75562086;Governo do Estado de São Paulo/SP;4307906.613982956
Um fundo;BANCO ABC BRASIL S.A.;28.195.667/0001-06;2025-06-02;DI de um dia;100% do DI1 + 1,2500%;;127688515.43;52578649.27199174;41.17727353546986;987;2;FUNDO DE INVESTIMENTO CAIXA BRASIL RENDA FIXA REFERENCIADO DI LONGO PRAZO;03.737.206/0001-97;42409604.64907873;Macaé/RJ;1947911.603577153
Dois fundos e Um fundo;BANCO CNH CAPITAL S.A.;02.992.446/0001-75;2026-05-09;DI de um dia;100% do DI1 + 0,5500%;;338114959.72;51227223.78450189;15.15083030544529;1060;8;FUNDO DE INVESTIMENTO CAIXA BRASIL RENDA FIXA REFERENCIADO DI LONGO PRAZO;03.737.206/0001-97;41584014.7268279;Macaé/RJ;1946629.977806822
Direta;;;;;;FSN LFSN25008SP;;50336581.09;;1;;;;;Campos dos Goytacazes/RJ;50336581.09
Dois fundos e Um fundo;ITAU UNIBANCO S.A.;60.701.190/0001-04;2024-08-01;DI de um dia;100% do DI1 + 0,6670%;;1768359554.66;49696410.38165656;2.81031141267035;346;9;BB INSTITUCIONAL FUNDO DE INVESTIMENTO RENDA FIXA;02.296.928/0001-90;20746993.50305201;Governo do Estado de São Paulo/SP;2899357.433110076
Um fundo;BANCO BRADESCO S.A.;60.746.948/0001-12;2026-08-31;DI de um dia;100% do DI1 + 0,9024%;;1291780250.89;49221889.61480618;3.810391866642465;473;1;BRADESCO FUNDO DE INVESTIMENTO RENDA FIXA REFERENCIADO DI PREMIUM;03.399.411/0001-90;49221889.61480618;Governo do Estado do Amazonas/AM;4665923.400803315
Dois fundos e Um fundo;CONCORDIA BANCO S.A.;10.264.663/0001-77;2026-04-20;DI de um dia;100% do DI1 + 0,8000%;;1519417690.39;49051849.35204843;3.228332121067903;227;4;ITAU INSTITUCIONAL RENDA FIXA REFERENCIADO DI - FUNDO DE INVESTIMENTO;00.832.435/0001-00;31772963.84642787;Niterói/RJ;4208482.391071849
Um fundo;BANCO VOTORANTIM S/A;59.588.111/0001-03;2026-01-15;DI de um dia;100% do DI1 + 0,8500%;;220691646.53;48607063.20193086;22.02487677544397;879;2;FUNDO DE INVESTIMENTO CAIXA BRASIL RENDA FIXA REFERENCIADO DI LONGO PRAZO;03.737.206/0001-97;48603061.95357148;Macaé/RJ;2232382.714532037
Dois fundos e Um fundo;BANCO DAYCOVAL S.A.;62.232.889/0001-90;2026-05-13;DI de um dia;100% do DI1 + 0,5500%;;235975391.01;47693641.00346309;20.211277455386;890;3;FUNDO DE INVESTIMENTO CAIXA BRASIL RENDA FIXA REFERENCIADO DI LONGO PRAZO;03.737.206/0001-97;46639034.58792656;Macaé/RJ;2210437.73871894
Dois fundos e Um fundo;BANCO SAFRA S.A.;58.160.789/0001-28;2026-05-18;DI de um dia;100% do DI1 + 0,4500%;;556037538.34;46626371.42942631;8.38547188174114;879;3;FUNDO DE INVESTIMENTO CAIXA BRASIL RENDA FIXA REFERENCIADO DI LONGO PRAZO;03.737.206/0001-97;46614442.83808768;Macaé/RJ;2141043.635042872
Dois fundos e Um fundo;BANCO BRADESCO S.A.;60.746.948/0001-12;2024-09-30;DI de um dia;100% do DI1 + 0,6500%;;154108463.25;46596947.47409457;30.23646235346816;496;2;FUNDO DE INVESTIMENTO CAIXA BRASIL MATRIZ RENDA FIXA;23.215.008/0001-70;44001439.45640591;Rio Grande/RS;2132429.452862186
Um fundo;BANCO BRADESCO S.A.;60.746.948/0001-12;2025-07-14;DI de um dia;100% do DI1 + 0,6802%;;2949347043.770001;46398981.10346773;1.573195029777108;473;1;BRADESCO FUNDO DE INVESTIMENTO RENDA FIXA REFERENCIADO DI PREMIUM;03.399.411/0001-90;46398981.10346773;Governo do Estado do Amazonas/AM;4398329.552122244
Dois fundos e Um fundo;Banco Volkswagen S/A;59.109.165/0001-49;2025-08-26;DI de um dia;100% do DI1 + 1,4000%;;239307768.2600001;45948856.67618734;19.20073761511386;225;3;ITAU INSTITUCIONAL RENDA FIXA REFERENCIADO DI - FUNDO DE INVESTIMENTO;00.832.435/0001-00;40856467.05119196;Niterói/RJ;3772485.748498205
Dois fundos e Um fundo;BANCO SANTANDER;90.400.888/0001-42;2033-10-10;DI de um dia;100% do DI1 + 1,6000%;;2478171616.520002;45701856.50242835;1.844176416103323;472;8;BB RENDA FIXA LONGO PRAZO CORPORATE BANCOS FUNDO DE INVESTIMENTO EM COTAS DE FIF RESP LIMITADA;18.060.364/0001-22;19036042.50007931;Governo do Estado de São Paulo/SP;3860477.863119866
Um fundo;BANCO BRADESCO S.A.;60.746.948/0001-12;2027-09-17;DI de um dia;100% do DI1 + 0,5900%;;6778743623.540005;44608255.66470101;0.6580608169011358;473;1;BRADESCO FUNDO DE INVESTIMENTO RENDA FIXA REFERENCIADO DI PREMIUM;03.399.411/0001-90;44608255.66470101;Governo do Estado do Amazonas/AM;4228580.121644429
Dois fundos e Um fundo;BANCO BRADESCO S.A.;60.746.948/0001-12;2025-03-21;DI de um dia;100% do DI1 + 0,8000%;;1103008579.51;44057200.23748957;3.994275389685683;197;2;BB RENDA FIXA LONGO PRAZO CORPORATE BANCOS FUNDO DE INVESTIMENTO EM COTAS DE FIF RESP LIMITADA;18.060.364/0001-22;27612195.5444521;Governo do Estado de São Paulo/SP;5599707.483897991
Dois fundos e Um fundo;ITAU UNIBANCO HOLDING SA;60.872.504/0001-23;2024-11-19;DI de um dia;100% do DI1 + 0,7500%;;1445656218.540001;43226410.3609826;2.990089193171934;487;5;BRADESCO FUNDO DE INVESTIMENTO RENDA FIXA REFERENCIADO DI PREMIUM;03.399.411/0001-90;32353122.43834516;Governo do Estado do Amazonas/AM;4748821.273614426
Dois fundos;BANCO VOTORANTIM S/A;59.588.111/0001-03;2025-06-03;DI de um dia;100% do DI1 + 1,2500%;;540477304.6600001;43059282.90037676;7.966899355277131;1044;2;BB PREVIDENCIARIO RENDA FIXA REFERENCIADO DI LONGO PRAZO PERFIL FUNDO DE INVESTIMENTO EM COTAS DE FUNDOS DE INVESTIMENTO;13.077.418/0001-49;40271999.21579398;Governo do Estado do Espírito Santo/ES;1711196.85211254
Dois fundos e Um fundo;BANCO BRADESCO S.A.;60.746.948/0001-12;2026-06-07;DI de um dia;100% do DI1 + 3,6055%;;524465740.2799997;41523341.79429025;7.917264866933335;482;3;BRADESCO FUNDO DE INVESTIMENTO RENDA FIXA REFERENCIADO DI PREMIUM;03.399.411/0001-90;37421476.25181442;Governo do Estado do Amazonas/AM;4124648.770055387
Dois fundos e Um fundo;BANCO BRADESCO S.A.;60.746.948/0001-12;2026-09-14;DI de um dia;100% do DI1 + 1,4000%;;1357629230.24;41295958.88669141;3.041770018415938;144;3;SANTANDER FUNDO DE INVESTIMENTO EM COTAS DE FUNDOS DE INVESTIMENTO INSTITUCIONAL RENDA FIXA REFERENC;02.224.354/0001-45;41194040.47892073;Governo do Estado do Amazonas/AM;3100832.567491712
Dois fundos e Um fundo;BANCO CITIBANK S.A.;33.479.023/0001-80;2025-01-13;DI de um dia;100% do DI1 + 1,0000%;;271406524.49;41162190.76821499;15.16624953860739;890;3;FUNDO DE INVESTIMENTO CAIXA BRASIL RENDA FIXA REFERENCIADO DI LONGO PRAZO;03.737.206/0001-97;37840691.53333051;Macaé/RJ;1953449.734675221
Um fundo;ITAU UNIBANCO HOLDING SA;60.872.504/0001-23;2024-11-19;DI de um dia;100% do DI1 + 1,7136%;;1445656218.540001;40660005.22524131;2.812563921061725;473;1;BRADESCO FUNDO DE INVESTIMENTO RENDA FIXA REFERENCIADO DI PREMIUM;03.399.411/0001-90;40660005.22524131;Governo do Estado do Amazonas/AM;3854310.985252614
Um fundo;BANCO SAFRA S.A.;58.160.789/0001-28;2025-02-07;DI de um dia;100% do DI1 + 1,1015%;;674090322.9;40512159.69532171;6.009900798016887;473;1;BRADESCO FUNDO DE INVESTIMENTO RENDA FIXA REFERENCIADO DI PREMIUM;03.399.411/0001-90;40512159.69532171;Governo do Estado do Amazonas/AM;3840296.165359376
Dois fundos e Um fundo;BANCO CNH CAPITAL S.A.;02.992.446/0001-75;2024-10-08;DI de um dia;100% do DI1 + 0,9000%;;332366074.9500001;40445382.55977885;12.16892625574475;1012;9;FUNDO DE INVESTIMENTO CAIXA BRASIL RENDA FIXA REFERENCIADO DI LONGO PRAZO;03.737.206/0001-97;26386520.96644872;Macaé/RJ;1289255.856788615
Direta;;;;;;LF BANCO DAYCOVAL IPCA;;40232280.99;;1;;;;;Senador Canedo/GO;40232280.99
Um fundo;BANCO DAYCOVAL S.A.;62.232.889/0001-90;2024-07-19;DI de um dia;100% do DI1 + 1,0500%;;70178764.78;39813881.28960966;56.73209184348038;427;1;FUNDO DE INVESTIMENTO CAIXA BRASIL MATRIZ RENDA FIXA;23.215.008/0001-70;39813881.28960966;Rio Grande/RS;1929488.992714356
Dois fundos e Um fundo;BANCO BRADESCO S.A.;60.746.948/0001-12;2027-06-01;DI de um dia;100% do DI1 + 3,0071%;;2971330201.669999;39580470.45855685;1.332079162265814;482;3;BRADESCO FUNDO DE INVESTIMENTO RENDA FIXA REFERENCIADO DI PREMIUM;03.399.411/0001-90;33764248.11717398;Governo do Estado do Amazonas/AM;4005872.2216991
Dois fundos e Um fundo;BANCO BRADESCO S.A.;60.746.948/0001-12;2025-05-20;DI de um dia;100% do DI1 + 0,8000%;;351392800.43;39386716.5274642;11.2087431726736;1071;3;BB INSTITUCIONAL FUNDO DE INVESTIMENTO RENDA FIXA;02.296.928/0001-90;19058482.52129743;Governo do Estado de São Paulo/SP;2647597.040554435
Dois fundos e Um fundo;ITAU UNIBANCO S.A.;60.701.190/0001-04;2024-07-01;DI de um dia;100% do DI1 + 0,6630%;;1910119916.23;39362574.44433613;2.060738391861071;1055;10;SANTANDER FUNDO DE INVESTIMENTO EM COTAS DE FUNDOS DE INVESTIMENTO INSTITUCIONAL RENDA FIXA REFERENC;02.224.354/0001-45;15789586.15664642;Governo do Estado do Amazonas/AM;1584827.633865899
Dois fundos e Um fundo;BANCO DAYCOVAL S.A.;62.232.889/0001-90;2026-03-23;DI de um dia;100% do DI1 + 0,6500%;;247710091.19;39358365.5417544;15.88888258555665;998;5;FUNDO DE INVESTIMENTO CAIXA BRASIL RENDA FIXA REFERENCIADO DI LONGO PRAZO;03.737.206/0001-97;28469644.02158301;Macaé/RJ;1423387.747982554
Dois fundos e Um fundo;BANCO ABC BRASIL S.A.;28.195.667/0001-06;2026-03-18;DI de um dia;100% do DI1 + 0,7500%;;226850000.29;39272671.70854681;17.31217617736015;998;4;FUNDO DE INVESTIMENTO CAIXA BRASIL RENDA FIXA REFERENCIADO DI LONGO PRAZO;03.737.206/0001-97;26932854.28381274;Macaé/RJ;1368453.946978072
Dois fundos e Um fundo;BANCO BRADESCO S.A.;60.746.948/0001-12;2026-08-03;DI de um dia;109,10% do DI1;;842883725.7099997;39123595.46098436;4.64163611986087;508;6;BRADESCO FUNDO DE INVESTIMENTO RENDA FIXA REFERENCIADO DI PREMIUM;03.399.411/0001-90;34629365.09599407;Governo do Estado do Amazonas/AM;3948410.685634125
Dois fundos e Um fundo;BANCO MORGAN STANLEY SA;02.801.938/0001-36;2027-02-01;DI de um dia;100% do DI1 + 0,9000%;;512533684.89;38944189.56056704;7.598366840791204;556;4;BRADESCO FUNDO DE INVESTIMENTO RENDA FIXA REFERENCIADO DI PREMIUM;03.399.411/0001-90;33671764.39313912;Governo do Estado do Amazonas/AM;3610032.451198419
Dois fundos e Um fundo;BANCO BTG PACTUAL S A;30.306.294/0001-45;2027-01-26;DI de um dia;100% do DI1 + 1,0000%;;1166742694.88;38812637.30458418;3.326580699832544;271;6;ITAU INSTITUCIONAL RENDA FIXA REFERENCIADO DI - FUNDO DE INVESTIMENTO;00.832.435/0001-00;18928291.22250633;Governo do Estado do Amazonas/AM;7581932.897214849
Um fundo;BANCO DAYCOVAL S.A.;62.232.889/0001-90;2026-04-09;DI de um dia;100% do DI1 + 0,5500%;;94459047.34;38628666.32360445;40.89461773265905;879;1;FUNDO DE INVESTIMENTO CAIXA BRASIL RENDA FIXA REFERENCIADO DI LONGO PRAZO;03.737.206/0001-97;38628666.32360445;Macaé/RJ;1774249.6772861
Dois fundos e Um fundo;BANCO RABOBANK;01.023.570/0001-60;2026-03-16;DI de um dia;100% do DI1 + 0,6500%;;306782457.56;38029233.40616405;12.39615645191393;998;3;FUNDO DE INVESTIMENTO CAIXA BRASIL RENDA FIXA REFERENCIADO DI LONGO PRAZO;03.737.206/0001-97;27557970.48246962;Macaé/RJ;1353852.750329386
Direta;;;;;;LF ITAÚ PRÉ;;37785345.49;;1;;;;;Vitória/ES;37785345.49
Dois fundos e Um fundo;BANCO BRADESCO S.A.;60.746.948/0001-12;2025-07-25;DI de um dia;100% do DI1 + 0,8000%;;118327920.14;37525035.83505198;31.71274859784076;890;3;FUNDO DE INVESTIMENTO CAIXA BRASIL RENDA FIXA REFERENCIADO DI LONGO PRAZO;03.737.206/0001-97;35479137.93498813;Macaé/RJ;1762299.171917027
Dois fundos e Um fundo;CAIXA ECONOMICA FEDERAL CEF;00.360.305/0001-04;2060-12-31;Taxa Selic;114% do SEL;;639825511.59;37390477.57057184;5.843855378266261;931;5;FUNDO DE INVESTIMENTO CAIXA BRASIL RENDA FIXA REFERENCIADO DI LONGO PRAZO;03.737.206/0001-97;29364992.34853337;Governo do Estado do Espírito Santo/ES;1890178.198013822
Dois fundos e Um fundo;BANCO COOPERATIVO SICREDI S.A.;01.181.521/0001-55;2026-03-13;DI de um dia;100% do DI1 + 0,8000%;;515248923.84;37225344.82866567;7.224730243245543;451;4;FUNDO DE INVESTIMENTO CAIXA BRASIL MATRIZ RENDA FIXA;23.215.008/0001-70;36529699.6573181;Rio Grande/RS;1770328.616877425
Direta;;;;;;Letra Financeira Banco Safra;;36875619.32;;1;;;;;Goiânia/GO;36875619.32
Dois fundos e Um fundo;ITAU UNIBANCO S.A.;60.701.190/0001-04;2026-10-01;DI de um dia;100% do DI1 + 0,9170%;;1251577682.68;36815121.19425627;2.94149709632279;221;2;ITAU INSTITUCIONAL RENDA FIXA REFERENCIADO DI - FUNDO DE INVESTIMENTO;00.832.435/0001-00;18782587.88433965;Niterói/RJ;3252475.094224186
Dois fundos e Um fundo;BANCO BRADESCO S.A.;60.746.948/0001-12;2024-09-23;DI de um dia;100% do DI1 + 0,8500%;;693873326.73;36760239.85273118;5.297831525816142;197;3;BB RENDA FIXA LONGO PRAZO CORPORATE BANCOS FUNDO DE INVESTIMENTO EM COTAS DE FIF RESP LIMITADA;18.060.364/0001-22;24272367.43311606;Governo do Estado de São Paulo/SP;4922395.879325535
Dois fundos e Um fundo;BANCO BTG PACTUAL S A;30.306.294/0001-45;2026-03-16;DI de um dia;100% do DI1 + 0,8000%;;470340636.53;36641710.40019911;7.790462391369828;429;2;FUNDO DE INVESTIMENTO CAIXA BRASIL MATRIZ RENDA FIXA;23.215.008/0001-70;36530874.43710997;Rio Grande/RS;1770385.549901885
Dois fundos e Um fundo;BANCO BRADESCO S.A.;60.746.948/0001-12;2025-06-24;DI de um dia;100% do DI1 + 1,2000%;;2108842701.160001;36639401.65050776;1.737417476910616;272;8;ITAU INSTITUCIONAL RENDA FIXA REFERENCIADO DI - FUNDO DE INVESTIMENTO;00.832.435/0001-00;28448692.68593694;Governo do Estado do Amazonas/AM;2972158.505663588
Dois fundos;BANCO ABC BRASIL S.A.;28.195.667/0001-06;2027-05-10;DI de um dia;100% do DI1 + 0,7000%;;150143346.72;35932726.48099142;23.93228022817542;1033;1;BB PREVIDENCIARIO RENDA FIXA REFERENCIADO DI LONGO PRAZO PERFIL FUNDO DE INVESTIMENTO EM COTAS DE FUNDOS DE INVESTIMENTO;13.077.418/0001-49;35922797.35646892;Governo do Estado do Amazonas/AM;1434014.756006708
Um fundo;BANCO CSF S.A.;08.357.240/0001-50;2025-03-25;DI de um dia;100% do DI1 + 1,3123%;;132200284.4799999;35631860.70359743;26.95293799385737;473;1;BRADESCO FUNDO DE INVESTIMENTO RENDA FIXA REFERENCIADO DI PREMIUM;03.399.411/0001-90;35631860.70359743;Governo do Estado do Amazonas/AM;3377674.729112172
Um fundo;BANCO TOYOTA DO BRASIL S.A.;03.215.790/0001-10;2025-03-30;DI de um dia;100% do DI1 + 1,0013%;;459841943.46;34542632.83350348;7.511849087448069;473;2;BRADESCO FUNDO DE INVESTIMENTO RENDA FIXA REFERENCIADO DI PREMIUM;03.399.411/0001-90;34505106.34647328;Governo do Estado do Amazonas/AM;3270865.552077213
Um fundo;BANCO VOTORANTIM S/A;59.588.111/0001-03;2026-03-09;DI de um dia;100% do DI1 + 0,8000%;;364045282.46;34247727.09178225;9.407545913067906;473;1;BRADESCO FUNDO DE INVESTIMENTO RENDA FIXA REFERENCIADO DI PREMIUM;03.399.411/0001-90;34247727.09178225;Governo do Estado do Amazonas/AM;3246467.628780439
Dois fundos;BANCO BRADESCO S.A.;60.746.948/0001-12;2026-08-28;DI de um dia;100% do DI1 + 0,9000%;;1247423296.04;34062286.102168;2.730611670497114;1033;1;BB PREVIDENCIARIO RENDA FIXA REFERENCIADO DI LONGO PRAZO PERFIL FUNDO DE INVESTIMENTO EM COTAS DE FUNDOS DE INVESTIMENTO;13.077.418/0001-49;34052873.82780553;Governo do Estado do Amazonas/AM;1359368.622352406
Dois fundos;BANCO BRADESCO S.A.;60.746.948/0001-12;2025-08-28;DI de um dia;100% do DI1 + 0,8000%;;373297187.35;33877720.93231197;9.075268199261446;1033;1;BB PREVIDENCIARIO RENDA FIXA REFERENCIADO DI LONGO PRAZO PERFIL FUNDO DE INVESTIMENTO EM COTAS DE FUNDOS DE INVESTIMENTO;13.077.418/0001-49;33868359.65799133;Governo do Estado do Amazonas/AM;1352002.936446038
Um fundo;BANCO SANTANDER;90.400.888/0001-42;2024-07-01;DI de um dia;107,25% do DI1;;199716129.28;32645960.73575742;16.34618137926563;427;1;FUNDO DE INVESTIMENTO CAIXA BRASIL MATRIZ RENDA FIXA;23.215.008/0001-70;32645960.73575742;Rio Grande/RS;1582112.063831055
Direta;;;;;;LF BTG;;32527826.06;;2;;;;;Rio das Ostras/RJ;24616165.16
Direta;;;;;;LF SANTANDER PRÉ;;32457565.6;;1;;;;;Vitória/ES;32457565.6
Dois fundos e Um fundo;BANCO BTG PACTUAL S A;30.306.294/0001-45;2026-03-23;DI de um dia;100% do DI1 + 0,7500%;;364136045.98;32285075.43930923;8.866212448817132;474;4;BRADESCO FUNDO DE INVESTIMENTO RENDA FIXA REFERENCIADO DI PREMIUM;03.399.411/0001-90;32078402.94405337;Governo do Estado do Amazonas/AM;3040829.438454424
Um fundo;CONCORDIA BANCO S.A.;10.264.663/0001-77;2025-12-22;DI de um dia;100% do DI1 + 1,2550%;;212702723.71;32284034.75283979;15.17800721576844;473;1;BRADESCO FUNDO DE INVESTIMENTO RENDA FIXA REFERENCIADO DI PREMIUM;03.399.411/0001-90;32284034.75283979;Governo do Estado do Amazonas/AM;3060322.031609106
Direta;;;;;;LF SAFRA PRÉ;;32004695.64;;1;;;;;Vitória/ES;32004695.64
Um fundo;BANCO ABC BRASIL S.A.;28.195.667/0001-06;2026-01-26;DI de um dia;100% do DI1 + 0,8400%;;195109020.83;31783219.42891627;16.28997946569023;473;1;BRADESCO FUNDO DE INVESTIMENTO RENDA FIXA REFERENCIADO DI PREMIUM;03.399.411/0001-90;31783219.42891627;Governo do Estado do Amazonas/AM;3012847.910691308
Dois fundos;BANCO BTG PACTUAL S A;30.306.294/0001-45;2025-08-12;DI de um dia;100% do DI1 + 1,0500%;;442466076.9;31634610.04190936;7.149612522511863;52;1;BB RENDA FIXA LONGO PRAZO CORPORATE BANCOS FUNDO DE INVESTIMENTO EM COTAS DE FIF RESP LIMITADA;18.060.364/0001-22;31634610.04190936;Governo do Estado de São Paulo/SP;6415446.476057814
Dois fundos e Um fundo;ITAU UNIBANCO S.A.;60.701.190/0001-04;2026-02-02;DI de um dia;100% do DI1 + 0,8330%;;876035057.84;31060491.3747993;3.545576298211597;247;4;BB RENDA FIXA LONGO PRAZO CORPORATE BANCOS FUNDO DE INVESTIMENTO EM COTAS DE FIF RESP LIMITADA;18.060.364/0001-22;21364193.87041593;Governo do Estado de São Paulo/SP;4332623.101666127
Dois fundos e Um fundo;BANCO DO BRASIL;00.000.000/0001-91;2026-02-20;DI de um dia;100% do DI1 + 0,5500%;;1030246864.85;30837580.2716202;2.993222432771977;482;2;BRADESCO FUNDO DE INVESTIMENTO RENDA FIXA REFERENCIADO DI PREMIUM;03.399.411/0001-90;28302939.6166076;Governo do Estado do Amazonas/AM;3043386.494214036
Dois fundos e Um fundo;ITAU UNIBANCO S.A.;60.701.190/0001-04;2026-04-01;DI de um dia;100% do DI1 + 0,8670%;;1087900232.02;30360100.36961934;2.790706305232336;197;3;BB RENDA FIXA LONGO PRAZO CORPORATE BANCOS FUNDO DE INVESTIMENTO EM COTAS DE FIF RESP LIMITADA;18.060.364/0001-22;19931303.59178383;Governo do Estado de São Paulo/SP;4042035.328450354
Um fundo;BANCO VOTORANTIM S/A;59.588.111/0001-03;2024-08-23;DI de um dia;100% do DI1 + 1,0500%;;80791419.73999998;30316660.19564582;37.52460384185572;428;2;FUNDO DE INVESTIMENTO CAIXA BRASIL MATRIZ RENDA FIXA;23.215.008/0001-70;30316541.91910135;Rio Grande/RS;1469222.09127436
Direta;;;;;;BTG LFSN2300WPT SA 6 42 % a.a;;30099133.69;;1;;;;;Goiânia/GO;30099133.69
Direta;;;;;;tivos Finan Emit por Inst Finananceira LF BTG PAC;;30050392.73;;1;;;;;Congonhas/MG;30050392.73
Direta;;;;;;LF BANCO XP;;29494965.03;;1;;;;;Rio das Ostras/RJ;29494965.03
Direta;;;;;;Letra Financeira Banco BTG;;29199183.39;;1;;;;;Goiânia/GO;29199183.39
Dois fundos e Um fundo;BANCO VOTORANTIM S/A;59.588.111/0001-03;2024-10-24;DI de um dia;100% do DI1 + 1,0000%;;240363495.95;29123350.4803926;12.11637830665052;472;4;FUNDO DE INVESTIMENTO CAIXA BRASIL MATRIZ RENDA FIXA;23.215.008/0001-70;27430870.04617601;Rio Grande/RS;1329374.582439597
Direta;;;;;;quisiçao LF SENIOR 10 anos;;28877479.07;;1;;;;;Catanduva/SP;28877479.07
Direta;;;;;;BTG LFSN2300PM9 SA 6 90 % a.a;;28518704.35;;1;;;;;Goiânia/GO;28518704.35
Um fundo;BANCO SANTANDER;90.400.888/0001-42;2026-11-30;DI de um dia;100% do DI1 + 1,1428%;;7300459966.270001;28037889.87844261;0.3840564842213348;473;1;BRADESCO FUNDO DE INVESTIMENTO RENDA FIXA REFERENCIADO DI PREMIUM;03.399.411/0001-90;28037889.87844261;Governo do Estado do Amazonas/AM;2657814.389426038
Um fundo;ITAU UNIBANCO HOLDING SA;60.872.504/0001-23;2026-10-21;DI de um dia;100% do DI1 + 0,8034%;;2924335194.790002;27741663.65876951;0.9486485580789125;473;1;BRADESCO FUNDO DE INVESTIMENTO RENDA FIXA REFERENCIADO DI PREMIUM;03.399.411/0001-90;27741663.65876951;Governo do Estado do Amazonas/AM;2629734.019876625
Dois fundos e Um fundo;BANCO SAFRA S.A.;58.160.789/0001-28;2026-03-23;DI de um dia;100% do DI1 + 0,5000%;;558836763.7900001;27652800.45490751;4.948278682914084;482;2;BRADESCO FUNDO DE INVESTIMENTO RENDA FIXA REFERENCIADO DI PREMIUM;03.399.411/0001-90;26657503.67240147;Governo do Estado do Amazonas/AM;2668502.033745987
Direta;;;;;;LF BRADESCO PRÉ;;27499384.62;;1;;;;;Vitória/ES;27499384.62
Um fundo;BANCO BRADESCO S.A.;60.746.948/0001-12;2026-10-29;DI de um dia;100% do DI1 + 1,1300%;;1534243531.92;26892137.92192117;1.752794609358236;473;1;BRADESCO FUNDO DE INVESTIMENTO RENDA FIXA REFERENCIADO DI PREMIUM;03.399.411/0001-90;26892137.92192117;Governo do Estado do Amazonas/AM;2549204.360284824
Um fundo;BANCO SANTANDER;90.400.888/0001-42;2031-12-02;DI de um dia;100% do DI1 + 2,0000%;;284537447.78;26241347.41202706;9.222458279838255;427;1;FUNDO DE INVESTIMENTO CAIXA BRASIL MATRIZ RENDA FIXA;23.215.008/0001-70;26241347.41202706;Rio Grande/RS;1271727.079738726
Dois fundos e Um fundo;BANCO SAFRA S.A.;58.160.789/0001-28;2025-04-22;DI de um dia;100% do DI1 + 1,1000%;;1348746023.08;26123062.70598902;1.936840758672587;280;4;Itaú High Grade FIC Renda Fixa Crédito Privado;09.093.883/0001-04;15527766.50780991;Niterói/RJ;2337073.077844835
Dois fundos e Um fundo;BANCO SANTANDER;90.400.888/0001-42;2028-10-10;DI de um dia;100% do DI1 + 1,6000%;;3832451797.020001;26105994.06687127;0.6811825810091207;144;3;SANTANDER FUNDO DE INVESTIMENTO EM COTAS DE FUNDOS DE INVESTIMENTO INSTITUCIONAL RENDA FIXA REFERENC;02.224.354/0001-45;25921513.3681583;Governo do Estado do Amazonas/AM;1951211.192594402
Dois fundos e Um fundo;BANCO XP S.A;33.264.668/0001-03;2024-12-02;DI de um dia;100% do DI1 + 1,0000%;;680975805.7300003;26009075.83030978;3.819383245551327;654;9;SICREDI - FUNDO DE INVESTIMENTO INSTITUCIONAL RENDA FIXA REFERENCIADO IRF-M 1;19.196.599/0001-09;9104326.092012772;Praia Grande/SP;843222.1482484185
Dois fundos e Um fundo;BANCO CITIBANK S.A.;33.479.023/0001-80;2025-07-14;DI de um dia;100% do DI1 + 1,2024%;;477593613.7300001;25874189.30043852;5.417616265502678;482;2;BRADESCO FUNDO DE INVESTIMENTO RENDA FIXA REFERENCIADO DI PREMIUM;03.399.411/0001-90;23894244.13016568;Governo do Estado do Amazonas/AM;2546587.753223427
Dois fundos e Um fundo;BANCO CNH CAPITAL S.A.;02.992.446/0001-75;2025-05-20;DI de um dia;100% do DI1 + 1,4000%;;357209640.7100001;25786853.54485015;7.218969088738887;987;4;FUNDO DE INVESTIMENTO CAIXA BRASIL MATRIZ RENDA FIXA;23.215.008/0001-70;15194658.21572959;Rio Grande/RS;904873.0647796991
Um fundo;BANCO VOTORANTIM S/A;59.588.111/0001-03;2025-06-09;DI de um dia;100% do DI1 + 1,2000%;;117443342.77;25358377.5268545;21.59200932871616;427;1;FUNDO DE INVESTIMENTO CAIXA BRASIL MATRIZ RENDA FIXA;23.215.008/0001-70;25358377.5268545;Rio Grande/RS;1228935.957166523
Dois fundos;ITAU UNIBANCO HOLDING SA;60.872.504/0001-23;2026-10-21;DI de um dia;100% do DI1 + 2,0000%;;2924335194.790002;25217628.41818242;0.8623371377915285;143;2;SANTANDER FUNDO DE INVESTIMENTO EM COTAS DE FUNDOS DE INVESTIMENTO INSTITUCIONAL RENDA FIXA REFERENC;02.224.354/0001-45;25178931.49092818;Governo do Estado do Amazonas/AM;1895314.222008996
Dois fundos e Um fundo;BANCO VOTORANTIM S/A;59.588.111/0001-03;2024-06-11;DI de um dia;100% do DI1 + 1,2000%;;677051938.4499999;25214063.59820513;3.724095917357333;225;3;ITAU INSTITUCIONAL RENDA FIXA REFERENCIADO DI - FUNDO DE INVESTIMENTO;00.832.435/0001-00;24011664.56889831;Niterói/RJ;2037728.347807056
Dois fundos e Um fundo;ITAU UNIBANCO S.A.;60.701.190/0001-04;2026-08-03;DI de um dia;100% do DI1 + 0,8830%;;1249278900.2;25144802.90114193;2.012745344303537;221;2;ITAU INSTITUCIONAL RENDA FIXA REFERENCIADO DI - FUNDO DE INVESTIMENTO;00.832.435/0001-00;18749098.27399361;Niterói/RJ;2124038.869591277
Dois fundos e Um fundo;BANCO BTG PACTUAL S A;30.306.294/0001-45;2025-04-14;DI de um dia;100% do DI1 + 1,2016%;;188193947.77;25138299.50913079;13.3576556563091;482;2;BRADESCO FUNDO DE INVESTIMENTO RENDA FIXA REFERENCIADO DI PREMIUM;03.399.411/0001-90;24236798.07811647;Governo do Estado do Amazonas/AM;2425695.992070168
Dois fundos;BANCO BTG PACTUAL S A;30.306.294/0001-45;2028-01-26;DI de um dia;100% do DI1 + 1,0000%;;606706750.22;24571435.65152081;4.049969057145133;88;1;Itaú High Grade FIC Renda Fixa Crédito Privado;09.093.883/0001-04;24571435.65152081;Santos/SP;3116475.867179929
Dois fundos e Um fundo;BANCO PACCAR SA;28.517.628/0001-88;2026-05-17;DI de um dia;100% do DI1 + 0,5500%;;492993484.9699998;24541673.98376704;4.978092963086618;1125;15;BRADESCO FUNDO DE INVESTIMENTO RENDA FIXA REFERENCIADO DI PREMIUM;03.399.411/0001-90;13405787.59079293;Governo do Estado do Amazonas/AM;2483238.011732199
Dois fundos e Um fundo;BANCO BRADESCO S.A.;60.746.948/0001-12;2026-10-29;DI de um dia;100% do DI1 + 1,8390%;;1534243531.92;24076708.9283399;1.56928860558464;482;2;BRADESCO FUNDO DE INVESTIMENTO RENDA FIXA REFERENCIADO DI PREMIUM;03.399.411/0001-90;22988440.48417746;Governo do Estado do Amazonas/AM;2333919.427313078
Dois fundos e Um fundo;BANCO VOTORANTIM S/A;59.588.111/0001-03;2025-09-22;DI de um dia;100% do DI1 + 1,0020%;;555110140.7100002;24038965.88349373;4.330485811833174;485;3;BRADESCO FUNDO DE INVESTIMENTO RENDA FIXA REFERENCIADO DI PREMIUM;03.399.411/0001-90;23737461.19033535;Governo do Estado do Amazonas/AM;2250160.985496383
Dois fundos e Um fundo;BANCO BTG PACTUAL S A;30.306.294/0001-45;2026-10-30;DI de um dia;100% do DI1 + 1,0000%;;393385616.7500001;23942356.96835699;6.08623090141411;537;6;SICREDI - FUNDO DE INVESTIMENTO INSTITUCIONAL RENDA FIXA REFERENCIADO IRF-M 1;19.196.599/0001-09;13860916.75686752;Avaré/SP;497153.7329347832
Um fundo;BANCO BTG PACTUAL S A;30.306.294/0001-45;2024-07-01;DI de um dia;100% do DI1 + 0,9500%;;46361223.17;23827393.16078674;51.39509169854101;879;1;FUNDO DE INVESTIMENTO CAIXA BRASIL RENDA FIXA REFERENCIADO DI LONGO PRAZO;03.737.206/0001-97;23827393.16078674;Macaé/RJ;1094413.777372943
Um fundo;BANCO GMAC S/A;59.274.605/0001-13;2024-07-08;DI de um dia;100% do DI1 + 0,8500%;;182572639.92;23736294.79174136;13.00101417284768;879;2;FUNDO DE INVESTIMENTO CAIXA BRASIL RENDA FIXA REFERENCIADO DI LONGO PRAZO;03.737.206/0001-97;23734340.86150289;Macaé/RJ;1090139.800876005
Dois fundos e Um fundo;BANCO SAFRA S.A.;58.160.789/0001-28;2026-06-15;DI de um dia;100% do DI1 + 0,5600%;;1027850088.86;23668900.9239523;2.302758075373009;220;2;Itaú High Grade FIC Renda Fixa Crédito Privado;09.093.883/0001-04;16170382.5860949;Santos/SP;2254062.326837366
Dois fundos e Um fundo;BANCO PAN S.A.;59.285.411/0001-13;2026-02-19;DI de um dia;100% do DI1 + 1,0500%;;548582735.5799999;23570130.24108754;4.296549765855747;482;2;BRADESCO FUNDO DE INVESTIMENTO RENDA FIXA REFERENCIADO DI PREMIUM;03.399.411/0001-90;21252657.6435778;Governo do Estado do Amazonas/AM;2344181.303016377
Dois fundos e Um fundo;BANCO ABC BRASIL S.A.;28.195.667/0001-06;2026-04-06;DI de um dia;100% do DI1 + 0,6400%;;284058158.21;23438105.2138599;8.251164255079223;1017;7;FUNDO DE INVESTIMENTO CAIXA BRASIL RENDA FIXA REFERENCIADO DI LONGO PRAZO;03.737.206/0001-97;15020764.38976377;Macaé/RJ;763317.8249170047
Direta;;;;;;LF SANTANDER IPCA;;23425475.81;;2;;;;;Natal/RN;15848417.84
Um fundo;BANCO ALFA DE INVESTIMENTOS S/A;60.770.336/0001-65;2024-12-13;DI de um dia;100% do DI1 + 0,8517%;;419463013.05;23390354.39036078;5.57626147304021;473;1;BRADESCO FUNDO DE INVESTIMENTO RENDA FIXA REFERENCIADO DI PREMIUM;03.399.411/0001-90;23390354.39036078;Governo do Estado do Amazonas/AM;2217257.459173976
Dois fundos e Um fundo;Banco Volkswagen S/A;59.109.165/0001-49;2025-11-28;DI de um dia;100% do DI1 + 0,9000%;;803141754.1100001;23246255.82080251;2.894415052117767;516;3;FUNDO DE INVESTIMENTO CAIXA BRASIL MATRIZ RENDA FIXA;23.215.008/0001-70;14211607.17520304;Suzano/SP;1626973.582092704
Um fundo;BANCO BRADESCO S.A.;60.746.948/0001-12;2024-08-26;DI de um dia;100% do DI1 + 0,7000%;;211501766.63;23237197.22496512;10.98676270899247;879;1;FUNDO DE INVESTIMENTO CAIXA BRASIL RENDA FIXA REFERENCIADO DI LONGO PRAZO;03.737.206/0001-97;23237197.22496512;Macaé/RJ;1067305.542781183
Dois fundos e Um fundo;BANCO DAYCOVAL S.A.;62.232.889/0001-90;2028-03-18;DI de um dia;100% do DI1 + 1,0000%;;273867831.2;23223917.59425015;8.479972800197261;568;8;BRADESCO FUNDO DE INVESTIMENTO RENDA FIXA REFERENCIADO DI PREMIUM;03.399.411/0001-90;21431038.19017762;Governo do Estado do Amazonas/AM;2320084.822439305
Dois fundos e Um fundo;BANCO VOTORANTIM S/A;59.588.111/0001-03;2026-05-18;Índice de Preços ao Consumidor Amplo (IPCA/IBGE);100% do IAP + 6,4800%;;209499154.91;23198463.26461238;11.07329682288138;150;2;CAIXA NOVO BRASILFIC RENDA FIXA REFERENCIADO IMA B;10.646.895/0001-90;22454540.51646384;Cerquilho/SP;1287418.118301983
Um fundo;BANCO COOPERATIVO SICREDI S.A.;01.181.521/0001-55;2026-08-17;DI de um dia;100% do DI1 + 1,5440%;;65201160.47;23029729.47754531;35.32104231203312;473;1;BRADESCO FUNDO DE INVESTIMENTO RENDA FIXA REFERENCIADO DI PREMIUM;03.399.411/0001-90;23029729.47754531;Governo do Estado do Amazonas/AM;2183072.50136788
Um fundo;BANCO VOTORANTIM S/A;59.588.111/0001-03;2024-06-17;DI de um dia;100% do DI1 + 1,0500%;;172960292.44;23014155.89642802;13.30603433410107;427;1;FUNDO DE INVESTIMENTO CAIXA BRASIL MATRIZ RENDA FIXA;23.215.008/0001-70;23014155.89642802;Rio Grande/RS;1115328.599986523
Dois fundos;BANCO BRADESCO S.A.;60.746.948/0001-12;2026-08-17;Índice de Preços ao Consumidor Amplo (IPCA/IBGE);100% do IAP + 2,9800%;;62055144.81;22985258.02970995;37.04005219887255;123;1;CAIXA NOVO BRASILFIC RENDA FIXA REFERENCIADO IMA B;10.646.895/0001-90;22985258.02970995;Cerquilho/SP;1317846.500559561
Um fundo;PORTOSEG SA CRE;04.862.600/0001-10;2024-07-26;DI de um dia;100% do DI1 + 1,6900%;;536841033.3200001;22725339.90668173;4.233160003835924;473;1;BRADESCO FUNDO DE INVESTIMENTO RENDA FIXA REFERENCIADO DI PREMIUM;03.399.411/0001-90;22725339.90668173;Governo do Estado do Amazonas/AM;2154218.29782618
Um fundo;BANCO RCI BRASIL S.A.;62.307.848/0001-15;2024-12-03;DI de um dia;100% do DI1 + 0,8500%;;122298223.55;22352335.57855169;18.27690945111172;427;2;FUNDO DE INVESTIMENTO CAIXA BRASIL MATRIZ RENDA FIXA;23.215.008/0001-70;22351025.40875109;Rio Grande/RS;1083191.492644521
Um fundo;BANCO BTG PACTUAL S A;30.306.294/0001-45;2025-01-06;DI de um dia;100% do DI1 + 1,0000%;;241121758.3099999;22275672.2641254;9.238350126613842;878;1;FUNDO DE INVESTIMENTO CAIXA BRASIL RENDA FIXA REFERENCIADO DI LONGO PRAZO;03.737.206/0001-97;22275672.2641254;Macaé/RJ;1023141.829526559
Dois fundos e Um fundo;BANCO VOTORANTIM S/A;59.588.111/0001-03;2024-09-23;DI de um dia;100% do DI1 + 0,9500%;;187405203.68;22179417.59863351;11.83500626615765;428;2;FUNDO DE INVESTIMENTO CAIXA BRASIL MATRIZ RENDA FIXA;23.215.008/0001-70;22178223.07082654;Rio Grande/RS;1074817.021275721
Dois fundos e Um fundo;ITAU UNIBANCO HOLDING SA;60.872.504/0001-23;2025-11-13;DI de um dia;100% do DI1 + 2,0016%;;1505031496.26;22171490.5590047;1.473157911585292;482;2;BRADESCO FUNDO DE INVESTIMENTO RENDA FIXA REFERENCIADO DI PREMIUM;03.399.411/0001-90;16095303.09033188;Governo do Estado do Amazonas/AM;2389817.398367035
Um fundo;BANCO BRADESCO S.A.;60.746.948/0001-12;2026-10-29;DI de um dia;100% do DI1 + 1,1000%;;1534243531.92;22120952.16031272;1.441814920518509;473;1;BRADESCO FUNDO DE INVESTIMENTO RENDA FIXA REFERENCIADO DI PREMIUM;03.399.411/0001-90;22120952.16031272;Governo do Estado do Amazonas/AM;2096926.167210904
Direta;;;;;;ANCO C 6 S/A TÍTULO PRÉFIXADO LF;;22069413.9;;1;;;;;Osasco/SP;22069413.9
Dois fundos;BANCO DO BRASIL;00.000.000/0001-91;2053-09-05;DI de um dia;100% do DI1 + 2,2500%;;561205487.37;21943913.38793559;3.910138778359463;173;3;BB RENDA FIXA LONGO PRAZO CORPORATE BANCOS FUNDO DE INVESTIMENTO EM COTAS DE FIF RESP LIMITADA;18.060.364/0001-22;21666969.6131101;Governo do Estado de São Paulo/SP;4394025.520375566
Um fundo;BANCO BTG PACTUAL S A;30.306.294/0001-45;2025-03-25;DI de um dia;100% do DI1 + 1,2016%;;264703275.8500001;21895115.75180494;8.271569621303925;473;1;BRADESCO FUNDO DE INVESTIMENTO RENDA FIXA REFERENCIADO DI PREMIUM;03.399.411/0001-90;21895115.75180494;Governo do Estado do Amazonas/AM;2075518.305963481
Dois fundos e Um fundo;BANCO COOPERATIVO SICREDI S.A.;01.181.521/0001-55;2028-03-06;DI de um dia;100% do DI1 + 1,1000%;;511713562.5699998;21872194.05984889;4.274304153675208;224;3;Itaú High Grade FIC Renda Fixa Crédito Privado;09.093.883/0001-04;15436325.40815455;Santos/SP;2131885.24728
Um fundo;BANCO BRADESCO S.A.;60.746.948/0001-12;2027-09-17;DI de um dia;100% do DI1 + 0,5948%;;6778743623.540005;21765380.32537832;0.3210828072888818;473;1;BRADESCO FUNDO DE INVESTIMENTO RENDA FIXA REFERENCIADO DI PREMIUM;03.399.411/0001-90;21765380.32537832;Governo do Estado do Amazonas/AM;2063220.209185516
Direta;;;;;;Letra Financeira Banco BTG Pactual S/A;;21614428.29;;1;;;;;Jacareí/SP;21614428.29
Um fundo;BANCO RABOBANK;01.023.570/0001-60;2027-03-29;DI de um dia;100% do DI1 + 0,7500%;;139650469.81;21429985.56344924;15.34544466094928;473;1;BRADESCO FUNDO DE INVESTIMENTO RENDA FIXA REFERENCIADO DI PREMIUM;03.399.411/0001-90;21429985.56344924;Governo do Estado do Amazonas/AM;2031426.909894525
Dois fundos e Um fundo;BANCO GMAC S/A;59.274.605/0001-13;2024-10-07;DI de um dia;100% do DI1 + 0,8500%;;246056735.5899999;21424550.96228403;8.707158904190043;1006;7;FUNDO DE INVESTIMENTO CAIXA BRASIL RENDA FIXA REFERENCIADO DI LONGO PRAZO;03.737.206/0001-97;14403754.20495837;Macaé/RJ;719062.3746846414
Um fundo;BANCO BRADESCO S.A.;60.746.948/0001-12;2025-07-14;DI de um dia;100% do DI1 + 0,9946%;;2949347043.770001;21343531.31014936;0.7236697137840723;473;1;BRADESCO FUNDO DE INVESTIMENTO RENDA FIXA REFERENCIADO DI PREMIUM;03.399.411/0001-90;21343531.31014936;Governo do Estado do Amazonas/AM;2023231.594218357
Um fundo;BANCO MERCEDES-BENZ DO BRASIL S.A.;60.814.191/0001-57;2025-12-08;DI de um dia;100% do DI1 + 1,0127%;;538954583.77;21188875.39365542;3.93147698001541;473;1;BRADESCO FUNDO DE INVESTIMENTO RENDA FIXA REFERENCIADO DI PREMIUM;03.399.411/0001-90;21188875.39365542;Governo do Estado do Amazonas/AM;2008571.192809776
Um fundo;BANCO BRADESCO S.A.;60.746.948/0001-12;2027-11-03;DI de um dia;100% do DI1 + 1,0000%;;494502283.6999999;20888893.72322091;4.224225936212984;156;1;BB INSTITUCIONAL FUNDO DE INVESTIMENTO RENDA FIXA;02.296.928/0001-90;20888893.72322091;Praia Grande/SP;2165004.064776461
Dois fundos e Um fundo;BANCO BTG PACTUAL S A;30.306.294/0001-45;2027-02-22;DI de um dia;100% do DI1 + 0,9300%;;196515187.16;20644665.74301628;10.50537927443118;19;2;MAG CASH FUNDO DE INVESTIMENTO RENDA FIXA LONGO PRAZO;17.899.612/0001-60;20644665.74301628;Governo do Estado do Paraná/PR;6959195.0147251
Dois fundos e Um fundo;BANCO SAFRA S.A.;58.160.789/0001-28;2026-03-16;DI de um dia;100% do DI1 + 0,5500%;;1023114739.82;20562541.19914077;2.009798158392128;220;2;Itaú High Grade FIC Renda Fixa Crédito Privado;09.093.883/0001-04;13033634.71870882;Niterói/RJ;1865351.531236263
Dois fundos e Um fundo;BANCO BTG PACTUAL S A;30.306.294/0001-45;2027-03-22;DI de um dia;100% do DI1 + 0,8500%;;209710248.58;20257163.38776137;9.659596288177443;482;2;BRADESCO FUNDO DE INVESTIMENTO RENDA FIXA REFERENCIADO DI PREMIUM;03.399.411/0001-90;19395668.98435367;Governo do Estado do Amazonas/AM;1961098.280647594
Direta;;;;;;LF SANTANDER;;20232227.28;;2;;;;;Rio das Ostras/RJ;12706214.67
Dois fundos e Um fundo;ITAU UNIBANCO S.A.;60.701.190/0001-04;2026-07-01;DI de um dia;100% do DI1 + 0,8670%;;3127945706.33;20227314.19498172;0.6466644914599334;127;4;SAFRA DI MASTER FUNDO DE INVESTIMENTO RENDA FIXA REFERENCIADO DI LONGO PRAZO;02.536.364/0001-16;9716755.20743994;Governo do Estado do Amazonas/AM;6527830.682519423
Um fundo;BANCO DAYCOVAL S.A.;62.232.889/0001-90;2026-05-03;DI de um dia;100% do DI1 + 1,5042%;;320521091.75;20111316.94644712;6.274568964133424;473;1;BRADESCO FUNDO DE INVESTIMENTO RENDA FIXA REFERENCIADO DI PREMIUM;03.399.411/0001-90;20111316.94644712;Governo do Estado do Amazonas/AM;1906425.476464706
Dois fundos e Um fundo;BANCO BTG PACTUAL S A;30.306.294/0001-45;2025-09-29;DI de um dia;100% do DI1 + 0,9519%;;894860784.39;20074214.57124387;2.24327794014662;482;2;BRADESCO FUNDO DE INVESTIMENTO RENDA FIXA REFERENCIADO DI PREMIUM;03.399.411/0001-90;18255074.05295886;Governo do Estado do Amazonas/AM;1989162.379783064
Dois fundos e Um fundo;BANCO VOTORANTIM S/A;59.588.111/0001-03;2024-09-16;DI de um dia;100% do DI1 + 1,0500%;;630553649.2700002;20065351.36441605;3.182179880751773;224;3;Itaú High Grade FIC Renda Fixa Crédito Privado;09.093.883/0001-04;10565578.46543861;Niterói/RJ;1784177.9978999
Um fundo;Banco Volkswagen S/A;59.109.165/0001-49;2026-01-05;DI de um dia;100% do DI1 + 1,3543%;;326249194.25;19993648.72343491;6.128336583143888;473;1;BRADESCO FUNDO DE INVESTIMENTO RENDA FIXA REFERENCIADO DI PREMIUM;03.399.411/0001-90;19993648.72343491;Governo do Estado do Amazonas/AM;1895271.274145775
Dois fundos e Um fundo;BANCO BRADESCO S.A.;60.746.948/0001-12;2026-06-30;DI de um dia;100% do DI1 + 2,5040%;;548740762.4999999;19935725.66547678;3.63299521884467;482;3;BRADESCO FUNDO DE INVESTIMENTO RENDA FIXA REFERENCIADO DI PREMIUM;03.399.411/0001-90;16134059.93037005;Governo do Estado do Amazonas/AM;2062431.489172987
Dois fundos e Um fundo;BANCO BRADESCO S.A.;60.746.948/0001-12;2025-04-30;DI de um dia;100% do DI1 + 0,5500%;;2001996331.87;19902158.65941954;0.9941156406030764;355;3;SICREDI - FUNDO DE INVESTIMENTO INSTITUCIONAL RENDA FIXA REFERENCIADO IRF-M 1;19.196.599/0001-09;14522424.639993;Avaré/SP;520880.2381313948
Dois fundos e Um fundo;Banco Volkswagen S/A;59.109.165/0001-49;2024-07-09;DI de um dia;100% do DI1 + 0,8500%;;484572091.0499998;19702404.12724327;4.065938689236295;1009;9;FUNDO DE INVESTIMENTO CAIXA BRASIL RENDA FIXA REFERENCIADO DI LONGO PRAZO;03.737.206/0001-97;15329482.29027398;Macaé/RJ;769539.5680318356
Dois fundos e Um fundo;BANCO ABC BRASIL S.A.;28.195.667/0001-06;2026-05-11;DI de um dia;100% do DI1 + 0,6000%;;98806021.11;19388447.61756399;19.62273897860837;889;2;FUNDO DE INVESTIMENTO CAIXA BRASIL RENDA FIXA REFERENCIADO DI LONGO PRAZO;03.737.206/0001-97;18686272.38086355;Macaé/RJ;903861.9495593295
Um fundo;BANCO SAFRA S.A.;58.160.789/0001-28;2025-03-17;DI de um dia;100% do DI1 + 1,1015%;;551125759.0200001;19344287.50034216;3.509958876670864;473;1;BRADESCO FUNDO DE INVESTIMENTO RENDA FIXA REFERENCIADO DI PREMIUM;03.399.411/0001-90;19344287.50034216;Governo do Estado do Amazonas/AM;1833715.942765498
Dois fundos e Um fundo;ITAU UNIBANCO S.A.;60.701.190/0001-04;2024-12-02;DI de um dia;100% do DI1 + 0,6830%;;1542421197.85;19143556.28437401;1.241136747281381;93;4;BB RENDA FIXA LONGO PRAZO CORPORATE BANCOS FUNDO DE INVESTIMENTO EM COTAS DE FIF RESP LIMITADA;18.060.364/0001-22;18836336.53241758;Governo do Estado de São Paulo/SP;3819977.823929063
Dois fundos e Um fundo;BANCO BRADESCO S.A.;60.746.948/0001-12;2027-06-01;DI de um dia;100% do DI1 + 2,1443%;;2971330201.669999;19019061.72893001;0.640085767587883;473;2;BRADESCO FUNDO DE INVESTIMENTO RENDA FIXA REFERENCIADO DI PREMIUM;03.399.411/0001-90;18743582.79320788;Governo do Estado do Amazonas/AM;1776772.940944062
Dois fundos e Um fundo;Banco Volkswagen S/A;59.109.165/0001-49;2026-06-22;DI de um dia;100% do DI1 + 1,2500%;;523370725.6499999;18822385.76157427;3.596377259770848;224;3;ITAU INSTITUCIONAL RENDA FIXA REFERENCIADO DI - FUNDO DE INVESTIMENTO;00.832.435/0001-00;9673468.034523513;Niterói/RJ;1659347.702984942
Dois fundos e Um fundo;BANCO BRADESCO S.A.;60.746.948/0001-12;2026-07-07;DI de um dia;100% do DI1 + 1,6953%;;1066767900.75;18751186.71120895;1.757756930821201;482;2;BRADESCO FUNDO DE INVESTIMENTO RENDA FIXA REFERENCIADO DI PREMIUM;03.399.411/0001-90;17908691.34708002;Governo do Estado do Amazonas/AM;1817440.395990897
Dois fundos e Um fundo;BANCO DAYCOVAL S.A.;62.232.889/0001-90;2026-05-03;DI de um dia;100% do DI1 + 1,4500%;;320521091.75;18744715.01626341;5.848200164900198;504;7;BRADESCO FUNDO DE INVESTIMENTO RENDA FIXA REFERENCIADO DI PREMIUM;03.399.411/0001-90;13120310.95650056;Governo do Estado do Amazonas/AM;1801987.554867178
Dois fundos e Um fundo;ITAU UNIBANCO S.A.;60.701.190/0001-04;2026-09-01;DI de um dia;100% do DI1 + 0,9000%;;784072623.99;18686285.77512607;2.38323405299308;222;3;ITAU INSTITUCIONAL RENDA FIXA REFERENCIADO DI - FUNDO DE INVESTIMENTO;00.832.435/0001-00;11243901.6900517;Niterói/RJ;1531938.638040592
Dois fundos e Um fundo;BANCO BTG PACTUAL S A;30.306.294/0001-45;2026-04-06;DI de um dia;100% do DI1 + 0,7300%;;162876093.51;18588752.67475358;11.4128183419455;355;3;SICREDI - FUNDO DE INVESTIMENTO INSTITUCIONAL RENDA FIXA REFERENCIADO IRF-M 1;19.196.599/0001-09;11133067.8329942;Pelotas/RS;475978.1521483601
Dois fundos e Um fundo;BANCO BRADESCO S.A.;60.746.948/0001-12;2026-10-29;DI de um dia;100% do DI1 + 2,2536%;;1534243531.92;18552162.518622;1.209205848526879;482;3;BRADESCO FUNDO DE INVESTIMENTO RENDA FIXA REFERENCIADO DI PREMIUM;03.399.411/0001-90;16051368.22155573;Governo do Estado do Amazonas/AM;1869841.484008683
Dois fundos e Um fundo;BANCO PAN S.A.;59.285.411/0001-13;2025-11-24;DI de um dia;100% do DI1 + 1,0500%;;212879000.59;18408255.28267767;8.64728565601054;79;3;SAFRA DI MASTER FUNDO DE INVESTIMENTO RENDA FIXA REFERENCIADO DI LONGO PRAZO;02.536.364/0001-16;11937604.10650765;Governo do Estado do Amazonas/AM;7642013.978181208
Dois fundos;BANCO BRADESCO S.A.;60.746.948/0001-12;2026-01-29;DI de um dia;100% do DI1 + 0,5200%;;1237759578.77;18308574.12389934;1.479170465567565;143;2;SANTANDER FUNDO DE INVESTIMENTO EM COTAS DE FUNDOS DE INVESTIMENTO INSTITUCIONAL RENDA FIXA REFERENC;02.224.354/0001-45;18128901.88150132;Governo do Estado do Amazonas/AM;1364631.599946756
Dois fundos e Um fundo;BANCO PAN S.A.;59.285.411/0001-13;2025-08-18;DI de um dia;100% do DI1 + 1,3026%;;411872198.2200001;18128109.61591299;4.401391910951445;482;2;BRADESCO FUNDO DE INVESTIMENTO RENDA FIXA REFERENCIADO DI PREMIUM;03.399.411/0001-90;16638774.73485852;Governo do Estado do Amazonas/AM;1789046.324998257
Dois fundos e Um fundo;BANCO BRADESCO S.A.;60.746.948/0001-12;2024-06-03;DI de um dia;100% do DI1 + 0,7500%;;200934692.36;17986801.49354658;8.951565945277851;891;4;FUNDO DE INVESTIMENTO CAIXA BRASIL RENDA FIXA REFERENCIADO DI LONGO PRAZO;03.737.206/0001-97;17058135.56032997;Macaé/RJ;825108.3656040884
Dois fundos e Um fundo;BANCO DAYCOVAL S.A.;62.232.889/0001-90;2025-10-20;DI de um dia;100% do DI1 + 1,6000%;;484186200.5500004;17882645.07385558;3.693340506925268;531;9;BRADESCO FUNDO DE INVESTIMENTO RENDA FIXA REFERENCIADO DI PREMIUM;03.399.411/0001-90;13912202.29279391;Governo do Estado do Amazonas/AM;1321797.715599463
Um fundo;BANCO SAFRA S.A.;58.160.789/0001-28;2024-10-14;DI de um dia;100% do DI1 + 1,1700%;;113704938.31;17872493.98239654;15.71830937867428;986;2;FUNDO DE INVESTIMENTO CAIXA BRASIL RENDA FIXA REFERENCIADO DI LONGO PRAZO;03.737.206/0001-97;11533529.52870657;Macaé/RJ;529745.4713366298
Um fundo;BANCO BOCOM BBM S.A.;15.114.366/0001-69;2024-10-28;DI de um dia;100% do DI1 + 1,0000%;;115548306.25;17812054.76308729;15.41524522613873;473;1;BRADESCO FUNDO DE INVESTIMENTO RENDA FIXA REFERENCIADO DI PREMIUM;03.399.411/0001-90;17812054.76308729;Governo do Estado do Amazonas/AM;1688469.983291322
Dois fundos e Um fundo;ITAU UNIBANCO S.A.;60.701.190/0001-04;2025-02-03;DI de um dia;100% do DI1 + 0,7000%;;1723652359.93;17661491.55733199;1.02465508520809;220;4;BB RENDA FIXA LONGO PRAZO CORPORATE BANCOS FUNDO DE INVESTIMENTO EM COTAS DE FIF RESP LIMITADA;18.060.364/0001-22;10088831.41726182;Governo do Estado de São Paulo/SP;2045998.287245117
Dois fundos e Um fundo;BANCO SAFRA S.A.;58.160.789/0001-28;2024-10-10;DI de um dia;113,30% do DI1;;850971575.66;17648435.67854121;2.07391600181867;197;2;BB INSTITUCIONAL FUNDO DE INVESTIMENTO RENDA FIXA;02.296.928/0001-90;12781142.05182908;Praia Grande/SP;1324685.972428252
Dois fundos e Um fundo;BANCO MERCEDES-BENZ DO BRASIL S.A.;60.814.191/0001-57;2025-11-02;DI de um dia;100% do DI1 + 0,8500%;;600641031.5999999;17441253.26833079;2.903773194094054;590;13;FUNDO DE INVESTIMENTO CAIXA BRASIL MATRIZ RENDA FIXA;23.215.008/0001-70;9598839.845283723;Governo do Estado do Amazonas/AM;1014633.285728839
Dois fundos e Um fundo;BANCO BRADESCO S.A.;60.746.948/0001-12;2025-01-31;DI de um dia;100% do DI1 + 0,9000%;;2611805892.73;17375547.27828987;0.6652694722320276;139;9;SAFRA EXTRA BANCOS FUNDO DE INVESTIMENTO EM COTAS DE FUNDO DE INVESTIMENTO RENDA FIXA CREDITO PRIVADO;20.441.483/0001-77;11912519.88831743;Governo do Estado do Paraná/PR;3005124.441808713
Direta;;;;;;LF Itaú;;17235981.69;;2;;;;;Rio das Ostras/RJ;12716136.23
Dois fundos e Um fundo;BANCO BTG PACTUAL S A;30.306.294/0001-45;2025-12-05;DI de um dia;100% do DI1 + 0,9036%;;741520651.5600002;17218401.11261546;2.322039322356247;482;3;BRADESCO FUNDO DE INVESTIMENTO RENDA FIXA REFERENCIADO DI PREMIUM;03.399.411/0001-90;15637891.07091742;Governo do Estado do Amazonas/AM;1691609.294555414
Dois fundos e Um fundo;BANCO BRADESCO S.A.;60.746.948/0001-12;2025-01-17;DI de um dia;100% do DI1 + 0,8000%;;508969032.95;17188020.92661891;3.377026855051794;1089;6;BB PREVIDENCIARIO RENDA FIXA REFERENCIADO DI LONGO PRAZO PERFIL FUNDO DE INVESTIMENTO EM COTAS DE FUNDOS DE INVESTIMENTO;13.077.418/0001-49;6813796.03099828;Governo do Estado de São Paulo/SP;886133.491291791
Dois fundos e Um fundo;BANCO VOTORANTIM S/A;59.588.111/0001-03;2024-10-07;DI de um dia;100% do DI1 + 0,9500%;;598066571.8700001;17168851.04691695;2.87072574433217;1183;3;FUNDO DE INVESTIMENTO CAIXA BRASIL MATRIZ RENDA FIXA;23.215.008/0001-70;9366009.402547183;Rio Grande/RS;518751.087383036
Dois fundos e Um fundo;ITAU UNIBANCO S.A.;60.701.190/0001-04;2024-10-01;DI de um dia;100% do DI1 + 0,6750%;;2272656931.779999;17098249.11004135;0.752346245970772;206;7;SANTANDER FUNDO DE INVESTIMENTO EM COTAS DE FUNDOS DE INVESTIMENTO INSTITUCIONAL RENDA FIXA REFERENC;02.224.354/0001-45;13934321.01409177;Governo do Estado do Amazonas/AM;1171458.418481063
Um fundo;BANCO CSF S.A.;08.357.240/0001-50;2025-03-25;DI de um dia;100% do DI1 + 1,1515%;;132200284.4799999;16967552.72067689;12.83473238156598;473;1;BRADESCO FUNDO DE INVESTIMENTO RENDA FIXA REFERENCIADO DI PREMIUM;03.399.411/0001-90;16967552.72067689;Governo do Estado do Amazonas/AM;1608416.538115915
Um fundo;BANCO BRADESCO S.A.;60.746.948/0001-12;2024-07-25;DI de um dia;100% do DI1 + 0,7000%;;22766706.8;16913847.51839111;74.29202504769424;427;1;FUNDO DE INVESTIMENTO CAIXA BRASIL MATRIZ RENDA FIXA;23.215.008/0001-70;16913847.51839111;Rio Grande/RS;819691.061361091
Um fundo;BANCO BTG PACTUAL S A;30.306.294/0001-45;2025-10-13;DI de um dia;100% do DI1 + 1,0500%;;86826653.96000001;16766875.59225866;19.31074713530128;156;1;BB INSTITUCIONAL FUNDO DE INVESTIMENTO RENDA FIXA;02.296.928/0001-90;16766875.59225866;Praia Grande/SP;1737782.493023472
Dois fundos e Um fundo;BANCO BTG PACTUAL S A;30.306.294/0001-45;2025-10-10;DI de um dia;100% do DI1 + 1,1500%;;573608188.08;16755685.36970823;2.921102891817742;225;6;Itaú High Grade FIC Renda Fixa Crédito Privado;09.093.883/0001-04;13639845.00063392;Santos/SP;1813939.051040014
Um fundo;BANCO BOCOM BBM S.A.;15.114.366/0001-69;2024-10-24;DI de um dia;100% do DI1 + 1,0000%;;98459645.28999999;16692015.00508119;16.95315370669582;986;2;FUNDO DE INVESTIMENTO CAIXA BRASIL MATRIZ RENDA FIXA;23.215.008/0001-70;10972149.6480655;Rio Grande/RS;622841.1601348572
Dois fundos e Um fundo;BANCO PAN S.A.;59.285.411/0001-13;2026-01-15;DI de um dia;100% do DI1 + 1,0000%;;226699534.91;16609850.9333538;7.326812972928212;355;3;SICREDI - FUNDO DE INVESTIMENTO INSTITUCIONAL RENDA FIXA REFERENCIADO IRF-M 1;19.196.599/0001-09;11391690.8816709;Avaré/SP;408589.2546361217
Dois fundos e Um fundo;BANCO DO BRASIL;00.000.000/0001-91;2028-09-06;DI de um dia;100% do DI1 + 2,2554%;;676436329.0999997;16534621.37480103;2.44437216977988;482;2;BRADESCO FUNDO DE INVESTIMENTO RENDA FIXA REFERENCIADO DI PREMIUM;03.399.411/0001-90;15284141.05857487;Governo do Estado do Amazonas/AM;1626668.517902087
Dois fundos e Um fundo;BANCO PAN S.A.;59.285.411/0001-13;2026-03-20;DI de um dia;100% do DI1 + 0,9500%;;264540999.1;16462368.65138036;6.222993300617787;482;2;BRADESCO FUNDO DE INVESTIMENTO RENDA FIXA REFERENCIADO DI PREMIUM;03.399.411/0001-90;15968891.93238043;Governo do Estado do Amazonas/AM;1583926.330683096
Dois fundos e Um fundo;BANCO DO BRASIL;00.000.000/0001-91;2028-10-30;DI de um dia;100% do DI1 + 2,2500%;;64049531.05;16377902.85557777;25.57068348055885;19;2;MAG CASH FUNDO DE INVESTIMENTO RENDA FIXA LONGO PRAZO;17.899.612/0001-60;16377902.85557777;Governo do Estado do Paraná/PR;5520894.420038994
Um fundo;BANCO GMAC S/A;59.274.605/0001-13;2025-03-05;DI de um dia;100% do DI1 + 1,0000%;;93900514.97000001;16365031.22871642;17.42805269379495;878;1;FUNDO DE INVESTIMENTO CAIXA BRASIL RENDA FIXA REFERENCIADO DI LONGO PRAZO;03.737.206/0001-97;16365031.22871642;Macaé/RJ;751660.7262432065
Dois fundos e Um fundo;BANCO SAFRA S.A.;58.160.789/0001-28;2024-11-04;DI de um dia;100% do DI1 + 1,1700%;;968140814.1999998;16247891.19873249;1.678257022162478;224;3;ITAU INSTITUCIONAL RENDA FIXA REFERENCIADO DI - FUNDO DE INVESTIMENTO;00.832.435/0001-00;8486680.273679357;Niterói/RJ;1425758.66190813
Dois fundos e Um fundo;BANCO COOPERATIVO SICREDI S.A.;01.181.521/0001-55;2025-06-22;DI de um dia;100% do DI1 + 1,3500%;;726426722.1700003;16214393.13041497;2.232075532956569;368;6;BB INSTITUCIONAL FUNDO DE INVESTIMENTO RENDA FIXA;02.296.928/0001-90;8817958.657287166;Governo do Estado de São Paulo/SP;1203108.954469822
Dois fundos e Um fundo;BANCO XP S.A;33.264.668/0001-03;2025-07-10;DI de um dia;100% do DI1 + 1,1000%;;224268353.92;15932387.3823417;7.104162091467008;356;4;SICREDI - FUNDO DE INVESTIMENTO INSTITUCIONAL RENDA FIXA REFERENCIADO IRF-M 1;19.196.599/0001-09;10234775.17249804;Avaré/SP;367093.8056990071
Dois fundos e Um fundo;BANCO VOTORANTIM S/A;59.588.111/0001-03;2025-10-01;DI de um dia;100% do DI1 + 1,0000%;;505076356.02;15890812.2348533;3.146219783494292;74;5;SAFRA DI MASTER FUNDO DE INVESTIMENTO RENDA FIXA REFERENCIADO DI LONGO PRAZO;02.536.364/0001-16;7618228.578432748;Governo do Estado do Amazonas/AM;5593819.694219114
Um fundo;BANCO VOTORANTIM S/A;59.588.111/0001-03;2026-01-05;DI de um dia;100% do DI1 + 1,2540%;;172496818;15858140.15533794;9.193294310703134;473;1;BRADESCO FUNDO DE INVESTIMENTO RENDA FIXA REFERENCIADO DI PREMIUM;03.399.411/0001-90;15858140.15533794;Governo do Estado do Amazonas/AM;1503251.253112247
Um fundo;ITAU UNIBANCO HOLDING SA;60.872.504/0001-23;2024-11-19;DI de um dia;100% do DI1 + 1,7044%;;1445656218.540001;15739356.86455278;1.088734421275363;473;1;BRADESCO FUNDO DE INVESTIMENTO RENDA FIXA REFERENCIADO DI PREMIUM;03.399.411/0001-90;15739356.86455278;Governo do Estado do Amazonas/AM;1491991.349430447
Dois fundos;BANCO VOTORANTIM S/A;59.588.111/0001-03;2025-09-30;DI de um dia;100% do DI1 + 1,0500%;;553161336.17;15665038.60665932;2.831911339849153;94;2;Itaú High Grade FIC Renda Fixa Crédito Privado;09.093.883/0001-04;15633113.15516313;Santos/SP;1982799.07482506
Dois fundos e Um fundo;BANCO JOHN DEERE S.A.;91.884.981/0001-32;2025-05-04;DI de um dia;100% do DI1 + 1,1000%;;354687413.1800001;15600045.13378116;4.39825168700427;253;9;ITAU INSTITUCIONAL RENDA FIXA REFERENCIADO DI - FUNDO DE INVESTIMENTO;00.832.435/0001-00;14480503.74533875;Governo do Estado do Amazonas/AM;1418625.916535878
Dois fundos e Um fundo;BANCO DAYCOVAL S.A.;62.232.889/0001-90;2026-03-23;Índice de Preços ao Consumidor Amplo (IPCA/IBGE);100% do IAP + 6,3700%;;247710091.19;15571842.08252933;6.286317205618132;150;2;CAIXA NOVO BRASILFIC RENDA FIXA REFERENCIADO IMA B;10.646.895/0001-90;15120977.57944872;Cerquilho/SP;866952.5207138836
Um fundo;Banco Volkswagen S/A;59.109.165/0001-49;2024-12-16;DI de um dia;100% do DI1 + 1,0815%;;215724153.62;15437264.38929801;7.156020376137799;473;1;BRADESCO FUNDO DE INVESTIMENTO RENDA FIXA REFERENCIADO DI PREMIUM;03.399.411/0001-90;15437264.38929801;Governo do Estado do Amazonas/AM;1463354.896004372
Um fundo;BANCO DAYCOVAL S.A.;62.232.889/0001-90;2026-10-31;DI de um dia;100% do DI1 + 1,3026%;;124772491.49;15321988.48546994;12.2799411172277;473;1;BRADESCO FUNDO DE INVESTIMENTO RENDA FIXA REFERENCIADO DI PREMIUM;03.399.411/0001-90;15321988.48546994;Governo do Estado do Amazonas/AM;1452427.470392936
Dois fundos e Um fundo;ITAU UNIBANCO S.A.;60.701.190/0001-04;2024-09-02;DI de um dia;100% do DI1 + 0,6710%;;2759037262.400001;15276455.86555802;0.5536879140323571;191;7;SANTANDER FUNDO DE INVESTIMENTO EM COTAS DE FUNDOS DE INVESTIMENTO INSTITUCIONAL RENDA FIXA REFERENC;02.224.354/0001-45;13926909.68400087;Governo do Estado do Amazonas/AM;1259983.713832012
Dois fundos e Um fundo;BANCO DAYCOVAL S.A.;62.232.889/0001-90;2027-03-18;DI de um dia;100% do DI1 + 0,8000%;;434796354.2400001;15235240.98573679;3.503994648797629;244;6;Itaú High Grade FIC Renda Fixa Crédito Privado;09.093.883/0001-04;7359204.928071403;Governo do Estado do Amazonas/AM;1449057.032990939
Um fundo;BANCO BTG PACTUAL S A;30.306.294/0001-45;2027-05-17;DI de um dia;100% do DI1 + 0,7700%;;190914339.29;14856616.63688936;7.781823351844763;19;1;MAG CASH FUNDO DE INVESTIMENTO RENDA FIXA LONGO PRAZO;17.899.612/0001-60;14856616.63688936;Governo do Estado do Paraná/PR;5008077.811581785
Dois fundos e Um fundo;CONCORDIA BANCO S.A.;10.264.663/0001-77;2026-06-10;DI de um dia;100% do DI1 + 0,8000%;;251742780.38;14762631.5158987;5.864172745536075;482;2;BRADESCO FUNDO DE INVESTIMENTO RENDA FIXA REFERENCIADO DI PREMIUM;03.399.411/0001-90;12980860.86865845;Governo do Estado do Amazonas/AM;1483886.065094954
Dois fundos e Um fundo;Banco Volkswagen S/A;59.109.165/0001-49;2025-08-29;DI de um dia;100% do DI1 + 1,4014%;;237580406.1800001;14738444.05981531;6.203560426885076;482;3;BRADESCO FUNDO DE INVESTIMENTO RENDA FIXA REFERENCIADO DI PREMIUM;03.399.411/0001-90;14250887.96105414;Governo do Estado do Amazonas/AM;1419438.319458466
Um fundo;BANCO SAFRA S.A.;58.160.789/0001-28;2024-10-14;DI de um dia;100% do DI1 + 1,0500%;;113704938.31;14616436.23799218;12.85470662509186;427;1;FUNDO DE INVESTIMENTO CAIXA BRASIL MATRIZ RENDA FIXA;23.215.008/0001-70;14616436.23799218;Rio Grande/RS;708352.2610812914
Dois fundos e Um fundo;BANCO ABC BRASIL S.A.;28.195.667/0001-06;2025-09-05;DI de um dia;100% do DI1 + 1,0020%;;263054892.37;14603131.09338431;5.551362668763545;485;3;BRADESCO FUNDO DE INVESTIMENTO RENDA FIXA REFERENCIADO DI PREMIUM;03.399.411/0001-90;13901174.9056733;Governo do Estado do Amazonas/AM;1317743.341400086
Direta;;;;;;tivos Finan Emit por Inst Finan LF BTG PAC2033;;14525056.3;;1;;;;;Congonhas/MG;14525056.3
Dois fundos e Um fundo;CONCORDIA BANCO S.A.;10.264.663/0001-77;2026-05-10;DI de um dia;100% do DI1 + 0,8000%;;615327614.3899997;14423340.31029339;2.34400991812985;1139;13;BB PREVIDENCIARIO RENDA FIXA REFERENCIADO DI LONGO PRAZO PERFIL FUNDO DE INVESTIMENTO EM COTAS DE FUNDOS DE INVESTIMENTO;13.077.418/0001-49;7167025.074375398;Governo do Estado do Amazonas/AM;1095437.496863096
Dois fundos e Um fundo;BANCO DE LAGE LANDEN BRASIL S.A.;05.040.481/0001-82;2027-01-04;;100,0000% a.a. (prefixado);;1002003882.610001;14361512.21137561;1.433279098077645;224;3;ITAU INSTITUCIONAL RENDA FIXA REFERENCIADO DI - FUNDO DE INVESTIMENTO;00.832.435/0001-00;13948065.72644497;Niterói/RJ;1157934.741823615
Direta;;;;;;Letra Financeira Banco Bradesco S/A;;14314438.01;;1;;;;;Jacareí/SP;14314438.01
Um fundo;BANCO BRADESCO S.A.;60.746.948/0001-12;2026-10-29;DI de um dia;100% do DI1 + 1,0700%;;1534243531.92;14313557.28482536;0.9329390665191806;473;1;BRADESCO FUNDO DE INVESTIMENTO RENDA FIXA REFERENCIADO DI PREMIUM;03.399.411/0001-90;14313557.28482536;Governo do Estado do Amazonas/AM;1356834.579221761
Um fundo;BANCO BRADESCO S.A.;60.746.948/0001-12;2026-11-04;DI de um dia;100% do DI1 + 1,6045%;;301857381.0300001;14301800.86216067;4.737933130327955;473;1;BRADESCO FUNDO DE INVESTIMENTO RENDA FIXA REFERENCIADO DI PREMIUM;03.399.411/0001-90;14301800.86216067;Governo do Estado do Amazonas/AM;1355720.144809547
Dois fundos e Um fundo;BANCO SAFRA S.A.;58.160.789/0001-28;2025-07-21;DI de um dia;100% do DI1 + 1,1200%;;1330342947.04;14285970.64881258;1.073856232379682;224;3;ITAU INSTITUCIONAL RENDA FIXA REFERENCIADO DI - FUNDO DE INVESTIMENTO;00.832.435/0001-00;10377826.30416808;Niterói/RJ;1211011.098025476
Dois fundos e Um fundo;BANCO DO BRASIL;00.000.000/0001-91;2027-09-21;DI de um dia;100% do DI1 + 2,6061%;;337078874.3200001;14211416.40444774;4.216050748691053;482;3;BRADESCO FUNDO DE INVESTIMENTO RENDA FIXA REFERENCIADO DI PREMIUM;03.399.411/0001-90;11671766.80385572;Governo do Estado do Amazonas/AM;1433621.215341301
Um fundo;BANCO GMAC S/A;59.274.605/0001-13;2025-12-22;DI de um dia;100% do DI1 + 0,8032%;;84505995.8;14181368.75841804;16.7814941699297;473;1;BRADESCO FUNDO DE INVESTIMENTO RENDA FIXA REFERENCIADO DI PREMIUM;03.399.411/0001-90;14181368.75841804;Governo do Estado do Amazonas/AM;1344303.944101727
Dois fundos e Um fundo;BANCO GMAC S/A;59.274.605/0001-13;2025-10-28;DI de um dia;100% do DI1 + 0,8500%;;558429799.1200001;14126049.52363563;2.529601669877954;472;10;FUNDO DE INVESTIMENTO CAIXA BRASIL MATRIZ RENDA FIXA;23.215.008/0001-70;8940556.020736003;São José dos Campos/SP;861692.3298499675
Dois fundos e Um fundo;BANCO VOTORANTIM S/A;59.588.111/0001-03;2026-05-05;DI de um dia;100% do DI1 + 0,6500%;;504198022.0900001;14117347.84052279;2.799960972080692;220;2;ITAU INSTITUCIONAL RENDA FIXA REFERENCIADO DI - FUNDO DE INVESTIMENTO;00.832.435/0001-00;12336735.70991426;Niterói/RJ;1162742.072524229
Um fundo;NU FINANCEIRA S.A.;30.680.829/0001-43;2026-05-07;DI de um dia;100% do DI1 + 1,1300%;;174063859.83;14105323.1895096;8.10353349815729;473;1;BRADESCO FUNDO DE INVESTIMENTO RENDA FIXA REFERENCIADO DI PREMIUM;03.399.411/0001-90;14105323.1895096;Governo do Estado do Amazonas/AM;1337095.305785039
Direta;;;;;;Letra Financeira Banco Daycoval S/A;;14061751.03;;1;;;;;Jacareí/SP;14061751.03
Dois fundos e Um fundo;BANCO ALFA DE INVESTIMENTOS S/A;60.770.336/0001-65;2025-08-04;DI de um dia;100% do DI1 + 1,1000%;;880753465.2900001;13877453.71937763;1.575634302478536;197;2;BB INSTITUCIONAL FUNDO DE INVESTIMENTO RENDA FIXA;02.296.928/0001-90;10050165.94855675;Praia Grande/SP;1041637.265170994
Dois fundos e Um fundo;BANCO DAYCOVAL S.A.;62.232.889/0001-90;2027-03-15;DI de um dia;100% do DI1 + 1,6540%;;155531130.4599999;13654913.72323128;8.779537371615199;473;2;BRADESCO FUNDO DE INVESTIMENTO RENDA FIXA REFERENCIADO DI PREMIUM;03.399.411/0001-90;13649512.45476856;Governo do Estado do Amazonas/AM;1293887.334896292
Dois fundos e Um fundo;BANCO RCI BRASIL S.A.;62.307.848/0001-15;2025-11-02;DI de um dia;100% do DI1 + 0,8500%;;318597031.5500003;13616353.68643611;4.273848259097536;250;5;SAFRA DI MASTER FUNDO DE INVESTIMENTO RENDA FIXA REFERENCIADO DI LONGO PRAZO;02.536.364/0001-16;7747226.993417164;Governo do Estado do Amazonas/AM;5090703.747322504
Dois fundos e Um fundo;BANCO ABC BRASIL S.A.;28.195.667/0001-06;2026-07-28;DI de um dia;100% do DI1 + 1,2000%;;266853470.7599999;13600699.12952251;5.096691862686911;224;3;ITAU INSTITUCIONAL RENDA FIXA REFERENCIADO DI - FUNDO DE INVESTIMENTO;00.832.435/0001-00;7183672.502776937;Niterói/RJ;1195591.420023578
Dois fundos e Um fundo;BANCO XP S.A;33.264.668/0001-03;2027-05-24;DI de um dia;100% do DI1 + 0,7000%;;299207541.8;13478654.24397148;4.504784258740728;197;2;BB RENDA FIXA LONGO PRAZO CORPORATE BANCOS FUNDO DE INVESTIMENTO EM COTAS DE FIF RESP LIMITADA;18.060.364/0001-22;8984715.548555724;Governo do Estado de São Paulo/SP;1822085.419355612
Um fundo;BANCO SAFRA S.A.;58.160.789/0001-28;2025-06-30;DI de um dia;100% do DI1 + 0,9018%;;615221652.72;13404713.02717773;2.178842855727396;473;1;BRADESCO FUNDO DE INVESTIMENTO RENDA FIXA REFERENCIADO DI PREMIUM;03.399.411/0001-90;13404713.02717773;Governo do Estado do Amazonas/AM;1270681.899537392
Dois fundos;BANCO BRADESCO S.A.;60.746.948/0001-12;2025-12-23;DI de um dia;100% do DI1 + 1,0201%;;3257724806.990001;13349464.16926793;0.4097787554253935;143;2;SANTANDER FUNDO DE INVESTIMENTO EM COTAS DE FUNDOS DE INVESTIMENTO INSTITUCIONAL RENDA FIXA REFERENC;02.224.354/0001-45;13315587.87017501;Governo do Estado do Amazonas/AM;1002315.093229671
Dois fundos e Um fundo;BANCO PAN S.A.;59.285.411/0001-13;2026-05-18;Índice de Preços ao Consumidor Amplo (IPCA/IBGE);100% do IAP + 6,5500%;;280137221.06;13247596.87053915;4.728967047082175;150;2;CAIXA NOVO BRASILFIC RENDA FIXA REFERENCIADO IMA B;10.646.895/0001-90;13098808.61194559;Cerquilho/SP;751012.6302884823
Dois fundos e Um fundo;BANCO COOPERATIVO SICREDI S.A.;01.181.521/0001-55;2027-10-08;DI de um dia;100% do DI1 + 1,0500%;;508696523.1799996;13204571.3535329;2.595765992460015;224;3;Itaú High Grade FIC Renda Fixa Crédito Privado;09.093.883/0001-04;6714200.270780783;Niterói/RJ;1170481.652975533
Um fundo;BANCO DAYCOVAL S.A.;62.232.889/0001-90;2025-10-31;DI de um dia;100% do DI1 + 1,1515%;;398278056.51;13070067.1255297;3.281643794302672;473;1;BRADESCO FUNDO DE INVESTIMENTO RENDA FIXA REFERENCIADO DI PREMIUM;03.399.411/0001-90;13070067.1255297;Governo do Estado do Amazonas/AM;1238959.587458319
Um fundo;BANCO BRADESCO S.A.;60.746.948/0001-12;2026-10-29;DI de um dia;100% do DI1 + 1,0800%;;1534243531.92;13012324.79902818;0.8481264237590858;473;1;BRADESCO FUNDO DE INVESTIMENTO RENDA FIXA REFERENCIADO DI PREMIUM;03.399.411/0001-90;13012324.79902818;Governo do Estado do Amazonas/AM;1233485.980602738
Dois fundos e Um fundo;PARANA BANCO S.A.;14.388.334/0001-99;2026-04-07;DI de um dia;100% do DI1 + 0,9000%;;350054215.2899998;13001881.11262799;3.714247834969413;615;17;BRADESCO FUNDO DE INVESTIMENTO RENDA FIXA REFERENCIADO DI PREMIUM;03.399.411/0001-90;9521035.528312938;Governo do Estado do Amazonas/AM;1593991.934803343
Dois fundos e Um fundo;BANCO GMAC S/A;59.274.605/0001-13;2024-11-12;DI de um dia;100% do DI1 + 1,1000%;;682788521.3499998;12899926.97177996;1.889300503510869;366;4;BB RENDA FIXA LONGO PRAZO CORPORATE BANCOS FUNDO DE INVESTIMENTO EM COTAS DE FIF RESP LIMITADA;18.060.364/0001-22;5929990.937841499;Governo do Estado de São Paulo/SP;1202592.332095453
Dois fundos;BANCO BRADESCO S.A.;60.746.948/0001-12;2026-06-24;DI de um dia;100% do DI1 + 0,3600%;;2518851326.48;12798663.68022754;0.5081150898299819;139;1;SANTANDER FUNDO DE INVESTIMENTO EM COTAS DE FUNDOS DE INVESTIMENTO INSTITUCIONAL RENDA FIXA REFERENC;02.224.354/0001-45;12798663.68022754;Governo do Estado do Amazonas/AM;963404.2375700128
Um fundo;BANCO DAYCOVAL S.A.;62.232.889/0001-90;2025-03-05;DI de um dia;100% do DI1 + 2,0000%;;71457770.34;12798643.55627333;17.91077932515481;878;1;FUNDO DE INVESTIMENTO CAIXA BRASIL RENDA FIXA REFERENCIADO DI LONGO PRAZO;03.737.206/0001-97;12798643.55627333;Macaé/RJ;587853.3059903558
Dois fundos e Um fundo;BANCO BRADESCO S.A.;60.746.948/0001-12;2025-03-31;DI de um dia;100% do DI1 + 0,5400%;;397529272.65;12772837.65882711;3.213055877289519;355;3;SICREDI - FUNDO DE INVESTIMENTO INSTITUCIONAL RENDA FIXA REFERENCIADO IRF-M 1;19.196.599/0001-09;10127183.43452688;Avaré/SP;363234.7799863826
Dois fundos e Um fundo;BANCO VOTORANTIM S/A;59.588.111/0001-03;2026-05-20;DI de um dia;100% do DI1 + 0,5500%;;92305495.92;12761395.9601245;13.82517458243725;889;3;FUNDO DE INVESTIMENTO CAIXA BRASIL RENDA FIXA REFERENCIADO DI LONGO PRAZO;03.737.206/0001-97;12030314.04506509;Macaé/RJ;599883.2878923233
Dois fundos e Um fundo;ITAU UNIBANCO HOLDING SA;60.872.504/0001-23;2031-10-21;DI de um dia;100% do DI1 + 2,0000%;;210434324.01;12755904.06612738;6.061703158996634;49;5;BANESTES LIQUIDEZ FUNDO DE INVESTIMENTO RENDA FIXA REFERENCIADO DI;20.230.719/0001-26;9242878.316225594;Governo do Estado do Espírito Santo/ES;3543698.055380654
Dois fundos e Um fundo;BANCO BRADESCO S.A.;60.746.948/0001-12;2031-10-29;DI de um dia;100% do DI1 + 2,2500%;;926893367.1100003;12713311.18046738;1.371604505069094;253;7;BANESTES LIQUIDEZ FUNDO DE INVESTIMENTO RENDA FIXA REFERENCIADO DI;20.230.719/0001-26;8850943.21904556;Governo do Estado do Espírito Santo/ES;3393431.050428944
Um fundo;BANCO ALFA DE INVESTIMENTOS S/A;60.770.336/0001-65;2024-08-12;DI de um dia;108,60% do DI1;;75800359.64;12641535.03574187;16.67740772706164;326;2;SICREDI - FUNDO DE INVESTIMENTO INSTITUCIONAL RENDA FIXA REFERENCIADO IRF-M 1;19.196.599/0001-09;9005589.201396849;Avaré/SP;323006.2172138341
Direta;;;;;;tivos Finan Emit por Inst Finan LF BTG PAC2032;;12552054.83;;1;;;;;Congonhas/MG;12552054.83
Um fundo;BANCO CSF S.A.;08.357.240/0001-50;2024-11-24;DI de um dia;100% do DI1 + 1,0909%;;204162119.99;12551629.51631787;6.147873815638598;473;1;BRADESCO FUNDO DE INVESTIMENTO RENDA FIXA REFERENCIADO DI PREMIUM;03.399.411/0001-90;12551629.51631787;Governo do Estado do Amazonas/AM;1189814.985501586
Dois fundos e Um fundo;BANCO BTG PACTUAL S A;30.306.294/0001-45;2025-08-04;DI de um dia;109,75% do DI1;;96132175.95;12437088.91541043;12.93748819529392;65;5;BNB PLUS FIC FI RF LP;06.124.241/0001-29;10955473.23556033;Governo do Estado da Paraíba/PB;2861227.478703891
Dois fundos e Um fundo;BANCO RCI BRASIL S.A.;62.307.848/0001-15;2025-03-26;DI de um dia;100% do DI1 + 2,3000%;;275605786.46;12390294.7327502;4.495658415556695;224;3;ITAU INSTITUCIONAL RENDA FIXA REFERENCIADO DI - FUNDO DE INVESTIMENTO;00.832.435/0001-00;8846821.344439292;Niterói/RJ;1052954.92838364
Um fundo;BANCO BRADESCO S.A.;60.746.948/0001-12;2025-07-14;DI de um dia;100% do DI1 + 1,0034%;;2949347043.770001;12373061.62693648;0.4195186745850234;473;1;BRADESCO FUNDO DE INVESTIMENTO RENDA FIXA REFERENCIADO DI PREMIUM;03.399.411/0001-90;12373061.62693648;Governo do Estado do Amazonas/AM;1172887.880503848
Dois fundos e Um fundo;ITAU UNIBANCO S.A.;60.701.190/0001-04;2025-08-01;DI de um dia;100% do DI1 + 0,7330%;;1630961868.71;12352374.85378646;0.7573674830029289;86;5;SAFRA DI MASTER FUNDO DE INVESTIMENTO RENDA FIXA REFERENCIADO DI LONGO PRAZO;02.536.364/0001-16;7581938.660962983;Governo do Estado do Amazonas/AM;4855498.728991021
Um fundo;ITAU UNIBANCO S.A.;60.701.190/0001-04;2024-06-06;DI de um dia;100% do DI1 + 0,6500%;;106710741.54;12321970.31657974;11.54707589766013;428;2;FUNDO DE INVESTIMENTO CAIXA BRASIL MATRIZ RENDA FIXA;23.215.008/0001-70;12321322.56030637;Rio Grande/RS;597124.8088791218
Um fundo;BANCO DAYCOVAL S.A.;62.232.889/0001-90;2028-03-25;DI de um dia;100% do DI1 + 1,0000%;;95532316.56;12295920.824816;12.87095431951912;473;1;BRADESCO FUNDO DE INVESTIMENTO RENDA FIXA REFERENCIADO DI PREMIUM;03.399.411/0001-90;12295920.824816;Governo do Estado do Amazonas/AM;1165575.421015047
Dois fundos e Um fundo;BANCO BRADESCO S.A.;60.746.948/0001-12;2026-06-24;DI de um dia;100% do DI1 + 1,4000%;;2518851326.48;12274696.88513132;0.4873132747491192;290;8;BB RENDA FIXA LONGO PRAZO CORPORATE BANCOS FUNDO DE INVESTIMENTO EM COTAS DE FIF RESP LIMITADA;18.060.364/0001-22;7082506.644739685;Governo do Estado de São Paulo/SP;1436320.606938286
Dois fundos e Um fundo;BANCO BRADESCO S.A.;60.746.948/0001-12;2030-11-27;DI de um dia;100% do DI1 + 2,0000%;;2014895396.54;12175220.65054035;0.6042606812962982;224;3;ITAU INSTITUCIONAL RENDA FIXA REFERENCIADO DI - FUNDO DE INVESTIMENTO;00.832.435/0001-00;10794575.49629666;Niterói/RJ;999790.518288268
Um fundo;BANCO BRADESCO S.A.;60.746.948/0001-12;2026-10-29;DI de um dia;100% do DI1 + 1,8690%;;1534243531.92;12144836.47516338;0.791584661919021;473;1;BRADESCO FUNDO DE INVESTIMENTO RENDA FIXA REFERENCIADO DI PREMIUM;03.399.411/0001-90;12144836.47516338;Governo do Estado do Amazonas/AM;1151253.581523389
Dois fundos e Um fundo;BANCO DO BRASIL;00.000.000/0001-91;2029-02-08;DI de um dia;100% do DI1 + 1,9000%;;1055264977.46;12120371.16562101;1.148561870668207;482;2;BRADESCO FUNDO DE INVESTIMENTO RENDA FIXA REFERENCIADO DI PREMIUM;03.399.411/0001-90;9596179.052042885;Governo do Estado do Amazonas/AM;1268618.197491827
Um fundo;BANCO MERCEDES-BENZ DO BRASIL S.A.;60.814.191/0001-57;2025-03-17;DI de um dia;100% do DI1 + 1,0514%;;120829777.24;12073200.78046842;9.991908498256883;473;1;BRADESCO FUNDO DE INVESTIMENTO RENDA FIXA REFERENCIADO DI PREMIUM;03.399.411/0001-90;12073200.78046842;Governo do Estado do Amazonas/AM;1144462.971353285
Dois fundos e Um fundo;BANCO COOPERATIVO SICREDI S.A.;01.181.521/0001-55;2024-10-07;DI de um dia;100% do DI1 + 1,5000%;;200077175.17;12001821.34278465;5.998595958078194;224;3;ITAU INSTITUCIONAL RENDA FIXA REFERENCIADO DI - FUNDO DE INVESTIMENTO;00.832.435/0001-00;10483310.99071785;Niterói/RJ;987210.5449783852
Dois fundos e Um fundo;BANCO ABC BRASIL S.A.;28.195.667/0001-06;2026-02-19;DI de um dia;100% do DI1 + 0,8000%;;118362774.08;11923403.86748875;10.07360968021065;997;4;FUNDO DE INVESTIMENTO CAIXA BRASIL RENDA FIXA REFERENCIADO DI LONGO PRAZO;03.737.206/0001-97;6731205.88836168;Macaé/RJ;340838.5809017663
Dois fundos e Um fundo;BANCO CSF S.A.;08.357.240/0001-50;2026-05-29;DI de um dia;100% do DI1 + 0,5400%;;350144927.8499999;11919834.59484339;3.404257393655515;220;2;Itaú High Grade FIC Renda Fixa Crédito Privado;09.093.883/0001-04;6735861.585362501;Niterói/RJ;1067835.796742265
Dois fundos e Um fundo;BANCO FIDIS DE INVESTIMENTO S.A.;62.237.425/0001-76;2025-12-01;DI de um dia;100% do DI1 + 0,8000%;;261650183.3699999;11829969.05998873;4.521292096042584;177;5;BTG FIC Corporativo I Crédito Privado;14.171.644/0001-57;6120877.546867632;Governo do Estado do Amazonas/AM;1930298.834601223
Dois fundos;BANCO BRADESCO S.A.;60.746.948/0001-12;2025-04-30;DI de um dia;100% do DI1 + 0,5300%;;2001996331.87;11812721.41800574;0.5900471059790535;139;1;SANTANDER FUNDO DE INVESTIMENTO EM COTAS DE FUNDOS DE INVESTIMENTO INSTITUCIONAL RENDA FIXA REFERENC;02.224.354/0001-45;11812721.41800574;Governo do Estado do Amazonas/AM;889188.6024727891
Dois fundos e Um fundo;BANCO XP S.A;33.264.668/0001-03;2024-06-28;DI de um dia;100% do DI1 + 1,7000%;;715793280.3400003;11782176.62098957;1.646030627081755;543;9;Itaú High Grade FIC Renda Fixa Crédito Privado;09.093.883/0001-04;5634783.92466752;Governo do Estado do Amazonas/AM;881203.3420120483
Dois fundos;BANCO BRADESCO S.A.;60.746.948/0001-12;2025-03-31;DI de um dia;100% do DI1 + 0,5200%;;397529272.65;11739456.38433493;2.953104888623082;139;1;SANTANDER FUNDO DE INVESTIMENTO EM COTAS DE FUNDOS DE INVESTIMENTO INSTITUCIONAL RENDA FIXA REFERENC;02.224.354/0001-45;11739456.38433493;Governo do Estado do Amazonas/AM;883673.663908289
Dois fundos e Um fundo;ITAU UNIBANCO HOLDING SA;60.872.504/0001-23;2050-11-10;DI de um dia;100% do DI1 + 1,9000%;;431935252.3699999;11736674.80832754;2.7172301274159;225;4;ITAU INSTITUCIONAL RENDA FIXA REFERENCIADO DI - FUNDO DE INVESTIMENTO;00.832.435/0001-00;9116841.362204598;Niterói/RJ;978399.431929969
Um fundo;BANCO BTG PACTUAL S A;30.306.294/0001-45;2025-07-01;DI de um dia;100% do DI1 + 1,0521%;;674692313.84;11713921.35624094;1.736187165016206;473;1;BRADESCO FUNDO DE INVESTIMENTO RENDA FIXA REFERENCIADO DI PREMIUM;03.399.411/0001-90;11713921.35624094;Governo do Estado do Amazonas/AM;1110405.557344014
Dois fundos e Um fundo;Banco Volkswagen S/A;59.109.165/0001-49;2025-11-28;DI de um dia;100% do DI1 + 1,1500%;;803141754.1100001;11665864.03419137;1.452528644475579;346;5;BB INSTITUCIONAL FUNDO DE INVESTIMENTO RENDA FIXA;02.296.928/0001-90;6891750.966495804;Praia Grande/SP;818268.5627576752
Dois fundos e Um fundo;BANCO RCI BRASIL S.A.;62.307.848/0001-15;2024-09-23;DI de um dia;100% do DI1 + 1,2000%;;237816631.6;11622682.09646904;4.887245277284904;412;9;SANTANDER FUNDO DE INVESTIMENTO EM COTAS DE FUNDOS DE INVESTIMENTO INSTITUCIONAL RENDA FIXA REFERENC;02.224.354/0001-45;9315839.848985018;Governo do Estado do Amazonas/AM;701238.8020556377
Dois fundos;BANCO VOTORANTIM S/A;59.588.111/0001-03;2025-11-03;DI de um dia;100% do DI1 + 0,9500%;;564732960.04;11604368.58273691;2.054841740052675;52;1;BB RENDA FIXA LONGO PRAZO CORPORATE BANCOS FUNDO DE INVESTIMENTO EM COTAS DE FIF RESP LIMITADA;18.060.364/0001-22;11604368.58273691;Governo do Estado de São Paulo/SP;2353346.71210956
Dois fundos e Um fundo;BANCO BRADESCO S.A.;60.746.948/0001-12;2032-11-10;DI de um dia;100% do DI1 + 1,8000%;;576120411.4000001;11570085.43082073;2.00827556217022;267;3;BB INSTITUCIONAL FUNDO DE INVESTIMENTO RENDA FIXA;02.296.928/0001-90;11262069.27820558;Praia Grande/SP;1167243.516491479
Dois fundos e Um fundo;ITAU UNIBANCO HOLDING SA;60.872.504/0001-23;2031-09-22;DI de um dia;100% do DI1 + 2,0000%;;1724622518.079999;11540695.8397258;0.6691722808173645;259;9;ITAU INSTITUCIONAL RENDA FIXA REFERENCIADO DI - FUNDO DE INVESTIMENTO;00.832.435/0001-00;5041822.276975175;São José dos Campos/SP;1015675.011129228
Um fundo;NU FINANCEIRA S.A.;30.680.829/0001-43;2027-05-07;DI de um dia;100% do DI1 + 1,2000%;;327443535.28;11382487.21915958;3.476167947376426;473;1;BRADESCO FUNDO DE INVESTIMENTO RENDA FIXA REFERENCIADO DI PREMIUM;03.399.411/0001-90;11382487.21915958;Governo do Estado do Amazonas/AM;1078987.700204946
Um fundo;BANCO BRADESCO S.A.;60.746.948/0001-12;2024-10-21;DI de um dia;100% do DI1 + 0,6500%;;12242676.12;11379518.39120438;92.94959925154323;878;1;FUNDO DE INVESTIMENTO CAIXA BRASIL RENDA FIXA REFERENCIADO DI LONGO PRAZO;03.737.206/0001-97;11379518.39120438;Macaé/RJ;522671.6001141116
Dois fundos e Um fundo;BANCO DAYCOVAL S.A.;62.232.889/0001-90;2026-12-14;DI de um dia;100% do DI1 + 1,0542%;;106256377.82;11341960.40531881;10.67414553179318;482;2;BRADESCO FUNDO DE INVESTIMENTO RENDA FIXA REFERENCIADO DI PREMIUM;03.399.411/0001-90;10490769.38277804;Governo do Estado do Amazonas/AM;1115504.96859631
Dois fundos e Um fundo;BANCO BTG PACTUAL S A;30.306.294/0001-45;2025-06-23;DI de um dia;100% do DI1 + 1,0500%;;177607413.58;11298345.30674133;6.361415370565147;355;3;SICREDI - FUNDO DE INVESTIMENTO INSTITUCIONAL RENDA FIXA REFERENCIADO IRF-M 1;19.196.599/0001-09;7754493.686751575;Avaré/SP;278132.7924415733
Um fundo;BANCO VOTORANTIM S/A;59.588.111/0001-03;2024-08-12;DI de um dia;100% do DI1 + 1,0500%;;65804384.48;11281709.94920461;17.14431346536411;427;1;FUNDO DE INVESTIMENTO CAIXA BRASIL MATRIZ RENDA FIXA;23.215.008/0001-70;11281709.94920461;Rio Grande/RS;546742.3536942912
Dois fundos e Um fundo;Banco Volkswagen S/A;59.109.165/0001-49;2025-10-06;DI de um dia;100% do DI1 + 0,9000%;;615249348.6699997;11244723.94496103;1.827669378158471;154;8;SAFRA EXTRA BANCOS FUNDO DE INVESTIMENTO EM COTAS DE FUNDO DE INVESTIMENTO RENDA FIXA CREDITO PRIVADO;20.441.483/0001-77;4092844.501395969;Governo do Estado do Amazonas/AM;2979276.299790347
Dois fundos;BANCO VOTORANTIM S/A;59.588.111/0001-03;2024-07-22;DI de um dia;100% do DI1 + 1,4000%;;460319218.07;11104836.73078345;2.412420836423726;172;2;BB RENDA FIXA LONGO PRAZO CORPORATE BANCOS FUNDO DE INVESTIMENTO EM COTAS DE FIF RESP LIMITADA;18.060.364/0001-22;11092239.56202772;Governo do Estado de São Paulo/SP;2249487.79566194
Dois fundos e Um fundo;BANCO VOTORANTIM S/A;59.588.111/0001-03;2025-08-01;DI de um dia;100% do DI1 + 1,1000%;;195568463.35;11101577.04889983;5.676568122863369;46;5;SAFRA EXTRA BANCOS FUNDO DE INVESTIMENTO EM COTAS DE FUNDO DE INVESTIMENTO RENDA FIXA CREDITO PRIVADO;20.441.483/0001-77;10100376.86852491;Governo do Estado do Paraná/PR;2489783.727213506
Dois fundos e Um fundo;BANCO MERCEDES-BENZ DO BRASIL S.A.;60.814.191/0001-57;2025-08-14;DI de um dia;100% do DI1 + 1,1000%;;275525432.4800001;11094123.88725185;4.026533517212481;55;3;SAFRA DI MASTER FUNDO DE INVESTIMENTO RENDA FIXA REFERENCIADO DI LONGO PRAZO;02.536.364/0001-16;6653667.171042431;Governo do Estado do Amazonas/AM;4414972.730714962
Dois fundos e Um fundo;BANCO CNH CAPITAL S.A.;02.992.446/0001-75;2025-05-11;DI de um dia;100% do DI1 + 1,1000%;;460230627.08;11056548.3229853;2.402392990039618;224;3;Itaú High Grade FIC Renda Fixa Crédito Privado;09.093.883/0001-04;6603596.312424827;Niterói/RJ;994909.2667489345
Dois fundos e Um fundo;BANCO SOFISA;60.889.128/0001-80;2025-05-12;DI de um dia;100% do DI1 + 1,7500%;;115726451.22;10946243.06465745;9.458721795459073;262;3;BB INSTITUCIONAL FUNDO DE INVESTIMENTO RENDA FIXA;02.296.928/0001-90;6518062.355092986;Praia Grande/SP;675556.6704595606
Dois fundos e Um fundo;BANCO BRADESCO S.A.;60.746.948/0001-12;2026-09-16;DI de um dia;100% do DI1 + 0,7100%;;2138568879.15;10908976.82773057;0.5101064049929726;355;3;SICREDI - FUNDO DE INVESTIMENTO INSTITUCIONAL RENDA FIXA REFERENCIADO IRF-M 1;19.196.599/0001-09;7992492.192456357;Avaré/SP;286669.1575045412
Dois fundos e Um fundo;Banco Volkswagen S/A;59.109.165/0001-49;2025-06-09;DI de um dia;100% do DI1 + 1,0000%;;484782753.1000001;10903594.73489949;2.249171338125207;405;10;Itaú High Grade FIC Renda Fixa Crédito Privado;09.093.883/0001-04;4330940.232089648;Governo do Estado do Amazonas/AM;1968897.213926064
Um fundo;BANCO DAYCOVAL S.A.;62.232.889/0001-90;2024-11-11;DI de um dia;100% do DI1 + 0,9500%;;30531768.07;10887681.01526289;35.66017202246776;427;1;FUNDO DE INVESTIMENTO CAIXA BRASIL MATRIZ RENDA FIXA;23.215.008/0001-70;10887681.01526289;Rio Grande/RS;527646.6396813516
Um fundo;BANCO BRADESCO S.A.;60.746.948/0001-12;2026-09-16;DI de um dia;100% do DI1 + 1,2428%;;2138568879.15;10803507.66317519;0.5051746412521059;473;1;BRADESCO FUNDO DE INVESTIMENTO RENDA FIXA REFERENCIADO DI PREMIUM;03.399.411/0001-90;10803507.66317519;Governo do Estado do Amazonas/AM;1024104.105121639
Dois fundos e Um fundo;BANCO TOYOTA DO BRASIL S.A.;03.215.790/0001-10;2024-10-28;DI de um dia;100% do DI1 + 1,0500%;;614081799.7300001;10790180.76308903;1.757124338782434;617;8;BRADESCO FUNDO DE INVESTIMENTO RENDA FIXA REFERENCIADO DI PREMIUM;03.399.411/0001-90;3260945.897867633;Praia Grande/SP;516240.214501735
Dois fundos e Um fundo;BANCO VOTORANTIM S/A;59.588.111/0001-03;2025-05-19;DI de um dia;100% do DI1 + 1,0500%;;491058606.3800001;10778123.31360503;2.194875148011254;220;2;ITAU INSTITUCIONAL RENDA FIXA REFERENCIADO DI - FUNDO DE INVESTIMENTO;00.832.435/0001-00;6574855.58788803;Niterói/RJ;934503.0043938126
Dois fundos e Um fundo;BANCO ABC BRASIL S.A.;28.195.667/0001-06;2024-08-13;DI de um dia;100% do DI1 + 1,3000%;;282413516.67;10635107.48118235;3.76579265984973;482;3;BRADESCO FUNDO DE INVESTIMENTO RENDA FIXA REFERENCIADO DI PREMIUM;03.399.411/0001-90;9710439.316325216;Governo do Estado do Amazonas/AM;1050414.619674865
Um fundo;BANCO RABOBANK;01.023.570/0001-60;2027-02-26;DI de um dia;100% do DI1 + 0,7500%;;154380695.68;10616400.77429265;6.876767025521318;473;1;BRADESCO FUNDO DE INVESTIMENTO RENDA FIXA REFERENCIADO DI PREMIUM;03.399.411/0001-90;10616400.77429265;Governo do Estado do Amazonas/AM;1006367.557050839
Um fundo;BANCO RABOBANK;01.023.570/0001-60;2026-02-27;DI de um dia;100% do DI1 + 0,6500%;;154319994.61;10612226.49811747;6.876767022275279;473;1;BRADESCO FUNDO DE INVESTIMENTO RENDA FIXA REFERENCIADO DI PREMIUM;03.399.411/0001-90;10612226.49811747;Governo do Estado do Amazonas/AM;1005971.862106178
Dois fundos e Um fundo;BANCO BRADESCO S.A.;60.746.948/0001-12;2027-10-13;DI de um dia;100% do DI1 + 1,4000%;;2447502438.88;10519058.61914458;0.4297874621917924;220;2;ITAU INSTITUCIONAL RENDA FIXA REFERENCIADO DI - FUNDO DE INVESTIMENTO;00.832.435/0001-00;9306425.806136016;Niterói/RJ;864499.7432367431
Dois fundos e Um fundo;BANCO DAYCOVAL S.A.;62.232.889/0001-90;2025-07-28;DI de um dia;100% do DI1 + 1,2000%;;344795888.2399999;10506553.52876023;3.047180632689852;474;3;FUNDO DE INVESTIMENTO CAIXA BRASIL MATRIZ RENDA FIXA;23.215.008/0001-70;9962205.12329587;Rio Grande/RS;482795.5603911033
Dois fundos e Um fundo;BANCO MERCEDES-BENZ DO BRASIL S.A.;60.814.191/0001-57;2025-08-15;DI de um dia;100% do DI1 + 1,1000%;;151452138.9;10467532.74313145;6.911445965146054;56;3;SAFRA DI MASTER FUNDO DE INVESTIMENTO RENDA FIXA REFERENCIADO DI LONGO PRAZO;02.536.364/0001-16;6216652.722991595;Governo do Estado do Amazonas/AM;4143681.223473823
Dois fundos e Um fundo;BANCO BTG PACTUAL S A;30.306.294/0001-45;2025-08-21;DI de um dia;100% do DI1 + 1,0000%;;128646106.91;10440152.851862;8.115405201624846;355;3;SICREDI - FUNDO DE INVESTIMENTO INSTITUCIONAL RENDA FIXA REFERENCIADO IRF-M 1;19.196.599/0001-09;6201781.174081568;Avaré/SP;222441.1787201374
Dois fundos e Um fundo;BANCO BRADESCO S.A.;60.746.948/0001-12;2025-11-17;DI de um dia;100% do DI1 + 1,9600%;;493534283.44;10346474.52810639;2.09640441916012;27;4;BTG FIC Corporativo I Crédito Privado;14.171.644/0001-57;9989050.36568744;São José dos Campos/SP;2184133.087928942
Um fundo;BANCO DAYCOVAL S.A.;62.232.889/0001-90;2024-10-21;DI de um dia;100% do DI1 + 0,9000%;;16203127.83;10287880.26261823;63.49317471636729;878;1;FUNDO DE INVESTIMENTO CAIXA BRASIL RENDA FIXA REFERENCIADO DI LONGO PRAZO;03.737.206/0001-97;10287880.26261823;Macaé/RJ;472531.6708307508
Um fundo;PARANA BANCO S.A.;14.388.334/0001-99;2025-08-25;DI de um dia;100% do DI1 + 1,3026%;;35384424.06;10265502.96001704;29.01136088186776;473;1;BRADESCO FUNDO DE INVESTIMENTO RENDA FIXA REFERENCIADO DI PREMIUM;03.399.411/0001-90;10265502.96001704;Governo do Estado do Amazonas/AM;973104.6665821469
Dois fundos;BANCO DAYCOVAL S.A.;62.232.889/0001-90;2025-03-31;DI de um dia;100% do DI1 + 1,3000%;;65339817.22000001;10240240.59104552;15.67228227248708;144;2;FUNDO DE INVESTIMENTO CAIXA JUROS E MOEDAS MULTIMERCADO LONGO PRAZO;14.120.520/0001-42;9817444.828320606;Suzano/SP;1788953.543194493
Dois fundos e Um fundo;BANCO COOPERATIVO SICREDI S.A.;01.181.521/0001-55;2025-03-14;DI de um dia;100% do DI1 + 1,4519%;;65534531.57;10189200.6205788;15.54783467048257;473;2;BRADESCO FUNDO DE INVESTIMENTO RENDA FIXA REFERENCIADO DI PREMIUM;03.399.411/0001-90;10165420.11370204;Governo do Estado do Amazonas/AM;963617.4466014737
Um fundo;BANCO VOTORANTIM S/A;59.588.111/0001-03;2026-08-21;DI de um dia;100% do DI1 + 0,8500%;;361203337.94;10151916.71714258;2.810582198669749;473;1;BRADESCO FUNDO DE INVESTIMENTO RENDA FIXA REFERENCIADO DI PREMIUM;03.399.411/0001-90;10151916.71714258;Governo do Estado do Amazonas/AM;962337.410128063
Direta;;;;;;LF IPCA+7,14% Banco BTG 21102024;;10061208.79;;1;;;;;Cabo de Santo Agostinho/PE;10061208.79
Dois fundos e Um fundo;BANCO BRADESCO S.A.;60.746.948/0001-12;2025-12-24;DI de um dia;100% do DI1 + 1,3000%;;2365188027.93;10046123.30684233;0.4247494570499175;141;9;CAIXA TOP PRIVATE FIC DE CLASSE DE FIF RENDA FIXA REFERENCIADO DI LONGO PRAZO - RESP LIMITADA;19.769.018/0001-80;3736817.392923685;Governo do Estado do Paraná/PR;895996.9967373163
Dois fundos e Um fundo;BANCO SAFRA S.A.;58.160.789/0001-28;2025-02-03;DI de um dia;100% do DI1 + 1,2000%;;1003346842.3;9980943.965929147;0.9947650747621382;254;5;Itaú High Grade FIC Renda Fixa Crédito Privado;09.093.883/0001-04;4758482.934038206;Governo do Estado do Amazonas/AM;955660.5467348973
Um fundo;BANCO ABC BRASIL S.A.;28.195.667/0001-06;2025-07-21;DI de um dia;100% do DI1 + 1,1000%;;67532338.68;9945756.556926705;14.7273983862078;427;1;FUNDO DE INVESTIMENTO CAIXA BRASIL MATRIZ RENDA FIXA;23.215.008/0001-70;9945756.556926705;Rio Grande/RS;481998.4181199343
Dois fundos;BANCO ABC BRASIL S.A.;28.195.667/0001-06;2025-04-22;DI de um dia;100% do DI1 + 1,2500%;;126883031.19;9892910.186994137;7.796874092785565;144;2;FUNDO DE INVESTIMENTO CAIXA JUROS E MOEDAS MULTIMERCADO LONGO PRAZO;14.120.520/0001-42;9736705.748504512;Suzano/SP;1774241.113897757
Dois fundos e Um fundo;BANCO TOYOTA DO BRASIL S.A.;03.215.790/0001-10;2026-04-01;;11,8000% a.a. (prefixado);;114335276.05;9887389.904194744;8.647715950649287;54;2;SAFRA DI MASTER FUNDO DE INVESTIMENTO RENDA FIXA REFERENCIADO DI LONGO PRAZO;02.536.364/0001-16;5790609.720912121;Governo do Estado do Amazonas/AM;3885824.838821331
Dois fundos e Um fundo;BANCO FIDIS DE INVESTIMENTO S.A.;62.237.425/0001-76;2026-02-23;DI de um dia;100% do DI1 + 0,7000%;;483689439.13;9839574.685411738;2.034275278598171;313;8;ITAU INSTITUCIONAL RENDA FIXA REFERENCIADO DI - FUNDO DE INVESTIMENTO;00.832.435/0001-00;3694046.271430449;Governo do Estado do Amazonas/AM;661401.0822391431
Dois fundos e Um fundo;BANCO DAYCOVAL S.A.;62.232.889/0001-90;2026-03-16;DI de um dia;100% do DI1 + 1,5030%;;153690525.42;9728574.556899505;6.329976770079745;482;3;BRADESCO FUNDO DE INVESTIMENTO RENDA FIXA REFERENCIADO DI PREMIUM;03.399.411/0001-90;9260240.219954785;Governo do Estado do Amazonas/AM;943654.1771886455
Um fundo;BANCO GMAC S/A;59.274.605/0001-13;2025-10-28;DI de um dia;100% do DI1 + 0,8517%;;558429799.1200001;9683741.398109136;1.734101835784772;473;1;BRADESCO FUNDO DE INVESTIMENTO RENDA FIXA REFERENCIADO DI PREMIUM;03.399.411/0001-90;9683741.398109136;Governo do Estado do Amazonas/AM;917957.3549564385
Dois fundos e Um fundo;BANCO BRADESCO S.A.;60.746.948/0001-12;2025-09-12;DI de um dia;100% do DI1 + 0,7500%;;707835737.5500001;9654934.229935829;1.364007737636138;79;3;SAFRA DI MASTER FUNDO DE INVESTIMENTO RENDA FIXA REFERENCIADO DI LONGO PRAZO;02.536.364/0001-16;9396618.802033488;Governo do Estado do Amazonas/AM;5111010.183777799
Dois fundos e Um fundo;BANCO BRADESCO S.A.;60.746.948/0001-12;2026-09-16;DI de um dia;100% do DI1 + 1,4000%;;2138568879.15;9609607.882445846;0.4493475976450804;94;4;Itaú High Grade FIC Renda Fixa Crédito Privado;09.093.883/0001-04;9528879.225870147;Santos/SP;1208579.041528591
Dois fundos e Um fundo;BANCO BRADESCO S.A.;60.746.948/0001-12;2032-12-28;DI de um dia;100% do DI1 + 1,9200%;;662267602.3100002;9512393.473988032;1.436336828316628;224;3;ITAU INSTITUCIONAL RENDA FIXA REFERENCIADO DI - FUNDO DE INVESTIMENTO;00.832.435/0001-00;7972276.522422137;Niterói/RJ;787057.3142417566
Um fundo;BANCO BRADESCO S.A.;60.746.948/0001-12;2026-08-03;DI de um dia;109,10% do DI1 + 0,6468%;;842883725.7099997;9487497.28993809;1.125599771421181;473;1;BRADESCO FUNDO DE INVESTIMENTO RENDA FIXA REFERENCIADO DI PREMIUM;03.399.411/0001-90;9487497.28993809;Governo do Estado do Amazonas/AM;899354.6563654107
Dois fundos e Um fundo;BANCO TOYOTA DO BRASIL S.A.;03.215.790/0001-10;2025-10-01;;11,2150% a.a. (prefixado);;108592809.88;9395632.755098332;8.65216837604712;54;2;SAFRA DI MASTER FUNDO DE INVESTIMENTO RENDA FIXA REFERENCIADO DI LONGO PRAZO;02.536.364/0001-16;6109024.101539268;Governo do Estado do Amazonas/AM;3907340.294984601
Um fundo;BANCO BRADESCO S.A.;60.746.948/0001-12;2025-04-14;DI de um dia;100% do DI1 + 0,9744%;;318752100.46;9311296.786548387;2.921171899137604;473;1;BRADESCO FUNDO DE INVESTIMENTO RENDA FIXA REFERENCIADO DI PREMIUM;03.399.411/0001-90;9311296.786548387;Governo do Estado do Amazonas/AM;882651.9645664348
Dois fundos e Um fundo;BANCO DAYCOVAL S.A.;62.232.889/0001-90;2026-03-28;DI de um dia;100% do DI1 + 0,6500%;;291047756.7700001;9298556.47750923;3.194855916672602;317;10;BTG FIC Corporativo I Crédito Privado;14.171.644/0001-57;3697121.323620748;Governo do Estado do Amazonas/AM;1104450.10302373
Um fundo;BANCO COOPERATIVO SICREDI S.A.;01.181.521/0001-55;2025-02-03;DI de um dia;100% do DI1 + 1,5521%;;77543042.32000001;9294918.557534553;11.98678602159667;473;1;BRADESCO FUNDO DE INVESTIMENTO RENDA FIXA REFERENCIADO DI PREMIUM;03.399.411/0001-90;9294918.557534553;Governo do Estado do Amazonas/AM;881099.4121833901
Um fundo;BANCO DAYCOVAL S.A.;62.232.889/0001-90;2025-12-09;DI de um dia;100% do DI1 + 1,1531%;;121980045.92;9286767.093327079;7.613349399308931;473;1;BRADESCO FUNDO DE INVESTIMENTO RENDA FIXA REFERENCIADO DI PREMIUM;03.399.411/0001-90;9286767.093327079;Governo do Estado do Amazonas/AM;880326.7050018075
Dois fundos e Um fundo;BANCO VOTORANTIM S/A;59.588.111/0001-03;2024-11-08;DI de um dia;100% do DI1 + 1,1500%;;661524424.17;9173425.771641884;1.386710064885598;224;3;ITAU INSTITUCIONAL RENDA FIXA REFERENCIADO DI - FUNDO DE INVESTIMENTO;00.832.435/0001-00;7860013.049090002;Niterói/RJ;758020.8634564606
Dois fundos e Um fundo;BANCO DAYCOVAL S.A.;62.232.889/0001-90;2025-05-30;DI de um dia;100% do DI1 + 1,2517%;;157975941.1600001;9170773.32920194;5.805170877199373;482;2;BRADESCO FUNDO DE INVESTIMENTO RENDA FIXA REFERENCIADO DI PREMIUM;03.399.411/0001-90;8901053.140884498;Governo do Estado do Amazonas/AM;882119.9283793321
Dois fundos e Um fundo;BANCO VOTORANTIM S/A;59.588.111/0001-03;2025-11-17;DI de um dia;100% do DI1 + 0,9000%;;328372090.4700001;9113294.077770194;2.775294960277015;344;5;FUNDO DE INVESTIMENTO CAIXA JUROS E MOEDAS MULTIMERCADO LONGO PRAZO;14.120.520/0001-42;3360947.386617179;Suzano/SP;612438.250575592
Dois fundos e Um fundo;BANCO DAYCOVAL S.A.;62.232.889/0001-90;2026-11-09;DI de um dia;100% do DI1 + 1,0500%;;322111026.9399999;9106654.011077514;2.827178596643891;224;3;ITAU INSTITUCIONAL RENDA FIXA REFERENCIADO DI - FUNDO DE INVESTIMENTO;00.832.435/0001-00;6001523.826500881;Niterói/RJ;778273.1211108102
Um fundo;BANCO SANTANDER;90.400.888/0001-42;2025-01-17;DI de um dia;100% do DI1 + 0,7000%;;996070159.7300001;9092934.75723244;0.9128809520503273;156;1;BB INSTITUCIONAL FUNDO DE INVESTIMENTO RENDA FIXA;02.296.928/0001-90;9092934.75723244;Praia Grande/SP;942426.1988690856
Um fundo;BANCO COOPERATIVO SICREDI S.A.;01.181.521/0001-55;2026-08-11;DI de um dia;100% do DI1 + 1,5440%;;126910509.48;9092412.78950188;7.164428562107982;473;1;BRADESCO FUNDO DE INVESTIMENTO RENDA FIXA REFERENCIADO DI PREMIUM;03.399.411/0001-90;9092412.78950188;Governo do Estado do Amazonas/AM;861903.1478941585
Dois fundos e Um fundo;BANCO SAFRA S.A.;58.160.789/0001-28;2025-05-05;DI de um dia;100% do DI1 + 1,2300%;;979998681.3999999;9067030.62573948;0.9252084515855228;224;3;ITAU INSTITUCIONAL RENDA FIXA REFERENCIADO DI - FUNDO DE INVESTIMENTO;00.832.435/0001-00;8533037.704239447;Niterói/RJ;730299.0933479345
Dois fundos;BANCO BTG PACTUAL S A;30.306.294/0001-45;2025-10-31;DI de um dia;100% do DI1 + 0,8500%;;21424497.21;9013211.435168728;42.06965207548377;121;1;FUNDO DE INVESTIMENTO CAIXA JUROS E MOEDAS MULTIMERCADO LONGO PRAZO;14.120.520/0001-42;8999783.408533102;Suzano/SP;1639957.717942422
Dois fundos;BANCO SAFRA S.A.;58.160.789/0001-28;2024-08-05;DI de um dia;100% do DI1 + 0,3001%;;251807612.61;9009753.643852884;3.578030684007637;139;1;SANTANDER FUNDO DE INVESTIMENTO EM COTAS DE FUNDOS DE INVESTIMENTO INSTITUCIONAL RENDA FIXA REFERENC;02.224.354/0001-45;9009753.643852884;Governo do Estado do Amazonas/AM;678198.5257851093
Dois fundos;BANCO VOTORANTIM S/A;59.588.111/0001-03;2025-11-03;DI de um dia;100% do DI1 + 0,8500%;;564732960.04;9006802.199400399;1.594878081626836;121;1;FUNDO DE INVESTIMENTO CAIXA JUROS E MOEDAS MULTIMERCADO LONGO PRAZO;14.120.520/0001-42;8993383.721346788;Suzano/SP;1638791.55472302
Um fundo;Banco Volkswagen S/A;59.109.165/0001-49;2025-11-28;DI de um dia;100% do DI1 + 1,1531%;;803141754.1100001;8948918.546101594;1.114238987116081;473;2;BRADESCO FUNDO DE INVESTIMENTO RENDA FIXA REFERENCIADO DI PREMIUM;03.399.411/0001-90;8947083.065854238;Governo do Estado do Amazonas/AM;848126.81050227
Dois fundos e Um fundo;ITAU UNIBANCO S.A.;60.701.190/0001-04;2026-05-04;DI de um dia;100% do DI1 + 0,8830%;;2275983495.279998;8948208.167205846;0.3931578671709572;162;6;Itaú High Grade FIC Renda Fixa Crédito Privado;09.093.883/0001-04;6772546.441600313;Santos/SP;985132.1211491528
Dois fundos;BANCO RABOBANK;01.023.570/0001-60;2025-08-21;DI de um dia;100% do DI1 + 1,1000%;;124299443.58;8886928.583608251;7.149612522511865;52;1;BB RENDA FIXA LONGO PRAZO CORPORATE BANCOS FUNDO DE INVESTIMENTO EM COTAS DE FIF RESP LIMITADA;18.060.364/0001-22;8886928.583608251;Governo do Estado de São Paulo/SP;1802254.384964937
Um fundo;BANCO DO BRASIL;00.000.000/0001-91;2028-09-18;DI de um dia;100% do DI1 + 2,2500%;;47180022.13;8877101.17420405;18.8153815395509;19;1;MAG CASH FUNDO DE INVESTIMENTO RENDA FIXA LONGO PRAZO;17.899.612/0001-60;8877101.17420405;Governo do Estado do Paraná/PR;2992418.429328621
Dois fundos;BANCO CITIBANK S.A.;33.479.023/0001-80;2026-07-13;DI de um dia;100% do DI1 + 1,2000%;;535131104.0599999;8814768.995886274;1.647216715494442;143;2;SANTANDER FUNDO DE INVESTIMENTO EM COTAS DE FUNDOS DE INVESTIMENTO INSTITUCIONAL RENDA FIXA REFERENC;02.224.354/0001-45;8786735.20972868;Governo do Estado do Amazonas/AM;661411.0775124102
Dois fundos e Um fundo;BANCO ABC BRASIL S.A.;28.195.667/0001-06;2026-01-09;DI de um dia;100% do DI1 + 0,8400%;;231546674.8599999;8809162.477721104;3.80448671225678;220;2;Itaú High Grade FIC Renda Fixa Crédito Privado;09.093.883/0001-04;4823250.524386367;Niterói/RJ;786620.3841012376
Dois fundos e Um fundo;BANCO BRADESCO S.A.;60.746.948/0001-12;2026-12-23;DI de um dia;100% do DI1 + 1,2500%;;3343666288.920001;8759501.219112156;0.2619729501158282;60;4;SAFRA EXTRA BANCOS FUNDO DE INVESTIMENTO EM COTAS DE FUNDO DE INVESTIMENTO RENDA FIXA CREDITO PRIVADO;20.441.483/0001-77;6786574.246109928;Governo do Estado do Amazonas/AM;2114120.102653271
Um fundo;BANCO BTG PACTUAL S A;30.306.294/0001-45;2024-09-25;DI de um dia;100% do DI1 + 0,8201%;;53324075.24;8744924.76812963;16.39958073116249;326;2;SICREDI - FUNDO DE INVESTIMENTO INSTITUCIONAL RENDA FIXA REFERENCIADO IRF-M 1;19.196.599/0001-09;6916411.015364855;Avaré/SP;248073.0254076629
Um fundo;BANCO ABC BRASIL S.A.;28.195.667/0001-06;2024-08-13;DI de um dia;100% do DI1 + 1,2055%;;282413516.67;8739395.388622267;3.094538636702097;473;1;BRADESCO FUNDO DE INVESTIMENTO RENDA FIXA REFERENCIADO DI PREMIUM;03.399.411/0001-90;8739395.388622267;Governo do Estado do Amazonas/AM;828439.3340392858
Dois fundos e Um fundo;BANCO SAFRA S.A.;58.160.789/0001-28;2026-01-19;DI de um dia;100% do DI1 + 0,6500%;;454644768.44;8715530.146091372;1.916997786204939;158;4;SANTANDER FUNDO DE INVESTIMENTO EM COTAS DE FUNDOS DE INVESTIMENTO INSTITUCIONAL RENDA FIXA REFERENC;02.224.354/0001-45;7443174.450874286;Governo do Estado do Amazonas/AM;560276.1339860172
Dois fundos e Um fundo;BANCO RCI BRASIL S.A.;62.307.848/0001-15;2026-10-13;DI de um dia;100% do DI1 + 1,2000%;;125573669.03;8674769.710097233;6.90811200875623;220;2;ITAU INSTITUCIONAL RENDA FIXA REFERENCIADO DI - FUNDO DE INVESTIMENTO;00.832.435/0001-00;8201764.305270978;Niterói/RJ;704257.6477444442
Dois fundos e Um fundo;BANCO GMAC S/A;59.274.605/0001-13;2025-07-22;DI de um dia;100% do DI1 + 1,1000%;;275732481.28;8658902.390564488;3.140327302161972;224;3;Itaú High Grade FIC Renda Fixa Crédito Privado;09.093.883/0001-04;4911218.662986085;Niterói/RJ;774899.5664311372
Dois fundos e Um fundo;BANCO DAYCOVAL S.A.;62.232.889/0001-90;2025-03-18;DI de um dia;100% do DI1 + 1,1500%;;358667037.7;8598708.74913561;2.397407022478555;304;4;BB RENDA FIXA LONGO PRAZO CORPORATE BANCOS FUNDO DE INVESTIMENTO EM COTAS DE FIF RESP LIMITADA;18.060.364/0001-22;4790960.981655061;Governo do Estado de São Paulo/SP;971598.9451417403
Dois fundos e Um fundo;BANCO XP S.A;33.264.668/0001-03;2026-12-01;DI de um dia;100% do DI1 + 1,1000%;;160667526.5000001;8598270.442866866;5.351591967694145;224;3;Itaú High Grade FIC Renda Fixa Crédito Privado;09.093.883/0001-04;5110303.772357205;Niterói/RJ;773882.5759812398
Dois fundos;BANCO SANTANDER;90.400.888/0001-42;2024-07-29;DI de um dia;100% do DI1 + 0,6900%;;2161637944.61;8583496.96669981;0.3970830077304381;139;1;SANTANDER FUNDO DE INVESTIMENTO EM COTAS DE FUNDOS DE INVESTIMENTO INSTITUCIONAL RENDA FIXA REFERENC;02.224.354/0001-45;8583496.96669981;Governo do Estado do Amazonas/AM;646112.5596778658
Dois fundos e Um fundo;BANCO ABC BRASIL S.A.;28.195.667/0001-06;2025-03-05;DI de um dia;100% do DI1 + 1,2000%;;148240249.45;8578468.165698027;5.78686840957554;304;4;BB INSTITUCIONAL FUNDO DE INVESTIMENTO RENDA FIXA;02.296.928/0001-90;7588448.123119666;Praia Grande/SP;786495.5056780359
Dois fundos e Um fundo;BANCO SAFRA S.A.;58.160.789/0001-28;2025-03-05;DI de um dia;100% do DI1 + 1,1000%;;147702166.99;8547348.334721128;5.786880794578874;304;4;BB INSTITUCIONAL FUNDO DE INVESTIMENTO RENDA FIXA;02.296.928/0001-90;7560919.75512803;Praia Grande/SP;783642.3613522397
Dois fundos;BANCO BRADESCO S.A.;60.746.948/0001-12;2025-09-29;DI de um dia;100% do DI1 + 0,6500%;;541176651.6;8512445.304424573;1.572951323612604;25;2;CAIXA TOP PRIVATE FIC DE CLASSE DE FIF RENDA FIXA REFERENCIADO DI LONGO PRAZO - RESP LIMITADA;19.769.018/0001-80;8347228.673840578;Angra dos Reis/RJ;1577481.830625497
Dois fundos;BANCO DO BRASIL;00.000.000/0001-91;2025-07-09;DI de um dia;100% do DI1 + 0,6900%;;155362152.55;8499143.812893735;5.470536854307851;52;1;BB RENDA FIXA LONGO PRAZO CORPORATE BANCOS FUNDO DE INVESTIMENTO EM COTAS DE FIF RESP LIMITADA;18.060.364/0001-22;8499143.812893735;Governo do Estado de São Paulo/SP;1723612.276291763
Direta;;;;;;LF SUBORDINADA BTG;;8453087.22;;1;;;;;Rio das Ostras/RJ;8453087.22
Dois fundos;BANCO ABC BRASIL S.A.;28.195.667/0001-06;2024-08-30;DI de um dia;100% do DI1 + 1,2500%;;127742066.2;8408690.370731538;6.582553907940109;143;2;SANTANDER FUNDO DE INVESTIMENTO EM COTAS DE FUNDOS DE INVESTIMENTO INSTITUCIONAL RENDA FIXA REFERENC;02.224.354/0001-45;8396215.398001913;Governo do Estado do Amazonas/AM;632015.1615892627
Dois fundos;BANCO XP S.A;33.264.668/0001-03;2027-04-12;DI de um dia;100% do DI1 + 0,7000%;;275991085.14;8405854.13153331;3.045697699717124;52;1;BB RENDA FIXA LONGO PRAZO CORPORATE BANCOS FUNDO DE INVESTIMENTO EM COTAS DE FIF RESP LIMITADA;18.060.364/0001-22;8405854.13153331;Governo do Estado de São Paulo/SP;1704693.283557431
Dois fundos;BANCO CITIBANK S.A.;33.479.023/0001-80;2025-08-01;DI de um dia;100% do DI1 + 0,9500%;;110820187.51;8405360.983018825;7.584683956847083;36;1;SAFRA EXTRA BANCOS FUNDO DE INVESTIMENTO EM COTAS DE FUNDO DE INVESTIMENTO RENDA FIXA CREDITO PRIVADO;20.441.483/0001-77;8405360.983018825;Governo do Estado do Paraná/PR;2071955.459611668
Um fundo;BANCO COOPERATIVO SICREDI S.A.;01.181.521/0001-55;2026-08-31;DI de um dia;100% do DI1 + 1,2534%;;57049090.70999999;8374832.966720235;14.68004636444141;473;1;BRADESCO FUNDO DE INVESTIMENTO RENDA FIXA REFERENCIADO DI PREMIUM;03.399.411/0001-90;8374832.966720235;Governo do Estado do Amazonas/AM;793881.1253090269
Um fundo;BANCO BRADESCO S.A.;60.746.948/0001-12;2025-02-25;DI de um dia;100% do DI1 + 0,8000%;;9343899.31;8330126.417516258;89.15043004156963;427;1;FUNDO DE INVESTIMENTO CAIXA BRASIL MATRIZ RENDA FIXA;23.215.008/0001-70;8330126.417516258;Rio Grande/RS;403700.5865768551
Direta;;;;;;Letra Financeira Banco BV S/A;;8270108.38;;1;;;;;Jacareí/SP;8270108.38
Dois fundos e Um fundo;BANCO DAYCOVAL S.A.;62.232.889/0001-90;2025-05-12;Índice de Preços ao Consumidor Amplo (IPCA/IBGE);100% do IAP + 6,7500%;;26802189.85;8252952.140857046;30.79208149425538;150;2;CAIXA NOVO BRASILFIC RENDA FIXA REFERENCIADO IMA B;10.646.895/0001-90;7091980.609377692;Cerquilho/SP;406614.6142899134
Um fundo;BANCO BOCOM BBM S.A.;15.114.366/0001-69;2024-11-21;DI de um dia;100% do DI1 + 1,0000%;;196112141.11;8233873.900782943;4.198553875440346;156;1;BB INSTITUCIONAL FUNDO DE INVESTIMENTO RENDA FIXA;02.296.928/0001-90;8233873.900782943;Praia Grande/SP;853389.8779060462
Dois fundos e Um fundo;BANCO ABC BRASIL S.A.;28.195.667/0001-06;2025-05-15;Índice de Preços ao Consumidor Amplo (IPCA/IBGE);100% do IAP + 6,6000%;;26691570.99;8218890.290402853;30.7920814907525;150;2;CAIXA NOVO BRASILFIC RENDA FIXA REFERENCIADO IMA B;10.646.895/0001-90;7062710.357352058;Cerquilho/SP;404936.4212867013
Dois fundos;BANCO VOTORANTIM S/A;59.588.111/0001-03;2024-10-07;DI de um dia;100% do DI1 + 1,2000%;;598066571.8700001;8217232.543810053;1.373966198799054;172;2;BB RENDA FIXA LONGO PRAZO CORPORATE BANCOS FUNDO DE INVESTIMENTO EM COTAS DE FIF RESP LIMITADA;18.060.364/0001-22;8182855.787990702;Governo do Estado de São Paulo/SP;1659469.589149571
Dois fundos e Um fundo;BANCO JOHN DEERE S.A.;91.884.981/0001-32;2024-09-23;DI de um dia;100% do DI1 + 1,2000%;;436297654.4299999;8215150.218242522;1.882923305873644;471;13;SANTANDER FUNDO DE INVESTIMENTO EM COTAS DE FUNDOS DE INVESTIMENTO INSTITUCIONAL RENDA FIXA REFERENC;02.224.354/0001-45;7080687.265677588;Governo do Estado do Amazonas/AM;644543.3172587291
Dois fundos e Um fundo;Banco Volkswagen S/A;59.109.165/0001-49;2027-06-22;DI de um dia;100% do DI1 + 1,7000%;;299273117.5100001;8102862.004539034;2.707514150270541;224;3;ITAU INSTITUCIONAL RENDA FIXA REFERENCIADO DI - FUNDO DE INVESTIMENTO;00.832.435/0001-00;5522827.458615617;Niterói/RJ;692220.2550985458
Direta;;;;;;LFSN22009R3 BANCO BTG PACTUAL S A;;8095481.16;;1;;;;;Taió/SC;8095481.16
Dois fundos e Um fundo;BANCO SOFISA;60.889.128/0001-80;2025-06-16;DI de um dia;100% do DI1 + 1,7535%;;134129300.15;8066490.689916363;6.013966136329208;482;2;BRADESCO FUNDO DE INVESTIMENTO RENDA FIXA REFERENCIADO DI PREMIUM;03.399.411/0001-90;7456909.28409898;Governo do Estado do Amazonas/AM;793555.3402355862
Um fundo;BANCO RABOBANK;01.023.570/0001-60;2026-03-30;DI de um dia;100% do DI1 + 0,6500%;;101912681.76;8059542.344770243;7.908282075973744;473;1;BRADESCO FUNDO DE INVESTIMENTO RENDA FIXA REFERENCIADO DI PREMIUM;03.399.411/0001-90;8059542.344770243;Governo do Estado do Amazonas/AM;763993.5711634469
Dois fundos;BANCO BRADESCO S.A.;60.746.948/0001-12;2025-01-31;DI de um dia;100% do DI1 + 0,6292%;;2611805892.73;8037356.309896796;0.3077317626194541;143;2;SANTANDER FUNDO DE INVESTIMENTO EM COTAS DE FUNDOS DE INVESTIMENTO INSTITUCIONAL RENDA FIXA REFERENC;02.224.354/0001-45;8010366.593877698;Governo do Estado do Amazonas/AM;602970.850226595
Dois fundos e Um fundo;BANCO VOTORANTIM S/A;59.588.111/0001-03;2025-05-15;Índice de Preços ao Consumidor Amplo (IPCA/IBGE);100% do IAP + 6,6000%;;169353625.66;8034050.929411897;4.743949766709647;150;2;CAIXA NOVO BRASILFIC RENDA FIXA REFERENCIADO IMA B;10.646.895/0001-90;7045460.052713084;Cerquilho/SP;403947.385028215
Dois fundos e Um fundo;BANCO DAYCOVAL S.A.;62.232.889/0001-90;2025-05-03;DI de um dia;100% do DI1 + 1,2500%;;448251970.9000002;8029739.116519147;1.791344966179856;379;9;SAFRA DI MASTER FUNDO DE INVESTIMENTO RENDA FIXA REFERENCIADO DI LONGO PRAZO;02.536.364/0001-16;3205872.810766687;Governo do Estado do Amazonas/AM;2389949.171000178
Dois fundos e Um fundo;BANCO JOHN DEERE S.A.;91.884.981/0001-32;2025-04-24;DI de um dia;100% do DI1 + 1,4028%;;278116406.6699999;8019168.426291048;2.88338560184485;514;3;BRADESCO FUNDO DE INVESTIMENTO RENDA FIXA REFERENCIADO DI PREMIUM;03.399.411/0001-90;6826877.100926117;Governo do Estado do Amazonas/AM;736603.9591413601
Direta;;;;;;Letra Financeira IPCA27 - 25-06-2027;;7997240.4;;1;;;;;Santo André/SP;7997240.4
Dois fundos e Um fundo;BANCO ABC BRASIL S.A.;28.195.667/0001-06;2026-04-06;DI de um dia;100% do DI1 + 0,6500%;;284058158.21;7975110.050830171;2.807562402391657;997;4;FUNDO DE INVESTIMENTO CAIXA BRASIL RENDA FIXA REFERENCIADO DI LONGO PRAZO;03.737.206/0001-97;5480361.483271985;Macaé/RJ;278341.0246312221
Dois fundos e Um fundo;BANCO SAFRA S.A.;58.160.789/0001-28;2025-03-17;DI de um dia;100% do DI1 + 1,2904%;;551125759.0200001;7959189.351827557;1.444169360906014;355;3;SICREDI - FUNDO DE INVESTIMENTO INSTITUCIONAL RENDA FIXA REFERENCIADO IRF-M 1;19.196.599/0001-09;5239015.416999182;Avaré/SP;187909.3653869288
Dois fundos e Um fundo;BANCO BTG PACTUAL S A;30.306.294/0001-45;2025-06-13;DI de um dia;100% do DI1 + 1,1000%;;172556055.21;7956867.38407614;4.611178306314818;46;2;SAFRA DI MASTER FUNDO DE INVESTIMENTO RENDA FIXA REFERENCIADO DI LONGO PRAZO;02.536.364/0001-16;7930980.674872166;Governo do Estado do Amazonas/AM;4280829.952352898
Dois fundos;BANCO VOTORANTIM S/A;59.588.111/0001-03;2025-08-11;DI de um dia;100% do DI1 + 1,1000%;;145025592.63;7934578.4386238;5.471157396934126;52;1;BB RENDA FIXA LONGO PRAZO CORPORATE BANCOS FUNDO DE INVESTIMENTO EM COTAS DE FIF RESP LIMITADA;18.060.364/0001-22;7934578.4386238;Governo do Estado de São Paulo/SP;1609119.35426535
Dois fundos e Um fundo;BANCO BTG PACTUAL S A;30.306.294/0001-45;2025-08-11;DI de um dia;100% do DI1 + 1,0500%;;332927708.66;7930605.413951621;2.38208031583538;56;3;BB RENDA FIXA LONGO PRAZO CORPORATE BANCOS FUNDO DE INVESTIMENTO EM COTAS DE FIF RESP LIMITADA;18.060.364/0001-22;7916975.91671291;Governo do Estado de São Paulo/SP;1605549.592001382
Dois fundos e Um fundo;BANCO SANTANDER;90.400.888/0001-42;2028-10-10;DI de um dia;100% do DI1 + 1,5890%;;3832451797.020001;7926569.023705033;0.2068276248084449;17;2;BB ESPELHO SULAMERICA CREDITO ASG FIC DE FIF RENDA FIXA CREDITO PRIVADO IS RESPONSABILIDADE LIMITADA;51.681.664/0001-02;4428309.279572004;Aracaju/SE;2376717.527131888
Um fundo;BANCO ABC BRASIL S.A.;28.195.667/0001-06;2024-06-25;DI de um dia;100% do DI1 + 1,3300%;;284489240.22;7825503.048698873;2.750720217976359;473;2;BRADESCO FUNDO DE INVESTIMENTO RENDA FIXA REFERENCIADO DI PREMIUM;03.399.411/0001-90;7825454.454390632;Governo do Estado do Amazonas/AM;741803.5216932945
Um fundo;BANCO CNH CAPITAL S.A.;02.992.446/0001-75;2026-10-26;DI de um dia;100% do DI1 + 1,0027%;;175318470.07;7792006.940220739;4.444487187864232;473;1;BRADESCO FUNDO DE INVESTIMENTO RENDA FIXA REFERENCIADO DI PREMIUM;03.399.411/0001-90;7792006.940220739;Governo do Estado do Amazonas/AM;738632.9091815588
Direta;;;;;;LF-LF002400CE;;7771143.69;;1;;;;;João Pessoa/PB;7771143.69
Dois fundos e Um fundo;BANCO SAFRA S.A.;58.160.789/0001-28;2026-05-04;DI de um dia;100% do DI1 + 0,5000%;;518607952.5699999;7768014.894698625;1.497858807641428;220;2;ITAU INSTITUCIONAL RENDA FIXA REFERENCIADO DI - FUNDO DE INVESTIMENTO;00.832.435/0001-00;4884913.295521694;Niterói/RJ;671108.8358957
Dois fundos;BANCO ABC BRASIL S.A.;28.195.667/0001-06;2026-01-12;DI de um dia;100% do DI1 + 1,1000%;;200593216.94;7733076.291682081;3.855103582089291;52;1;BB RENDA FIXA LONGO PRAZO CORPORATE BANCOS FUNDO DE INVESTIMENTO EM COTAS DE FIF RESP LIMITADA;18.060.364/0001-22;7733076.291682081;Governo do Estado de São Paulo/SP;1568255.052894076
Dois fundos e Um fundo;BANCO VOTORANTIM S/A;59.588.111/0001-03;2026-03-19;DI de um dia;100% do DI1 + 0,7500%;;163970953.08;7654512.291834161;4.668212355940622;21;2;BTG FIC Corporativo I Crédito Privado;14.171.644/0001-57;7653645.835620445;São José dos Campos/SP;1673490.522211192
Direta;;;;;;LETRA FINANCEIRA ITAU;;7641436.310000001;;2;;;;;Ouro Preto do Oeste/RO;5481684.74
Dois fundos e Um fundo;BANCO JOHN DEERE S.A.;91.884.981/0001-32;2025-04-24;DI de um dia;100% do DI1 + 1,4000%;;278116406.6699999;7588478.628263649;2.728526058251496;904;4;FUNDO DE INVESTIMENTO CAIXA BRASIL RENDA FIXA REFERENCIADO DI LONGO PRAZO;03.737.206/0001-97;7415550.194288732;Macaé/RJ;340602.9457952478
Dois fundos e Um fundo;BANCO BTG PACTUAL S A;30.306.294/0001-45;2025-12-18;DI de um dia;100% do DI1 + 0,8500%;;58080970.33;7556506.907558905;13.01029728777761;52;4;BNB PLUS FIC FI RF LP;06.124.241/0001-29;7533650.56040036;Governo do Estado da Paraíba/PB;1967554.256661741
Dois fundos e Um fundo;ITAU UNIBANCO S.A.;60.701.190/0001-04;2024-06-03;DI de um dia;100% do DI1 + 0,6300%;;1314998439.930001;7550992.02673354;0.5742206072225828;301;2;SICREDI - FUNDO DE INVESTIMENTO INSTITUCIONAL RENDA FIXA REFERENCIADO IRF-M 1;19.196.599/0001-09;7069478.91683384;Avaré/SP;253563.1585599374
Um fundo;BANCO ABC BRASIL S.A.;28.195.667/0001-06;2024-12-09;DI de um dia;100% do DI1 + 1,0020%;;209315022.14;7491238.586456457;3.578930221953184;473;1;BRADESCO FUNDO DE INVESTIMENTO RENDA FIXA REFERENCIADO DI PREMIUM;03.399.411/0001-90;7491238.586456457;Governo do Estado do Amazonas/AM;710121.9740867841
Dois fundos e Um fundo;BANCO VOTORANTIM S/A;59.588.111/0001-03;2026-11-17;DI de um dia;100% do DI1 + 1,0000%;;279746519.3799999;7482300.70087802;2.674671598224345;224;3;ITAU INSTITUCIONAL RENDA FIXA REFERENCIADO DI - FUNDO DE INVESTIMENTO;00.832.435/0001-00;6201158.439854362;Niterói/RJ;620506.0076785733
Dois fundos e Um fundo;BANCO PAN S.A.;59.285.411/0001-13;2026-04-13;DI de um dia;100% do DI1 + 0,8500%;;203015344.82;7459192.270441771;3.674201217181555;355;3;SICREDI - FUNDO DE INVESTIMENTO INSTITUCIONAL RENDA FIXA REFERENCIADO IRF-M 1;19.196.599/0001-09;3935585.664323844;Pelotas/RS;296630.0514913645
Dois fundos e Um fundo;BANCO VOTORANTIM S/A;59.588.111/0001-03;2026-11-09;DI de um dia;100% do DI1 + 0,6500%;;70386425.33;7418137.179812606;10.53915885773909;355;3;SICREDI - FUNDO DE INVESTIMENTO INSTITUCIONAL RENDA FIXA REFERENCIADO IRF-M 1;19.196.599/0001-09;4713795.380150675;Avaré/SP;169071.1379802165
Dois fundos e Um fundo;ITAU UNIBANCO S.A.;60.701.190/0001-04;2024-09-02;DI de um dia;100% do DI1 + 0,6790%;;2759037262.400001;7392723.186822416;0.2679457536717614;122;7;BB RENDA FIXA LONGO PRAZO CORPORATE BANCOS FUNDO DE INVESTIMENTO EM COTAS DE FIF RESP LIMITADA;18.060.364/0001-22;4604275.903333527;Governo do Estado de São Paulo/SP;933739.5207245023
Dois fundos e Um fundo;BANCO MERCEDES-BENZ DO BRASIL S.A.;60.814.191/0001-57;2026-10-23;DI de um dia;100% do DI1 + 1,0000%;;147561449.12;7366848.113748337;4.992393445362186;249;4;BANESTES LIQUIDEZ FUNDO DE INVESTIMENTO RENDA FIXA REFERENCIADO DI;20.230.719/0001-26;6377284.306433968;Governo do Estado do Espírito Santo/ES;2445035.974956789
Dois fundos e Um fundo;BANCO TOYOTA DO BRASIL S.A.;03.215.790/0001-10;2026-07-01;;100,0000% a.a. (prefixado);;497383624.7699999;7337948.821716463;1.475309691811763;224;3;ITAU INSTITUCIONAL RENDA FIXA REFERENCIADO DI - FUNDO DE INVESTIMENTO;00.832.435/0001-00;6367364.177566648;Niterói/RJ;602749.3379357305
Direta;;;;;;F Letra Financeira IPCA+;;7316435.81;;1;;;;;Governo do Estado de Pernambuco/PE;7316435.81
Direta;;;;;;F Letra Financeira IPCA++;;7299866.57;;1;;;;;Governo do Estado de Pernambuco/PE;7299866.57
Dois fundos e Um fundo;Banco Volkswagen S/A;59.109.165/0001-49;2024-08-26;DI de um dia;100% do DI1 + 1,1000%;;268520102.6799999;7188995.895169565;2.677265435034045;223;3;Itaú High Grade FIC Renda Fixa Crédito Privado;09.093.883/0001-04;5491869.453707581;Santos/SP;742271.5602594573
Dois fundos e Um fundo;BANCO MERCEDES-BENZ DO BRASIL S.A.;60.814.191/0001-57;2025-12-08;DI de um dia;100% do DI1 + 0,8500%;;538954583.77;7147737.613318931;1.326222622195796;220;2;Itaú High Grade FIC Renda Fixa Crédito Privado;09.093.883/0001-04;3930149.522178668;Niterói/RJ;638534.9501431899
Dois fundos e Um fundo;BANCO VOTORANTIM S/A;59.588.111/0001-03;2033-11-28;DI de um dia;100% do DI1 + 1,9000%;;21485899.48;7108301.081810236;33.08356295917213;30;1;BANESTES LIQUIDEZ FUNDO DE INVESTIMENTO RENDA FIXA REFERENCIADO DI;20.230.719/0001-26;6347108.91470373;Governo do Estado do Espírito Santo/ES;2433466.799929668
Dois fundos;BANCO SAFRA S.A.;58.160.789/0001-28;2025-11-13;DI de um dia;100% do DI1 + 0,7000%;;212561734.39;7107897.027158375;3.343921260125345;62;2;SAFRA EXTRA BANCOS FUNDO DE INVESTIMENTO EM COTAS DE FUNDO DE INVESTIMENTO RENDA FIXA CREDITO PRIVADO;20.441.483/0001-77;7093732.725174992;Governo do Estado do Paraná/PR;1748633.792010377
Dois fundos;BANCO XP S.A;33.264.668/0001-03;2025-12-01;DI de um dia;100% do DI1 + 1,0000%;;665511423.4200001;7075426.263767618;1.063156245674593;94;2;Itaú High Grade FIC Renda Fixa Crédito Privado;09.093.883/0001-04;7066619.965874349;Santos/SP;896282.6144355219
Dois fundos e Um fundo;ITAU UNIBANCO S.A.;60.701.190/0001-04;2024-09-02;DI de um dia;100% do DI1 + 0,6500%;;2759037262.400001;7059152.887640004;0.2558556560232705;42;3;SAFRA EXTRA BANCOS FUNDO DE INVESTIMENTO EM COTAS DE FUNDO DE INVESTIMENTO RENDA FIXA CREDITO PRIVADO;20.441.483/0001-77;6684500.10944818;Governo do Estado do Paraná/PR;1647756.297977776
Dois fundos e Um fundo;BANCO VOTORANTIM S/A;59.588.111/0001-03;2026-06-03;DI de um dia;100% do DI1 + 0,6500%;;252004048.78;7040561.268070754;2.793828631784077;220;2;ITAU INSTITUCIONAL RENDA FIXA REFERENCIADO DI - FUNDO DE INVESTIMENTO;00.832.435/0001-00;6150590.569161698;Niterói/RJ;579911.299221951
Dois fundos e Um fundo;BANCO BRADESCO S.A.;60.746.948/0001-12;2032-04-08;DI de um dia;100% do DI1 + 2,2500%;;530344145.0599999;7027065.674819437;1.325001084724795;173;5;BB RENDA FIXA LONGO PRAZO CORPORATE BANCOS FUNDO DE INVESTIMENTO EM COTAS DE FIF RESP LIMITADA;18.060.364/0001-22;4988640.534639527;Governo do Estado de São Paulo/SP;1011688.030795167
Dois fundos;CAIXA ECONOMICA FEDERAL CEF;00.360.305/0001-04;2050-11-30;Taxa Selic;114% do SEL;;383601821.0999998;7025184.037390001;1.831374005797181;11;1;SPX SEAHAWK ADVISORY FUNDO DE INVESTIMENTO EM COTAS DE FUNDOS DE INVESTIMENTO RENDA FIXA CREDITO PRIVADO LONGO PRAZO;35.648.999/0001-64;7025184.037390001;São José dos Campos/SP;3590299.045893399
Dois fundos e Um fundo;Banco Volkswagen S/A;59.109.165/0001-49;2024-09-02;DI de um dia;100% do DI1 + 1,2500%;;281147351.9;6969722.304946767;2.479028259681349;223;3;Itaú High Grade FIC Renda Fixa Crédito Privado;09.093.883/0001-04;5155184.804099025;Santos/SP;702886.2530434178
Dois fundos e Um fundo;BANCO ABC BRASIL S.A.;28.195.667/0001-06;2026-11-03;DI de um dia;100% do DI1 + 0,9900%;;245740953.9399999;6958805.68006236;2.83176473782283;223;3;Itaú High Grade FIC Renda Fixa Crédito Privado;09.093.883/0001-04;4672916.666442542;Santos/SP;654392.8312843988
Dois fundos;BANCO BRADESCO S.A.;60.746.948/0001-12;2025-12-22;DI de um dia;100% do DI1 + 0,7500%;;743313899.6800001;6957989.995697272;0.9360769385171888;109;3;BB RENDA FIXA LONGO PRAZO CORPORATE BANCOS FUNDO DE INVESTIMENTO EM COTAS DE FIF RESP LIMITADA;18.060.364/0001-22;3858660.565133698;Governo do Estado de São Paulo/SP;782529.9661381913
Um fundo;BANCO BRADESCO S.A.;60.746.948/0001-12;2026-10-29;DI de um dia;100% do DI1 + 1,1100%;;1534243531.92;6939906.56144649;0.4523340927995749;473;1;BRADESCO FUNDO DE INVESTIMENTO RENDA FIXA REFERENCIADO DI PREMIUM;03.399.411/0001-90;6939906.56144649;Governo do Estado do Amazonas/AM;657859.1898410432
Dois fundos e Um fundo;BANCO BRADESCO S.A.;60.746.948/0001-12;2026-09-29;DI de um dia;100% do DI1 + 0,9792%;;629323258.5400001;6931339.631893219;1.101395751362121;65;5;BNB PLUS FIC FI RF LP;06.124.241/0001-29;5719013.633210275;Governo do Estado da Paraíba/PB;1493627.760899414
Dois fundos e Um fundo;PARANA BANCO S.A.;14.388.334/0001-99;2027-03-28;DI de um dia;100% do DI1 + 1,0000%;;153026922.95;6924862.705113571;4.525257759627174;77;2;BB RENDA FIXA LONGO PRAZO CORPORATE BANCOS FUNDO DE INVESTIMENTO EM COTAS DE FIF RESP LIMITADA;18.060.364/0001-22;4570668.604870984;Governo do Estado de São Paulo/SP;926924.0163068501
Dois fundos e Um fundo;BANCO BRADESCO S.A.;60.746.948/0001-12;2025-01-31;DI de um dia;100% do DI1 + 0,6192%;;2611805892.73;6906412.487257337;0.2644305423493162;355;3;SICREDI - FUNDO DE INVESTIMENTO INSTITUCIONAL RENDA FIXA REFERENCIADO IRF-M 1;19.196.599/0001-09;4120537.284628148;Avaré/SP;147792.5687516211
Um fundo;BANCO ABC BRASIL S.A.;28.195.667/0001-06;2025-11-21;DI de um dia;100% do DI1 + 1,0137%;;219959520.35;6864597.91671633;3.120846011026651;473;1;BRADESCO FUNDO DE INVESTIMENTO RENDA FIXA REFERENCIADO DI PREMIUM;03.399.411/0001-90;6864597.91671633;Governo do Estado do Amazonas/AM;650720.4072693252
Dois fundos e Um fundo;BANCO MERCEDES-BENZ DO BRASIL S.A.;60.814.191/0001-57;2025-12-08;DI de um dia;100% do DI1 + 1,0100%;;538954583.77;6864211.253236681;1.2736158963936;178;2;BB INSTITUCIONAL FUNDO DE INVESTIMENTO RENDA FIXA;02.296.928/0001-90;6833402.375725172;Praia Grande/SP;708239.7045877131
Um fundo;BANCO BTG PACTUAL S A;30.306.294/0001-45;2027-01-18;DI de um dia;100% do DI1 + 0,9900%;;28111006.41;6687238.667089498;23.78868465097226;22;2;MAG CASH FUNDO DE INVESTIMENTO RENDA FIXA LONGO PRAZO;17.899.612/0001-60;6581295.716447122;Governo do Estado do Paraná/PR;2218515.955184402
Direta;;;;;;Letra Financeira - SANTANDER 25/09/2025;;6665665.92;;1;;;;;Diamantina/MG;6665665.92
Dois fundos;BANCO MERCEDES-BENZ DO BRASIL S.A.;60.814.191/0001-57;2025-12-09;DI de um dia;100% do DI1 + 0,8500%;;132469535.17;6654471.587391026;5.023397703367231;144;2;FUNDO DE INVESTIMENTO CAIXA JUROS E MOEDAS MULTIMERCADO LONGO PRAZO;14.120.520/0001-42;6237657.71032232;Suzano/SP;1136637.898888444
Dois fundos e Um fundo;BANCO RCI BRASIL S.A.;62.307.848/0001-15;2026-10-02;DI de um dia;100% do DI1 + 1,0500%;;284322609.74;6640964.456924123;2.335714512116001;165;8;SANTANDER FUNDO DE INVESTIMENTO EM COTAS DE FUNDOS DE INVESTIMENTO INSTITUCIONAL RENDA FIXA REFERENC;02.224.354/0001-45;5825865.901377039;Governo do Estado do Amazonas/AM;713407.1092769777
Dois fundos e Um fundo;BANCO COOPERATIVO SICREDI S.A.;01.181.521/0001-55;2025-08-25;DI de um dia;100% do DI1 + 1,8018%;;72431850.01999997;6622521.020876467;9.143106270304912;482;3;BRADESCO FUNDO DE INVESTIMENTO RENDA FIXA REFERENCIADO DI PREMIUM;03.399.411/0001-90;6391327.561699;Governo do Estado do Amazonas/AM;637530.1471333237
Dois fundos e Um fundo;BANCO BTG PACTUAL S A;30.306.294/0001-45;2027-03-15;DI de um dia;100% do DI1 + 0,8900%;;287599502.7200001;6587570.491346432;2.29053612021017;224;3;ITAU INSTITUCIONAL RENDA FIXA REFERENCIADO DI - FUNDO DE INVESTIMENTO;00.832.435/0001-00;4252693.819610945;Niterói/RJ;566247.9598309939
Dois fundos e Um fundo;PARANA BANCO S.A.;14.388.334/0001-99;2025-08-14;DI de um dia;100% do DI1 + 1,3527%;;529981789.19;6587448.796740481;1.242957575355266;490;4;BRADESCO FUNDO DE INVESTIMENTO RENDA FIXA REFERENCIADO DI PREMIUM;03.399.411/0001-90;4434572.800049007;Governo do Estado do Amazonas/AM;537574.2480118751
Um fundo;BANCO SANTANDER;90.400.888/0001-42;2028-10-20;DI de um dia;100% do DI1 + 1,6000%;;296965729.6899999;6583421.203525586;2.216895939608238;9;1;SULAMERICA CREDITO INSTITUCIONAL ESG FIF RF CRED PRIV LONGO PRAZO IS - RESP LIMITADA;34.525.051/0001-59;6583421.203525586;Governo do Estado do Paraná/PR;2879123.496588665
Dois fundos e Um fundo;BANCO BRADESCO S.A.;60.746.948/0001-12;2026-08-31;DI de um dia;100% do DI1 + 1,0000%;;1291780250.89;6500252.110429876;0.5032010751016969;137;4;BB MULTIMERCADO LP JUROS E MOEDAS FUNDO DE INVESTIMENTO EM COTAS DE FUNDOS DE INVESTIMENTO;06.015.368/0001-00;5673498.473143388;Governo do Estado do Espírito Santo/ES;1884440.023695182
Dois fundos e Um fundo;BANCO RCI BRASIL S.A.;62.307.848/0001-15;2026-03-29;DI de um dia;100% do DI1 + 1,2500%;;391511482.97;6440272.580509902;1.644976676457634;241;4;Itaú High Grade FIC Renda Fixa Crédito Privado;09.093.883/0001-04;4173538.53095606;Santos/SP;560711.8263640342
Dois fundos;BANCO DO BRASIL;00.000.000/0001-91;2050-09-16;DI de um dia;100% do DI1 + 2,6000%;;156942744.69;6403619.473214285;4.08022650926807;11;1;SPX SEAHAWK ADVISORY FUNDO DE INVESTIMENTO EM COTAS DE FUNDOS DE INVESTIMENTO RENDA FIXA CREDITO PRIVADO LONGO PRAZO;35.648.999/0001-64;6403619.473214285;São José dos Campos/SP;3272641.508404843
Um fundo;BANCO ABC BRASIL S.A.;28.195.667/0001-06;2024-07-11;DI de um dia;108,50% do DI1;;31969314.12;6397723.149492881;20.01207509638271;326;2;SICREDI - FUNDO DE INVESTIMENTO INSTITUCIONAL RENDA FIXA REFERENCIADO IRF-M 1;19.196.599/0001-09;4557616.328599126;Avaré/SP;163469.4162581238
Dois fundos;BANCO SAFRA S.A.;58.160.789/0001-28;2026-04-24;DI de um dia;100% do DI1 + 0,5000%;;253391017.56;6300397.364753649;2.486432796798643;143;2;SANTANDER FUNDO DE INVESTIMENTO EM COTAS DE FUNDOS DE INVESTIMENTO INSTITUCIONAL RENDA FIXA REFERENC;02.224.354/0001-45;6277565.673195238;Governo do Estado do Amazonas/AM;472536.3149063402
Dois fundos e Um fundo;BANCO ABC BRASIL S.A.;28.195.667/0001-06;2025-06-30;DI de um dia;100% do DI1 + 1,2500%;;239072899.31;6281034.421951205;2.627246517727106;355;3;SICREDI - FUNDO DE INVESTIMENTO INSTITUCIONAL RENDA FIXA REFERENCIADO IRF-M 1;19.196.599/0001-09;4240938.210243848;Avaré/SP;152111.0255080251
Dois fundos;BANCO DO BRASIL;00.000.000/0001-91;2050-03-01;DI de um dia;100% do DI1 + 1,9000%;;746077263.1800001;6259896.12030107;0.8390412668011832;72;1;BB MULTIMERCADO LP JUROS E MOEDAS FUNDO DE INVESTIMENTO EM COTAS DE FUNDOS DE INVESTIMENTO;06.015.368/0001-00;6259896.12030107;Governo do Estado do Espírito Santo/ES;2079210.710835665
Um fundo;BANCO BNP PARIBAS BRASIL S A;01.522.368/0001-82;2025-07-18;DI de um dia;100% do DI1 + 0,8000%;;6221033.09;6228086.875421762;100.1133860778381;326;2;SICREDI - FUNDO DE INVESTIMENTO INSTITUCIONAL RENDA FIXA REFERENCIADO IRF-M 1;19.196.599/0001-09;4444202.282614563;Avaré/SP;159401.5600464825
Dois fundos e Um fundo;BANCO ABC BRASIL S.A.;28.195.667/0001-06;2032-09-14;DI de um dia;100% do DI1 + 2,3500%;;25623633.72;6210111.255886026;24.23587272494787;30;1;BANESTES LIQUIDEZ FUNDO DE INVESTIMENTO RENDA FIXA REFERENCIADO DI;20.230.719/0001-26;5545101.714163498;Governo do Estado do Espírito Santo/ES;2125979.104027999
Dois fundos e Um fundo;BANCO BTG PACTUAL S A;30.306.294/0001-45;2025-11-07;DI de um dia;100% do DI1 + 0,8500%;;53513915.65;6190326.217188143;11.56769438752169;65;5;BNB PLUS FIC FI RF LP;06.124.241/0001-29;5029485.457295692;Governo do Estado da Paraíba/PB;1313544.534748711
Direta;;;;;;LETRA FINANCEIRA 6,56%;;6166085.58;;1;;;;;Rolândia/PR;6166085.58
Direta;;;;;;LETRA FINANCEIRA 6,50%;;6160680.67;;1;;;;;Rolândia/PR;6160680.67
Dois fundos e Um fundo;Banco Volkswagen S/A;59.109.165/0001-49;2025-08-11;DI de um dia;100% do DI1 + 1,0000%;;190298502.8399999;6149475.609930791;3.23148922254064;224;3;ITAU INSTITUCIONAL RENDA FIXA REFERENCIADO DI - FUNDO DE INVESTIMENTO;00.832.435/0001-00;3111931.962760379;Niterói/RJ;543358.4677396936
Dois fundos e Um fundo;BANCO CSF S.A.;08.357.240/0001-50;2025-04-29;DI de um dia;100% do DI1 + 1,1000%;;131861826.99;6139975.502781829;4.656370719971493;370;5;BB INSTITUCIONAL FUNDO DE INVESTIMENTO RENDA FIXA;02.296.928/0001-90;2975852.137740756;Praia Grande/SP;413662.7423889318
Direta;;;;;;LF PRE;;6135593.88;;1;;;;;Itu/SP;6135593.88
Dois fundos e Um fundo;BANCO XP S.A;33.264.668/0001-03;2024-06-28;DI de um dia;100% do DI1 + 1,1600%;;715793280.3400003;6125730.119674403;0.8557959801976199;355;3;SICREDI - FUNDO DE INVESTIMENTO INSTITUCIONAL RENDA FIXA REFERENCIADO IRF-M 1;19.196.599/0001-09;4317092.027789991;Avaré/SP;154842.4577310446
Direta;;;;;;LETRA FINANCEIRA 7,07%;;6122364.11;;1;;;;;Rolândia/PR;6122364.11
Dois fundos;BANCO ABC BRASIL S.A.;28.195.667/0001-06;2025-01-21;DI de um dia;100% do DI1 + 1,2000%;;204506675.2;6106406.966687767;2.98592061149883;143;2;SANTANDER FUNDO DE INVESTIMENTO EM COTAS DE FUNDOS DE INVESTIMENTO INSTITUCIONAL RENDA FIXA REFERENC;02.224.354/0001-45;6084727.900478307;Governo do Estado do Amazonas/AM;458020.6801462784
Dois fundos e Um fundo;BANCO BTG PACTUAL S A;30.306.294/0001-45;2024-10-10;DI de um dia;113,30% do DI1;;357970459.55;6105978.204427934;1.705721252000425;197;3;BB INSTITUCIONAL FUNDO DE INVESTIMENTO RENDA FIXA;02.296.928/0001-90;3195330.165841565;Governo do Estado de São Paulo/SP;590199.2809664323
Dois fundos e Um fundo;PARANA BANCO S.A.;14.388.334/0001-99;2024-08-12;DI de um dia;100% do DI1 + 1,2000%;;138180733.81;6097762.648079655;4.412889177780851;197;3;BB INSTITUCIONAL FUNDO DE INVESTIMENTO RENDA FIXA;02.296.928/0001-90;4284221.772051038;Praia Grande/SP;444032.9714820398
Dois fundos e Um fundo;BANCO BRADESCO S.A.;60.746.948/0001-12;2031-11-04;DI de um dia;100% do DI1 + 2,2500%;;559154009.15;6067667.972993191;1.085151474138043;46;4;BANESTES LIQUIDEZ FUNDO DE INVESTIMENTO RENDA FIXA REFERENCIADO DI;20.230.719/0001-26;3640910.077475649;Governo do Estado do Espírito Santo/ES;1395916.458049296
Direta;;;;;;F Letra Financeira IPCA++++;;6046428.82;;1;;;;;Governo do Estado de Pernambuco/PE;6046428.82
Direta;;;;;;LF IPCA;;6024614.34;;1;;;;;Itu/SP;6024614.34
Dois fundos e Um fundo;BANCO GMAC S/A;59.274.605/0001-13;2026-01-06;;10,6700% a.a. (prefixado);;102891776.02;6012452.890590798;5.843472746959002;79;3;SAFRA EXTRA BANCOS FUNDO DE INVESTIMENTO EM COTAS DE FUNDO DE INVESTIMENTO RENDA FIXA CREDITO PRIVADO;20.441.483/0001-77;3120089.774436931;Governo do Estado do Amazonas/AM;2135442.749481174
Direta;;;;;;LF BANCO BRADESCO (IPCA + CUPOM);;6009265.48;;2;;;;;Ivinhema/MS;4738757.45
Dois fundos e Um fundo;BANCO PAN S.A.;59.285.411/0001-13;2025-04-20;DI de um dia;100% do DI1 + 1,3500%;;335070705.21;5987338.756418761;1.786888159221886;327;6;BANESTES LIQUIDEZ FUNDO DE INVESTIMENTO RENDA FIXA REFERENCIADO DI;20.230.719/0001-26;3933666.888873566;Governo do Estado do Espírito Santo/ES;1508191.973799042
Dois fundos e Um fundo;BANCO DAYCOVAL S.A.;62.232.889/0001-90;2026-08-13;DI de um dia;100% do DI1 + 1,8029%;;174323498.1200001;5980440.396506344;3.430656486935314;482;3;BRADESCO FUNDO DE INVESTIMENTO RENDA FIXA REFERENCIADO DI PREMIUM;03.399.411/0001-90;5466277.269283812;Governo do Estado do Amazonas/AM;590879.9873001871
Dois fundos e Um fundo;ITAU UNIBANCO HOLDING SA;60.872.504/0001-23;2025-01-15;Taxa Selic;100% do SEL + 1,1745%;;263261425.4499999;5946120.979297535;2.258637386443406;41;3;MAG CASH FUNDO DE INVESTIMENTO RENDA FIXA LONGO PRAZO;17.899.612/0001-60;5764771.382635924;Governo do Estado do Paraná/PR;1943270.419897262
Dois fundos e Um fundo;BANCO DO BRASIL;00.000.000/0001-91;2028-09-05;DI de um dia;100% do DI1 + 2,2500%;;200854812.38;5918209.433321371;2.946511145635201;51;3;MAG CASH FUNDO DE INVESTIMENTO RENDA FIXA LONGO PRAZO;17.899.612/0001-60;3001110.749112139;Governo do Estado do Paraná/PR;1730733.343983896
Dois fundos;BANCO CSF S.A.;08.357.240/0001-50;2025-03-27;DI de um dia;100% do DI1 + 1,4000%;;269690483.4299999;5908306.398570366;2.190773038568826;143;2;SANTANDER FUNDO DE INVESTIMENTO EM COTAS DE FUNDOS DE INVESTIMENTO INSTITUCIONAL RENDA FIXA REFERENC;02.224.354/0001-45;5889661.928257841;Governo do Estado do Amazonas/AM;443337.3203097946
Dois fundos;XP INVE CCTVM;02.332.886/0001-04;2025-08-14;DI de um dia;100% do DI1 + 1,1000%;;77276316.56;5861164.384568687;7.584683956847084;36;1;SAFRA EXTRA BANCOS FUNDO DE INVESTIMENTO EM COTAS DE FUNDO DE INVESTIMENTO RENDA FIXA CREDITO PRIVADO;20.441.483/0001-77;5861164.384568687;Governo do Estado do Paraná/PR;1444800.713594926
Direta;;;;;;LETRA FINANCEIRA 6,48%;;5839588.36;;1;;;;;Rolândia/PR;5839588.36
Direta;;;;;;LETRA FINANCEIRA 6,35%;;5827643.24;;1;;;;;Rolândia/PR;5827643.24
Dois fundos e Um fundo;Banco Volkswagen S/A;59.109.165/0001-49;2024-11-28;DI de um dia;100% do DI1 + 0,9500%;;302050900.53;5721548.053071913;1.89423307231744;224;3;ITAU INSTITUCIONAL RENDA FIXA REFERENCIADO DI - FUNDO DE INVESTIMENTO;00.832.435/0001-00;3237929.866343576;Niterói/RJ;500125.6441218207
Dois fundos e Um fundo;BANCO BTG PACTUAL S A;30.306.294/0001-45;2027-04-09;DI de um dia;118% do DI1;;276908941.9399999;5707358.206206935;2.061095667847228;105;5;BANESTES LIQUIDEZ FUNDO DE INVESTIMENTO RENDA FIXA REFERENCIADO DI;20.230.719/0001-26;3015575.252656214;Governo do Estado do Amazonas/AM;1193481.95343958
Direta;;;;;;LF Bradesco;;5593751.46;;2;;;;;Erechim/RS;4951024.26
Dois fundos e Um fundo;BANCO BTG PACTUAL S A;30.306.294/0001-45;2026-01-12;DI de um dia;100% do DI1 + 0,8600%;;75971759.51;5541729.608002229;7.294459999011583;30;1;BANESTES LIQUIDEZ FUNDO DE INVESTIMENTO RENDA FIXA REFERENCIADO DI;20.230.719/0001-26;4948293.691137656;Governo do Estado do Espírito Santo/ES;1897164.295666886
Dois fundos e Um fundo;BANCO RCI BRASIL S.A.;62.307.848/0001-15;2024-10-16;DI de um dia;100% do DI1 + 2,1500%;;214972640.4599999;5523573.756338278;2.569431042256772;232;4;Itaú High Grade FIC Renda Fixa Crédito Privado;09.093.883/0001-04;4708979.207270015;Santos/SP;616067.8693100363
Dois fundos e Um fundo;BANCO CNH CAPITAL S.A.;02.992.446/0001-75;2025-04-28;DI de um dia;100% do DI1 + 1,1000%;;540141680.8699996;5507595.423448585;1.019657548844882;480;8;Itaú High Grade FIC Renda Fixa Crédito Privado;09.093.883/0001-04;1954971.406961681;Governo do Estado do Amazonas/AM;461590.090544734
Dois fundos e Um fundo;BANCO RCI BRASIL S.A.;62.307.848/0001-15;2025-09-23;DI de um dia;100% do DI1 + 1,4000%;;228722655.16;5498052.386796582;2.403807520925503;686;6;BRADESCO FUNDO DE INVESTIMENTO RENDA FIXA REFERENCIADO DI PREMIUM;03.399.411/0001-90;3059156.423712153;Governo do Estado do Amazonas/AM;309602.9256875754
Dois fundos;BANCO VOTORANTIM S/A;59.588.111/0001-03;2025-05-22;DI de um dia;100% do DI1 + 1,2500%;;126089854.91;5468430.674556546;4.336931530661039;143;2;SANTANDER FUNDO DE INVESTIMENTO EM COTAS DE FUNDOS DE INVESTIMENTO INSTITUCIONAL RENDA FIXA REFERENC;02.224.354/0001-45;5451959.339629795;Governo do Estado do Amazonas/AM;410389.7767837409
Direta;;;;;;etra Financeira LF-002500OL1;;5447984.22;;1;;;;;Mairiporã/SP;5447984.22
Dois fundos e Um fundo;BANCO GMAC S/A;59.274.605/0001-13;2026-10-19;DI de um dia;100% do DI1 + 1,0000%;;191562168.46;5371696.229245742;2.804152966334479;30;1;BANESTES LIQUIDEZ FUNDO DE INVESTIMENTO RENDA FIXA REFERENCIADO DI;20.230.719/0001-26;4796468.330663805;Governo do Estado do Espírito Santo/ES;1838954.805477648
Dois fundos e Um fundo;BANCO PAN S.A.;59.285.411/0001-13;2024-07-13;DI de um dia;100% do DI1 + 1,5000%;;289438874.9899999;5337548.078598669;1.84410199866313;52;6;BANESTES LIQUIDEZ FUNDO DE INVESTIMENTO RENDA FIXA REFERENCIADO DI;20.230.719/0001-26;4213720.105881504;Governo do Estado do Espírito Santo/ES;1615530.491071997
Dois fundos;BANCO DAYCOVAL S.A.;62.232.889/0001-90;2025-12-29;DI de um dia;100% do DI1 + 1,2001%;;60923701.42;5310301.900950562;8.71631528810444;139;1;SANTANDER FUNDO DE INVESTIMENTO EM COTAS DE FUNDOS DE INVESTIMENTO INSTITUCIONAL RENDA FIXA REFERENC;02.224.354/0001-45;5310301.900950562;Governo do Estado do Amazonas/AM;399726.6810015053
Dois fundos e Um fundo;BANCO VOTORANTIM S/A;59.588.111/0001-03;2026-05-07;DI de um dia;100% do DI1 + 0,6000%;;50294600.38;5306316.113807824;10.55046878534881;355;3;SICREDI - FUNDO DE INVESTIMENTO INSTITUCIONAL RENDA FIXA REFERENCIADO IRF-M 1;19.196.599/0001-09;3458095.573911964;Avaré/SP;124032.5696757243
Um fundo;BANCO FIDIS DE INVESTIMENTO S.A.;62.237.425/0001-76;2024-09-27;DI de um dia;100% do DI1 + 1,3000%;;251091081.02;5304504.861453529;2.112581952296032;473;2;BRADESCO FUNDO DE INVESTIMENTO RENDA FIXA REFERENCIADO DI PREMIUM;03.399.411/0001-90;5302519.038005961;Governo do Estado do Amazonas/AM;504388.3382246324
Dois fundos e Um fundo;Banco Volkswagen S/A;59.109.165/0001-49;2026-06-09;DI de um dia;100% do DI1 + 1,2500%;;315900752.7899999;5284124.135680345;1.672716538030238;337;6;Itaú High Grade FIC Renda Fixa Crédito Privado;09.093.883/0001-04;4035459.643670964;Santos/SP;544563.1288686544
Um fundo;BANCO COOPERATIVO SICREDI S.A.;01.181.521/0001-55;2027-03-02;DI de um dia;100% do DI1 + 0,9500%;;110960540.76;5243319.170909756;4.725390787568974;473;1;BRADESCO FUNDO DE INVESTIMENTO RENDA FIXA REFERENCIADO DI PREMIUM;03.399.411/0001-90;5243319.170909756;Governo do Estado do Amazonas/AM;497033.4501353507
Um fundo;BANCO DAYCOVAL S.A.;62.232.889/0001-90;2025-10-27;DI de um dia;100% do DI1 + 1,6016%;;65786304.7;5239760.168904163;7.964819110601545;473;1;BRADESCO FUNDO DE INVESTIMENTO RENDA FIXA REFERENCIADO DI PREMIUM;03.399.411/0001-90;5239760.168904163;Governo do Estado do Amazonas/AM;496696.0792852801
Um fundo;BANCO BRADESCO S.A.;60.746.948/0001-12;2026-10-29;DI de um dia;100% do DI1 + 1,8347%;;1534243531.92;5205849.150812905;0.3393104837990187;473;1;BRADESCO FUNDO DE INVESTIMENTO RENDA FIXA REFERENCIADO DI PREMIUM;03.399.411/0001-90;5205849.150812905;Governo do Estado do Amazonas/AM;493481.529537286
Um fundo;BANCO BRADESCO S.A.;60.746.948/0001-12;2026-11-04;DI de um dia;100% do DI1 + 1,3900%;;301857381.0300001;5199736.549788517;1.722580555110475;473;1;BRADESCO FUNDO DE INVESTIMENTO RENDA FIXA REFERENCIADO DI PREMIUM;03.399.411/0001-90;5199736.549788517;Governo do Estado do Amazonas/AM;492902.0936728235
Dois fundos e Um fundo;BANCO CSF S.A.;08.357.240/0001-50;2025-03-18;DI de um dia;100% do DI1 + 1,1500%;;133250834.5;5196125.438865334;3.899506864900974;223;3;Itaú High Grade FIC Renda Fixa Crédito Privado;09.093.883/0001-04;3378207.583088804;Santos/SP;477164.2973731055
Dois fundos e Um fundo;BANCO CSF S.A.;08.357.240/0001-50;2026-03-24;DI de um dia;100% do DI1 + 0,5800%;;306118358.2;5160069.131020726;1.685645108435292;27;4;BTG FIC Corporativo I Crédito Privado;14.171.644/0001-57;4825453.096687919;São José dos Campos/SP;1055098.471515209
Dois fundos e Um fundo;BANCO C6 S.A.;31.872.495/0001-72;2024-07-22;DI de um dia;100% do DI1 + 1,8000%;;388966786.0100001;5118462.856311961;1.315912576705295;199;4;BTG FIC Corporativo I Crédito Privado;14.171.644/0001-57;2860967.005845817;São José dos Campos/SP;699396.467649532
Dois fundos e Um fundo;BANCO BRADESCO S.A.;60.746.948/0001-12;2025-08-01;DI de um dia;108,75% do DI1 + 0,1536%;;5264633301.920004;5092480.706221843;0.09673001734735491;65;3;BNB PLUS FIC FI RF LP;06.124.241/0001-29;5026426.503336903;Governo do Estado da Paraíba/PB;1312745.631503294
Um fundo;BANCO BRADESCO S.A.;60.746.948/0001-12;2026-11-12;DI de um dia;100% do DI1 + 2,2500%;;136857674.83;5068459.484174798;3.7034528684421;19;1;MAG CASH FUNDO DE INVESTIMENTO RENDA FIXA LONGO PRAZO;17.899.612/0001-60;5068459.484174798;Governo do Estado do Paraná/PR;1708547.787291612
Dois fundos e Um fundo;BANCO BTG PACTUAL S A;30.306.294/0001-45;2027-01-29;DI de um dia;100% do DI1 + 0,9400%;;90507522.21000002;5027858.597301602;5.555183121283242;30;1;BANESTES LIQUIDEZ FUNDO DE INVESTIMENTO RENDA FIXA REFERENCIADO DI;20.230.719/0001-26;4489450.539238533;Governo do Estado do Espírito Santo/ES;1721244.89810701
Dois fundos e Um fundo;BANCO BRADESCO S.A.;60.746.948/0001-12;2025-03-31;DI de um dia;100% do DI1 + 0,5791%;;397529272.65;5019975.166488194;1.262793839815659;355;3;SICREDI - FUNDO DE INVESTIMENTO INSTITUCIONAL RENDA FIXA REFERENCIADO IRF-M 1;19.196.599/0001-09;3472177.17290858;Avaré/SP;124537.6386859245
Dois fundos e Um fundo;BANCO BTG PACTUAL S A;30.306.294/0001-45;2031-11-17;DI de um dia;100% do DI1 + 2,3000%;;715886926.3599999;5017263.45066684;0.7008457992350311;42;4;SPX SEAHAWK ADVISORY FUNDO DE INVESTIMENTO EM COTAS DE FUNDOS DE INVESTIMENTO RENDA FIXA CREDITO PRIVADO LONGO PRAZO;35.648.999/0001-64;4842235.333713169;São José dos Campos/SP;2563821.45944736
Um fundo;BANCO SANTANDER;90.400.888/0001-42;2025-11-10;DI de um dia;105% do DI1;;894935027.6300001;5013412.370919713;0.5601984743178973;10;1;INTER CORPORATE FUNDO DE INVESTIMENTO RENDA FIXA CREDITO PRIVADO;36.443.522/0001-05;5013412.370919713;Governo do Estado do Paraná/PR;3413479.566131789
Dois fundos;BANCO RABOBANK;01.023.570/0001-60;2026-08-20;DI de um dia;100% do DI1 + 1,1500%;;124791219.76;4956715.930372377;3.97200695682372;52;1;BB RENDA FIXA LONGO PRAZO CORPORATE BANCOS FUNDO DE INVESTIMENTO EM COTAS DE FIF RESP LIMITADA;18.060.364/0001-22;4956715.930372377;Governo do Estado de São Paulo/SP;1005213.773970952
Dois fundos e Um fundo;BANCO ABC BRASIL S.A.;28.195.667/0001-06;2025-12-02;DI de um dia;100% do DI1 + 1,1000%;;140181978.33;4913201.730377642;3.50487401369922;197;2;BB INSTITUCIONAL FUNDO DE INVESTIMENTO RENDA FIXA;02.296.928/0001-90;4127321.764903152;Praia Grande/SP;427771.2604627997
Dois fundos e Um fundo;BANCO BRADESCO S.A.;60.746.948/0001-12;2025-08-01;DI de um dia;108,75% do DI1 + 0,0305%;;5264633301.920004;4906827.034223074;0.09320358613454734;65;3;BNB PLUS FIC FI RF LP;06.124.241/0001-29;4841053.199513376;Governo do Estado da Paraíba/PB;1264331.913600502
Dois fundos e Um fundo;BANCO TOYOTA DO BRASIL S.A.;03.215.790/0001-10;2026-01-02;;100,0000% a.a. (prefixado);;342440939.3599999;4892369.655413006;1.42867545701648;224;3;ITAU INSTITUCIONAL RENDA FIXA REFERENCIADO DI - FUNDO DE INVESTIMENTO;00.832.435/0001-00;4546204.875799992;Niterói/RJ;397017.180812767
Dois fundos;BANCO CITIBANK S.A.;33.479.023/0001-80;2026-10-23;DI de um dia;100% do DI1 + 0,8000%;;64491112.98;4891447.099786189;7.584683956847088;36;1;SAFRA EXTRA BANCOS FUNDO DE INVESTIMENTO EM COTAS DE FUNDO DE INVESTIMENTO RENDA FIXA CREDITO PRIVADO;20.441.483/0001-77;4891447.099786189;Governo do Estado do Paraná/PR;1205761.482972462
Dois fundos e Um fundo;Banco Volkswagen S/A;59.109.165/0001-49;2024-06-24;DI de um dia;100% do DI1 + 1,2500%;;141752011.53;4885928.762771193;3.446814412038977;223;3;Itaú High Grade FIC Renda Fixa Crédito Privado;09.093.883/0001-04;2923639.450581819;Niterói/RJ;440100.1022950718
Dois fundos;BANCO ABC BRASIL S.A.;28.195.667/0001-06;2025-05-29;DI de um dia;100% do DI1 + 1,2500%;;112560387.02;4878143.544794009;4.333801325618443;143;2;SANTANDER FUNDO DE INVESTIMENTO EM COTAS DE FUNDOS DE INVESTIMENTO INSTITUCIONAL RENDA FIXA REFERENC;02.224.354/0001-45;4863566.404691301;Governo do Estado do Amazonas/AM;366099.1960607131
Dois fundos e Um fundo;PORTOSEG SA CRE;04.862.600/0001-10;2026-04-22;DI de um dia;100% do DI1 + 0,6000%;;408149113.87;4865508.037254504;1.192090800129538;157;5;SANTANDER FUNDO DE INVESTIMENTO EM COTAS DE FUNDOS DE INVESTIMENTO INSTITUCIONAL RENDA FIXA REFERENC;02.224.354/0001-45;4099427.436560984;Governo do Estado do Paraná/PR;309150.0117625741
Direta;;;;;;F Letra Financeira IPCA+++;;4856624.92;;1;;;;;Governo do Estado de Pernambuco/PE;4856624.92
Um fundo;BANCO ABC BRASIL S.A.;28.195.667/0001-06;2025-11-04;DI de um dia;100% do DI1 + 1,0200%;;27423622.56;4849357.794029161;17.68314081562083;326;2;SICREDI - FUNDO DE INVESTIMENTO INSTITUCIONAL RENDA FIXA REFERENCIADO IRF-M 1;19.196.599/0001-09;4115211.544461776;Avaré/SP;147601.5488031721
Dois fundos e Um fundo;BANCO CNH CAPITAL S.A.;02.992.446/0001-75;2028-01-03;;100,0000% a.a. (prefixado);;199249148.15;4833704.073567152;2.42595971849687;220;2;ITAU INSTITUCIONAL RENDA FIXA REFERENCIADO DI - FUNDO DE INVESTIMENTO;00.832.435/0001-00;3024112.229801431;Niterói/RJ;417858.3956395415
Dois fundos e Um fundo;BANCO XP S.A;33.264.668/0001-03;2025-08-11;DI de um dia;100% do DI1 + 1,2000%;;183126163.24;4826423.318611302;2.635572783931441;355;3;FUNDO DE INVESTIMENTO INSTITUCIONAL RENDA FIXA REFERENCIADO IRF-M LONGO PRAZO;13.081.159/0001-20;2227852.160510221;Dourados/MS;123139.5998382647
Dois fundos;BANCO BTG PACTUAL S A;30.306.294/0001-45;2026-10-19;DI de um dia;100% do DI1 + 1,0000%;;193965984.99;4816668.704699774;2.483254321600821;52;1;BB RENDA FIXA LONGO PRAZO CORPORATE BANCOS FUNDO DE INVESTIMENTO EM COTAS DE FIF RESP LIMITADA;18.060.364/0001-22;4816668.704699774;Governo do Estado de São Paulo/SP;976812.4287597201
Dois fundos e Um fundo;BANCO GMAC S/A;59.274.605/0001-13;2026-12-21;DI de um dia;100% do DI1 + 0,9500%;;105820206.28;4813661.074582323;4.548905396995152;220;2;ITAU INSTITUCIONAL RENDA FIXA REFERENCIADO DI - FUNDO DE INVESTIMENTO;00.832.435/0001-00;2595764.942981381;Niterói/RJ;422966.8452071213
Dois fundos e Um fundo;BANCO RCI BRASIL S.A.;62.307.848/0001-15;2025-10-10;DI de um dia;100% do DI1 + 1,0300%;;124266343.27;4793804.022573194;3.857684950266416;220;2;ITAU INSTITUCIONAL RENDA FIXA REFERENCIADO DI - FUNDO DE INVESTIMENTO;00.832.435/0001-00;3238684.751268456;Niterói/RJ;410468.194831327
Dois fundos e Um fundo;BANCO SAFRA S.A.;58.160.789/0001-28;2025-03-24;DI de um dia;100% do DI1 + 1,1000%;;965161925.6399999;4773944.164637408;0.4946262422724353;225;6;ITAU INSTITUCIONAL RENDA FIXA REFERENCIADO DI - FUNDO DE INVESTIMENTO;00.832.435/0001-00;3523813.248185135;Niterói/RJ;455019.4025060976
Dois fundos e Um fundo;BANCO GMAC S/A;59.274.605/0001-13;2026-06-15;DI de um dia;100% do DI1 + 1,4500%;;254679869.57;4773748.74651025;1.874411493366248;304;8;SANTANDER FUNDO DE INVESTIMENTO EM COTAS DE FUNDOS DE INVESTIMENTO INSTITUCIONAL RENDA FIXA REFERENC;02.224.354/0001-45;2269161.683961085;Governo do Estado do Amazonas/AM;451879.5515496107
Dois fundos e Um fundo;BANCO JOHN DEERE S.A.;91.884.981/0001-32;2026-04-14;DI de um dia;100% do DI1 + 1,6042%;;388806576.6900001;4756749.914570699;1.2234232134307;194;3;SANTANDER FUNDO DE INVESTIMENTO EM COTAS DE FUNDOS DE INVESTIMENTO INSTITUCIONAL RENDA FIXA REFERENC;02.224.354/0001-45;3487641.515076322;Governo do Estado do Amazonas/AM;440142.8979151401
Dois fundos e Um fundo;BANCO SAFRA S.A.;58.160.789/0001-28;2026-01-16;DI de um dia;100% do DI1 + 0,6500%;;311050204.5599999;4752149.307118816;1.527775657257975;64;1;BRADESCO FIC DE FI RENDA FIXA CREDITO PRIVADO LONGO PRAZO PERFORMANCE INSTITUCIONAL;44.961.198/0001-45;4660395.310278682;Governo do Estado do Amazonas/AM;675795.3172525744
Direta;;;;;;LETRA FINANCEIRA SAFRA;;4745291.41;;1;;;;;Chapecó/SC;4745291.41
Dois fundos e Um fundo;BANCO XP S.A;33.264.668/0001-03;2029-02-23;DI de um dia;100% do DI1 + 2,6000%;;311071294.57;4739556.933508807;1.523624010392984;51;5;SULAMERICA CREDITO INSTITUCIONAL ESG FIF RF CRED PRIV LONGO PRAZO IS - RESP LIMITADA;34.525.051/0001-59;2439116.589148299;Governo do Estado do Paraná/PR;1066697.339519358
Dois fundos e Um fundo;BANCO ABC BRASIL S.A.;28.195.667/0001-06;2025-02-28;DI de um dia;108,70% do DI1;;35226834.37;4736532.133987028;13.44580692161419;65;5;BNB PLUS FIC FI RF LP;06.124.241/0001-29;3990454.623107905;Governo do Estado da Paraíba/PB;1042182.128937797
Dois fundos e Um fundo;BANCO CITIBANK S.A.;33.479.023/0001-80;2025-09-22;DI de um dia;100% do DI1 + 0,9200%;;107626911.71;4717334.210717597;4.383043363195649;22;2;BTG FIC Corporativo I Crédito Privado;14.171.644/0001-57;4710887.962541594;São José dos Campos/SP;1030048.492683234
Um fundo;BANCO CNH CAPITAL S.A.;02.992.446/0001-75;2026-09-28;DI de um dia;100% do DI1 + 1,2178%;;288443399.9699999;4714562.039307037;1.634484283501506;8;1;MONGERAL AEGON RENDA FIXA FUNDO DE INVESTIMENTO;11.435.287/0001-07;4714562.039307037;Governo do Estado do Paraná/PR;2155753.194524553
Dois fundos e Um fundo;BANCO XP S.A;33.264.668/0001-03;2027-05-31;DI de um dia;100% do DI1 + 0,7000%;;200084078.4700001;4681156.064310564;2.339594484531882;220;2;ITAU INSTITUCIONAL RENDA FIXA REFERENCIADO DI - FUNDO DE INVESTIMENTO;00.832.435/0001-00;3404879.499827408;Niterói/RJ;396836.2959068805
Dois fundos e Um fundo;BANCO SAFRA S.A.;58.160.789/0001-28;2025-11-17;DI de um dia;100% do DI1 + 0,7000%;;326182559.0299999;4678438.012845389;1.434300480920287;22;2;BTG FIC Corporativo I Crédito Privado;14.171.644/0001-57;4672642.301376417;São José dos Campos/SP;1021685.974629714
Direta;;;;;;F Letra Financeira IPCA+*+;;4654216.72;;1;;;;;Governo do Estado de Pernambuco/PE;4654216.72
Dois fundos e Um fundo;BANCO GMAC S/A;59.274.605/0001-13;2025-09-26;DI de um dia;100% do DI1 + 1,0500%;;493011916.8699999;4629829.32708188;0.9390907539264812;166;4;SANTANDER FUNDO DE INVESTIMENTO EM COTAS DE FUNDOS DE INVESTIMENTO INSTITUCIONAL RENDA FIXA REFERENC;02.224.354/0001-45;4254210.066096502;Governo do Estado do Amazonas/AM;386030.9098119408
Direta;;;;;;LF BANCO BV;;4613705.3;;1;;;;;Rio das Ostras/RJ;4613705.3
Dois fundos e Um fundo;BANCO JOHN DEERE S.A.;91.884.981/0001-32;2026-05-04;DI de um dia;100% do DI1 + 1,3000%;;263061574.89;4602241.327615073;1.74949204555607;307;5;BB INSTITUCIONAL FUNDO DE INVESTIMENTO RENDA FIXA;02.296.928/0001-90;2296521.641313888;Governo do Estado de São Paulo/SP;443397.0890315178
Dois fundos e Um fundo;BANCO TOYOTA DO BRASIL S.A.;03.215.790/0001-10;2026-01-02;;;;342440939.3599999;4599947.948063098;1.343282131120217;22;2;BTG FIC Corporativo I Crédito Privado;14.171.644/0001-57;4596491.784609539;São José dos Campos/SP;1005035.456588004
Dois fundos;BANCO DAYCOVAL S.A.;62.232.889/0001-90;2025-02-28;DI de um dia;100% do DI1 + 1,3000%;;134699837.77;4567693.524112768;3.391016351416923;143;2;SANTANDER FUNDO DE INVESTIMENTO EM COTAS DE FUNDOS DE INVESTIMENTO INSTITUCIONAL RENDA FIXA REFERENC;02.224.354/0001-45;4553324.66349678;Governo do Estado do Amazonas/AM;342746.1167388734
Dois fundos e Um fundo;BANCO BRADESCO S.A.;60.746.948/0001-12;2028-08-17;DI de um dia;100% do DI1 + 2,7500%;;127534427.92;4555609.691950351;3.572062670644512;51;2;SAFRA EXTRA BANCOS FUNDO DE INVESTIMENTO EM COTAS DE FUNDO DE INVESTIMENTO RENDA FIXA CREDITO PRIVADO;20.441.483/0001-77;3939927.356610129;Governo do Estado do Paraná/PR;1178750.902523106
Dois fundos e Um fundo;BANCO RCI BRASIL S.A.;62.307.848/0001-15;2025-03-29;DI de um dia;100% do DI1 + 1,0500%;;315615892.37;4552461.521883365;1.442405668389621;206;6;BB INSTITUCIONAL FUNDO DE INVESTIMENTO RENDA FIXA;02.296.928/0001-90;3223184.137168347;Praia Grande/SP;334063.0121898332
Dois fundos e Um fundo;BANCO TOYOTA DO BRASIL S.A.;03.215.790/0001-10;2025-08-22;DI de um dia;100% do DI1 + 1,0000%;;550574372.0500002;4513652.006447102;0.8198078653100106;369;10;BB INSTITUCIONAL FUNDO DE INVESTIMENTO RENDA FIXA;02.296.928/0001-90;1422275.559999117;Governo do Estado do Amazonas/AM;677990.9367659942
Dois fundos;BANCO VOTORANTIM S/A;59.588.111/0001-03;2025-03-18;DI de um dia;100% do DI1 + 1,0000%;;174990068.57;4507649.055865253;2.575945648059502;172;2;BB RENDA FIXA LONGO PRAZO CORPORATE BANCOS FUNDO DE INVESTIMENTO EM COTAS DE FIF RESP LIMITADA;18.060.364/0001-22;4245909.197844529;Governo do Estado de São Paulo/SP;861063.3469129704
Dois fundos e Um fundo;BANCO BRADESCO S.A.;60.746.948/0001-12;2025-01-31;DI de um dia;100% do DI1 + 0,5991%;;2611805892.73;4469991.448030494;0.1711456222865865;69;6;BNB PLUS FIC FI RF LP;06.124.241/0001-29;4288568.772205965;Governo do Estado da Paraíba/PB;1120040.234822364
Dois fundos e Um fundo;BANCO YAMAHA MOTOR DO BRASIL SA;10.371.492/0001-85;2026-09-26;DI de um dia;100% do DI1 + 1,3000%;;107100269.12;4468634.862706296;4.172384345458026;63;7;SAFRA DI MASTER FUNDO DE INVESTIMENTO RENDA FIXA REFERENCIADO DI LONGO PRAZO;02.536.364/0001-16;2697919.340458995;Governo do Estado do Amazonas/AM;1876160.960250548
Dois fundos e Um fundo;BANCO ABC BRASIL S.A.;28.195.667/0001-06;2025-01-02;;7,3500% a.a. (prefixado);;19408575.62;4431483.893235731;22.83260750299063;30;1;BANESTES LIQUIDEZ FUNDO DE INVESTIMENTO RENDA FIXA REFERENCIADO DI;20.230.719/0001-26;3956938.59902731;Governo do Estado do Espírito Santo/ES;1517081.058399112
Dois fundos e Um fundo;BANCO RCI BRASIL S.A.;62.307.848/0001-15;2025-06-10;DI de um dia;100% do DI1 + 1,4500%;;354697247.9599999;4425608.347572128;1.247714317781009;146;5;SANTANDER FUNDO DE INVESTIMENTO EM COTAS DE FUNDOS DE INVESTIMENTO INSTITUCIONAL RENDA FIXA REFERENC;02.224.354/0001-45;4220306.207262877;Governo do Estado do Amazonas/AM;317678.5471909362
Dois fundos e Um fundo;BANCO BTG PACTUAL S A;30.306.294/0001-45;2032-08-03;DI de um dia;100% do DI1 + 2,2000%;;13362249.81;4420708.328653207;33.08356295917212;30;1;BANESTES LIQUIDEZ FUNDO DE INVESTIMENTO RENDA FIXA REFERENCIADO DI;20.230.719/0001-26;3947316.9353927;Governo do Estado do Espírito Santo/ES;1513392.134933395
Dois fundos e Um fundo;BANCO BTG PACTUAL S A;30.306.294/0001-45;2026-01-16;DI de um dia;100% do DI1 + 0,9000%;;311972109.5700001;4408946.126544843;1.413250092330952;64;1;BRADESCO FIC DE FI RENDA FIXA CREDITO PRIVADO LONGO PRAZO PERFORMANCE INSTITUCIONAL;44.961.198/0001-45;4323818.660461799;Governo do Estado do Amazonas/AM;626988.9588432042
Dois fundos;BANCO BTG PACTUAL S A;30.306.294/0001-45;2032-09-01;DI de um dia;100% do DI1 + 2,2000%;;309413981.17;4396001.578074297;1.420750788781914;13;3;SPX SEAHAWK ADVISORY FUNDO DE INVESTIMENTO EM COTAS DE FUNDOS DE INVESTIMENTO RENDA FIXA CREDITO PRIVADO LONGO PRAZO;35.648.999/0001-64;4358870.996080926;São José dos Campos/SP;2239387.167072617
Dois fundos;BANCO MODAL S.A. - Pict Modal;30.723.886/0001-62;2024-06-17;DI de um dia;100% do DI1 + 1,7000%;;102727465.28;4365528.631740516;4.249621675996361;20;1;BTG FIC Corporativo I Crédito Privado;14.171.644/0001-57;4365528.631740516;São José dos Campos/SP;954534.7337158453
Dois fundos e Um fundo;BANCO DE LAGE LANDEN BRASIL S.A.;05.040.481/0001-82;2025-06-27;DI de um dia;100% do DI1 + 1,1000%;;387655265.22;4329827.235082519;1.116927234981648;267;3;BB INSTITUCIONAL FUNDO DE INVESTIMENTO RENDA FIXA;02.296.928/0001-90;4297974.139478847;Praia Grande/SP;445458.3189310718
Dois fundos;BANCO BTG PACTUAL S A;30.306.294/0001-45;2025-07-21;DI de um dia;100% do DI1 + 1,0500%;;309333098.0699999;4313144.600486683;1.394336599412536;164;3;SANTANDER FUNDO DE INVESTIMENTO EM COTAS DE FUNDOS DE INVESTIMENTO INSTITUCIONAL RENDA FIXA REFERENC;02.224.354/0001-45;3390418.835470663;Governo do Estado do Amazonas/AM;424456.5553304528
Dois fundos e Um fundo;BANCO ABC BRASIL S.A.;28.195.667/0001-06;2026-03-02;DI de um dia;100% do DI1 + 0,8000%;;64176624.87;4297516.896211375;6.696389697832633;65;5;BNB PLUS FIC FI RF LP;06.124.241/0001-29;3615123.347754547;Governo do Estado da Paraíba/PB;944157.3211027323
Dois fundos;BANCO BTG PACTUAL S A;30.306.294/0001-45;2025-06-12;DI de um dia;100% do DI1 + 1,1000%;;56602619.83;4293129.825401154;7.584683956847081;36;1;SAFRA EXTRA BANCOS FUNDO DE INVESTIMENTO EM COTAS DE FUNDO DE INVESTIMENTO RENDA FIXA CREDITO PRIVADO;20.441.483/0001-77;4293129.825401154;Governo do Estado do Paraná/PR;1058273.856236792
Dois fundos;BANCO RCI BRASIL S.A.;62.307.848/0001-15;2026-07-13;DI de um dia;100% do DI1 + 1,4200%;;56463087.5;4282546.73915303;7.584683956847083;36;1;SAFRA EXTRA BANCOS FUNDO DE INVESTIMENTO EM COTAS DE FUNDO DE INVESTIMENTO RENDA FIXA CREDITO PRIVADO;20.441.483/0001-77;4282546.73915303;Governo do Estado do Paraná/PR;1055665.082696234
Dois fundos e Um fundo;ITAU UNIBANCO S.A.;60.701.190/0001-04;2026-05-04;DI de um dia;100% do DI1 + 0,8330%;;2275983495.279998;4278641.425721793;0.1879908810672382;197;3;BB INSTITUCIONAL FUNDO DE INVESTIMENTO RENDA FIXA;02.296.928/0001-90;2837338.428813973;Praia Grande/SP;294072.5015370285
Dois fundos e Um fundo;NU FINANCEIRA S.A.;30.680.829/0001-43;2025-08-18;DI de um dia;100% do DI1 + 1,5000%;;127883191.01;4260055.038583112;3.331207960121977;26;3;BTG FIC Corporativo I Crédito Privado;14.171.644/0001-57;4197301.751789271;São José dos Campos/SP;917751.4679068455
Dois fundos e Um fundo;BANCO COOPERATIVO SICREDI S.A.;01.181.521/0001-55;2027-10-26;DI de um dia;100% do DI1 + 1,2500%;;88694821.19000001;4255054.025437653;4.797409779227779;224;3;ITAU INSTITUCIONAL RENDA FIXA REFERENCIADO DI - FUNDO DE INVESTIMENTO;00.832.435/0001-00;2566406.457091255;Niterói/RJ;369386.9901167548
Dois fundos e Um fundo;BANCO VOTORANTIM S/A;59.588.111/0001-03;2026-01-12;DI de um dia;100% do DI1 + 0,8400%;;76802615.38000003;4223813.690904318;5.49957012532184;37;3;BANESTES LIQUIDEZ FUNDO DE INVESTIMENTO RENDA FIXA REFERENCIADO DI;20.230.719/0001-26;3722439.433307773;Governo do Estado do Espírito Santo/ES;1427174.623507513
Um fundo;BANCO DAYCOVAL S.A.;62.232.889/0001-90;2024-10-28;DI de um dia;100% do DI1 + 1,3900%;;255789203.57;4207490.075146225;1.644905264343885;326;2;SICREDI - FUNDO DE INVESTIMENTO INSTITUCIONAL RENDA FIXA REFERENCIADO IRF-M 1;19.196.599/0001-09;2801734.256471895;Avaré/SP;100490.6579217525
Dois fundos;BANCO SAFRA S.A.;58.160.789/0001-28;2026-07-29;DI de um dia;100% do DI1 + 0,6600%;;519743504.23;4197260.548768453;0.8075638299677634;88;1;Itaú High Grade FIC Renda Fixa Crédito Privado;09.093.883/0001-04;4197260.548768453;Santos/SP;532352.3376499838
Dois fundos;HSBC BRASIL S.A;53.518.684/0001-84;2026-02-09;DI de um dia;100% do DI1 + 0,6300%;;150531427.32;4182112.692616644;2.778232271541743;143;2;SANTANDER FUNDO DE INVESTIMENTO EM COTAS DE FUNDOS DE INVESTIMENTO INSTITUCIONAL RENDA FIXA REFERENC;02.224.354/0001-45;4167167.850378353;Governo do Estado do Amazonas/AM;313678.6203642669
Dois fundos e Um fundo;BANCO ABC BRASIL S.A.;28.195.667/0001-06;2032-05-19;DI de um dia;100% do DI1 + 2,3500%;;79002066.01;4180301.014054817;5.291381890602302;30;1;BANESTES LIQUIDEZ FUNDO DE INVESTIMENTO RENDA FIXA REFERENCIADO DI;20.230.719/0001-26;3732653.629479548;Governo do Estado do Espírito Santo/ES;1431090.722570253
Um fundo;BANCO XP S.A;33.264.668/0001-03;2024-12-02;DI de um dia;100% do DI1 + 1,0155%;;680975805.7300003;4172816.127589469;0.6127701002704855;268;1;SICREDI - FUNDO DE INVESTIMENTO INSTITUCIONAL RENDA FIXA REFERENCIADO IRF-M 1;19.196.599/0001-09;4172816.127589469;Avaré/SP;149667.6699723867
Dois fundos e Um fundo;Banco Volkswagen S/A;59.109.165/0001-49;2026-11-28;DI de um dia;100% do DI1 + 1,1500%;;14020366.28;4158457.8479596;29.66012274509279;224;3;ITAU INSTITUCIONAL RENDA FIXA REFERENCIADO DI - FUNDO DE INVESTIMENTO;00.832.435/0001-00;3867117.15766967;Niterói/RJ;338546.3106379212
Dois fundos e Um fundo;BANCO COOPERATIVO SICREDI S.A.;01.181.521/0001-55;2025-09-08;DI de um dia;100% do DI1 + 1,3500%;;507271027.7;4156126.845320039;0.8193109045009311;223;3;Itaú High Grade FIC Renda Fixa Crédito Privado;09.093.883/0001-04;2193282.818873282;Niterói/RJ;368200.1948400801
Dois fundos e Um fundo;ITAU UNIBANCO HOLDING SA;60.872.504/0001-23;2027-10-15;DI de um dia;100% do DI1 + 2,4056%;;605908007.1899999;4107336.946893781;0.6778812787014065;84;4;BRADESCO FIC DE FI RENDA FIXA CREDITO PRIVADO LONGO PRAZO PERFORMANCE INSTITUCIONAL;44.961.198/0001-45;1821634.413694197;Governo do Estado do Paraná/PR;939139.8998513811
Dois fundos;BANCO DAYCOVAL S.A.;62.232.889/0001-90;2025-06-13;DI de um dia;100% do DI1 + 1,3500%;;171137568.66;4106595.182561131;2.399587194510007;143;2;SANTANDER FUNDO DE INVESTIMENTO EM COTAS DE FUNDOS DE INVESTIMENTO INSTITUCIONAL RENDA FIXA REFERENC;02.224.354/0001-45;4094562.318380816;Governo do Estado do Amazonas/AM;308213.3250064778
Dois fundos e Um fundo;BANCO ABC BRASIL S.A.;28.195.667/0001-06;2025-01-06;DI de um dia;108,20% do DI1;;65923192.92;4102863.100905633;6.223702037437104;65;4;BNB PLUS FIC FI RF LP;06.124.241/0001-29;3386935.599858772;Governo do Estado da Paraíba/PB;884561.807468167
Dois fundos e Um fundo;ITAU UNIBANCO HOLDING SA;60.872.504/0001-23;2029-11-16;DI de um dia;100% do DI1 + 1,8500%;;670005684.3000001;4084067.782696025;0.6095571841249264;190;3;ITAU INSTITUCIONAL RENDA FIXA REFERENCIADO DI - FUNDO DE INVESTIMENTO;00.832.435/0001-00;3879403.8712197;Niterói/RJ;311467.604244161
Dois fundos;BANCO ABC BRASIL S.A.;28.195.667/0001-06;2025-03-18;DI de um dia;100% do DI1 + 1,2000%;;134210388.93;4063639.124967294;3.027812643540406;173;3;BB RENDA FIXA LONGO PRAZO CORPORATE BANCOS FUNDO DE INVESTIMENTO EM COTAS DE FIF RESP LIMITADA;18.060.364/0001-22;4030119.564806589;Governo do Estado de São Paulo/SP;817301.5670456339
Dois fundos e Um fundo;BANCO BRADESCO S.A.;60.746.948/0001-12;2050-04-12;DI de um dia;100% do DI1 + 2,7905%;;1197888504.09;4043818.528648839;0.3375788743978979;144;3;SANTANDER FUNDO DE INVESTIMENTO EM COTAS DE FUNDOS DE INVESTIMENTO INSTITUCIONAL RENDA FIXA REFERENC;02.224.354/0001-45;4021214.458140631;Governo do Estado do Amazonas/AM;302692.1517701457
Dois fundos;BANCO BOCOM BBM S.A.;15.114.366/0001-69;2032-02-11;DI de um dia;100% do DI1 + 2,6000%;;84321757.92000002;4042407.464440307;4.794026552761776;11;1;SPX SEAHAWK ADVISORY FUNDO DE INVESTIMENTO EM COTAS DE FUNDOS DE INVESTIMENTO RENDA FIXA CREDITO PRIVADO LONGO PRAZO;35.648.999/0001-64;4042407.464440307;São José dos Campos/SP;2065917.645067763
Dois fundos e Um fundo;BANCO GMAC S/A;59.274.605/0001-13;2025-05-02;DI de um dia;100% do DI1 + 1,0500%;;391510775.1899999;4005174.157026899;1.023004834307099;242;8;BB INSTITUCIONAL FUNDO DE INVESTIMENTO RENDA FIXA;02.296.928/0001-90;2299793.343727373;Governo do Estado do Amazonas/AM;242620.4265709669
Dois fundos e Um fundo;ITAU UNIBANCO HOLDING SA;60.872.504/0001-23;2028-11-10;DI de um dia;100% do DI1 + 1,9046%;;267048938.78;3996558.884668992;1.496564226365054;95;5;BRADESCO FIC DE FI RENDA FIXA CREDITO PRIVADO LONGO PRAZO PERFORMANCE INSTITUCIONAL;44.961.198/0001-45;2312611.957889047;Governo do Estado do Paraná/PR;724178.9622410284
Dois fundos;BANCO DAYCOVAL S.A.;62.232.889/0001-90;2028-01-28;DI de um dia;100% do DI1 + 1,4500%;;306387068.0099999;3996108.624358354;1.304268045747913;88;1;Itaú High Grade FIC Renda Fixa Crédito Privado;09.093.883/0001-04;3996108.624358354;Santos/SP;506839.5785686044
Um fundo;ITAU UNIBANCO S.A.;60.701.190/0001-04;2026-07-01;DI de um dia;100% do DI1 + 0,8688%;;3127945706.33;3993467.810540163;0.1276706242841304;8;1;MONGERAL AEGON RENDA FIXA FUNDO DE INVESTIMENTO;11.435.287/0001-07;3993467.810540163;Governo do Estado do Paraná/PR;1826029.844983926
Dois fundos e Um fundo;BANCO XP S.A;33.264.668/0001-03;2027-08-24;DI de um dia;100% do DI1 + 1,2400%;;164565215.74;3989314.504832475;2.424154148793677;77;6;BTG FIC Corporativo I Crédito Privado;14.171.644/0001-57;2193411.312773815;São José dos Campos/SP;652283.1221932927
Dois fundos e Um fundo;ITAU UNIBANCO S.A.;60.701.190/0001-04;2024-10-01;DI de um dia;100% do DI1 + 0,6830%;;2272656931.779999;3906694.951127642;0.1718998981543521;71;5;SAFRA EXTRA BANCOS FUNDO DE INVESTIMENTO EM COTAS DE FUNDO DE INVESTIMENTO RENDA FIXA CREDITO PRIVADO;20.441.483/0001-77;3292806.481846742;Governo do Estado do Paraná/PR;811690.1084070624
Dois fundos;ITAU UNIBANCO S.A.;60.701.190/0001-04;2024-09-02;DI de um dia;100% do DI1 + 0,6100%;;2759037262.400001;3876691.949248372;0.140508865250923;143;2;SANTANDER FUNDO DE INVESTIMENTO EM COTAS DE FUNDOS DE INVESTIMENTO INSTITUCIONAL RENDA FIXA REFERENC;02.224.354/0001-45;3863607.211253386;Governo do Estado do Amazonas/AM;290828.4530812359
Dois fundos e Um fundo;BANCO CSF S.A.;08.357.240/0001-50;2024-06-24;DI de um dia;100% do DI1 + 1,3000%;;105172930.46;3873613.720130501;3.683090033897778;197;3;BB INSTITUCIONAL FUNDO DE INVESTIMENTO RENDA FIXA;02.296.928/0001-90;2369462.510803618;Governo do Estado de São Paulo/SP;304986.6831642415
Um fundo;ITAU UNIBANCO HOLDING SA;60.872.504/0001-23;2025-01-15;Taxa Selic;100% do SEL + 1,1797%;;263261425.4499999;3864214.286021851;1.46782396221423;22;2;MAG CASH FUNDO DE INVESTIMENTO RENDA FIXA LONGO PRAZO;17.899.612/0001-60;3701191.301283392;Governo do Estado do Paraná/PR;1247649.749967423
Dois fundos;BANCO ABC BRASIL S.A.;28.195.667/0001-06;2026-01-19;Índice de Preços ao Consumidor Amplo (IPCA/IBGE);100% do IAP + 5,7000%;;83341314.73;3838182.789458016;4.605378259141384;123;1;CAIXA NOVO BRASILFIC RENDA FIXA REFERENCIADO IMA B;10.646.895/0001-90;3838182.789458016;Cerquilho/SP;220059.9945868437
Dois fundos;ITAU UNIBANCO S.A.;60.701.190/0001-04;2031-09-22;DI de um dia;100% do DI1 + 2,0000%;;380710869.79;3823657.537498683;1.004346826138117;173;3;BB RENDA FIXA LONGO PRAZO CORPORATE BANCOS FUNDO DE INVESTIMENTO EM COTAS DE FIF RESP LIMITADA;18.060.364/0001-22;3811968.392588661;Governo do Estado de São Paulo/SP;773060.870947301
Dois fundos;BANCO BRADESCO S.A.;60.746.948/0001-12;2028-09-15;DI de um dia;100% do DI1 + 1,1000%;;724228990.3199998;3796686.905852063;0.5242384600172524;144;3;SANTANDER FUNDO DE INVESTIMENTO EM COTAS DE FUNDOS DE INVESTIMENTO INSTITUCIONAL RENDA FIXA REFERENC;02.224.354/0001-45;3700067.148221306;Governo do Estado do Amazonas/AM;278518.1686895162
Dois fundos e Um fundo;ITAU UNIBANCO HOLDING SA;60.872.504/0001-23;2050-10-17;DI de um dia;100% do DI1 + 2,4000%;;183076009.9000001;3792809.339243815;2.071712913841375;20;5;SPX SEAHAWK ADVISORY FUNDO DE INVESTIMENTO EM COTAS DE FUNDOS DE INVESTIMENTO RENDA FIXA CREDITO PRIVADO LONGO PRAZO;35.648.999/0001-64;3289085.998231838;São José dos Campos/SP;1750967.257315046
Dois fundos;BANCO BRADESCO S.A.;60.746.948/0001-12;2024-12-20;DI de um dia;100% do DI1 + 0,7500%;;55360892.18;3791008.287596568;6.847809235571045;36;1;SAFRA EXTRA BANCOS FUNDO DE INVESTIMENTO EM COTAS DE FUNDO DE INVESTIMENTO RENDA FIXA CREDITO PRIVADO;20.441.483/0001-77;3791008.287596568;Governo do Estado do Paraná/PR;934498.8674237407
Dois fundos e Um fundo;BANCO BRADESCO S.A.;60.746.948/0001-12;2032-05-28;DI de um dia;100% do DI1 + 2,2500%;;474862911.6000001;3790125.460792722;0.7981515018770989;220;2;ITAU INSTITUCIONAL RENDA FIXA REFERENCIADO DI - FUNDO DE INVESTIMENTO;00.832.435/0001-00;3303441.783622151;Niterói/RJ;312306.8580980408
Dois fundos e Um fundo;BANCO BRADESCO S.A.;60.746.948/0001-12;2025-03-31;DI de um dia;100% do DI1 + 0,9000%;;397529272.65;3788674.285599261;0.9530554216405982;38;2;SAFRA EXTRA BANCOS FUNDO DE INVESTIMENTO EM COTAS DE FUNDO DE INVESTIMENTO RENDA FIXA CREDITO PRIVADO;20.441.483/0001-77;3785115.784553915;Governo do Estado do Paraná/PR;933046.3416042462
Dois fundos e Um fundo;BANCO XP S.A;33.264.668/0001-03;2025-12-01;DI de um dia;100% do DI1 + 1,1500%;;665511423.4200001;3780846.92484154;0.5681114991854124;101;4;Itaú High Grade FIC Renda Fixa Crédito Privado;09.093.883/0001-04;3705295.180591423;Santos/SP;469954.7545719639
Dois fundos e Um fundo;BANCO BTG PACTUAL S A;30.306.294/0001-45;2026-11-17;DI de um dia;100% do DI1 + 2,3000%;;432348445.8899997;3774178.644265226;0.8729483545375045;60;8;MAG CASH FUNDO DE INVESTIMENTO RENDA FIXA LONGO PRAZO;17.899.612/0001-60;2866104.576850764;Governo do Estado do Paraná/PR;966146.9423232451
Dois fundos e Um fundo;BANCO COOPERATIVO SICREDI S.A.;01.181.521/0001-55;2027-03-18;DI de um dia;100% do DI1 + 3,6000%;;35542857.66999999;3767025.725501901;10.59854489044494;41;3;MAG CASH FUNDO DE INVESTIMENTO RENDA FIXA LONGO PRAZO;17.899.612/0001-60;3536637.960681087;Governo do Estado do Paraná/PR;1192179.789744729
Dois fundos;BANCO BRADESCO S.A.;60.746.948/0001-12;2050-08-15;Taxa Selic;120% do SEL;;102773062.48;3748233.106395283;3.647096832523312;139;1;SANTANDER FUNDO DE INVESTIMENTO EM COTAS DE FUNDOS DE INVESTIMENTO INSTITUCIONAL RENDA FIXA REFERENC;02.224.354/0001-45;3748233.106395283;Governo do Estado do Amazonas/AM;282143.8040973062
Direta;;;;;;LF BTG PACTUAL IPCA [ 31082033 ];;3727556.19;;1;;;;;Telêmaco Borba/PR;3727556.19
Dois fundos e Um fundo;BANCO GMAC S/A;59.274.605/0001-13;2024-06-09;DI de um dia;100% do DI1 + 1,2500%;;259568558.36;3704068.201219916;1.427009582602328;215;5;SAFRA DI MASTER FUNDO DE INVESTIMENTO RENDA FIXA REFERENCIADO DI LONGO PRAZO;02.536.364/0001-16;1515071.391619844;Governo do Estado do Amazonas/AM;817775.6647104368
Um fundo;BANCO RODOBENS;33.603.457/0001-40;2025-08-18;DI de um dia;100% do DI1 + 1,4900%;;106920992.19;3694717.750461309;3.455558796064805;156;1;BB INSTITUCIONAL FUNDO DE INVESTIMENTO RENDA FIXA;02.296.928/0001-90;3694717.750461309;Praia Grande/SP;382934.5418641479
Dois fundos e Um fundo;BANCO XP S.A;33.264.668/0001-03;2025-09-29;DI de um dia;100% do DI1 + 1,1000%;;212470203.14;3685145.054677694;1.734429110631335;32;3;BTG FIC Corporativo I Crédito Privado;14.171.644/0001-57;3217463.245429082;São José dos Campos/SP;703507.1079104804
Dois fundos e Um fundo;PARANA BANCO S.A.;14.388.334/0001-99;2026-08-04;DI de um dia;100% do DI1 + 1,5000%;;71061962.84000002;3667683.129318536;5.161246583599906;30;1;BANESTES LIQUIDEZ FUNDO DE INVESTIMENTO RENDA FIXA REFERENCIADO DI;20.230.719/0001-26;3274929.412595696;Governo do Estado do Espírito Santo/ES;1255600.322093543
Dois fundos e Um fundo;BANCO BTG PACTUAL S A;30.306.294/0001-45;2026-04-27;DI de um dia;100% do DI1 + 0,6500%;;73629353.79;3646435.537937639;4.952420943877523;65;5;BNB PLUS FIC FI RF LP;06.124.241/0001-29;3229562.708986009;Governo do Estado da Paraíba/PB;843460.9229982337
Direta;;;;;;Letra Financeira - 15/08/2025;;3613387.66;;1;;;;;Bom Despacho/MG;3613387.66
Dois fundos;BANCO CSF S.A.;08.357.240/0001-50;2025-05-15;DI de um dia;100% do DI1 + 1,4000%;;149926200.71;3608209.275031175;2.406656913830879;143;2;SANTANDER FUNDO DE INVESTIMENTO EM COTAS DE FUNDOS DE INVESTIMENTO INSTITUCIONAL RENDA FIXA REFERENC;02.224.354/0001-45;3596666.331179203;Governo do Estado do Amazonas/AM;270734.7947533403
Um fundo;BANCO GMAC S/A;59.274.605/0001-13;2024-07-02;DI de um dia;100% do DI1 + 0,8500%;;51223131.83000001;3606301.367299993;7.040376561254851;156;1;BB INSTITUCIONAL FUNDO DE INVESTIMENTO RENDA FIXA;02.296.928/0001-90;3606301.367299993;Praia Grande/SP;373770.7330251814
Dois fundos e Um fundo;BANCO ABC BRASIL S.A.;28.195.667/0001-06;2026-04-23;DI de um dia;100% do DI1 + 0,8200%;;46281155.51000001;3605837.91977794;7.791157934677805;355;3;FUNDO DE INVESTIMENTO INSTITUCIONAL RENDA FIXA REFERENCIADO IRF-M LONGO PRAZO;13.081.159/0001-20;1694167.126973103;Dourados/MS;93641.34019863901
Dois fundos e Um fundo;BANCO ABC BRASIL S.A.;28.195.667/0001-06;2026-02-23;DI de um dia;100% do DI1 + 0,8000%;;105216438.4;3605208.961884775;3.426469301478253;355;3;FUNDO DE INVESTIMENTO INSTITUCIONAL RENDA FIXA REFERENCIADO IRF-M LONGO PRAZO;13.081.159/0001-20;1693871.61238177;Dourados/MS;93625.00628332446
Dois fundos e Um fundo;NU FINANCEIRA S.A.;30.680.829/0001-43;2026-03-09;DI de um dia;100% do DI1 + 1,1800%;;103079350.7;3604910.54029213;3.497218905446724;26;3;BTG FIC Corporativo I Crédito Privado;14.171.644/0001-57;3283243.331955231;São José dos Campos/SP;717890.1031151206
Dois fundos e Um fundo;ITAU UNIBANCO S.A.;60.701.190/0001-04;2029-11-19;DI de um dia;100% do DI1 + 0,7500%;;10833992.62;3584270.769429761;33.08356295917212;30;1;BANESTES LIQUIDEZ FUNDO DE INVESTIMENTO RENDA FIXA REFERENCIADO DI;20.230.719/0001-26;3200449.262282243;Governo do Estado do Espírito Santo/ES;1227044.805640738
Dois fundos e Um fundo;BANCO ABC BRASIL S.A.;28.195.667/0001-06;2025-03-25;DI de um dia;100% do DI1 + 1,2000%;;105107112.49;3580991.567521111;3.406992621799795;223;3;Itaú High Grade FIC Renda Fixa Crédito Privado;09.093.883/0001-04;2998748.881130532;Santos/SP;395910.2820108604
Dois fundos e Um fundo;BANCO ABC BRASIL S.A.;28.195.667/0001-06;2025-08-29;DI de um dia;100% do DI1 + 1,1000%;;136979494.82;3550577.01262007;2.592050012511551;223;3;ITAU INSTITUCIONAL RENDA FIXA REFERENCIADO DI - FUNDO DE INVESTIMENTO;00.832.435/0001-00;1899149.073840569;Niterói/RJ;312196.1457430071
Dois fundos e Um fundo;BANCO GMAC S/A;59.274.605/0001-13;2026-10-19;DI de um dia;100% do DI1 + 1,0027%;;191562168.46;3550462.387692317;1.853425661358437;98;3;BRADESCO FIC DE FI RENDA FIXA CREDITO PRIVADO LONGO PRAZO PERFORMANCE INSTITUCIONAL;44.961.198/0001-45;2231393.614198181;Governo do Estado do Amazonas/AM;323570.2671180174
Dois fundos;BANCO ABC BRASIL S.A.;28.195.667/0001-06;2024-08-26;DI de um dia;100% do DI1 + 1,1300%;;331775485.98;3545399.009125923;1.068613914814564;143;2;SANTANDER FUNDO DE INVESTIMENTO EM COTAS DE FUNDOS DE INVESTIMENTO INSTITUCIONAL RENDA FIXA REFERENC;02.224.354/0001-45;3535864.039540195;Governo do Estado do Amazonas/AM;266157.9743225103
Dois fundos e Um fundo;BANCO SAFRA S.A.;58.160.789/0001-28;2025-08-11;DI de um dia;100% do DI1 + 1,1500%;;568061110.4199998;3543173.232807061;0.6237309979180571;224;3;ITAU INSTITUCIONAL RENDA FIXA REFERENCIADO DI - FUNDO DE INVESTIMENTO;00.832.435/0001-00;2789197.424146879;Niterói/RJ;293090.4369215301
Dois fundos e Um fundo;BANCO BRADESCO S.A.;60.746.948/0001-12;2028-08-15;DI de um dia;100% do DI1 + 2,7500%;;112712935.7;3542425.075542979;3.142873578389973;41;3;MAG CASH FUNDO DE INVESTIMENTO RENDA FIXA LONGO PRAZO;17.899.612/0001-60;3462134.879519975;Governo do Estado do Paraná/PR;1167065.240666914
Dois fundos e Um fundo;Banco Volkswagen S/A;59.109.165/0001-49;2026-10-29;DI de um dia;100% do DI1 + 1,0000%;;121418908.28;3536648.553355518;2.912765897383769;224;3;ITAU INSTITUCIONAL RENDA FIXA REFERENCIADO DI - FUNDO DE INVESTIMENTO;00.832.435/0001-00;2942770.835757594;Niterói/RJ;292460.3841561682
Um fundo;ITAU UNIBANCO HOLDING SA;60.872.504/0001-23;2028-11-10;DI de um dia;100% do DI1 + 1,9036%;;267048938.78;3467953.604613878;1.298621001999504;39;1;4UM FUNDO DE INVESTIMENTO RENDA FIXA CREDITO PRIVADO LONGO PRAZO;28.581.607/0001-21;3467953.604613878;São José dos Campos/SP;398513.385225182
Dois fundos;BANCO VOTORANTIM S/A;59.588.111/0001-03;2026-04-15;DI de um dia;100% do DI1 + 0,6500%;;99721155.92999999;3466645.15289232;3.47633871725851;143;2;SANTANDER FUNDO DE INVESTIMENTO EM COTAS DE FUNDOS DE INVESTIMENTO INSTITUCIONAL RENDA FIXA REFERENC;02.224.354/0001-45;3454258.884762877;Governo do Estado do Amazonas/AM;260015.2430277203
Um fundo;BANCO BRADESCO S.A.;60.746.948/0001-12;2026-11-12;DI de um dia;100% do DI1 + 1,3900%;;136857674.83;3459578.317050066;2.527865771026315;473;1;BRADESCO FUNDO DE INVESTIMENTO RENDA FIXA REFERENCIADO DI PREMIUM;03.399.411/0001-90;3459578.317050066;Governo do Estado do Amazonas/AM;327946.1140715749
Dois fundos e Um fundo;BANCO DO NORDESTE DO BRASIL SA;07.237.373/0001-20;2024-06-19;DI de um dia;117% do DI1;;135632994.53;3458326.750270788;2.549768042985925;46;2;SAFRA DI MASTER FUNDO DE INVESTIMENTO RENDA FIXA REFERENCIADO DI LONGO PRAZO;02.536.364/0001-16;3448204.182122894;Governo do Estado do Amazonas/AM;1861204.351616723
Dois fundos e Um fundo;BANCO SAFRA S.A.;58.160.789/0001-28;2029-12-14;DI de um dia;100% do DI1 + 2,0000%;;274135059.0399999;3450034.054795047;1.258516173333248;82;4;SAFRA EXTRA BANCOS FUNDO DE INVESTIMENTO EM COTAS DE FUNDO DE INVESTIMENTO RENDA FIXA CREDITO PRIVADO;20.441.483/0001-77;1502708.524214872;Governo do Estado do Amazonas/AM;457828.1049956197
Dois fundos e Um fundo;BANCO VOTORANTIM S/A;59.588.111/0001-03;2026-01-26;DI de um dia;100% do DI1 + 0,8400%;;77455494.47999999;3447428.340803463;4.450850600009575;31;2;BANESTES LIQUIDEZ FUNDO DE INVESTIMENTO RENDA FIXA REFERENCIADO DI;20.230.719/0001-26;3077146.316791579;Governo do Estado do Espírito Santo/ES;1179770.743037218
Dois fundos;BANCO BRADESCO S.A.;60.746.948/0001-12;2025-12-24;DI de um dia;100% do DI1 + 0,3200%;;2365188027.93;3441667.960311024;0.1455135033523383;143;2;SANTANDER FUNDO DE INVESTIMENTO EM COTAS DE FUNDOS DE INVESTIMENTO INSTITUCIONAL RENDA FIXA REFERENC;02.224.354/0001-45;3429160.944817158;Governo do Estado do Amazonas/AM;258126.0253482736
Um fundo;ITAU UNIBANCO HOLDING SA;60.872.504/0001-23;2025-01-15;Taxa Selic;100% do SEL + 1,1862%;;263261425.4499999;3440078.365688923;1.306715695172091;34;3;MAG CASH FUNDO DE INVESTIMENTO RENDA FIXA LONGO PRAZO;17.899.612/0001-60;3146215.51527651;Governo do Estado do Paraná/PR;1060570.686961584
Dois fundos e Um fundo;BANCO DAYCOVAL S.A.;62.232.889/0001-90;2024-07-18;DI de um dia;109% do DI1;;26119568.72;3433840.164187474;13.14661892391106;65;5;BNB PLUS FIC FI RF LP;06.124.241/0001-29;2852274.087104641;Governo do Estado da Paraíba/PB;744924.9173763751
Dois fundos;BANCO PAN S.A.;59.285.411/0001-13;2027-05-03;DI de um dia;100% do DI1 + 0,9000%;;100127249.79;3432861.476227686;3.428498718807851;52;1;BB RENDA FIXA LONGO PRAZO CORPORATE BANCOS FUNDO DE INVESTIMENTO EM COTAS DE FIF RESP LIMITADA;18.060.364/0001-22;3432861.476227686;Governo do Estado de São Paulo/SP;696178.6167518145
Dois fundos e Um fundo;BANCO DAYCOVAL S.A.;62.232.889/0001-90;2027-05-31;DI de um dia;100% do DI1 + 0,6500%;;156180744.04;3432131.571717305;2.197538238669352;222;3;ITAU INSTITUCIONAL RENDA FIXA REFERENCIADO DI - FUNDO DE INVESTIMENTO;00.832.435/0001-00;2208566.125515705;Niterói/RJ;281777.0827431805
Dois fundos e Um fundo;BANCO FIDIS DE INVESTIMENTO S.A.;62.237.425/0001-76;2025-09-03;DI de um dia;100% do DI1 + 1,0500%;;164795956.78;3431972.071933882;2.082558418903147;223;3;ITAU INSTITUCIONAL RENDA FIXA REFERENCIADO DI - FUNDO DE INVESTIMENTO;00.832.435/0001-00;1886425.032486989;Niterói/RJ;298882.2705304748
Dois fundos e Um fundo;BANCO CSF S.A.;08.357.240/0001-50;2024-09-23;DI de um dia;100% do DI1 + 1,3000%;;58371135.01000001;3425088.478919092;5.867777760929806;144;3;SANTANDER FUNDO DE INVESTIMENTO EM COTAS DE FUNDOS DE INVESTIMENTO INSTITUCIONAL RENDA FIXA REFERENC;02.224.354/0001-45;3407592.794177364;Governo do Estado do Amazonas/AM;256502.5083747764
Dois fundos;BANCO ORIGINAL S/A;92.894.922/0001-08;2024-11-07;DI de um dia;100% do DI1 + 1,9500%;;62069951.35;3419681.827296647;5.509399883389221;20;1;BTG FIC Corporativo I Crédito Privado;14.171.644/0001-57;3419681.827296647;São José dos Campos/SP;747722.7519889374
Dois fundos e Um fundo;BANCO ABC BRASIL S.A.;28.195.667/0001-06;2024-10-04;DI de um dia;109% do DI1;;24804447.22;3418217.45626654;13.78066370900782;65;4;BNB PLUS FIC FI RF LP;06.124.241/0001-29;2829718.357313518;Governo do Estado da Paraíba/PB;739034.0651518354
Dois fundos e Um fundo;BANCO FIDIS DE INVESTIMENTO S.A.;62.237.425/0001-76;2025-09-10;DI de um dia;100% do DI1 + 1,0500%;;164807911.66;3407554.777266443;2.067591745411018;223;3;ITAU INSTITUCIONAL RENDA FIXA REFERENCIADO DI - FUNDO DE INVESTIMENTO;00.832.435/0001-00;1852873.27708335;Niterói/RJ;297060.1228913128
Um fundo;BANCO BRADESCO S.A.;60.746.948/0001-12;2025-07-14;DI de um dia;100% do DI1 + 0,8929%;;2949347043.770001;3402591.94372354;0.1153676353859727;473;1;BRADESCO FUNDO DE INVESTIMENTO RENDA FIXA REFERENCIADO DI PREMIUM;03.399.411/0001-90;3402591.94372354;Governo do Estado do Amazonas/AM;322544.1667893401
Dois fundos e Um fundo;CIA DE CR FINAN E INVEST RCI BRASIL;61.784.278/0001-91;2026-07-27;DI de um dia;100% do DI1 + 1,4200%;;136686913;3394911.274180525;2.483713473125643;224;3;ITAU INSTITUCIONAL RENDA FIXA REFERENCIADO DI - FUNDO DE INVESTIMENTO;00.832.435/0001-00;2917931.933525465;Niterói/RJ;279326.3973438612
Dois fundos;BANCO BTG PACTUAL S A;30.306.294/0001-45;2025-11-17;DI de um dia;100% do DI1 + 0,8800%;;116866941.99;3365311.182745086;2.879609173852642;121;1;FUNDO DE INVESTIMENTO CAIXA JUROS E MOEDAS MULTIMERCADO LONGO PRAZO;14.120.520/0001-42;3360297.48828955;Suzano/SP;612319.8248613401
Um fundo;BANCO BRADESCO S.A.;60.746.948/0001-12;2026-06-28;DI de um dia;100% do DI1 + 2,0690%;;57948571.23;3363575.514850443;5.804414920775681;8;1;MONGERAL AEGON RENDA FIXA FUNDO DE INVESTIMENTO;11.435.287/0001-07;3363575.514850443;Governo do Estado do Paraná/PR;1538008.960473706
Dois fundos e Um fundo;BANCO BRADESCO S.A.;60.746.948/0001-12;2026-06-16;DI de um dia;100% do DI1 + 1,2400%;;234610802.74;3348788.618628521;1.427380401719911;140;2;SANTANDER FUNDO DE INVESTIMENTO EM COTAS DE FUNDOS DE INVESTIMENTO INSTITUCIONAL RENDA FIXA REFERENC;02.224.354/0001-45;3342004.545474244;Governo do Estado do Amazonas/AM;251565.4306990032
Direta;;;;;;LF;;3347349.32;;1;;;;;Bom Despacho/MG;3347349.32
Um fundo;BANCO BTG PACTUAL S A;30.306.294/0001-45;2027-01-04;DI de um dia;100% do DI1 + 0,9900%;;21530209.46;3331701.524403286;15.47454301637475;22;2;MAG CASH FUNDO DE INVESTIMENTO RENDA FIXA LONGO PRAZO;17.899.612/0001-60;3118904.502293352;Governo do Estado do Paraná/PR;1051364.305624856
Dois fundos;BANCO COOPERATIVO SICREDI S.A.;01.181.521/0001-55;2024-12-13;DI de um dia;100% do DI1 + 1,5500%;;578090471.2799994;3327824.574411117;0.5756580915514309;118;3;Itaú High Grade FIC Renda Fixa Crédito Privado;09.093.883/0001-04;3219808.731378709;Santos/SP;408378.9140605589
Dois fundos;ITAU UNIBANCO HOLDING SA;60.872.504/0001-23;2024-07-15;DI de um dia;114% do DI1;;173722252.3399999;3309162.931070471;1.904858408463387;62;2;SAFRA EXTRA BANCOS FUNDO DE INVESTIMENTO EM COTAS DE FUNDO DE INVESTIMENTO RENDA FIXA CREDITO PRIVADO;20.441.483/0001-77;3305207.879269387;Governo do Estado do Paraná/PR;814747.1030023661
Dois fundos e Um fundo;BANCO XP S.A;33.264.668/0001-03;2032-12-15;DI de um dia;100% do DI1 + 2,5000%;;472361654.1799999;3305431.096032038;0.6997670252828054;19;4;SPX SEAHAWK ADVISORY FUNDO DE INVESTIMENTO EM COTAS DE FUNDOS DE INVESTIMENTO RENDA FIXA CREDITO PRIVADO LONGO PRAZO;35.648.999/0001-64;2186747.361531062;São José dos Campos/SP;1315733.111021583
Um fundo;BANCO BRADESCO S.A.;60.746.948/0001-12;2028-08-16;DI de um dia;100% do DI1 + 2,7500%;;28101027.2;3285837.512950545;11.6929444947498;20;2;MAG CASH FUNDO DE INVESTIMENTO RENDA FIXA LONGO PRAZO;17.899.612/0001-60;3285436.345107497;Governo do Estado do Paraná/PR;1107501.207269642
Dois fundos e Um fundo;BANCO DO BRASIL;00.000.000/0001-91;2028-06-29;DI de um dia;100% do DI1 + 2,5000%;;11580790.04;3282814.134552301;28.34706546974321;19;2;MAG CASH FUNDO DE INVESTIMENTO RENDA FIXA LONGO PRAZO;17.899.612/0001-60;3282814.134552301;Governo do Estado do Paraná/PR;1106617.275562999
Dois fundos e Um fundo;BANCO CNH CAPITAL S.A.;02.992.446/0001-75;2027-10-26;DI de um dia;100% do DI1 + 1,3000%;;118348519.77;3278669.770699268;2.770351312438107;223;4;Itaú High Grade FIC Renda Fixa Crédito Privado;09.093.883/0001-04;1667027.775318614;Niterói/RJ;290110.9711329732
Dois fundos;BANCO DO BRASIL;00.000.000/0001-91;2050-09-05;DI de um dia;100% do DI1 + 2,6000%;;307214450.27;3261458.335611562;1.061622698003034;173;3;BB RENDA FIXA LONGO PRAZO CORPORATE BANCOS FUNDO DE INVESTIMENTO EM COTAS DE FIF RESP LIMITADA;18.060.364/0001-22;3209855.717106974;Governo do Estado de São Paulo/SP;650953.418477007
Dois fundos e Um fundo;BANCO FIDIS DE INVESTIMENTO S.A.;62.237.425/0001-76;2026-12-10;DI de um dia;100% do DI1 + 0,9500%;;178058009.3799999;3247516.38318965;1.8238530209888;220;3;ITAU INSTITUCIONAL RENDA FIXA REFERENCIADO DI - FUNDO DE INVESTIMENTO;00.832.435/0001-00;2495869.131234784;Niterói/RJ;272455.0148829634
Dois fundos e Um fundo;BANCO BRADESCO S.A.;60.746.948/0001-12;2026-06-14;DI de um dia;100% do DI1 + 1,6887%;;161740799.62;3237975.406379233;2.001953380956849;482;2;BRADESCO FUNDO DE INVESTIMENTO RENDA FIXA REFERENCIADO DI PREMIUM;03.399.411/0001-90;3144064.809256878;Governo do Estado do Amazonas/AM;311392.302929337
Dois fundos e Um fundo;BANCO COOPERATIVO SICREDI S.A.;01.181.521/0001-55;2027-01-11;DI de um dia;100% do DI1 + 1,0000%;;135850979.5400001;3215881.678218484;2.367212727584049;223;3;Itaú High Grade FIC Renda Fixa Crédito Privado;09.093.883/0001-04;1900293.473340828;Niterói/RJ;289309.7523481838
Dois fundos e Um fundo;BANCO DAYCOVAL S.A.;62.232.889/0001-90;2027-02-02;DI de um dia;100% do DI1 + 0,9000%;;156684495.79;3202441.670823958;2.043879105381367;224;3;ITAU INSTITUCIONAL RENDA FIXA REFERENCIADO DI - FUNDO DE INVESTIMENTO;00.832.435/0001-00;2562257.898401859;Niterói/RJ;267309.8951163091
Dois fundos;Banco Volkswagen S/A;59.109.165/0001-49;2025-12-15;DI de um dia;100% do DI1 + 0,8500%;;265937264.69;3196776.843777204;1.202079312767111;36;1;SAFRA EXTRA BANCOS FUNDO DE INVESTIMENTO EM COTAS DE FUNDO DE INVESTIMENTO RENDA FIXA CREDITO PRIVADO;20.441.483/0001-77;3196776.843777204;Governo do Estado do Paraná/PR;788018.4144388101
Dois fundos e Um fundo;BANCO RCI BRASIL S.A.;62.307.848/0001-15;2027-04-09;DI de um dia;100% do DI1 + 0,7000%;;157255102.71;3193091.933352652;2.030517215864945;79;8;BTG FIC Corporativo I Crédito Privado;14.171.644/0001-57;2004235.696535612;Governo do Estado do Amazonas/AM;989896.2243306752
Dois fundos e Um fundo;BANCO VOTORANTIM S/A;59.588.111/0001-03;2026-01-26;DI de um dia;100% do DI1 + 0,8500%;;77455494.47999999;3188320.665985678;4.116326010685974;355;3;SICREDI - FUNDO DE INVESTIMENTO INSTITUCIONAL RENDA FIXA REFERENCIADO IRF-M 1;19.196.599/0001-09;2541194.545917883;Avaré/SP;91145.80058282518
Um fundo;BANCO TOYOTA DO BRASIL S.A.;03.215.790/0001-10;2024-10-28;DI de um dia;100% do DI1 + 0,7447%;;614081799.7300001;3143236.062869296;0.5118595054032403;10;2;MONGERAL AEGON RENDA FIXA FUNDO DE INVESTIMENTO;11.435.287/0001-07;3095336.038407437;Governo do Estado do Paraná/PR;1415355.33890325
Um fundo;BANCO VOTORANTIM S/A;59.588.111/0001-03;2025-09-19;DI de um dia;100% do DI1 + 1,0000%;;37323859.90000001;3141970.568548874;8.418128717037845;326;2;SICREDI - FUNDO DE INVESTIMENTO INSTITUCIONAL RENDA FIXA REFERENCIADO IRF-M 1;19.196.599/0001-09;2046626.984677512;Avaré/SP;73406.99487668165
Dois fundos e Um fundo;BANCO DO BRASIL;00.000.000/0001-91;2028-09-01;DI de um dia;100% do DI1 + 2,2500%;;30827861.69;3135260.162765865;10.17021613206111;19;2;MAG CASH FUNDO DE INVESTIMENTO RENDA FIXA LONGO PRAZO;17.899.612/0001-60;3135260.162765865;Governo do Estado do Paraná/PR;1056877.702268798
Dois fundos e Um fundo;PORTOSEG SA CRE;04.862.600/0001-10;2025-03-14;DI de um dia;100% do DI1 + 1,2000%;;428183307.13;3122194.946108817;0.7291725048872334;179;4;SANTANDER FUNDO DE INVESTIMENTO EM COTAS DE FUNDOS DE INVESTIMENTO INSTITUCIONAL RENDA FIXA REFERENC;02.224.354/0001-45;2842258.449752145;Governo do Estado do Amazonas/AM;213947.6357200216
Dois fundos;BANCO VOTORANTIM S/A;59.588.111/0001-03;2025-06-06;DI de um dia;100% do DI1 + 0,5000%;;89300151.09;3101512.261519121;3.473132154494679;139;1;SANTANDER FUNDO DE INVESTIMENTO EM COTAS DE FUNDOS DE INVESTIMENTO INSTITUCIONAL RENDA FIXA REFERENC;02.224.354/0001-45;3101512.261519121;Governo do Estado do Amazonas/AM;233462.6590929962
Dois fundos e Um fundo;BANCO BTG PACTUAL S A;30.306.294/0001-45;2027-04-08;DI de um dia;100% do DI1 + 0,8300%;;203758138.87;3094432.972208013;1.518679444840383;223;3;ITAU INSTITUCIONAL RENDA FIXA REFERENCIADO DI - FUNDO DE INVESTIMENTO;00.832.435/0001-00;2342844.472376958;Niterói/RJ;260148.9841425064
Um fundo;BANCO BTG PACTUAL S A;30.306.294/0001-45;2027-10-05;DI de um dia;100% do DI1 + 2,7000%;;19263470.36;3044973.496019684;15.80698305712598;19;1;MAG CASH FUNDO DE INVESTIMENTO RENDA FIXA LONGO PRAZO;17.899.612/0001-60;3044973.496019684;Governo do Estado do Paraná/PR;1026442.599616254
Dois fundos e Um fundo;BANCO PAN S.A.;59.285.411/0001-13;2026-01-30;DI de um dia;100% do DI1 + 1,0000%;;41645387.45;3035028.723540553;7.287790820014457;52;3;BNB PLUS FIC FI RF LP;06.124.241/0001-29;3027492.83967703;Governo do Estado da Paraíba/PB;790686.5836106581
Dois fundos e Um fundo;BANCO SAFRA S.A.;58.160.789/0001-28;2030-01-30;DI de um dia;100% do DI1 + 1,3500%;;12177809.28;3034372.939749797;24.91723158066898;30;1;BANESTES LIQUIDEZ FUNDO DE INVESTIMENTO RENDA FIXA REFERENCIADO DI;20.230.719/0001-26;2709437.22202563;Governo do Estado do Espírito Santo/ES;1038791.931082027
Dois fundos e Um fundo;BANCO PAN S.A.;59.285.411/0001-13;2026-01-30;DI de um dia;110,50% do DI1;;41645387.45;3033995.119440488;7.285308902656127;52;3;BNB PLUS FIC FI RF LP;06.124.241/0001-29;3026461.802711743;Governo do Estado da Paraíba/PB;790417.3089537619
Dois fundos e Um fundo;BANCO DAYCOVAL S.A.;62.232.889/0001-90;2024-10-20;DI de um dia;100% do DI1 + 1,4000%;;584188592.9600003;3023827.247154222;0.5176114843038823;243;9;Itaú High Grade FIC Renda Fixa Crédito Privado;09.093.883/0001-04;1344874.872738594;Mairiporã/SP;491836.8437433299
Dois fundos e Um fundo;Banco Volkswagen S/A;59.109.165/0001-49;2026-06-09;DI de um dia;100% do DI1 + 1,2525%;;315900752.7899999;3017518.588206743;0.955210952033624;482;2;BRADESCO FUNDO DE INVESTIMENTO RENDA FIXA REFERENCIADO DI PREMIUM;03.399.411/0001-90;2829294.719274804;Governo do Estado do Amazonas/AM;294966.2267906491
Dois fundos e Um fundo;BANCO DAYCOVAL S.A.;62.232.889/0001-90;2025-10-31;DI de um dia;100% do DI1 + 0,8500%;;398278056.51;2999224.152122143;0.7530478024331824;25;2;CAIXA TOP PRIVATE FIC DE CLASSE DE FIF RENDA FIXA REFERENCIADO DI LONGO PRAZO - RESP LIMITADA;19.769.018/0001-80;2941545.514205595;Angra dos Reis/RJ;555901.2199053941
Dois fundos;BANCO ABC BRASIL S.A.;28.195.667/0001-06;2025-06-30;DI de um dia;100% do DI1 + 1,2000%;;239072899.31;2987432.508261335;1.249590613107345;36;1;SAFRA EXTRA BANCOS FUNDO DE INVESTIMENTO EM COTAS DE FUNDO DE INVESTIMENTO RENDA FIXA CREDITO PRIVADO;20.441.483/0001-77;2987432.508261335;Governo do Estado do Paraná/PR;736414.189493899
Um fundo;BANCO BRADESCO S.A.;60.746.948/0001-12;2025-06-24;DI de um dia;100% do DI1 + 0,9418%;;2108842701.160001;2954801.929164263;0.1401148567192294;10;2;MONGERAL AEGON RENDA FIXA FUNDO DE INVESTIMENTO;11.435.287/0001-07;2934162.890280533;Governo do Estado do Paraná/PR;1341658.24338317
Dois fundos e Um fundo;BANCO ABC BRASIL S.A.;28.195.667/0001-06;2026-01-26;DI de um dia;100% do DI1 + 0,8500%;;195109020.83;2936857.525793231;1.505239231533091;355;3;SICREDI - FUNDO DE INVESTIMENTO INSTITUCIONAL RENDA FIXA REFERENCIADO IRF-M 1;19.196.599/0001-09;2477375.226158474;Avaré/SP;88856.77355753642
Um fundo;BANCO VOTORANTIM S/A;59.588.111/0001-03;2024-08-07;DI de um dia;100% do DI1 + 1,1000%;;25358526.54;2932206.095046125;11.56299870349693;8;1;MONGERAL AEGON RENDA FIXA FUNDO DE INVESTIMENTO;11.435.287/0001-07;2932206.095046125;Governo do Estado do Paraná/PR;1340763.490584832
Um fundo;BANCO BMG S.A.;61.186.680/0001-74;2024-07-29;DI de um dia;100% do DI1 + 1,8000%;;24713711.45;2927973.804712994;11.84756814303986;8;1;MONGERAL AEGON RENDA FIXA FUNDO DE INVESTIMENTO;11.435.287/0001-07;2927973.804712994;Governo do Estado do Paraná/PR;1338828.25814336
Dois fundos e Um fundo;BANCO BRADESCO S.A.;60.746.948/0001-12;2026-06-14;DI de um dia;100% do DI1 + 3,6000%;;161740799.62;2924483.54189324;1.808129766122174;20;3;MAG CASH FUNDO DE INVESTIMENTO RENDA FIXA LONGO PRAZO;17.899.612/0001-60;2924435.788265578;Governo do Estado do Paraná/PR;985810.0495265272
Dois fundos;BANCO SAFRA S.A.;58.160.789/0001-28;2025-03-06;DI de um dia;100% do DI1 + 1,1000%;;83485697.33999999;2920399.50605311;3.498083622826586;36;1;SAFRA EXTRA BANCOS FUNDO DE INVESTIMENTO EM COTAS DE FUNDO DE INVESTIMENTO RENDA FIXA CREDITO PRIVADO;20.441.483/0001-77;2920399.50605311;Governo do Estado do Paraná/PR;719890.2834796199
Dois fundos;BANCO VOTORANTIM S/A;59.588.111/0001-03;2025-01-06;DI de um dia;100% do DI1 + 1,2907%;;99237473.17999999;2911384.869712822;2.933755542558064;139;1;SANTANDER FUNDO DE INVESTIMENTO EM COTAS DE FUNDOS DE INVESTIMENTO INSTITUCIONAL RENDA FIXA REFERENC;02.224.354/0001-45;2911384.869712822;Governo do Estado do Amazonas/AM;219151.0450432186
Dois fundos e Um fundo;BANCO BRADESCO S.A.;60.746.948/0001-12;2027-09-17;DI de um dia;100% do DI1 + 0,5000%;;6778743623.540005;2905520.231250648;0.04286222333532247;355;3;SICREDI - FUNDO DE INVESTIMENTO INSTITUCIONAL RENDA FIXA REFERENCIADO IRF-M 1;19.196.599/0001-09;1640199.916246345;Pelotas/RS;153608.7838689908
Dois fundos e Um fundo;BANCO BRADESCO S.A.;60.746.948/0001-12;2026-10-29;DI de um dia;100% do DI1 + 1,8490%;;1534243531.92;2902049.183063841;0.1891517951802688;64;1;BRADESCO FIC DE FI RENDA FIXA CREDITO PRIVADO LONGO PRAZO PERFORMANCE INSTITUCIONAL;44.961.198/0001-45;2846016.723988141;Governo do Estado do Amazonas/AM;412695.6291994653
Dois fundos e Um fundo;BANCO BRADESCO S.A.;60.746.948/0001-12;2026-11-10;DI de um dia;100% do DI1 + 1,8546%;;153362212.69;2895809.462096639;1.888215754913571;64;1;BRADESCO FIC DE FI RENDA FIXA CREDITO PRIVADO LONGO PRAZO PERFORMANCE INSTITUCIONAL;44.961.198/0001-45;2839897.478894255;Governo do Estado do Amazonas/AM;411808.2887692559
Um fundo;ITAU UNIBANCO S.A.;60.701.190/0001-04;2026-05-04;DI de um dia;100% do DI1 + 0,9402%;;2275983495.279998;2895570.256443835;0.1272228143327381;10;2;MONGERAL AEGON RENDA FIXA FUNDO DE INVESTIMENTO;11.435.287/0001-07;2861792.824835921;Governo do Estado do Paraná/PR;1308566.728525704
Dois fundos e Um fundo;BANCO ABC BRASIL S.A.;28.195.667/0001-06;2026-03-26;DI de um dia;100% do DI1 + 0,8700%;;31294664.32;2872356.251669593;9.178421670539883;355;3;SICREDI - FUNDO DE INVESTIMENTO INSTITUCIONAL RENDA FIXA REFERENCIADO IRF-M 1;19.196.599/0001-09;2412910.243180834;Avaré/SP;86544.58833248387
Dois fundos e Um fundo;BANCO BRADESCO S.A.;60.746.948/0001-12;2025-08-01;DI de um dia;108,75% do DI1 + 0,0318%;;5264633301.920004;2865634.000378713;0.05443178728770379;65;3;BNB PLUS FIC FI RF LP;06.124.241/0001-29;2327429.422472698;Governo do Estado da Paraíba/PB;607851.8814419992
Dois fundos e Um fundo;BANCO BRADESCO S.A.;60.746.948/0001-12;2025-01-02;;7,6000% a.a. (prefixado);;216078434.33;2852050.396938549;1.31991441245952;30;1;BANESTES LIQUIDEZ FUNDO DE INVESTIMENTO RENDA FIXA REFERENCIADO DI;20.230.719/0001-26;2546638.682190283;Governo do Estado do Espírito Santo/ES;976375.3494398586
Um fundo;BANCO ABC BRASIL S.A.;28.195.667/0001-06;2025-09-25;DI de um dia;100% do DI1 + 1,1200%;;26257154.65;2839465.669626899;10.81406461391619;326;2;SICREDI - FUNDO DE INVESTIMENTO INSTITUCIONAL RENDA FIXA REFERENCIADO IRF-M 1;19.196.599/0001-09;2092772.177086073;Avaré/SP;75062.09858052172
Dois fundos;HSBC BANK BRASIL SA - BANCO MULTIPL;01.701.201/0001-89;2026-05-08;DI de um dia;100% do DI1 + 0,5500%;;201445710.4300001;2839154.150912272;1.409389231893743;88;1;Itaú High Grade FIC Renda Fixa Crédito Privado;09.093.883/0001-04;2839154.150912272;Santos/SP;360099.2436912891
Dois fundos e Um fundo;ITAU UNIBANCO HOLDING SA;60.872.504/0001-23;2025-01-15;Taxa Selic;100% do SEL + 1,1784%;;263261425.4499999;2839040.143798253;1.078410989739725;21;3;MAG CASH FUNDO DE INVESTIMENTO RENDA FIXA LONGO PRAZO;17.899.612/0001-60;2837543.398693393;Governo do Estado do Paraná/PR;956519.1376824905
Dois fundos e Um fundo;BANCO BRADESCO S.A.;60.746.948/0001-12;2050-04-12;DI de um dia;100% do DI1 + 3,0000%;;1197888504.09;2826285.07894668;0.2359389099483615;227;7;ITAU INSTITUCIONAL RENDA FIXA REFERENCIADO DI - FUNDO DE INVESTIMENTO;00.832.435/0001-00;1941224.291276338;Governo do Estado do Amazonas/AM;281933.3958135452
Dois fundos e Um fundo;BANCO COOPERATIVO SICREDI S.A.;01.181.521/0001-55;2024-08-26;DI de um dia;100% do DI1 + 1,1500%;;288848593.02;2818825.047970991;0.9758832537487259;38;2;SAFRA EXTRA BANCOS FUNDO DE INVESTIMENTO EM COTAS DE FUNDO DE INVESTIMENTO RENDA FIXA CREDITO PRIVADO;20.441.483/0001-77;2808339.345671976;Governo do Estado do Paraná/PR;692267.0009607935
Dois fundos e Um fundo;BANCO BRADESCO S.A.;60.746.948/0001-12;2026-03-18;DI de um dia;100% do DI1 + 0,9896%;;713085627.86;2814167.637536671;0.3946465231647014;187;2;FUNDO DE INVESTIMENTO INSTITUCIONAL RENDA FIXA REFERENCIADO IRF-M LONGO PRAZO;13.081.159/0001-20;2395870.22747648;Dourados/MS;132426.4268093532
Dois fundos e Um fundo;ITAU UNIBANCO HOLDING SA;60.872.504/0001-23;2027-10-15;DI de um dia;100% do DI1 + 2,4000%;;605908007.1899999;2811611.780195674;0.4640327816816609;36;2;BTG FIC Corporativo I Crédito Privado;14.171.644/0001-57;2602733.269739384;São José dos Campos/SP;595624.0035604724
Dois fundos e Um fundo;BANCO COOPERATIVO SICREDI S.A.;01.181.521/0001-55;2024-07-22;DI de um dia;100% do DI1 + 1,5500%;;379411147.91;2811018.881326592;0.7408899018416275;137;3;Itaú High Grade FIC Renda Fixa Crédito Privado;09.093.883/0001-04;1915168.417177249;Santos/SP;352472.6292622195
Dois fundos e Um fundo;ITAU UNIBANCO S.A.;60.701.190/0001-04;2025-04-01;DI de um dia;100% do DI1 + 0,7000%;;1005721090.34;2806411.641793566;0.2790447241038581;87;6;SAFRA DI MASTER FUNDO DE INVESTIMENTO RENDA FIXA REFERENCIADO DI LONGO PRAZO;02.536.364/0001-16;2332232.889891699;Governo do Estado do Amazonas/AM;1279289.893871366
Dois fundos e Um fundo;BANCO BRADESCO S.A.;60.746.948/0001-12;2025-02-03;DI de um dia;100% do DI1 + 0,7099%;;264396935.87;2798481.197850155;1.058439345615611;187;2;FUNDO DE INVESTIMENTO INSTITUCIONAL RENDA FIXA REFERENCIADO IRF-M LONGO PRAZO;13.081.159/0001-20;2386329.435822813;Dourados/MS;131899.0806563195
Dois fundos e Um fundo;BANCO BRADESCO S.A.;60.746.948/0001-12;2026-08-04;DI de um dia;100% do DI1 + 0,8200%;;342180436.05;2781722.525615171;0.812940259743167;17;2;SULAMERICA CREDITO INSTITUCIONAL ESG FIF RF CRED PRIV LONGO PRAZO IS - RESP LIMITADA;34.525.051/0001-59;2131322.208695351;Governo do Estado do Paraná/PR;932089.8147257956
Dois fundos;BANCO RABOBANK;01.023.570/0001-60;2025-10-08;DI de um dia;100% do DI1 + 1,1000%;;124139953.12;2763004.414258267;2.225717301171692;143;2;SANTANDER FUNDO DE INVESTIMENTO EM COTAS DE FUNDOS DE INVESTIMENTO INSTITUCIONAL RENDA FIXA REFERENC;02.224.354/0001-45;2753779.048866497;Governo do Estado do Amazonas/AM;207287.4536978487
Dois fundos e Um fundo;BANCO XP S.A;33.264.668/0001-03;2050-02-24;DI de um dia;100% do DI1 + 2,6000%;;195145513.58;2758149.304104077;1.413380842585127;47;8;SPX SEAHAWK ADVISORY FUNDO DE INVESTIMENTO EM COTAS DE FUNDOS DE INVESTIMENTO RENDA FIXA CREDITO PRIVADO LONGO PRAZO;35.648.999/0001-64;1544782.433906969;São José dos Campos/SP;1135314.585840155
Dois fundos e Um fundo;NU FINANCEIRA S.A.;30.680.829/0001-43;2025-08-26;DI de um dia;100% do DI1 + 1,4500%;;110647699.2;2748223.371824139;2.483760070651463;27;4;BTG FIC Corporativo I Crédito Privado;14.171.644/0001-57;2642670.160142632;São José dos Campos/SP;577827.0331959408
Dois fundos e Um fundo;BANCO BRADESCO S.A.;60.746.948/0001-12;2026-08-18;DI de um dia;100% do DI1 + 0,7000%;;2829418303.51;2721126.635228571;0.09617265258561843;355;3;SICREDI - FUNDO DE INVESTIMENTO INSTITUCIONAL RENDA FIXA REFERENCIADO IRF-M 1;19.196.599/0001-09;1804101.122891153;Avaré/SP;64708.24575097356
Dois fundos;BANCO DO BRASIL;00.000.000/0001-91;2050-09-09;DI de um dia;100% do DI1 + 2,6070%;;457642740.0399999;2719695.877659005;0.5942836277532322;143;2;SANTANDER FUNDO DE INVESTIMENTO EM COTAS DE FUNDOS DE INVESTIMENTO INSTITUCIONAL RENDA FIXA REFERENC;02.224.354/0001-45;2701699.453423528;Governo do Estado do Amazonas/AM;203367.2238836844
Um fundo;BANCO BRADESCO S.A.;60.746.948/0001-12;2025-04-14;DI de um dia;100% do DI1 + 0,8517%;;318752100.46;2703279.712223725;0.848082164265756;473;1;BRADESCO FUNDO DE INVESTIMENTO RENDA FIXA REFERENCIADO DI PREMIUM;03.399.411/0001-90;2703279.712223725;Governo do Estado do Amazonas/AM;256253.7961644488
Dois fundos;BANCO VOTORANTIM S/A;59.588.111/0001-03;2050-08-01;DI de um dia;100% do DI1 + 4,5000%;;147359192.6399999;2670923.395937211;1.812525807237764;13;3;SPX SEAHAWK ADVISORY FUNDO DE INVESTIMENTO EM COTAS DE FUNDOS DE INVESTIMENTO RENDA FIXA CREDITO PRIVADO LONGO PRAZO;35.648.999/0001-64;2380223.908959686;São José dos Campos/SP;1308332.643110454
Dois fundos e Um fundo;BANCO ABC BRASIL S.A.;28.195.667/0001-06;2029-04-16;DI de um dia;100% do DI1 + 2,6000%;;215321562.3399999;2660238.573133109;1.235472446058377;39;5;SOMMA TORINO FUNDO DE INVESTIMENTO RENDA FIXA CREDITO PRIVADO;28.206.220/0001-95;1237650.921980825;Governo do Estado do Paraná/PR;419069.198398186
Dois fundos e Um fundo;Banco Volkswagen S/A;59.109.165/0001-49;2025-11-28;DI de um dia;100% do DI1 + 0,9500%;;803141754.1100001;2656284.179707542;0.3307366559034273;188;2;ITAU INSTITUCIONAL RENDA FIXA REFERENCIADO DI - FUNDO DE INVESTIMENTO;00.832.435/0001-00;2642448.509781071;Niterói/RJ;212155.5615247909
Dois fundos;BANCO GMAC S/A;59.274.605/0001-13;2026-06-19;DI de um dia;100% do DI1 + 1,4500%;;114668133.74;2644988.981749932;2.306646925768595;94;2;Itaú High Grade FIC Renda Fixa Crédito Privado;09.093.883/0001-04;2623972.930784776;Santos/SP;332807.1029670587
Dois fundos e Um fundo;BANCO SAFRA S.A.;58.160.789/0001-28;2026-06-30;DI de um dia;100% do DI1 + 1,4523%;;145360100.78;2644666.8862832;1.819389827120344;473;2;BRADESCO FUNDO DE INVESTIMENTO RENDA FIXA REFERENCIADO DI PREMIUM;03.399.411/0001-90;2641827.350264851;Governo do Estado do Amazonas/AM;250428.5014441036
Dois fundos;BANCO DO BRASIL;00.000.000/0001-91;2050-10-31;DI de um dia;100% do DI1 + 2,2564%;;230741411.07;2643746.880325219;1.145761772048445;143;2;SANTANDER FUNDO DE INVESTIMENTO EM COTAS DE FUNDOS DE INVESTIMENTO INSTITUCIONAL RENDA FIXA REFERENC;02.224.354/0001-45;2629676.115836391;Governo do Estado do Amazonas/AM;197945.752520031
Dois fundos;BANCO CITIBANK S.A.;33.479.023/0001-80;2026-02-09;DI de um dia;100% do DI1 + 0,8000%;;102531016.66;2640428.486739105;2.575248517719228;143;2;SANTANDER FUNDO DE INVESTIMENTO EM COTAS DE FUNDOS DE INVESTIMENTO INSTITUCIONAL RENDA FIXA REFERENC;02.224.354/0001-45;2630920.83829578;Governo do Estado do Amazonas/AM;198039.4475277237
Dois fundos e Um fundo;ITAU UNIBANCO HOLDING SA;60.872.504/0001-23;2050-07-15;Taxa Selic;114% do SEL;;463218319.4999997;2623661.073661438;0.5663983834865234;226;4;SPX SEAHAWK ADVISORY FUNDO DE INVESTIMENTO EM COTAS DE FUNDOS DE INVESTIMENTO RENDA FIXA CREDITO PRIVADO LONGO PRAZO;35.648.999/0001-64;1353815.420101236;São José dos Campos/SP;696479.8043270117
Dois fundos e Um fundo;Banco Volkswagen S/A;59.109.165/0001-49;2024-06-10;DI de um dia;100% do DI1 + 1,2500%;;140628193.89;2604512.707593933;1.852055861309855;223;3;ITAU INSTITUCIONAL RENDA FIXA REFERENCIADO DI - FUNDO DE INVESTIMENTO;00.832.435/0001-00;1961936.012115031;Niterói/RJ;219635.7084622215
Um fundo;BANCO BRADESCO S.A.;60.746.948/0001-12;2026-10-29;DI de um dia;100% do DI1 + 1,1169%;;1534243531.92;2602924.575406453;0.1696552418995094;473;1;BRADESCO FUNDO DE INVESTIMENTO RENDA FIXA REFERENCIADO DI PREMIUM;03.399.411/0001-90;2602924.575406453;Governo do Estado do Amazonas/AM;246740.764768643
Um fundo;BANCO BRADESCO S.A.;60.746.948/0001-12;2026-11-09;DI de um dia;100% do DI1 + 1,0969%;;178695589.2500001;2597733.451339331;1.453719961551502;473;1;BRADESCO FUNDO DE INVESTIMENTO RENDA FIXA REFERENCIADO DI PREMIUM;03.399.411/0001-90;2597733.451339331;Governo do Estado do Amazonas/AM;246248.6790837822
Dois fundos;BANCO COOPERATIVO SICREDI S.A.;01.181.521/0001-55;2027-10-04;DI de um dia;100% do DI1 + 1,0000%;;50944737.53;2595750.646373397;5.095228226163356;20;1;BTG FIC Corporativo I Crédito Privado;14.171.644/0001-57;2595750.646373397;São José dos Campos/SP;567567.9536296849
Dois fundos;BANCO COOPERATIVO SICREDI S.A.;01.181.521/0001-55;2026-12-13;DI de um dia;100% do DI1 + 1,9000%;;193068357.49;2595363.595949851;1.344271857745658;89;2;Itaú High Grade FIC Renda Fixa Crédito Privado;09.093.883/0001-04;2579161.908023065;Santos/SP;327123.5738073825
Dois fundos;BANCO DO BRASIL;00.000.000/0001-91;2027-09-27;DI de um dia;100% do DI1 + 1,9200%;;211935037.28;2589215.417696578;1.221702390943415;8;1;BB ESPELHO SULAMERICA CREDITO ASG FIC DE FIF RENDA FIXA CREDITO PRIVADO IS RESPONSABILIDADE LIMITADA;51.681.664/0001-02;2589215.417696578;Aracaju/SE;1389657.60434744
Dois fundos e Um fundo;BANCO BTG PACTUAL S A;30.306.294/0001-45;2025-12-22;Índice de Preços ao Consumidor Amplo (IPCA/IBGE);100% do IAP + 6,0900%;;62049361.87;2567374.564549576;4.13763250285877;150;2;CAIXA NOVO BRASILFIC RENDA FIXA REFERENCIADO IMA B;10.646.895/0001-90;1947858.791077648;Cerquilho/SP;111679.359356674
Um fundo;BANCO DO BRASIL;00.000.000/0001-91;2027-09-16;DI de um dia;100% do DI1 + 2,2503%;;102370275.71;2554895.786264127;2.495739870332842;9;1;SULAMERICA CREDITO INSTITUCIONAL ESG FIF RF CRED PRIV LONGO PRAZO IS - RESP LIMITADA;34.525.051/0001-59;2554895.786264127;Governo do Estado do Paraná/PR;1117330.983718492
Dois fundos e Um fundo;BANCO COOPERATIVO SICREDI S.A.;01.181.521/0001-55;2025-07-04;DI de um dia;100% do DI1 + 1,3500%;;90616560.95;2540457.027499435;2.80352399259689;165;4;SANTANDER FUNDO DE INVESTIMENTO EM COTAS DE FUNDOS DE INVESTIMENTO INSTITUCIONAL RENDA FIXA REFERENC;02.224.354/0001-45;2264504.894514687;Governo do Estado do Amazonas/AM;217010.2956228333
Dois fundos;BANCO PAN S.A.;59.285.411/0001-13;2027-01-15;DI de um dia;100% do DI1 + 1,4500%;;101401780.03;2537442.027040438;2.502364382843899;52;1;BB RENDA FIXA LONGO PRAZO CORPORATE BANCOS FUNDO DE INVESTIMENTO EM COTAS DE FIF RESP LIMITADA;18.060.364/0001-22;2537442.027040438;Governo do Estado de São Paulo/SP;514589.0367863383
Dois fundos;BANCO PAN S.A.;59.285.411/0001-13;2026-05-11;DI de um dia;100% do DI1 + 0,8500%;;147361753.79;2534601.506321702;1.719985980849327;143;2;SANTANDER FUNDO DE INVESTIMENTO EM COTAS DE FUNDOS DE INVESTIMENTO INSTITUCIONAL RENDA FIXA REFERENC;02.224.354/0001-45;2525292.434419566;Governo do Estado do Amazonas/AM;190088.3946330911
Dois fundos;BANCO COOPERATIVO SICREDI S.A.;01.181.521/0001-55;2027-07-25;DI de um dia;100% do DI1 + 0,9400%;;51047056.99000001;2519684.173823028;4.936002822487158;20;1;BTG FIC Corporativo I Crédito Privado;14.171.644/0001-57;2519684.173823028;São José dos Campos/SP;550935.8120849801
Dois fundos e Um fundo;BANCO YAMAHA MOTOR DO BRASIL SA;10.371.492/0001-85;2026-04-30;DI de um dia;100% do DI1 + 1,6000%;;50358852.1;2517545.891863215;4.999212227602017;223;3;Itaú High Grade FIC Renda Fixa Crédito Privado;09.093.883/0001-04;1386076.958353558;Niterói/RJ;224561.0090733899
Dois fundos;BANCO BRADESCO S.A.;60.746.948/0001-12;2050-03-15;Taxa Selic;120% do SEL;;558915685.0499996;2508067.306021673;0.4487380428046685;11;1;SPX SEAHAWK ADVISORY FUNDO DE INVESTIMENTO EM COTAS DE FUNDOS DE INVESTIMENTO RENDA FIXA CREDITO PRIVADO LONGO PRAZO;35.648.999/0001-64;2508067.306021673;São José dos Campos/SP;1281775.909060949
Dois fundos e Um fundo;BANCO BRADESCO S.A.;60.746.948/0001-12;2026-06-10;DI de um dia;100% do DI1 + 3,6000%;;25602567.03;2507920.149525689;9.795580836042788;19;2;MAG CASH FUNDO DE INVESTIMENTO RENDA FIXA LONGO PRAZO;17.899.612/0001-60;2507920.149525689;Governo do Estado do Paraná/PR;845405.0852245878
Dois fundos;ITAU UNIBANCO HOLDING SA;60.872.504/0001-23;2024-11-19;DI de um dia;100% do DI1 + 0,4287%;;1445656218.540001;2490816.136502915;0.1722965740097216;52;2;BNB PLUS FIC FI RF LP;06.124.241/0001-29;2488860.573360682;Governo do Estado da Paraíba/PB;650012.6566917842
Dois fundos e Um fundo;BANCO ABC BRASIL S.A.;28.195.667/0001-06;2025-11-24;DI de um dia;100% do DI1 + 0,8400%;;46370623.97000001;2479418.895143023;5.346960387565867;21;2;BTG FIC Corporativo I Crédito Privado;14.171.644/0001-57;2478435.637625354;São José dos Campos/SP;541916.7072211743
Um fundo;BANCO BRADESCO S.A.;60.746.948/0001-12;2027-06-01;DI de um dia;100% do DI1 + 2,5532%;;2971330201.669999;2461976.423163951;0.08285771880150605;473;1;BRADESCO FUNDO DE INVESTIMENTO RENDA FIXA REFERENCIADO DI PREMIUM;03.399.411/0001-90;2461976.423163951;Governo do Estado do Amazonas/AM;233379.7725963625
Direta;;;;;;LF ITAÚ IPCA [ 26092028 ];;2459280.99;;1;;;;;Guarabira/PB;2459280.99
Dois fundos e Um fundo;BANCO RCI BRASIL S.A.;62.307.848/0001-15;2026-05-11;DI de um dia;100% do DI1 + 0,6000%;;169231252.29;2457153.758367291;1.451950349074198;82;6;BTG FIC Corporativo I Crédito Privado;14.171.644/0001-57;1212324.626478015;Governo do Estado do Amazonas/AM;489278.1240139835
Direta;;;;;;LF ITAÚ IPCA;;2448798.92;;1;;;;;São Gabriel da Palha/ES;2448798.92
Direta;;;;;;ETRA FINANCEIRA LF N° 3689056;;2430771.55;;1;;;;;Pontes e Lacerda/MT;2430771.55
Direta;;;;;;ETRA FINANCEIRA LF N° 260016951915;;2425035.45;;1;;;;;Pontes e Lacerda/MT;2425035.45
Um fundo;BANCO BRADESCO S.A.;60.746.948/0001-12;2026-06-25;DI de um dia;100% do DI1 + 1,6875%;;160330135.5100001;2415697.863770486;1.506702315248661;473;1;BRADESCO FUNDO DE INVESTIMENTO RENDA FIXA REFERENCIADO DI PREMIUM;03.399.411/0001-90;2415697.863770486;Governo do Estado do Amazonas/AM;228992.8582596871
Dois fundos;BANCO DO BRASIL;00.000.000/0001-91;2059-10-25;DI de um dia;100% do DI1 + 2,2500%;;286479277.34;2413509.216941583;0.8424725304222185;173;3;BB RENDA FIXA LONGO PRAZO CORPORATE BANCOS FUNDO DE INVESTIMENTO EM COTAS DE FIF RESP LIMITADA;18.060.364/0001-22;2359695.655255405;Governo do Estado de São Paulo/SP;478542.36723708
Um fundo;INDUSTRIAL BRAS;31.895.683/0001-16;2024-07-15;DI de um dia;100% do DI1 + 1,6500%;;14203753.99;2408121.829797605;16.9541223502816;8;1;MONGERAL AEGON RENDA FIXA FUNDO DE INVESTIMENTO;11.435.287/0001-07;2408121.829797605;Governo do Estado do Paraná/PR;1101123.770163291
Dois fundos e Um fundo;BANCO CSF S.A.;08.357.240/0001-50;2026-04-22;DI de um dia;100% do DI1 + 0,5800%;;151708470.34;2397681.654220152;1.580453384604439;148;6;SANTANDER FUNDO DE INVESTIMENTO EM COTAS DE FUNDOS DE INVESTIMENTO INSTITUCIONAL RENDA FIXA REFERENC;02.224.354/0001-45;2298853.598891407;Governo do Estado do Amazonas/AM;173043.4796990995
Dois fundos;BANCO DAYCOVAL S.A.;62.232.889/0001-90;2026-04-09;DI de um dia;100% do DI1 + 0,6500%;;94459047.34;2395985.374465499;2.5365334946067;20;1;BTG FIC Corporativo I Crédito Privado;14.171.644/0001-57;2395985.374465499;São José dos Campos/SP;523888.7324604826
Dois fundos;BANRISUL S/A;92.702.067/0001-96;2032-09-16;DI de um dia;100% do DI1 + 3,5000%;;242280415.3099999;2376037.409560167;0.9806972662317779;11;1;SPX SEAHAWK ADVISORY FUNDO DE INVESTIMENTO EM COTAS DE FUNDOS DE INVESTIMENTO RENDA FIXA CREDITO PRIVADO LONGO PRAZO;35.648.999/0001-64;2376037.409560167;São José dos Campos/SP;1214300.550583187
Dois fundos e Um fundo;BANCO CNH CAPITAL S.A.;02.992.446/0001-75;2025-11-05;DI de um dia;100% do DI1 + 0,9000%;;324546306.8100002;2375112.527487208;0.7318254676297009;260;12;SAFRA EXTRA BANCOS FUNDO DE INVESTIMENTO EM COTAS DE FUNDO DE INVESTIMENTO RENDA FIXA CREDITO PRIVADO;20.441.483/0001-77;796962.5674875067;Governo do Estado do Amazonas/AM;250601.4300217183
Dois fundos;BANCO PAN S.A.;59.285.411/0001-13;2027-07-19;DI de um dia;100% do DI1 + 1,5000%;;101151206.53;2370462.446932747;2.343484104887767;52;1;BB RENDA FIXA LONGO PRAZO CORPORATE BANCOS FUNDO DE INVESTIMENTO EM COTAS DE FIF RESP LIMITADA;18.060.364/0001-22;2370462.446932747;Governo do Estado de São Paulo/SP;480725.8547412204
Um fundo;BANCO BRADESCO S.A.;60.746.948/0001-12;2028-08-15;DI de um dia;100% do DI1 + 2,7567%;;112712935.7;2363147.016287251;2.096606748472129;9;1;SULAMERICA CREDITO INSTITUCIONAL ESG FIF RF CRED PRIV LONGO PRAZO IS - RESP LIMITADA;34.525.051/0001-59;2363147.016287251;Governo do Estado do Paraná/PR;1033473.61351305
Direta;;;;;;Letra Financeira - 19/09/2025;;2354428.39;;1;;;;;Bom Despacho/MG;2354428.39
Um fundo;BANCO SANTANDER;90.400.888/0001-42;2028-10-20;DI de um dia;100% do DI1 + 1,3513%;;296965729.6899999;2350180.398250307;0.791397849409641;39;1;4UM FUNDO DE INVESTIMENTO RENDA FIXA CREDITO PRIVADO LONGO PRAZO;28.581.607/0001-21;2350180.398250307;São José dos Campos/SP;270066.5733101339
Dois fundos;BANCO RCI BRASIL S.A.;62.307.848/0001-15;2026-11-09;DI de um dia;100% do DI1 + 1,2000%;;248408496.03;2331573.647924084;0.9386046311566181;88;1;Itaú High Grade FIC Renda Fixa Crédito Privado;09.093.883/0001-04;2331573.647924084;Santos/SP;295721.1417908478
Dois fundos e Um fundo;BANCO ABC BRASIL S.A.;28.195.667/0001-06;2032-03-23;DI de um dia;100% do DI1 + 2,3500%;;17719130;2316866.911970994;13.07551167563529;30;1;BANESTES LIQUIDEZ FUNDO DE INVESTIMENTO RENDA FIXA REFERENCIADO DI;20.230.719/0001-26;2068765.301568832;Governo do Estado do Espírito Santo/ES;793159.8064359401
Um fundo;BANCO BTG PACTUAL S A;30.306.294/0001-45;2024-10-03;DI de um dia;100% do DI1 + 1,0000%;;6198866.67;2312186.005281852;37.30014095111764;8;1;MONGERAL AEGON RENDA FIXA FUNDO DE INVESTIMENTO;11.435.287/0001-07;2312186.005281852;Governo do Estado do Paraná/PR;1057256.713489756
Dois fundos;BANCO RABOBANK;01.023.570/0001-60;2027-02-25;DI de um dia;100% do DI1 + 0,7500%;;129245167.15;2301538.210886783;1.780753788817227;143;2;SANTANDER FUNDO DE INVESTIMENTO EM COTAS DE FUNDOS DE INVESTIMENTO INSTITUCIONAL RENDA FIXA REFERENC;02.224.354/0001-45;2293621.835026983;Governo do Estado do Amazonas/AM;172649.6648757021
Um fundo;BR PARTNERS BANCO INVESTIMENTO SA;13.220.493/0001-17;2026-04-17;DI de um dia;100% do DI1 + 1,2000%;;3548221.84;2297950.573814511;64.7634414485908;39;1;4UM FUNDO DE INVESTIMENTO RENDA FIXA CREDITO PRIVADO LONGO PRAZO;28.581.607/0001-21;2297950.573814511;São José dos Campos/SP;264064.6809786059
Dois fundos;BANCO RABOBANK;01.023.570/0001-60;2026-02-26;DI de um dia;100% do DI1 + 0,6500%;;129009652.89;2297344.281325574;1.780753788466048;143;2;SANTANDER FUNDO DE INVESTIMENTO EM COTAS DE FUNDOS DE INVESTIMENTO INSTITUCIONAL RENDA FIXA REFERENC;02.224.354/0001-45;2289442.330913839;Governo do Estado do Amazonas/AM;172335.057657781
Um fundo;ITAU UNIBANCO S.A.;60.701.190/0001-04;2026-04-01;DI de um dia;100% do DI1 + 0,7903%;;1087900232.02;2274006.090651522;0.2090270802157267;131;1;FUNDO DE INVESTIMENTO INSTITUCIONAL RENDA FIXA REFERENCIADO IRF-M LONGO PRAZO;13.081.159/0001-20;2274006.090651522;Dourados/MS;125690.6562275996
Dois fundos;BANCO SAFRA S.A.;58.160.789/0001-28;2026-04-29;DI de um dia;100% do DI1 + 0,6500%;;312027070.35;2266236.368678505;0.7262947942742509;88;1;Itaú High Grade FIC Renda Fixa Crédito Privado;09.093.883/0001-04;2266236.368678505;Santos/SP;287434.2001206957
Dois fundos e Um fundo;Banco Volkswagen S/A;59.109.165/0001-49;2026-11-30;DI de um dia;100% do DI1 + 1,3000%;;176766381.09;2261774.663037442;1.279527616671559;240;4;Itaú High Grade FIC Renda Fixa Crédito Privado;09.093.883/0001-04;1277137.180477815;Governo do Estado do Amazonas/AM;197806.3253576821
Dois fundos;BANCO DAYCOVAL S.A.;62.232.889/0001-90;2025-01-29;DI de um dia;100% do DI1 + 1,0000%;;289910753.66;2256724.283708397;0.7784203432326027;88;1;Itaú High Grade FIC Renda Fixa Crédito Privado;09.093.883/0001-04;2256724.283708397;Santos/SP;286227.7511497716
Dois fundos;BANCO SAFRA S.A.;58.160.789/0001-28;2025-08-18;DI de um dia;100% do DI1 + 0,7500%;;114711867.73;2246343.409060547;1.958248482491644;143;2;SANTANDER FUNDO DE INVESTIMENTO EM COTAS DE FUNDOS DE INVESTIMENTO INSTITUCIONAL RENDA FIXA REFERENC;02.224.354/0001-45;2238960.999882934;Governo do Estado do Amazonas/AM;168535.1353027243
Um fundo;BANCO BTG PACTUAL S A;30.306.294/0001-45;2026-11-17;DI de um dia;100% do DI1 + 1,7349%;;432348445.8899997;2240805.748185673;0.5182869903864047;39;1;4UM FUNDO DE INVESTIMENTO RENDA FIXA CREDITO PRIVADO LONGO PRAZO;28.581.607/0001-21;2240805.748185673;São José dos Campos/SP;257497.9905017918
Um fundo;BANCO GMAC S/A;59.274.605/0001-13;2026-06-15;DI de um dia;100% do DI1 + 1,3397%;;254679869.57;2229171.02183481;0.8752835571961496;39;1;4UM FUNDO DE INVESTIMENTO RENDA FIXA CREDITO PRIVADO LONGO PRAZO;28.581.607/0001-21;2229171.02183481;São José dos Campos/SP;256161.0077410992
Dois fundos e Um fundo;PORTOSEG SA CRE;04.862.600/0001-10;2027-04-22;DI de um dia;100% do DI1 + 0,7500%;;390317503.9200003;2228379.26560474;0.570914510167976;21;2;BTG FIC Corporativo I Crédito Privado;14.171.644/0001-57;2227350.388931844;São José dos Campos/SP;487016.2332535848
Dois fundos e Um fundo;PARANA BANCO S.A.;14.388.334/0001-99;2025-09-12;DI de um dia;100% do DI1 + 1,3500%;;6702086.16;2217288.894321561;33.08356295917213;30;1;BANESTES LIQUIDEZ FUNDO DE INVESTIMENTO RENDA FIXA REFERENCIADO DI;20.230.719/0001-26;1979850.592377829;Governo do Estado do Espírito Santo/ES;759070.11367197
Dois fundos;BANCO RCI BRASIL S.A.;62.307.848/0001-15;2027-07-26;DI de um dia;100% do DI1 + 1,6000%;;70693099.55;2207023.39229812;3.121978533049228;94;2;Itaú High Grade FIC Renda Fixa Crédito Privado;09.093.883/0001-04;2205233.725955131;Santos/SP;279697.0346339968
Dois fundos;BANCO PAN S.A.;59.285.411/0001-13;2025-07-18;DI de um dia;100% do DI1 + 1,3000%;;100938342.27;2205102.887517076;2.184603826382096;52;1;BB RENDA FIXA LONGO PRAZO CORPORATE BANCOS FUNDO DE INVESTIMENTO EM COTAS DE FIF RESP LIMITADA;18.060.364/0001-22;2205102.887517076;Governo do Estado de São Paulo/SP;447191.2102069485
Direta;;;;;;Letra Financeira - 14/08/2025;;2202918.88;;1;;;;;Igaratinga/MG;2202918.88
Dois fundos e Um fundo;BANCO VOTORANTIM S/A;59.588.111/0001-03;2026-03-02;DI de um dia;100% do DI1 + 1,0400%;;179915633.01;2197152.850948634;1.2212128619343;27;4;BTG FIC Corporativo I Crédito Privado;14.171.644/0001-57;1947420.990939772;São José dos Campos/SP;425808.9074262273
Dois fundos e Um fundo;BANCO BRADESCO S.A.;60.746.948/0001-12;2027-11-10;DI de um dia;100% do DI1 + 1,9425%;;18331913.45;2196533.922681044;11.98202210954168;64;1;BRADESCO FIC DE FI RENDA FIXA CREDITO PRIVADO LONGO PRAZO PERFORMANCE INSTITUCIONAL;44.961.198/0001-45;2154123.477727429;Governo do Estado do Amazonas/AM;312365.4673287739
Um fundo;BANCO DO BRASIL;00.000.000/0001-91;2028-09-04;DI de um dia;100% do DI1 + 2,2533%;;79224039.79;2192810.882902327;2.767860473556807;39;1;4UM FUNDO DE INVESTIMENTO RENDA FIXA CREDITO PRIVADO LONGO PRAZO;28.581.607/0001-21;2192810.882902327;São José dos Campos/SP;251982.7505596987
Dois fundos;BANCO DAYCOVAL S.A.;62.232.889/0001-90;2024-10-20;DI de um dia;100% do DI1 + 1,3402%;;584188592.9600003;2190754.136247804;0.3750080303943569;143;2;SANTANDER FUNDO DE INVESTIMENTO EM COTAS DE FUNDOS DE INVESTIMENTO INSTITUCIONAL RENDA FIXA REFERENC;02.224.354/0001-45;2183794.089223912;Governo do Estado do Amazonas/AM;164382.511495236
Dois fundos e Um fundo;BANCO BRADESCO S.A.;60.746.948/0001-12;2025-08-04;DI de um dia;108,75% do DI1;;238231210.37;2190441.971148464;0.9194605390899286;46;2;SAFRA DI MASTER FUNDO DE INVESTIMENTO RENDA FIXA REFERENCIADO DI LONGO PRAZO;02.536.364/0001-16;2187246.417997302;Governo do Estado do Amazonas/AM;1180589.180983014
Dois fundos;BANCO ABC BRASIL S.A.;28.195.667/0001-06;2026-03-05;DI de um dia;100% do DI1 + 0,7800%;;41165895.96000001;2187039.491498385;5.312746001261537;97;2;BTG FIC Corporativo I Crédito Privado;14.171.644/0001-57;1639398.517082993;São José dos Campos/SP;363087.4460381995
Dois fundos e Um fundo;BANCO BOCOM BBM S.A.;15.114.366/0001-69;2027-02-10;DI de um dia;100% do DI1 + 2,6063%;;294469735.81;2186214.160900776;0.7424240575647412;64;1;BRADESCO FIC DE FI RENDA FIXA CREDITO PRIVADO LONGO PRAZO PERFORMANCE INSTITUCIONAL;44.961.198/0001-45;2144002.968817511;Governo do Estado do Amazonas/AM;310897.9110220262
Dois fundos;BANCO BRADESCO S.A.;60.746.948/0001-12;2025-04-30;DI de um dia;100% do DI1 + 1,0000%;;2001996331.87;2174615.341431928;0.1086223439480876;62;2;SAFRA EXTRA BANCOS FUNDO DE INVESTIMENTO EM COTAS DE FUNDO DE INVESTIMENTO RENDA FIXA CREDITO PRIVADO;20.441.483/0001-77;2162312.279419121;Governo do Estado do Paraná/PR;533018.7176706727
Um fundo;BANCO BRADESCO S.A.;60.746.948/0001-12;2026-11-10;DI de um dia;100% do DI1 + 1,0968%;;153362212.69;2164057.811478351;1.411076283734044;473;1;BRADESCO FUNDO DE INVESTIMENTO RENDA FIXA REFERENCIADO DI PREMIUM;03.399.411/0001-90;2164057.811478351;Governo do Estado do Amazonas/AM;205138.9750025106
Dois fundos e Um fundo;BANCO AGIPLAN S.A.;10.664.513/0001-50;2026-05-09;DI de um dia;100% do DI1 + 1,7500%;;125013215.72;2158945.062664356;1.726973464549445;42;5;BTG FIC Corporativo I Crédito Privado;14.171.644/0001-57;1255753.376301416;São José dos Campos/SP;318268.646063228
Dois fundos e Um fundo;ITAU UNIBANCO S.A.;60.701.190/0001-04;2026-01-02;DI de um dia;100% do DI1 + 0,8170%;;798633592.1100001;2152623.930889557;0.2695383655478724;63;5;SAFRA DI MASTER FUNDO DE INVESTIMENTO RENDA FIXA REFERENCIADO DI LONGO PRAZO;02.536.364/0001-16;1656030.672156361;Governo do Estado do Amazonas/AM;901168.4791044754
Dois fundos;BANCO BRADESCO S.A.;60.746.948/0001-12;2024-12-20;DI de um dia;100% do DI1 + 0,3101%;;55360892.18;2147856.738288898;3.87973649576559;139;1;SANTANDER FUNDO DE INVESTIMENTO EM COTAS DE FUNDOS DE INVESTIMENTO INSTITUCIONAL RENDA FIXA REFERENC;02.224.354/0001-45;2147856.738288898;Governo do Estado do Amazonas/AM;161677.3700021192
Um fundo;BANCO BTG PACTUAL S A;30.306.294/0001-45;2027-09-01;DI de um dia;100% do DI1 + 2,2052%;;185450331.95;2135650.5260214;1.15160242829719;25;2;MONGERAL AEGON RENDA FIXA FUNDO DE INVESTIMENTO;11.435.287/0001-07;1913611.786985224;Governo do Estado do Paraná/PR;875006.9865407015
Um fundo;BANCO BRADESCO S.A.;60.746.948/0001-12;2027-09-17;DI de um dia;100% do DI1 + 0,4090%;;6778743623.540005;2101952.618377987;0.03100799698455482;473;1;BRADESCO FUNDO DE INVESTIMENTO RENDA FIXA REFERENCIADO DI PREMIUM;03.399.411/0001-90;2101952.618377987;Governo do Estado do Amazonas/AM;199251.7960244966
Dois fundos e Um fundo;BANCO SAFRA S.A.;58.160.789/0001-28;2029-12-14;DI de um dia;100% do DI1 + 2,0058%;;274135059.0399999;2099499.596268537;0.7658632221726126;68;3;BRADESCO FIC DE FI RENDA FIXA CREDITO PRIVADO LONGO PRAZO PERFORMANCE INSTITUCIONAL;44.961.198/0001-45;1915033.958777204;Governo do Estado do Amazonas/AM;277695.5377298036
Dois fundos;BANCO BTG PACTUAL S A;30.306.294/0001-45;2027-03-01;DI de um dia;100% do DI1 + 0,9200%;;98234720.16999999;2094598.462148357;2.132238437207895;88;1;Itaú High Grade FIC Renda Fixa Crédito Privado;09.093.883/0001-04;2094598.462148357;Santos/SP;265664.8008401381
Dois fundos;BANCO ABC BRASIL S.A.;28.195.667/0001-06;2026-08-31;DI de um dia;100% do DI1 + 1,1000%;;63310656.92;2094207.719108738;3.307828130349367;88;1;Itaú High Grade FIC Renda Fixa Crédito Privado;09.093.883/0001-04;2094207.719108738;Santos/SP;265615.2416173679
Dois fundos e Um fundo;BANCO BRADESCO S.A.;60.746.948/0001-12;2027-05-04;DI de um dia;108% do DI1 + 2,2802%;;31666754.71;2089651.478780552;6.598881059702225;482;2;BRADESCO FUNDO DE INVESTIMENTO RENDA FIXA REFERENCIADO DI PREMIUM;03.399.411/0001-90;1728292.813316428;Governo do Estado do Amazonas/AM;215219.4329661693
Dois fundos;BANCO DAYCOVAL S.A.;62.232.889/0001-90;2026-08-12;DI de um dia;100% do DI1 + 1,8000%;;146560573.56;2086907.910008258;1.423921767851096;94;2;Itaú High Grade FIC Renda Fixa Crédito Privado;09.093.883/0001-04;2065616.221405486;Santos/SP;261988.8880797713
Dois fundos e Um fundo;BANCO CNH CAPITAL S.A.;02.992.446/0001-75;2025-09-28;DI de um dia;100% do DI1 + 1,0500%;;227544918.03;2086492.542888442;0.9169585332656623;179;5;SANTANDER FUNDO DE INVESTIMENTO EM COTAS DE FUNDOS DE INVESTIMENTO INSTITUCIONAL RENDA FIXA REFERENC;02.224.354/0001-45;1617790.472104307;Governo do Estado do Amazonas/AM;206786.29842121
Dois fundos;BANCO DAYCOVAL S.A.;62.232.889/0001-90;2025-06-23;Índice de Preços ao Consumidor Amplo (IPCA/IBGE);100% do IAP + 7,1000%;;5727947.37;2070296.374656828;36.1437743911538;123;1;CAIXA NOVO BRASILFIC RENDA FIXA REFERENCIADO IMA B;10.646.895/0001-90;2070296.374656828;Cerquilho/SP;118699.2475323138
Dois fundos e Um fundo;BANCO XP S.A;33.264.668/0001-03;2025-07-31;DI de um dia;100% do DI1 + 1,2000%;;156149023.1499999;2069686.003293511;1.325455620241267;144;3;SANTANDER FUNDO DE INVESTIMENTO EM COTAS DE FUNDOS DE INVESTIMENTO INSTITUCIONAL RENDA FIXA REFERENC;02.224.354/0001-45;2061315.723138425;Governo do Estado do Amazonas/AM;155163.0976684864
Um fundo;BANCO XP S.A;33.264.668/0001-03;2024-06-28;DI de um dia;100% do DI1 + 1,0900%;;715793280.3400003;2067790.301263157;0.288880932254765;268;1;SICREDI - FUNDO DE INVESTIMENTO INSTITUCIONAL RENDA FIXA REFERENCIADO IRF-M 1;19.196.599/0001-09;2067790.301263157;Avaré/SP;74166.06601363375
Um fundo;BANCO BRADESCO S.A.;60.746.948/0001-12;2027-09-09;DI de um dia;100% do DI1 + 3,0000%;;6969893.55;2062640.175340815;29.5935678291789;19;1;MAG CASH FUNDO DE INVESTIMENTO RENDA FIXA LONGO PRAZO;17.899.612/0001-60;2062640.175340815;Governo do Estado do Paraná/PR;695303.8331589028
Dois fundos;BANCO BRADESCO S.A.;60.746.948/0001-12;2027-08-09;DI de um dia;100% do DI1 + 1,9670%;;146301022.94;2059770.901944558;1.407899179754401;8;1;BB ESPELHO SULAMERICA CREDITO ASG FIC DE FIF RENDA FIXA CREDITO PRIVADO IS RESPONSABILIDADE LIMITADA;51.681.664/0001-02;2059770.901944558;Aracaju/SE;1105499.479702339
Dois fundos e Um fundo;ITAU UNIBANCO HOLDING SA;60.872.504/0001-23;2026-09-21;DI de um dia;100% do DI1 + 1,2935%;;2532328034.069999;2054969.704040559;0.08114942757782362;64;1;BRADESCO FIC DE FI RENDA FIXA CREDITO PRIVADO LONGO PRAZO PERFORMANCE INSTITUCIONAL;44.961.198/0001-45;2015292.566066662;Governo do Estado do Amazonas/AM;292233.853217987
Dois fundos;BANCO BTG PACTUAL S A;30.306.294/0001-45;2027-04-23;DI de um dia;100% do DI1 + 0,7400%;;51695899.11;2047123.577909264;3.959934178827874;88;1;Itaú High Grade FIC Renda Fixa Crédito Privado;09.093.883/0001-04;2047123.577909264;Santos/SP;259643.4053821509
Dois fundos;BANCO BRADESCO S.A.;60.746.948/0001-12;2025-08-01;DI de um dia;108,75% do DI1 + 0,0790%;;5264633301.920004;2042458.919948103;0.03879584394231639;139;1;SANTANDER FUNDO DE INVESTIMENTO EM COTAS DE FUNDOS DE INVESTIMENTO INSTITUCIONAL RENDA FIXA REFERENC;02.224.354/0001-45;2042458.919948103;Governo do Estado do Amazonas/AM;153743.6741603395
Dois fundos;BANCO VOTORANTIM S/A;59.588.111/0001-03;2026-05-25;DI de um dia;100% do DI1 + 0,5400%;;159743395.27;2028340.631011039;1.269749292346463;88;1;Itaú High Grade FIC Renda Fixa Crédito Privado;09.093.883/0001-04;2028340.631011039;Santos/SP;257261.1025508055
Dois fundos e Um fundo;ITAU UNIBANCO HOLDING SA;60.872.504/0001-23;2049-07-15;Taxa Selic;114% do SEL;;219249660.72;2018797.907760396;0.9207758411715714;190;5;BB PREVIDENCIARIO MULTIMERCADO FUNDO DE INVESTIMENTO LONGO PRAZO;10.418.362/0001-50;1537492.94656755;Marabá/PA;141025.8568945729
Dois fundos;ITAU UNIBANCO HOLDING SA;60.872.504/0001-23;2050-01-17;Taxa Selic;100% do SEL + 1,1745%;;150766934.55;2018383.301764401;1.338744007622592;11;1;SPX SEAHAWK ADVISORY FUNDO DE INVESTIMENTO EM COTAS DE FUNDOS DE INVESTIMENTO RENDA FIXA CREDITO PRIVADO LONGO PRAZO;35.648.999/0001-64;2018383.301764401;São José dos Campos/SP;1031517.409935948
Um fundo;BANCO COOPERATIVO SICREDI S.A.;01.181.521/0001-55;2027-07-29;DI de um dia;100% do DI1 + 3,2500%;;97468983.77;2018189.980977779;2.070597130406276;10;2;SULAMERICA CREDITO INSTITUCIONAL ESG FIF RF CRED PRIV LONGO PRAZO IS - RESP LIMITADA;34.525.051/0001-59;2018135.090481745;Governo do Estado do Paraná/PR;882589.7627793339
Um fundo;BANCO BRADESCO S.A.;60.746.948/0001-12;2026-11-04;DI de um dia;100% do DI1 + 2,2500%;;301857381.0300001;2017871.341375518;0.6684850092086938;41;2;MAG CASH FUNDO DE INVESTIMENTO RENDA FIXA LONGO PRAZO;17.899.612/0001-60;1432395.783387955;Governo do Estado do Paraná/PR;482852.1671870039
Dois fundos e Um fundo;PORTOSEG SA CRE;04.862.600/0001-10;2024-07-26;DI de um dia;100% do DI1 + 1,5000%;;536841033.3200001;2015850.18370519;0.3755022545945333;61;4;BB RENDA FIXA LONGO PRAZO CORPORATE BANCOS FUNDO DE INVESTIMENTO EM COTAS DE FIF RESP LIMITADA;18.060.364/0001-22;1908472.194603289;Governo do Estado de São Paulo/SP;387034.9974063721
Dois fundos e Um fundo;BANCO VOTORANTIM S/A;59.588.111/0001-03;2027-08-01;DI de um dia;100% do DI1 + 4,5000%;;297750312.47;1998159.949204452;0.6710857606256173;46;2;SAFRA DI MASTER FUNDO DE INVESTIMENTO RENDA FIXA REFERENCIADO DI LONGO PRAZO;02.536.364/0001-16;1982576.671737412;Governo do Estado do Amazonas/AM;1070116.540076733
Um fundo;BANCO XP S.A;33.264.668/0001-03;2027-12-15;DI de um dia;100% do DI1 + 2,5060%;;217708599.29;1983638.946778853;0.9111440490857851;9;1;SULAMERICA CREDITO INSTITUCIONAL ESG FIF RF CRED PRIV LONGO PRAZO IS - RESP LIMITADA;34.525.051/0001-59;1983638.946778853;Governo do Estado do Paraná/PR;867503.5857284856
Dois fundos e Um fundo;PARANA BANCO S.A.;14.388.334/0001-99;2025-06-20;DI de um dia;100% do DI1 + 1,8000%;;7286359.07;1975993.405158545;27.1190780769269;30;1;BANESTES LIQUIDEZ FUNDO DE INVESTIMENTO RENDA FIXA REFERENCIADO DI;20.230.719/0001-26;1764394.222041536;Governo do Estado do Espírito Santo/ES;676464.6422529884
Dois fundos e Um fundo;BANCO ABC BRASIL S.A.;28.195.667/0001-06;2026-09-01;DI de um dia;100% do DI1 + 1,1000%;;59576412.44999999;1973013.029078841;3.311735211875519;219;2;ITAU INSTITUCIONAL RENDA FIXA REFERENCIADO DI - FUNDO DE INVESTIMENTO;00.832.435/0001-00;1488267.734733503;Niterói/RJ;166383.5685682647
Dois fundos e Um fundo;ITAU UNIBANCO S.A.;60.701.190/0001-04;2024-06-03;DI de um dia;100% do DI1 + 0,6670%;;1314998439.930001;1968699.315285814;0.1497111521585235;70;4;SAFRA EXTRA BANCOS FUNDO DE INVESTIMENTO EM COTAS DE FUNDO DE INVESTIMENTO RENDA FIXA CREDITO PRIVADO;20.441.483/0001-77;1249656.333207598;Governo do Distrito Federal/DF;398764.5486233056
Dois fundos e Um fundo;BANCO CNH CAPITAL S.A.;02.992.446/0001-75;2026-09-28;DI de um dia;100% do DI1 + 1,3000%;;288443399.9699999;1963434.59416002;0.6807001284703449;216;6;Itaú High Grade FIC Renda Fixa Crédito Privado;09.093.883/0001-04;845259.4532100217;Governo do Estado do Amazonas/AM;570407.7070112345
Dois fundos e Um fundo;BANCO BRADESCO S.A.;60.746.948/0001-12;2026-07-27;DI de um dia;100% do DI1 + 1,8250%;;165639526.91;1960287.14174241;1.18346579364932;64;1;BRADESCO FIC DE FI RENDA FIXA CREDITO PRIVADO LONGO PRAZO PERFORMANCE INSTITUCIONAL;44.961.198/0001-45;1922438.124679804;Governo do Estado do Amazonas/AM;278769.2021535281
Dois fundos;BANCO VOTORANTIM S/A;59.588.111/0001-03;2026-10-13;DI de um dia;100% do DI1 + 0,7500%;;165468235.03;1958750.263032618;1.18376210556515;94;2;Itaú High Grade FIC Renda Fixa Crédito Privado;09.093.883/0001-04;1951366.627513167;Santos/SP;247498.2369330411
Dois fundos;BANCO VOTORANTIM S/A;59.588.111/0001-03;2026-04-09;DI de um dia;100% do DI1 + 0,7000%;;152554362.76;1956690.708532101;1.282618650251508;94;2;Itaú High Grade FIC Renda Fixa Crédito Privado;09.093.883/0001-04;1952371.897872632;Santos/SP;247625.7386736676
Dois fundos;BANCO VOTORANTIM S/A;59.588.111/0001-03;2027-04-09;DI de um dia;100% do DI1 + 0,8000%;;152402726.16;1955747.276559266;1.283275782420076;94;2;Itaú High Grade FIC Renda Fixa Crédito Privado;09.093.883/0001-04;1948367.20544456;Santos/SP;247117.8103830881
Dois fundos e Um fundo;BANCO BRADESCO S.A.;60.746.948/0001-12;2025-03-15;DI de um dia;120% do DI1;;433243389.3099995;1952418.440253611;0.4506516402623268;46;2;SAFRA DI MASTER FUNDO DE INVESTIMENTO RENDA FIXA REFERENCIADO DI LONGO PRAZO;02.536.364/0001-16;1932791.369964515;Governo do Estado do Amazonas/AM;1043244.401591818
Dois fundos;BANCO BRADESCO S.A.;60.746.948/0001-12;2027-04-08;DI de um dia;100% do DI1 + 1,9487%;;160919466.92;1950513.285365006;1.212105236673876;8;1;BB ESPELHO SULAMERICA CREDITO ASG FIC DE FIF RENDA FIXA CREDITO PRIVADO IS RESPONSABILIDADE LIMITADA;51.681.664/0001-02;1950513.285365006;Aracaju/SE;1046859.832852204
Dois fundos;BANCO BOCOM BBM S.A.;15.114.366/0001-69;2027-02-10;DI de um dia;100% do DI1 + 2,6000%;;294469735.81;1943694.964859101;0.6600661217400032;46;2;BTG FIC Corporativo I Crédito Privado;14.171.644/0001-57;1939629.726009131;São José dos Campos/SP;424105.3261138047
Um fundo;BANCO SAFRA S.A.;58.160.789/0001-28;2025-02-03;DI de um dia;100% do DI1 + 0,9022%;;1003346842.3;1942973.110258358;0.1936491976996137;39;1;4UM FUNDO DE INVESTIMENTO RENDA FIXA CREDITO PRIVADO LONGO PRAZO;28.581.607/0001-21;1942973.110258358;São José dos Campos/SP;223273.1114223686
Dois fundos e Um fundo;BANCO BRADESCO S.A.;60.746.948/0001-12;2026-06-09;DI de um dia;100% do DI1 + 2,5000%;;109733368.95;1942450.457315333;1.770154763224676;43;2;BTG FIC Corporativo I Crédito Privado;14.171.644/0001-57;1889646.737415117;São José dos Campos/SP;413176.4094275139
Dois fundos;BANCO SAFRA S.A.;58.160.789/0001-28;2025-02-24;DI de um dia;100% do DI1 + 1,1000%;;516646128.38;1923716.440417351;0.3723470156351259;52;1;BB RENDA FIXA LONGO PRAZO CORPORATE BANCOS FUNDO DE INVESTIMENTO EM COTAS DE FIF RESP LIMITADA;18.060.364/0001-22;1923716.440417351;Governo do Estado de São Paulo/SP;390126.505187199
Dois fundos e Um fundo;BANCO VOTORANTIM S/A;59.588.111/0001-03;2025-11-24;DI de um dia;100% do DI1 + 0,9000%;;169654447.12;1922116.354383994;1.132959605252459;11;3;Porto Seguro FI Referenciado DI Crédito Privado;18.719.154/0001-01;1655160.632313343;Governo do Estado do Amazonas/AM;1452866.491832392
Direta;;;;;;Letra Financeira - 29/07/2025;;1917572.24;;1;;;;;Sabará/MG;1917572.24
Dois fundos;BANCO BRADESCO S.A.;60.746.948/0001-12;2026-09-16;DI de um dia;100% do DI1 + 0,3900%;;2138568879.15;1898763.462807962;0.08878664051085645;139;1;SANTANDER FUNDO DE INVESTIMENTO EM COTAS DE FUNDOS DE INVESTIMENTO INSTITUCIONAL RENDA FIXA REFERENC;02.224.354/0001-45;1898763.462807962;Governo do Estado do Amazonas/AM;142927.1689542342
Um fundo;BANCO BRADESCO S.A.;60.746.948/0001-12;2027-03-18;DI de um dia;100% do DI1 + 2,2500%;;496463586.59;1897216.715446852;0.3821461969603928;9;1;SULAMERICA CREDITO INSTITUCIONAL ESG FIF RF CRED PRIV LONGO PRAZO IS - RESP LIMITADA;34.525.051/0001-59;1897216.715446852;Governo do Estado do Paraná/PR;829708.6051001255
Dois fundos;HSBC BANK BRASIL SA - BANCO MULTIPL;01.701.201/0001-89;2026-05-28;DI de um dia;100% do DI1 + 0,4500%;;49795937.18;1888432.229226556;3.792341978423541;36;1;SAFRA EXTRA BANCOS FUNDO DE INVESTIMENTO EM COTAS DE FUNDO DE INVESTIMENTO RENDA FIXA CREDITO PRIVADO;20.441.483/0001-77;1888432.229226556;Governo do Estado do Paraná/PR;465506.1781828807
Dois fundos e Um fundo;BANCO VOTORANTIM S/A;59.588.111/0001-03;2026-02-23;DI de um dia;100% do DI1 + 0,5900%;;205226841.09;1884697.91703156;0.9183486463181718;140;2;SANTANDER FUNDO DE INVESTIMENTO EM COTAS DE FUNDOS DE INVESTIMENTO INSTITUCIONAL RENDA FIXA REFERENC;02.224.354/0001-45;1880631.373614085;Governo do Estado do Amazonas/AM;141562.2974331265
Dois fundos e Um fundo;Banco Volkswagen S/A;59.109.165/0001-49;2026-08-26;DI de um dia;100% do DI1 + 1,4000%;;37369562.01;1880361.388127873;5.031799376253575;219;2;Itaú High Grade FIC Renda Fixa Crédito Privado;09.093.883/0001-04;1487510.741467123;Santos/SP;199307.3965519533
Dois fundos e Um fundo;ITAU UNIBANCO HOLDING SA;60.872.504/0001-23;2026-09-21;DI de um dia;100% do DI1 + 0,9100%;;2532328034.069999;1871030.807465225;0.07388579924450282;140;2;SANTANDER FUNDO DE INVESTIMENTO EM COTAS DE FUNDOS DE INVESTIMENTO INSTITUCIONAL RENDA FIXA REFERENC;02.224.354/0001-45;1866610.180120118;Governo do Estado do Amazonas/AM;140506.8687129589
Dois fundos;BANCO ABC BRASIL S.A.;28.195.667/0001-06;2025-11-17;DI de um dia;100% do DI1 + 0,8500%;;54057611.26000001;1861820.691376859;3.444141625907387;20;1;BTG FIC Corporativo I Crédito Privado;14.171.644/0001-57;1861820.691376859;São José dos Campos/SP;407092.1686204839
Um fundo;BANCO RCI BRASIL S.A.;62.307.848/0001-15;2026-06-26;DI de um dia;100% do DI1 + 1,4037%;;2841333.6;1840145.422395137;64.76344144859078;39;1;4UM FUNDO DE INVESTIMENTO RENDA FIXA CREDITO PRIVADO LONGO PRAZO;28.581.607/0001-21;1840145.422395137;São José dos Campos/SP;211456.8604982697
Dois fundos e Um fundo;BANCO BRADESCO S.A.;60.746.948/0001-12;2050-08-15;DI de um dia;100% do DI1 + 2,5635%;;102773062.48;1835966.047708896;1.78642730245212;140;2;SANTANDER FUNDO DE INVESTIMENTO EM COTAS DE FUNDOS DE INVESTIMENTO INSTITUCIONAL RENDA FIXA REFERENC;02.224.354/0001-45;1832061.122275521;Governo do Estado do Amazonas/AM;137906.229336603
Dois fundos;BANCO MODAL S.A. - Pict Modal;30.723.886/0001-62;2024-10-07;DI de um dia;100% do DI1 + 1,7000%;;124840910.01;1819846.196673308;1.457732242201323;94;2;Itaú High Grade FIC Renda Fixa Crédito Privado;09.093.883/0001-04;1808786.29722531;Santos/SP;229414.3054616152
Dois fundos e Um fundo;BANCO CNH CAPITAL S.A.;02.992.446/0001-75;2024-09-28;DI de um dia;100% do DI1 + 1,2500%;;417504231.7700001;1817660.891241929;0.4353634653081229;353;9;BB RENDA FIXA LONGO PRAZO CORPORATE BANCOS FUNDO DE INVESTIMENTO EM COTAS DE FIF RESP LIMITADA;18.060.364/0001-22;1101608.05059879;Governo do Estado de São Paulo/SP;223404.2865345326
Dois fundos e Um fundo;ITAU UNIBANCO S.A.;60.701.190/0001-04;2024-11-01;DI de um dia;100% do DI1 + 0,6880%;;1002063644.3;1797099.884166628;0.1793398946652742;106;4;SAFRA EXTRA BANCOS FUNDO DE INVESTIMENTO EM COTAS DE FUNDO DE INVESTIMENTO RENDA FIXA CREDITO PRIVADO;20.441.483/0001-77;782768.3070219519;Governo do Distrito Federal/DF;334048.9701403763
Um fundo;BANCO BRADESCO S.A.;60.746.948/0001-12;2025-08-01;DI de um dia;108,70% do DI1;;5264633301.920004;1789645.11230875;0.03399372776174305;29;2;DAYCOVAL CLASSIC TITULOS BANCARIOS FUNDO DE INVESTIMENTO RENDA FIXA CREDITO PRIVADO;50.235.197/0001-16;919310.9092735023;Governo do Estado do Amazonas/AM;460551.7808056786
Dois fundos e Um fundo;BANCO COOPERATIVO SICREDI S.A.;01.181.521/0001-55;2027-03-29;DI de um dia;100% do DI1 + 0,9500%;;60761575.2;1767840.421088467;2.909471018928532;129;5;SOMMA TORINO FUNDO DE INVESTIMENTO RENDA FIXA CREDITO PRIVADO;28.206.220/0001-95;1148489.625768212;Governo do Estado do Amazonas/AM;182423.5907137303
Dois fundos;BANCO VOTORANTIM S/A;59.588.111/0001-03;2026-09-15;DI de um dia;100% do DI1 + 0,7900%;;80469634.1;1748663.236096697;2.173072185122185;88;1;Itaú High Grade FIC Renda Fixa Crédito Privado;09.093.883/0001-04;1748663.236096697;Santos/SP;221788.7001968
Dois fundos e Um fundo;BANCO XP S.A;33.264.668/0001-03;2025-08-15;DI de um dia;100% do DI1 + 1,2000%;;67885665.54999998;1742622.426371966;2.566996157809588;34;4;BTG FIC Corporativo I Crédito Privado;14.171.644/0001-57;1705188.147610692;São José dos Campos/SP;372844.0360190801
Um fundo;BANCO BRADESCO S.A.;60.746.948/0001-12;2026-11-09;DI de um dia;100% do DI1 + 1,3964%;;178695589.2500001;1731822.304167535;0.9691466428668633;473;1;BRADESCO FUNDO DE INVESTIMENTO RENDA FIXA REFERENCIADO DI PREMIUM;03.399.411/0001-90;1731822.304167535;Governo do Estado do Amazonas/AM;164165.7863662709
Um fundo;BANCO BRADESCO S.A.;60.746.948/0001-12;2026-11-12;DI de um dia;100% do DI1 + 1,1400%;;136857674.83;1729789.158525033;1.263932885513157;473;1;BRADESCO FUNDO DE INVESTIMENTO RENDA FIXA REFERENCIADO DI PREMIUM;03.399.411/0001-90;1729789.158525033;Governo do Estado do Amazonas/AM;163973.0570357874
Dois fundos e Um fundo;BANCO BOCOM BBM S.A.;15.114.366/0001-69;2027-11-29;DI de um dia;100% do DI1 + 2,4000%;;197348953.6699999;1721199.380985703;0.8721603783437497;21;2;BTG FIC Corporativo I Crédito Privado;14.171.644/0001-57;1720656.541149147;São José dos Campos/SP;376226.2424258573
Dois fundos;BANCO ALFA DE INVESTIMENTOS S/A;60.770.336/0001-65;2025-12-01;DI de um dia;100% do DI1 + 0,7000%;;53200968.54000001;1715630.896511113;3.224811396471454;143;2;SANTANDER FUNDO DE INVESTIMENTO EM COTAS DE FUNDOS DE INVESTIMENTO INSTITUCIONAL RENDA FIXA REFERENC;02.224.354/0001-45;1709653.667395279;Governo do Estado do Amazonas/AM;128692.1532667731
Um fundo;BANCO BRADESCO S.A.;60.746.948/0001-12;2027-05-31;DI de um dia;108% do DI1 + 2,2960%;;17442206.1;1713514.110488408;9.823952891420129;473;1;BRADESCO FUNDO DE INVESTIMENTO RENDA FIXA REFERENCIADO DI PREMIUM;03.399.411/0001-90;1713514.110488408;Governo do Estado do Amazonas/AM;162430.2855559119
Dois fundos e Um fundo;BANCO SAFRA S.A.;58.160.789/0001-28;2024-08-26;DI de um dia;100% do DI1 + 1,2500%;;1000029691.78;1713024.388121351;0.1712973526888245;223;3;ITAU INSTITUCIONAL RENDA FIXA REFERENCIADO DI - FUNDO DE INVESTIMENTO;00.832.435/0001-00;906009.3662945256;Niterói/RJ;137517.0594883855
Direta;;;;;;LF IPCA+CUPOM;;1702848.92;;1;;;;;Diamantina/MG;1702848.92
Um fundo;BANCO BRADESCO S.A.;60.746.948/0001-12;2026-07-08;DI de um dia;100% do DI1 + 2,2895%;;320199439.4699999;1699243.016730784;0.5306826956172701;8;1;MONGERAL AEGON RENDA FIXA FUNDO DE INVESTIMENTO;11.435.287/0001-07;1699243.016730784;Governo do Estado do Paraná/PR;776985.9704994677
Dois fundos e Um fundo;ITAU UNIBANCO HOLDING SA;60.872.504/0001-23;2024-11-19;DI de um dia;100% do DI1 + 0,4101%;;1445656218.540001;1693016.158638906;0.1171105645261028;64;2;BNB PLUS FIC FI RF LP;06.124.241/0001-29;943485.6519434812;Governo do Estado da Paraíba/PB;246408.9880062104
Dois fundos e Um fundo;BANCO CNH CAPITAL S.A.;02.992.446/0001-75;2026-10-26;DI de um dia;100% do DI1 + 1,0000%;;175318470.07;1686328.947248138;0.9618661094719982;223;3;Itaú High Grade FIC Renda Fixa Crédito Privado;09.093.883/0001-04;1187720.03382391;Santos/SP;164099.6864531795
Dois fundos;BANCO VOTORANTIM S/A;59.588.111/0001-03;2025-06-13;DI de um dia;100% do DI1 + 0,7100%;;49806615.02999999;1685303.717602835;3.383694548581;139;1;SANTANDER FUNDO DE INVESTIMENTO EM COTAS DE FUNDOS DE INVESTIMENTO INSTITUCIONAL RENDA FIXA REFERENC;02.224.354/0001-45;1685303.717602835;Governo do Estado do Amazonas/AM;126859.23965948
Um fundo;BANCO BTG PACTUAL S A;30.306.294/0001-45;2027-10-27;DI de um dia;100% do DI1 + 2,1000%;;12509152.44;1684538.757494265;13.46644998991047;20;2;MAG CASH FUNDO DE INVESTIMENTO RENDA FIXA LONGO PRAZO;17.899.612/0001-60;1684437.500605315;Governo do Estado do Paraná/PR;567813.9429694554
Dois fundos;BANCO SANTANDER;90.400.888/0001-42;2028-10-20;DI de um dia;100% do DI1 + 1,5890%;;296965729.6899999;1680744.948509531;0.5659726966690894;8;1;BB ESPELHO SULAMERICA CREDITO ASG FIC DE FIF RENDA FIXA CREDITO PRIVADO IS RESPONSABILIDADE LIMITADA;51.681.664/0001-02;1680744.948509531;Aracaju/SE;902072.4898752031
Dois fundos;BANCO ABC BRASIL S.A.;28.195.667/0001-06;2026-06-15;DI de um dia;100% do DI1 + 1,3500%;;43680069.11;1676218.481474143;3.837490451887572;88;1;Itaú High Grade FIC Renda Fixa Crédito Privado;09.093.883/0001-04;1676218.481474143;Santos/SP;212600.2940862686
Um fundo;BANCO BRADESCO S.A.;60.746.948/0001-12;2024-12-16;DI de um dia;100% do DI1 + 0,7000%;;6945223.109999999;1674935.779085719;24.11637110223402;877;1;FUNDO DE INVESTIMENTO CAIXA BRASIL RENDA FIXA REFERENCIADO DI LONGO PRAZO;03.737.206/0001-97;1674935.779085719;Macaé/RJ;76931.31950854804
Dois fundos e Um fundo;INDUSTRIAL BRAS;31.895.683/0001-16;2025-08-18;DI de um dia;100% do DI1 + 1,6032%;;125301256.36;1661953.366123291;1.326366083152728;68;2;BRADESCO FIC DE FI RENDA FIXA CREDITO PRIVADO LONGO PRAZO PERFORMANCE INSTITUCIONAL;44.961.198/0001-45;1574636.694201667;Governo do Estado do Amazonas/AM;228335.1590300881
Dois fundos e Um fundo;BANCO SAFRA S.A.;58.160.789/0001-28;2027-02-10;DI de um dia;100% do DI1 + 1,3500%;;543969754.4599999;1660942.667389406;0.3053373195423756;223;3;Itaú High Grade FIC Renda Fixa Crédito Privado;09.093.883/0001-04;1484200.798145982;Santos/SP;191672.457231511
Dois fundos;BANCO BTG PACTUAL S A;30.306.294/0001-45;2025-03-26;DI de um dia;100% do DI1 + 1,0300%;;87282743.67;1660183.826598525;1.902075664435315;64;1;Sicredi Executive;21.170.347/0001-52;1645619.826527375;Pelotas/RS;202839.2910712067
Dois fundos e Um fundo;BANCO MERCEDES-BENZ DO BRASIL S.A.;60.814.191/0001-57;2024-12-18;DI de um dia;100% do DI1 + 0,9500%;;367874949.46;1656845.553797329;0.4503828152010341;131;7;INTER CORPORATE FUNDO DE INVESTIMENTO RENDA FIXA CREDITO PRIVADO;36.443.522/0001-05;1008110.655645404;Governo do Estado do Paraná/PR;774525.1382045324
Dois fundos e Um fundo;CIA DE CR FINAN E INVEST RCI BRASIL;61.784.278/0001-91;2027-04-09;DI de um dia;100% do DI1 + 0,7000%;;137313330;1650944.982622617;1.202319529081857;223;3;ITAU INSTITUCIONAL RENDA FIXA REFERENCIADO DI - FUNDO DE INVESTIMENTO;00.832.435/0001-00;1151662.726710123;Niterói/RJ;140589.1125372067
Dois fundos e Um fundo;BANCO VOTORANTIM S/A;59.588.111/0001-03;2025-01-13;DI de um dia;100% do DI1 + 1,0999%;;166523494.51;1650921.466524082;0.9914045290617788;187;2;FUNDO DE INVESTIMENTO INSTITUCIONAL RENDA FIXA REFERENCIADO IRF-M LONGO PRAZO;13.081.159/0001-20;1278409.242855312;Dourados/MS;70661.24287111095
Dois fundos;BANCO VOTORANTIM S/A;59.588.111/0001-03;2026-04-13;DI de um dia;100% do DI1 + 0,6500%;;61810793.09;1643774.109292888;2.659364209903374;88;1;Itaú High Grade FIC Renda Fixa Crédito Privado;09.093.883/0001-04;1643774.109292888;Santos/SP;208485.2678272139
Dois fundos;HAITONG BANCO DE INVESTIMENTO DO BRASIL SA;34.111.187/0001-12;2026-03-25;DI de um dia;100% do DI1 + 1,2500%;;30628391.07;1641664.607615548;5.359943994000817;20;1;BTG FIC Corporativo I Crédito Privado;14.171.644/0001-57;1641664.607615548;São José dos Campos/SP;358954.4408637331
Um fundo;BANCO DAYCOVAL S.A.;62.232.889/0001-90;2024-09-26;DI de um dia;100% do DI1 + 0,9000%;;31010886.46;1633167.965614011;5.266434314028993;10;1;INTER CORPORATE FUNDO DE INVESTIMENTO RENDA FIXA CREDITO PRIVADO;36.443.522/0001-05;1633167.965614011;Governo do Estado do Paraná/PR;1111974.253508644
Dois fundos e Um fundo;BANCO DAYCOVAL S.A.;62.232.889/0001-90;2024-10-07;DI de um dia;100% do DI1 + 0,9500%;;85965489.58000001;1623950.202859343;1.889072243749725;55;2;BB RENDA FIXA LONGO PRAZO CORPORATE BANCOS FUNDO DE INVESTIMENTO EM COTAS DE FIF RESP LIMITADA;18.060.364/0001-22;1619291.508041989;Governo do Estado de São Paulo/SP;328389.6335442644
Dois fundos;BANCO CSF S.A.;08.357.240/0001-50;2024-12-02;DI de um dia;100% do DI1 + 1,1000%;;68687032.62999998;1610321.813092539;2.344433514498935;94;2;Itaú High Grade FIC Renda Fixa Crédito Privado;09.093.883/0001-04;1607865.58757367;Santos/SP;203930.8721072746
Dois fundos;BANCO YAMAHA MOTOR DO BRASIL SA;10.371.492/0001-85;2026-05-25;DI de um dia;100% do DI1 + 1,6000%;;34752828.39;1609386.948910441;4.630952424504063;52;1;BB RENDA FIXA LONGO PRAZO CORPORATE BANCOS FUNDO DE INVESTIMENTO EM COTAS DE FIF RESP LIMITADA;18.060.364/0001-22;1609386.948910441;Governo do Estado de São Paulo/SP;326381.0053710954
Dois fundos e Um fundo;Banco Volkswagen S/A;59.109.165/0001-49;2026-03-02;DI de um dia;100% do DI1 + 0,8000%;;51574488.55999999;1596692.476057066;3.095895898607949;43;4;SAFRA EXTRA BANCOS FUNDO DE INVESTIMENTO EM COTAS DE FUNDO DE INVESTIMENTO RENDA FIXA CREDITO PRIVADO;20.441.483/0001-77;1561668.819629477;Governo do Estado do Paraná/PR;384957.6768295421
Dois fundos e Um fundo;BANCO ABC BRASIL S.A.;28.195.667/0001-06;2024-09-18;DI de um dia;120% do DI1;;5705009.27;1589180.320872778;27.85587622494395;30;1;BANESTES LIQUIDEZ FUNDO DE INVESTIMENTO RENDA FIXA REFERENCIADO DI;20.230.719/0001-26;1419003.003051555;Governo do Estado do Espírito Santo/ES;544042.4519779398
Dois fundos;BANCO COOPERATIVO SICREDI S.A.;01.181.521/0001-55;2026-01-19;DI de um dia;100% do DI1 + 0,8500%;;20819345.19;1579081.534546545;7.584683956847081;36;1;SAFRA EXTRA BANCOS FUNDO DE INVESTIMENTO EM COTAS DE FUNDO DE INVESTIMENTO RENDA FIXA CREDITO PRIVADO;20.441.483/0001-77;1579081.534546545;Governo do Estado do Paraná/PR;389249.9814446525
Um fundo;ITAU UNIBANCO HOLDING SA;60.872.504/0001-23;2028-11-10;DI de um dia;100% do DI1 + 1,9000%;;267048938.78;1578282.570291177;0.5910087407579612;19;1;MAG CASH FUNDO DE INVESTIMENTO RENDA FIXA LONGO PRAZO;17.899.612/0001-60;1578282.570291177;Governo do Estado do Paraná/PR;532029.7422937653
Dois fundos;ITAU UNIBANCO HOLDING SA;60.872.504/0001-23;2025-01-16;Taxa Selic;100% do SEL + 1,1745%;;8128963.11;1569696.549161363;19.3099233926941;19;1;MAG CASH FUNDO DE INVESTIMENTO RENDA FIXA LONGO PRAZO;17.899.612/0001-60;1569696.549161363;Governo do Estado do Paraná/PR;529135.4452299759
Dois fundos e Um fundo;BANCO SAFRA S.A.;58.160.789/0001-28;2024-09-30;DI de um dia;100% do DI1 + 1,0500%;;238727692.2900001;1563917.605835296;0.6551052334286761;43;4;SAFRA EXTRA BANCOS FUNDO DE INVESTIMENTO EM COTAS DE FUNDO DE INVESTIMENTO RENDA FIXA CREDITO PRIVADO;20.441.483/0001-77;1558351.362298276;Governo do Estado do Paraná/PR;384139.9101871222
Dois fundos e Um fundo;BANCO BRADESCO S.A.;60.746.948/0001-12;2024-12-09;DI de um dia;100% do DI1 + 0,8000%;;136359582.77;1559020.422297894;1.143315629622833;66;3;SAFRA EXTRA BANCOS FUNDO DE INVESTIMENTO EM COTAS DE FUNDO DE INVESTIMENTO RENDA FIXA CREDITO PRIVADO;20.441.483/0001-77;1116239.244011762;Governo do Estado do Paraná/PR;275157.4858635423
Dois fundos;BANCO CSF S.A.;08.357.240/0001-50;2025-08-12;DI de um dia;100% do DI1 + 1,2500%;;74067035.3;1545887.293845423;2.087146174521478;143;2;SANTANDER FUNDO DE INVESTIMENTO EM COTAS DE FUNDOS DE INVESTIMENTO INSTITUCIONAL RENDA FIXA REFERENC;02.224.354/0001-45;1541071.789149553;Governo do Estado do Amazonas/AM;116002.3522111869
Um fundo;ITAU UNIBANCO HOLDING SA;60.872.504/0001-23;2025-01-15;Taxa Selic;100% do SEL + 1,1810%;;263261425.4499999;1542182.933518029;0.5857990516012492;19;1;MAG CASH FUNDO DE INVESTIMENTO RENDA FIXA LONGO PRAZO;17.899.612/0001-60;1542182.933518029;Governo do Estado do Paraná/PR;519860.7677318952
Dois fundos;BANCO ALFA DE INVESTIMENTOS S/A;60.770.336/0001-65;2024-08-16;DI de um dia;100% do DI1 + 1,5000%;;26983977.55;1534916.604762785;5.688251859529083;36;1;SAFRA EXTRA BANCOS FUNDO DE INVESTIMENTO EM COTAS DE FUNDO DE INVESTIMENTO RENDA FIXA CREDITO PRIVADO;20.441.483/0001-77;1534916.604762785;Governo do Estado do Paraná/PR;378363.1477234479
Um fundo;BANCO DO BRASIL;00.000.000/0001-91;2028-09-05;DI de um dia;100% do DI1 + 1,6577%;;200854812.38;1534129.729350469;0.7638003347652073;39;1;4UM FUNDO DE INVESTIMENTO RENDA FIXA CREDITO PRIVADO LONGO PRAZO;28.581.607/0001-21;1534129.729350469;São José dos Campos/SP;176291.6409852368
Dois fundos;BANCO VOTORANTIM S/A;59.588.111/0001-03;2025-04-10;DI de um dia;100% do DI1 + 0,6600%;;47092306.65999999;1532578.548219463;3.25441384573593;139;1;SANTANDER FUNDO DE INVESTIMENTO EM COTAS DE FUNDOS DE INVESTIMENTO INSTITUCIONAL RENDA FIXA REFERENC;02.224.354/0001-45;1532578.548219463;Governo do Estado do Amazonas/AM;115363.0335676794
Dois fundos e Um fundo;BANCO YAMAHA MOTOR DO BRASIL SA;10.371.492/0001-85;2025-10-13;DI de um dia;100% do DI1 + 1,3500%;;166378233.73;1531083.576530713;0.9202427157721658;125;6;Itaú High Grade FIC Renda Fixa Crédito Privado;09.093.883/0001-04;808334.1025196498;Governo do Estado do Amazonas/AM;186396.6032998851
Dois fundos;BANCO BRADESCO S.A.;60.746.948/0001-12;2050-06-10;DI de um dia;100% do DI1 + 3,3735%;;53046794.88;1518076.393375644;2.861768362838444;139;1;SANTANDER FUNDO DE INVESTIMENTO EM COTAS DE FUNDOS DE INVESTIMENTO INSTITUCIONAL RENDA FIXA REFERENC;02.224.354/0001-45;1518076.393375644;Governo do Estado do Amazonas/AM;114271.4010520116
Um fundo;BANCO BTG PACTUAL S A;30.306.294/0001-45;2027-11-04;DI de um dia;100% do DI1 + 2,7000%;;5104291.01;1510541.822243031;29.5935678291789;19;1;MAG CASH FUNDO DE INVESTIMENTO RENDA FIXA LONGO PRAZO;17.899.612/0001-60;1510541.822243031;Governo do Estado do Paraná/PR;509194.7358093479
Um fundo;BANCO SOFISA;60.889.128/0001-80;2025-07-24;DI de um dia;100% do DI1 + 1,4028%;;17868245.03;1508757.488645057;8.443792247710503;20;1;SOMMA TORINO FUNDO DE INVESTIMENTO RENDA FIXA CREDITO PRIVADO;28.206.220/0001-95;1508757.488645057;Itatiaia/RJ;229621.9760651141
Um fundo;BANCO BTG PACTUAL S A;30.306.294/0001-45;2027-11-17;DI de um dia;100% do DI1 + 2,7000%;;5081696.33;1503855.250291445;29.5935678291789;19;1;MAG CASH FUNDO DE INVESTIMENTO RENDA FIXA LONGO PRAZO;17.899.612/0001-60;1503855.250291445;Governo do Estado do Paraná/PR;506940.7318564469
Um fundo;BANCO BRADESCO S.A.;60.746.948/0001-12;2025-04-14;DI de um dia;100% do DI1 + 0,6525%;;318752100.46;1501822.062346516;0.4711567579254205;473;1;BRADESCO FUNDO DE INVESTIMENTO RENDA FIXA REFERENCIADO DI PREMIUM;03.399.411/0001-90;1501822.062346516;Governo do Estado do Amazonas/AM;142363.2200913604
Dois fundos;BANCO AGIPLAN S.A.;10.664.513/0001-50;2024-10-28;DI de um dia;100% do DI1 + 2,3000%;;31368132.43999999;1498357.969158955;4.776688481614163;20;1;BTG FIC Corporativo I Crédito Privado;14.171.644/0001-57;1498357.969158955;São José dos Campos/SP;327620.0537784423
Um fundo;BANCO ABC BRASIL S.A.;28.195.667/0001-06;2026-06-15;DI de um dia;100% do DI1 + 1,3536%;;43680069.11;1484146.380313574;3.397765641295191;39;1;4UM FUNDO DE INVESTIMENTO RENDA FIXA CREDITO PRIVADO LONGO PRAZO;28.581.607/0001-21;1484146.380313574;São José dos Campos/SP;170547.8981614909
Dois fundos e Um fundo;CAIXA ECONOMICA FEDERAL CEF;00.360.305/0001-04;2024-11-30;DI de um dia;114% do DI1;;135587257.98;1470251.90099837;1.084358458827482;46;2;SAFRA DI MASTER FUNDO DE INVESTIMENTO RENDA FIXA REFERENCIADO DI LONGO PRAZO;02.536.364/0001-16;1459962.922835448;Governo do Estado do Amazonas/AM;788030.2910332595
Dois fundos;BANCO BRADESCO S.A.;60.746.948/0001-12;2025-03-31;DI de um dia;100% do DI1 + 0,3401%;;397529272.65;1467432.05002248;0.369138111576116;139;1;SANTANDER FUNDO DE INVESTIMENTO EM COTAS DE FUNDOS DE INVESTIMENTO INSTITUCIONAL RENDA FIXA REFERENC;02.224.354/0001-45;1467432.05002248;Governo do Estado do Amazonas/AM;110459.2081376244
Um fundo;BANCO DO BRASIL;00.000.000/0001-91;2027-09-28;DI de um dia;100% do DI1 + 2,2707%;;95695531.94999999;1457543.015868174;1.523104565247337;9;1;SULAMERICA CREDITO INSTITUCIONAL ESG FIF RF CRED PRIV LONGO PRAZO IS - RESP LIMITADA;34.525.051/0001-59;1457543.015868174;Governo do Estado do Paraná/PR;637426.3797715788
Dois fundos e Um fundo;BANCO ALFA DE INVESTIMENTOS S/A;60.770.336/0001-65;2024-09-05;DI de um dia;100% do DI1 + 0,9500%;;25947609.53;1451345.870436467;5.593370243830963;41;3;SAFRA EXTRA BANCOS FUNDO DE INVESTIMENTO EM COTAS DE FUNDO DE INVESTIMENTO RENDA FIXA CREDITO PRIVADO;20.441.483/0001-77;1232800.265830808;Governo do Estado do Paraná/PR;303890.2489208101
Um fundo;BANCO BTG PACTUAL S A;30.306.294/0001-45;2025-07-03;DI de um dia;100% do DI1 + 1,0500%;;44922905.63;1428366.70879065;3.179595550998313;10;1;INTER CORPORATE FUNDO DE INVESTIMENTO RENDA FIXA CREDITO PRIVADO;36.443.522/0001-05;1428366.70879065;Governo do Estado do Paraná/PR;972531.3245088896
Dois fundos;ITAU UNIBANCO S.A.;60.701.190/0001-04;2025-02-03;DI de um dia;200% do DI1 + 1,4000%;;1723652359.93;1424390.565791462;0.08263792623759167;36;1;SAFRA EXTRA BANCOS FUNDO DE INVESTIMENTO EM COTAS DE FUNDO DE INVESTIMENTO RENDA FIXA CREDITO PRIVADO;20.441.483/0001-77;1424390.565791462;Governo do Estado do Paraná/PR;351118.0323335748
Dois fundos e Um fundo;ITAU UNIBANCO S.A.;60.701.190/0001-04;2025-01-02;DI de um dia;100% do DI1 + 0,6880%;;1421236759.26;1416093.903055517;0.099638142190527;62;4;SAFRA DI MASTER FUNDO DE INVESTIMENTO RENDA FIXA REFERENCIADO DI LONGO PRAZO;02.536.364/0001-16;1165527.037244084;Governo do Estado do Amazonas/AM;642107.8793968196
Dois fundos e Um fundo;ITAU UNIBANCO HOLDING SA;60.872.504/0001-23;2050-11-10;DI de um dia;100% do DI1 + 1,8323%;;431935252.3699999;1413411.876024926;0.3272277194949079;140;2;SANTANDER FUNDO DE INVESTIMENTO EM COTAS DE FUNDOS DE INVESTIMENTO INSTITUCIONAL RENDA FIXA REFERENC;02.224.354/0001-45;1410548.545244683;Governo do Estado do Amazonas/AM;106177.3697426187
Dois fundos e Um fundo;ITAU UNIBANCO S.A.;60.701.190/0001-04;2025-02-03;DI de um dia;100% do DI1 + 0,6920%;;1723652359.93;1411278.196022947;0.08187719454520756;88;6;SAFRA DI MASTER FUNDO DE INVESTIMENTO RENDA FIXA REFERENCIADO DI LONGO PRAZO;02.536.364/0001-16;1165755.444425828;Governo do Estado do Amazonas/AM;640375.85664562
Um fundo;BANCO BOCOM BBM S.A.;15.114.366/0001-69;2027-11-29;DI de um dia;100% do DI1 + 2,4058%;;197348953.6699999;1410250.841362584;0.7145975771023122;20;1;SOMMA TORINO FUNDO DE INVESTIMENTO RENDA FIXA CREDITO PRIVADO;28.206.220/0001-95;1410250.841362584;Itatiaia/RJ;214629.9769036956
Dois fundos;CIA DE CR FINAN E INVEST RCI BRASIL;61.784.278/0001-91;2027-07-26;DI de um dia;100% do DI1 + 1,6000%;;158032662.53;1408009.972655487;0.8909613684374889;94;2;Itaú High Grade FIC Renda Fixa Crédito Privado;09.093.883/0001-04;1371321.812601847;Santos/SP;173929.2484054174
Dois fundos e Um fundo;ITAU UNIBANCO S.A.;60.701.190/0001-04;2025-03-05;DI de um dia;100% do DI1 + 0,6960%;;1701037345.4;1406631.588056695;0.08269257531943983;86;5;SAFRA DI MASTER FUNDO DE INVESTIMENTO RENDA FIXA REFERENCIADO DI LONGO PRAZO;02.536.364/0001-16;1165948.755824336;Governo do Estado do Amazonas/AM;640482.0470602873
Um fundo;PARANA BANCO S.A.;14.388.334/0001-99;2024-09-16;DI de um dia;100% do DI1 + 1,2000%;;32557503.24000001;1401443.413574906;4.304517466355032;8;1;MONGERAL AEGON RENDA FIXA FUNDO DE INVESTIMENTO;11.435.287/0001-07;1401443.413574906;Governo do Estado do Paraná/PR;640815.8574584288
Dois fundos e Um fundo;ITAU UNIBANCO S.A.;60.701.190/0001-04;2024-08-01;DI de um dia;100% do DI1 + 0,6750%;;1768359554.66;1391349.111717868;0.07868021568641798;98;3;SAFRA EXTRA BANCOS FUNDO DE INVESTIMENTO EM COTAS DE FUNDO DE INVESTIMENTO RENDA FIXA CREDITO PRIVADO;20.441.483/0001-77;854074.4640448017;Governo do Estado do Paraná/PR;210532.8078434264
Um fundo;BR PARTNERS BANCO INVESTIMENTO SA;13.220.493/0001-17;2025-07-25;DI de um dia;100% do DI1 + 1,4028%;;3458372.36;1382256.959644196;39.96842490506707;20;1;SOMMA TORINO FUNDO DE INVESTIMENTO RENDA FIXA CREDITO PRIVADO;28.206.220/0001-95;1382256.959644196;Itatiaia/RJ;210369.5106019295
Dois fundos;BANCO ABC BRASIL S.A.;28.195.667/0001-06;2024-09-26;DI de um dia;100% do DI1 + 1,2400%;;25610266.7;1378991.627588694;5.384526618727847;139;1;SANTANDER FUNDO DE INVESTIMENTO EM COTAS DE FUNDOS DE INVESTIMENTO INSTITUCIONAL RENDA FIXA REFERENC;02.224.354/0001-45;1378991.627588694;Governo do Estado do Amazonas/AM;103801.9601722121
Dois fundos;BANCO DE LAGE LANDEN BRASIL S.A.;05.040.481/0001-82;2025-01-01;;100,0000% a.a. (prefixado);;715951158.8699998;1376443.268854707;0.1922537943827307;96;3;Itaú High Grade FIC Renda Fixa Crédito Privado;09.093.883/0001-04;1241195.342093144;Santos/SP;157424.8808636465
Dois fundos e Um fundo;PORTOSEG SA CRE;04.862.600/0001-10;2029-10-29;DI de um dia;100% do DI1 + 2,6500%;;47295694.07000001;1355795.284610699;2.866635771544137;13;2;SPX SEAHAWK ADVISORY FUNDO DE INVESTIMENTO EM COTAS DE FUNDOS DE INVESTIMENTO RENDA FIXA CREDITO PRIVADO LONGO PRAZO;35.648.999/0001-64;1211729.526495702;São José dos Campos/SP;619267.9564982139
Dois fundos e Um fundo;BANCO YAMAHA MOTOR DO BRASIL SA;10.371.492/0001-85;2025-10-06;DI de um dia;100% do DI1 + 1,0500%;;60308985.13000001;1344066.066990112;2.228633202984413;145;4;SANTANDER FUNDO DE INVESTIMENTO EM COTAS DE FUNDOS DE INVESTIMENTO INSTITUCIONAL RENDA FIXA REFERENC;02.224.354/0001-45;1265140.756263636;Governo do Estado do Amazonas/AM;135839.2704943155
Dois fundos e Um fundo;BANCO ALFA DE INVESTIMENTOS S/A;60.770.336/0001-65;2025-08-04;DI de um dia;100% do DI1 + 1,0000%;;880753465.2900001;1339321.875626641;0.1520654676261366;82;5;INTER CORPORATE FUNDO DE INVESTIMENTO RENDA FIXA CREDITO PRIVADO;36.443.522/0001-05;663352.4143768875;Governo do Estado do Paraná/PR;451656.4256221952
Dois fundos e Um fundo;CIA DE CR FINAN E INVEST RCI BRASIL;61.784.278/0001-91;2028-04-10;DI de um dia;100% do DI1 + 0,9000%;;96374507.43999998;1336097.538651889;1.386359914195883;223;3;ITAU INSTITUCIONAL RENDA FIXA REFERENCIADO DI - FUNDO DE INVESTIMENTO;00.832.435/0001-00;934974.3214702995;Niterói/RJ;113695.6089502622
Dois fundos;BANCO RODOBENS;33.603.457/0001-40;2024-08-12;DI de um dia;100% do DI1 + 1,5000%;;20031661.38;1331915.055514158;6.64904937362793;52;1;BB RENDA FIXA LONGO PRAZO CORPORATE BANCOS FUNDO DE INVESTIMENTO EM COTAS DE FIF RESP LIMITADA;18.060.364/0001-22;1331915.055514158;Governo do Estado de São Paulo/SP;270110.1653532794
Dois fundos;BANCO BTG PACTUAL S A;30.306.294/0001-45;2026-10-06;DI de um dia;100% do DI1 + 0,7800%;;50892213.33;1331618.443557599;2.616546533205375;64;1;Sicredi Executive;21.170.347/0001-52;1319936.790721327;Pelotas/RS;162695.5622269685
Um fundo;BANCO DE LAGE LANDEN BRASIL S.A.;05.040.481/0001-82;2025-01-01;DI de um dia;100% do DI1 + 1,0500%;;715951158.8699998;1319265.916056041;0.1842675858138515;10;1;INTER CORPORATE FUNDO DE INVESTIMENTO RENDA FIXA CREDITO PRIVADO;36.443.522/0001-05;1319265.916056041;Governo do Estado do Paraná/PR;898247.9224874341
Um fundo;BANCO SANTANDER;90.400.888/0001-42;2028-10-20;DI de um dia;100% do DI1 + 1,5941%;;296965729.6899999;1316684.241644399;0.4433791882379409;9;1;SULAMERICA CREDITO INSTITUCIONAL ESG FIF RF CRED PRIV LONGO PRAZO IS - RESP LIMITADA;34.525.051/0001-59;1316684.241644399;Governo do Estado do Paraná/PR;575824.6997285087
Dois fundos e Um fundo;BANCO BRADESCO S.A.;60.746.948/0001-12;2026-06-09;DI de um dia;100% do DI1 + 1,8252%;;109733368.95;1315611.135742585;1.198916198719865;64;1;BRADESCO FIC DE FI RENDA FIXA CREDITO PRIVADO LONGO PRAZO PERFORMANCE INSTITUCIONAL;44.961.198/0001-45;1290209.454905044;Governo do Estado do Amazonas/AM;187090.8903321522
Um fundo;BANCO BRADESCO S.A.;60.746.948/0001-12;2026-11-10;DI de um dia;100% do DI1 + 2,2500%;;153362212.69;1300462.094414724;0.8479677435558549;19;1;MAG CASH FUNDO DE INVESTIMENTO RENDA FIXA LONGO PRAZO;17.899.612/0001-60;1300462.094414724;Governo do Estado do Paraná/PR;438378.099066652
Um fundo;BANCO BRADESCO S.A.;60.746.948/0001-12;2026-11-04;DI de um dia;100% do DI1 + 1,3964%;;301857381.0300001;1300163.718314227;0.4307211948496333;473;1;BRADESCO FUNDO DE INVESTIMENTO RENDA FIXA REFERENCIADO DI PREMIUM;03.399.411/0001-90;1300163.718314227;Governo do Estado do Amazonas/AM;123247.2862304128
Um fundo;BANCO BRADESCO S.A.;60.746.948/0001-12;2026-11-04;DI de um dia;100% do DI1 + 1,8749%;;301857381.0300001;1300163.718314227;0.4307211948496333;473;1;BRADESCO FUNDO DE INVESTIMENTO RENDA FIXA REFERENCIADO DI PREMIUM;03.399.411/0001-90;1300163.718314227;Governo do Estado do Amazonas/AM;123247.2862304128
Um fundo;BANCO BRADESCO S.A.;60.746.948/0001-12;2026-11-09;DI de um dia;100% do DI1 + 1,4364%;;178695589.2500001;1298866.730581641;0.7268599835245464;473;1;BRADESCO FUNDO DE INVESTIMENTO RENDA FIXA REFERENCIADO DI PREMIUM;03.399.411/0001-90;1298866.730581641;Governo do Estado do Amazonas/AM;123124.3400075153
Dois fundos e Um fundo;PARANA BANCO S.A.;14.388.334/0001-99;2026-04-02;;100,0000% a.a. (prefixado);;50107619.04000001;1298121.989397568;2.590667875001805;219;2;ITAU INSTITUCIONAL RENDA FIXA REFERENCIADO DI - FUNDO DE INVESTIMENTO;00.832.435/0001-00;1014013.959924466;Niterói/RJ;108897.2629999201
Dois fundos;BANCO VOTORANTIM S/A;59.588.111/0001-03;2025-09-08;DI de um dia;100% do DI1 + 1,0000%;;55814674.38999999;1295541.401732808;2.321148364461163;112;2;SAFRA EXTRA BANCOS FUNDO DE INVESTIMENTO EM COTAS DE FUNDO DE INVESTIMENTO RENDA FIXA CREDITO PRIVADO;20.441.483/0001-77;1242290.73512225;Governo do Estado do Paraná/PR;306229.6879648212
Dois fundos e Um fundo;NU FINANCEIRA S.A.;30.680.829/0001-43;2026-01-12;DI de um dia;100% do DI1 + 1,2000%;;115459922.49;1295013.539413538;1.121613033756973;26;3;BTG FIC Corporativo I Crédito Privado;14.171.644/0001-57;1245170.210680155;São José dos Campos/SP;272259.8603158426
Dois fundos e Um fundo;BANCO YAMAHA MOTOR DO BRASIL SA;10.371.492/0001-85;2027-06-01;DI de um dia;100% do DI1 + 1,8000%;;29183739.07000002;1291297.982640386;4.424717406988469;223;3;Itaú High Grade FIC Renda Fixa Crédito Privado;09.093.883/0001-04;716330.0960450507;Niterói/RJ;115282.4697400606
Um fundo;BANCO BRADESCO S.A.;60.746.948/0001-12;2027-04-08;DI de um dia;100% do DI1 + 2,2500%;;160919466.92;1289409.559246469;0.8012763054251788;9;1;SULAMERICA CREDITO INSTITUCIONAL ESG FIF RF CRED PRIV LONGO PRAZO IS - RESP LIMITADA;34.525.051/0001-59;1289409.559246469;Governo do Estado do Paraná/PR;563896.6798546137
Um fundo;BANCO BRADESCO S.A.;60.746.948/0001-12;2025-08-01;DI de um dia;217,50% do DI1;;5264633301.920004;1282390.878391135;0.02435859830775772;21;1;SAFRA DI MASTER FUNDO DE INVESTIMENTO RENDA FIXA REFERENCIADO DI LONGO PRAZO;02.536.364/0001-16;1282390.878391135;Governo do Estado do Amazonas/AM;692183.9187219305
Dois fundos e Um fundo;BANCO VOTORANTIM S/A;59.588.111/0001-03;2026-09-04;DI de um dia;100% do DI1 + 1,0500%;;185616023.64;1282121.879187024;0.6907387918586618;91;4;Itaú High Grade FIC Renda Fixa Crédito Privado;09.093.883/0001-04;1137145.043665461;Santos/SP;144227.8398514062
Dois fundos;BANCO FIDIS DE INVESTIMENTO S.A.;62.237.425/0001-76;2026-02-23;DI de um dia;100% do DI1 + 0,6900%;;483689439.13;1281687.980038608;0.2649815928054886;62;2;SAFRA EXTRA BANCOS FUNDO DE INVESTIMENTO EM COTAS DE FUNDO DE INVESTIMENTO RENDA FIXA CREDITO PRIVADO;20.441.483/0001-77;1271554.472455319;Governo do Estado do Paraná/PR;313443.3175112964
Um fundo;BANCO BRADESCO S.A.;60.746.948/0001-12;2026-06-08;DI de um dia;100% do DI1 + 3,6000%;;6811007.080000001;1273070.988691439;18.69137667511335;20;2;MAG CASH FUNDO DE INVESTIMENTO RENDA FIXA LONGO PRAZO;17.899.612/0001-60;1273023.160275267;Governo do Estado do Paraná/PR;429128.5962628941
Um fundo;BANCO DO BRASIL;00.000.000/0001-91;2027-09-27;DI de um dia;100% do DI1 + 2,6061%;;211935037.28;1272705.173394025;0.6005166440283201;9;1;SULAMERICA CREDITO INSTITUCIONAL ESG FIF RF CRED PRIV LONGO PRAZO IS - RESP LIMITADA;34.525.051/0001-59;1272705.173394025;Governo do Estado do Paraná/PR;556591.3611886746
Dois fundos e Um fundo;BANCO BRADESCO S.A.;60.746.948/0001-12;2027-03-18;DI de um dia;100% do DI1 + 0,8686%;;496463586.59;1269393.604145627;0.2556871517737199;17;2;SULAMERICA CREDITO INSTITUCIONAL ESG FIF RF CRED PRIV LONGO PRAZO IS - RESP LIMITADA;34.525.051/0001-59;998535.1135166696;Governo do Estado do Paraná/PR;436688.7395804313
Dois fundos e Um fundo;BANCO BRADESCO S.A.;60.746.948/0001-12;2050-06-27;DI de um dia;100% do DI1 + 3,3676%;;161972238.4500001;1267882.654361105;0.7827777565428249;144;3;SANTANDER FUNDO DE INVESTIMENTO EM COTAS DE FUNDOS DE INVESTIMENTO INSTITUCIONAL RENDA FIXA REFERENC;02.224.354/0001-45;1258055.772996864;Governo do Estado do Amazonas/AM;94698.65706972376
Dois fundos e Um fundo;BANCO BRADESCO S.A.;60.746.948/0001-12;2026-11-09;DI de um dia;100% do DI1 + 2,2450%;;178695589.2500001;1267338.190404457;0.7092162686967143;64;1;BRADESCO FIC DE FI RENDA FIXA CREDITO PRIVADO LONGO PRAZO PERFORMANCE INSTITUCIONAL;44.961.198/0001-45;1242868.55849631;Governo do Estado do Amazonas/AM;180226.0743717978
Um fundo;BANCO DO BRASIL;00.000.000/0001-91;2027-09-22;DI de um dia;100% do DI1 + 2,7167%;;195173473.6299999;1265507.432645119;0.6484013473286871;8;1;MONGERAL AEGON RENDA FIXA FUNDO DE INVESTIMENTO;11.435.287/0001-07;1265507.432645119;Governo do Estado do Paraná/PR;578658.5621047997
Dois fundos;BANCO DAYCOVAL S.A.;62.232.889/0001-90;2025-10-01;Índice de Preços ao Consumidor Amplo (IPCA/IBGE);100% do IAP + 5,8500%;;96052954.93;1255679.78685871;1.307278664954977;20;1;BTG FIC Corporativo I Crédito Privado;14.171.644/0001-57;1255679.78685871;São José dos Campos/SP;274557.8077914645
Dois fundos e Um fundo;NU FINANCEIRA S.A.;30.680.829/0001-43;2026-03-20;DI de um dia;100% do DI1 + 1,1800%;;205448589.6;1241629.196800745;0.6043503142163915;27;4;BTG FIC Corporativo I Crédito Privado;14.171.644/0001-57;1087704.313486798;São José dos Campos/SP;237829.5127162528
Um fundo;BANCO BRADESCO S.A.;60.746.948/0001-12;2027-07-29;DI de um dia;100% do DI1 + 1,0600%;;81213689.92;1238636.48536508;1.525157256843281;9;1;SULAMERICA CREDITO INSTITUCIONAL ESG FIF RF CRED PRIV LONGO PRAZO IS - RESP LIMITADA;34.525.051/0001-59;1238636.48536508;Governo do Estado do Paraná/PR;541692.1230616118
Um fundo;BANCO BRADESCO S.A.;60.746.948/0001-12;2027-08-05;DI de um dia;100% do DI1 + 3,0000%;;44538938.39000001;1237584.105204489;2.778656496856141;19;1;MAG CASH FUNDO DE INVESTIMENTO RENDA FIXA LONGO PRAZO;17.899.612/0001-60;1237584.105204489;Governo do Estado do Paraná/PR;417182.2998953417
Um fundo;BANCO DO BRASIL;00.000.000/0001-91;2028-09-04;DI de um dia;100% do DI1 + 2,2500%;;79224039.79;1202802.622170232;1.518229347251811;19;1;MAG CASH FUNDO DE INVESTIMENTO RENDA FIXA LONGO PRAZO;17.899.612/0001-60;1202802.622170232;Governo do Estado do Paraná/PR;405457.6671815072
Direta;;;;;;Letra Financeira BTG 27/10/2028 - I;;1201164.27;;1;;;;;Santa Luzia/MG;1201164.27
Dois fundos e Um fundo;ITAU UNIBANCO S.A.;60.701.190/0001-04;2025-07-01;DI de um dia;100% do DI1 + 0,6920%;;1105685605.27;1201006.374101672;0.1086209649811255;43;4;SAFRA EXTRA BANCOS FUNDO DE INVESTIMENTO EM COTAS DE FUNDO DE INVESTIMENTO RENDA FIXA CREDITO PRIVADO;20.441.483/0001-77;1193210.361283157;Governo do Estado do Paraná/PR;294131.1774140981
Dois fundos e Um fundo;BANCO MERCEDES-BENZ DO BRASIL S.A.;60.814.191/0001-57;2026-10-23;DI de um dia;100% do DI1 + 1,0027%;;147561449.12;1197059.617248983;0.8112278812574614;64;2;BRADESCO FIC DE FI RENDA FIXA CREDITO PRIVADO LONGO PRAZO PERFORMANCE INSTITUCIONAL;44.961.198/0001-45;1103879.13373369;Governo do Estado do Amazonas/AM;160071.4745688488
Dois fundos;PORTOSEG SA CRE;04.862.600/0001-10;2024-08-12;DI de um dia;100% do DI1 + 1,1500%;;43086032.81;1196160.180510069;2.776213316702593;52;1;BB RENDA FIXA LONGO PRAZO CORPORATE BANCOS FUNDO DE INVESTIMENTO EM COTAS DE FIF RESP LIMITADA;18.060.364/0001-22;1196160.180510069;Governo do Estado de São Paulo/SP;242579.3017422265
Dois fundos;BANCO VOTORANTIM S/A;59.588.111/0001-03;2024-07-15;DI de um dia;100% do DI1 + 1,1500%;;731768836.3599999;1190545.573129422;0.1626942162570754;173;3;BB RENDA FIXA LONGO PRAZO CORPORATE BANCOS FUNDO DE INVESTIMENTO EM COTAS DE FIF RESP LIMITADA;18.060.364/0001-22;1166041.465411685;Governo do Estado de São Paulo/SP;236471.2762478286
Dois fundos e Um fundo;BANCO RODOBENS;33.603.457/0001-40;2025-10-20;DI de um dia;100% do DI1 + 1,4028%;;108161219.64;1187414.746803863;1.097819302293384;64;1;BRADESCO FIC DE FI RENDA FIXA CREDITO PRIVADO LONGO PRAZO PERFORMANCE INSTITUCIONAL;44.961.198/0001-45;1164488.268302238;Governo do Estado do Amazonas/AM;168860.2932413375
Direta;;;;;;Letra Financeira BTG 05/12/2028;;1185658.25;;1;;;;;Santa Luzia/MG;1185658.25
Um fundo;ITAU UNIBANCO HOLDING SA;60.872.504/0001-23;2027-10-15;DI de um dia;100% do DI1 + 2,2740%;;605908007.1899999;1179735.925431462;0.1947054522191718;9;1;SULAMERICA CREDITO INSTITUCIONAL ESG FIF RF CRED PRIV LONGO PRAZO IS - RESP LIMITADA;34.525.051/0001-59;1179735.925431462;Governo do Estado do Paraná/PR;515933.1778529571
Dois fundos;BANCO BRADESCO S.A.;60.746.948/0001-12;2025-01-30;DI de um dia;110% do DI1 + 0,5287%;;110703276.97;1174322.157074396;1.060783555117913;139;1;SANTANDER FUNDO DE INVESTIMENTO EM COTAS DE FUNDOS DE INVESTIMENTO INSTITUCIONAL RENDA FIXA REFERENC;02.224.354/0001-45;1174322.157074396;Governo do Estado do Amazonas/AM;88395.7083852147
Um fundo;BANCO BRADESCO S.A.;60.746.948/0001-12;2027-05-19;DI de um dia;100% do DI1 + 1,9571%;;136646985.34;1173933.902975495;0.8590997452703076;9;1;SULAMERICA CREDITO INSTITUCIONAL ESG FIF RF CRED PRIV LONGO PRAZO IS - RESP LIMITADA;34.525.051/0001-59;1173933.902975495;Governo do Estado do Paraná/PR;513395.7829841973
Dois fundos e Um fundo;BANCO DAYCOVAL S.A.;62.232.889/0001-90;2027-10-29;DI de um dia;100% do DI1 + 1,4535%;;125699475.23;1168593.135134553;0.9296722464404144;68;2;BRADESCO FIC DE FI RENDA FIXA CREDITO PRIVADO LONGO PRAZO PERFORMANCE INSTITUCIONAL;44.961.198/0001-45;1126765.590611576;Governo do Estado do Amazonas/AM;163390.1974146266
Dois fundos;BANCO DAYCOVAL S.A.;62.232.889/0001-90;2026-05-18;DI de um dia;100% do DI1 + 1,5000%;;41823418.26;1162997.865351394;2.780733650514854;52;1;BB RENDA FIXA LONGO PRAZO CORPORATE BANCOS FUNDO DE INVESTIMENTO EM COTAS DE FIF RESP LIMITADA;18.060.364/0001-22;1162997.865351394;Governo do Estado de São Paulo/SP;235854.0392009532
Dois fundos e Um fundo;BANCO ABC BRASIL S.A.;28.195.667/0001-06;2025-08-14;DI de um dia;117% do DI1;;62821769.72999999;1155243.082291806;1.838921582847625;30;1;BANESTES LIQUIDEZ FUNDO DE INVESTIMENTO RENDA FIXA REFERENCIADO DI;20.230.719/0001-26;1031533.918143604;Governo do Estado do Espírito Santo/ES;395487.7057472079
Dois fundos e Um fundo;BANCO ABC BRASIL S.A.;28.195.667/0001-06;2025-10-06;DI de um dia;117% do DI1;;5426211.46;1142259.203115181;21.05076832216158;30;1;BANESTES LIQUIDEZ FUNDO DE INVESTIMENTO RENDA FIXA REFERENCIADO DI;20.230.719/0001-26;1019940.417204221;Governo do Estado do Espírito Santo/ES;391042.7844436542
Dois fundos;BANCO VOTORANTIM S/A;59.588.111/0001-03;2025-01-06;DI de um dia;100% do DI1 + 0,6101%;;99237473.17999999;1139237.557484076;1.147991299030449;139;1;SANTANDER FUNDO DE INVESTIMENTO EM COTAS DE FUNDOS DE INVESTIMENTO INSTITUCIONAL RENDA FIXA REFERENC;02.224.354/0001-45;1139237.557484076;Governo do Estado do Amazonas/AM;85754.75673875643
Dois fundos e Um fundo;BANCO YAMAHA MOTOR DO BRASIL SA;10.371.492/0001-85;2026-12-03;DI de um dia;100% do DI1 + 1,7000%;;28936980.83000001;1135258.209028461;3.923208905925314;223;3;ITAU INSTITUCIONAL RENDA FIXA REFERENCIADO DI - FUNDO DE INVESTIMENTO;00.832.435/0001-00;567885.3163262988;Niterói/RJ;100244.0038999904
Dois fundos;BANCO DO BRASIL;00.000.000/0001-91;2050-09-28;DI de um dia;100% do DI1 + 2,5384%;;63145968.93000001;1132726.281043402;1.793821997250651;139;1;SANTANDER FUNDO DE INVESTIMENTO EM COTAS DE FUNDOS DE INVESTIMENTO INSTITUCIONAL RENDA FIXA REFERENC;02.224.354/0001-45;1132726.281043402;Governo do Estado do Amazonas/AM;85264.6281228584
Um fundo;BR PARTNERS BANCO INVESTIMENTO SA;13.220.493/0001-17;2026-09-22;DI de um dia;100% do DI1 + 1,3035%;;1739350.03;1126462.938265096;64.76344144859077;39;1;4UM FUNDO DE INVESTIMENTO RENDA FIXA CREDITO PRIVADO LONGO PRAZO;28.581.607/0001-21;1126462.938265096;São José dos Campos/SP;129445.37616117
Dois fundos;BANCO DAYCOVAL S.A.;62.232.889/0001-90;2026-01-29;DI de um dia;100% do DI1 + 1,1500%;;303191037.2500001;1117144.388489989;0.3684622073998953;94;2;Itaú High Grade FIC Renda Fixa Crédito Privado;09.093.883/0001-04;1097763.939562708;Santos/SP;139233.0051050882
Um fundo;BANCO VOTORANTIM S/A;59.588.111/0001-03;2025-01-06;DI de um dia;100% do DI1 + 1,0999%;;99237473.17999999;1111055.555709759;1.119592750708689;268;1;SICREDI - FUNDO DE INVESTIMENTO INSTITUCIONAL RENDA FIXA REFERENCIADO IRF-M 1;19.196.599/0001-09;1111055.555709759;Avaré/SP;39850.56881215031
Um fundo;ITAU UNIBANCO HOLDING SA;60.872.504/0001-23;2025-01-15;Taxa Selic;100% do SEL + 1,1875%;;263261425.4499999;1110498.955226965;0.4218236505134616;20;2;MAG CASH FUNDO DE INVESTIMENTO RENDA FIXA LONGO PRAZO;17.899.612/0001-60;1110443.328330379;Governo do Estado do Paraná/PR;374323.894164559
Dois fundos;BANCO COOPERATIVO SICREDI S.A.;01.181.521/0001-55;2026-08-17;DI de um dia;100% do DI1 + 1,2500%;;65201160.47;1105154.072405101;1.694991414935933;88;1;Itaú High Grade FIC Renda Fixa Crédito Privado;09.093.883/0001-04;1105154.072405101;Santos/SP;140170.3199199492
Dois fundos;BANCO DO BRASIL;00.000.000/0001-91;2050-09-04;DI de um dia;100% do DI1 + 2,2500%;;79572791.30000001;1094592.534892227;1.375586449852523;13;2;SPX SEAHAWK ADVISORY FUNDO DE INVESTIMENTO EM COTAS DE FUNDOS DE INVESTIMENTO RENDA FIXA CREDITO PRIVADO LONGO PRAZO;35.648.999/0001-64;958245.576873136;São José dos Campos/SP;532822.5546878731
Um fundo;BANCO RODOBENS;33.603.457/0001-40;2025-08-18;DI de um dia;100% do DI1 + 1,4930%;;106920992.19;1090641.064282615;1.020043905264676;20;1;SOMMA TORINO FUNDO DE INVESTIMENTO RENDA FIXA CREDITO PRIVADO;28.206.220/0001-95;1090641.064282615;Itatiaia/RJ;165987.6807526153
Dois fundos e Um fundo;ITAU UNIBANCO S.A.;60.701.190/0001-04;2024-12-02;DI de um dia;100% do DI1 + 0,6920%;;1542421197.85;1090123.940854884;0.07067615138941435;45;3;SAFRA EXTRA BANCOS FUNDO DE INVESTIMENTO EM COTAS DE FUNDO DE INVESTIMENTO RENDA FIXA CREDITO PRIVADO;20.441.483/0001-77;477890.6000663097;Governo do Distrito Federal/DF;334116.1365593027
Direta;;;;;;ANTANDER LF Nº 260001830613 (SEM LIQUIDEZ);;1089671.05;;1;;;;;Guarantã do Norte/MT;1089671.05
Um fundo;ITAU UNIBANCO HOLDING SA;60.872.504/0001-23;2025-01-15;Taxa Selic;100% do SEL + 0,7401%;;263261425.4499999;1088253.399261187;0.4133736636125119;8;1;MONGERAL AEGON RENDA FIXA FUNDO DE INVESTIMENTO;11.435.287/0001-07;1088253.399261187;Governo do Estado do Paraná/PR;497608.4145992766
Um fundo;BANCO BRADESCO S.A.;60.746.948/0001-12;2027-04-26;DI de um dia;100% do DI1 + 2,2500%;;149339710.68;1085869.65809153;0.7271138086093482;9;1;SULAMERICA CREDITO INSTITUCIONAL ESG FIF RF CRED PRIV LONGO PRAZO IS - RESP LIMITADA;34.525.051/0001-59;1085869.65809153;Governo do Estado do Paraná/PR;474882.7015913524
Dois fundos e Um fundo;BANCO GMAC S/A;59.274.605/0001-13;2025-06-25;DI de um dia;100% do DI1 + 1,2500%;;275679780.5900002;1083499.936355492;0.3930284382977321;148;7;SANTANDER FUNDO DE INVESTIMENTO EM COTAS DE FUNDOS DE INVESTIMENTO INSTITUCIONAL RENDA FIXA REFERENC;02.224.354/0001-45;749853.4183392454;Governo do Estado do Amazonas/AM;138407.3979886736
Dois fundos e Um fundo;BANCO CNH CAPITAL S.A.;02.992.446/0001-75;2027-04-29;DI de um dia;100% do DI1 + 0,7500%;;247277229.6799999;1081613.125855683;0.4374091084955101;225;6;ITAU INSTITUCIONAL RENDA FIXA REFERENCIADO DI - FUNDO DE INVESTIMENTO;00.832.435/0001-00;897844.0083898458;Niterói/RJ;87712.14549878743
Dois fundos e Um fundo;BANCO VOTORANTIM S/A;59.588.111/0001-03;2026-03-16;DI de um dia;100% do DI1 + 0,7500%;;76937103.72000001;1081488.327352367;1.405678502388479;11;3;Porto Seguro FI Referenciado DI Crédito Privado;18.719.154/0001-01;850182.5246191454;Governo do Estado do Amazonas/AM;746273.0068889076
Um fundo;BANCO SOFISA;60.889.128/0001-80;2025-01-07;DI de um dia;100% do DI1 + 1,7023%;;1663543.4;1077367.955830896;64.76344144859078;39;1;4UM FUNDO DE INVESTIMENTO RENDA FIXA CREDITO PRIVADO LONGO PRAZO;28.581.607/0001-21;1077367.955830896;São José dos Campos/SP;123803.7183196712
Um fundo;BR PARTNERS BANCO INVESTIMENTO SA;13.220.493/0001-17;2025-01-06;DI de um dia;100% do DI1 + 1,7023%;;1663503.72;1077342.25769733;64.7634414485908;39;1;4UM FUNDO DE INVESTIMENTO RENDA FIXA CREDITO PRIVADO LONGO PRAZO;28.581.607/0001-21;1077342.25769733;São José dos Campos/SP;123800.7652668426
Dois fundos;BANCO BTG PACTUAL S A;30.306.294/0001-45;2025-12-05;DI de um dia;100% do DI1 + 0,8766%;;741520651.5600002;1072997.733794147;0.144702339919568;8;1;BB ESPELHO SULAMERICA CREDITO ASG FIC DE FIF RENDA FIXA CREDITO PRIVADO IS RESPONSABILIDADE LIMITADA;51.681.664/0001-02;1072997.733794147;Aracaju/SE;575888.529792983
Um fundo;HAITONG BANCO DE INVESTIMENTO DO BRASIL SA;34.111.187/0001-12;2024-08-25;DI de um dia;100% do DI1 + 1,7000%;;207764350.59;1066846.567604345;0.5134887503918555;28;4;INTER CORPORATE FUNDO DE INVESTIMENTO RENDA FIXA CREDITO PRIVADO;36.443.522/0001-05;921175.8808513583;Governo do Estado do Paraná/PR;627200.5599098003
Dois fundos;BANCO XP S.A;33.264.668/0001-03;2025-10-23;DI de um dia;100% do DI1 + 1,0500%;;43838894.22000001;1066451.188196159;2.432659872405329;20;1;BTG FIC Corporativo I Crédito Privado;14.171.644/0001-57;1066451.188196159;São José dos Campos/SP;233182.4589453922
Um fundo;BANCO ABC BRASIL S.A.;28.195.667/0001-06;2025-09-15;DI de um dia;100% do DI1 + 1,0020%;;35428938.49;1061745.219806168;2.996830458541261;39;1;4UM FUNDO DE INVESTIMENTO RENDA FIXA CREDITO PRIVADO LONGO PRAZO;28.581.607/0001-21;1061745.219806168;São José dos Campos/SP;122008.4609057857
Dois fundos e Um fundo;BANCO PAN S.A.;59.285.411/0001-13;2025-08-11;DI de um dia;100% do DI1 + 1,0897%;;283699151.6999999;1056984.403639699;0.3725722820480677;187;2;FUNDO DE INVESTIMENTO INSTITUCIONAL RENDA FIXA REFERENCIADO IRF-M LONGO PRAZO;13.081.159/0001-20;742855.4092194453;Dourados/MS;41059.68944008536
Dois fundos e Um fundo;BANCO BRADESCO S.A.;60.746.948/0001-12;2031-08-12;DI de um dia;100% do DI1 + 2,5000%;;65989215.31;1049306.30459093;1.590117869505743;30;1;BANESTES LIQUIDEZ FUNDO DE INVESTIMENTO RENDA FIXA REFERENCIADO DI;20.230.719/0001-26;936941.3764938373;Governo do Estado do Espírito Santo/ES;359221.1452203485
Dois fundos e Um fundo;Banco Volkswagen S/A;59.109.165/0001-49;2026-10-06;DI de um dia;100% do DI1 + 1,0000%;;290712695.1599998;1048366.993360108;0.360619612013544;97;4;Itaú High Grade FIC Renda Fixa Crédito Privado;09.093.883/0001-04;1005460.849758185;Santos/SP;127525.9011360073
Dois fundos e Um fundo;BANCO DAYCOVAL S.A.;62.232.889/0001-90;2025-10-20;DI de um dia;100% do DI1 + 0,9500%;;484186200.5500004;1046187.18903333;0.2160712527215641;187;2;FUNDO DE INVESTIMENTO INSTITUCIONAL RENDA FIXA REFERENCIADO IRF-M LONGO PRAZO;13.081.159/0001-20;722633.9867844766;Dourados/MS;39941.9950477284
Um fundo;BANCO PAN S.A.;59.285.411/0001-13;2024-09-19;DI de um dia;100% do DI1 + 1,3500%;;31401835.07;1045714.57660395;3.330106582220036;8;1;MONGERAL AEGON RENDA FIXA FUNDO DE INVESTIMENTO;11.435.287/0001-07;1045714.57660395;Governo do Estado do Paraná/PR;478157.3601704476
Dois fundos e Um fundo;BANCO VOTORANTIM S/A;59.588.111/0001-03;2024-08-26;DI de um dia;100% do DI1 + 1,0500%;;134448770.58;1045463.071550505;0.7775921394003609;45;2;INTER CORPORATE FUNDO DE INVESTIMENTO RENDA FIXA CREDITO PRIVADO;36.443.522/0001-05;950053.6603929815;Governo do Estado do Paraná/PR;670381.3647077449
Um fundo;MERCADO CREDITO SOCIEDADE DE CREDITO FINANCIAMENTO E INVESTIMENTO SA;37.679.449/0001-38;2026-03-18;DI de um dia;100% do DI1 + 0,9500%;;102300650.3;1043482.140975265;1.020015159156095;3;1;Porto Seguro FI Referenciado DI Crédito Privado;18.719.154/0001-01;1043482.140975265;Governo do Estado do Amazonas/AM;915947.4964853331
Dois fundos e Um fundo;BANCO BRADESCO S.A.;60.746.948/0001-12;2026-12-23;DI de um dia;100% do DI1 + 1,0895%;;3343666288.920001;1031004.623815385;0.03083455508798392;187;3;Sicredi Executive;21.170.347/0001-52;907347.7616807758;Pelotas/RS;111839.790556457
Dois fundos;BANCO COOPERATIVO SICREDI S.A.;01.181.521/0001-55;2027-12-13;DI de um dia;100% do DI1 + 1,9000%;;25172192.91;1019466.023859881;4.049969057145132;88;1;Itaú High Grade FIC Renda Fixa Crédito Privado;09.093.883/0001-04;1019466.023859881;Santos/SP;129302.223355132
Dois fundos;ITAU UNIBANCO HOLDING SA;60.872.504/0001-23;2027-10-15;DI de um dia;100% do DI1 + 1,7605%;;605908007.1899999;1013365.855967404;0.1672474771652314;8;1;BB ESPELHO SULAMERICA CREDITO ASG FIC DE FIF RENDA FIXA CREDITO PRIVADO IS RESPONSABILIDADE LIMITADA;51.681.664/0001-02;1013365.855967404;Aracaju/SE;543883.509307985
Um fundo;BANCO SAFRA S.A.;58.160.789/0001-28;2025-09-26;DI de um dia;100% do DI1 + 0,7014%;;16636533.51;1008036.525587946;6.059174076029891;4;1;VINCI INSTITUCIONAL FUNDO DE INVESTIMENTO EM RENDA FIXA REFERENCIADO DI;51.415.957/0001-30;1008036.525587946;Joinville/SC;855694.6977539813
Dois fundos;ITAU UNIBANCO HOLDING SA;60.872.504/0001-23;2050-11-10;DI de um dia;100% do DI1 + 1,8149%;;431935252.3699999;1007534.676683812;0.2332605804123504;139;1;SANTANDER FUNDO DE INVESTIMENTO EM COTAS DE FUNDOS DE INVESTIMENTO INSTITUCIONAL RENDA FIXA REFERENC;02.224.354/0001-45;1007534.676683812;Governo do Estado do Amazonas/AM;75840.97850117585
Dois fundos;BANCO PAN S.A.;59.285.411/0001-13;2026-01-15;DI de um dia;100% do DI1 + 1,3500%;;226699534.91;1005315.68212077;0.4434573200689989;52;1;BB RENDA FIXA LONGO PRAZO CORPORATE BANCOS FUNDO DE INVESTIMENTO EM COTAS DE FIF RESP LIMITADA;18.060.364/0001-22;1005315.68212077;Governo do Estado de São Paulo/SP;203876.3538302834
Dois fundos;BANCO PAN S.A.;59.285.411/0001-13;2026-05-18;DI de um dia;100% do DI1 + 0,8000%;;280137221.06;1002280.654693836;0.3577820365681311;64;1;Sicredi Executive;21.170.347/0001-52;993488.1250399473;Pelotas/RS;122457.4617553157
Um fundo;NU FINANCEIRA S.A.;30.680.829/0001-43;2026-01-08;DI de um dia;100% do DI1 + 1,1800%;;28517654.1;999463.0678445183;3.50471698807974;10;1;INTER CORPORATE FUNDO DE INVESTIMENTO RENDA FIXA CREDITO PRIVADO;36.443.522/0001-05;999463.0678445183;Governo do Estado do Paraná/PR;680503.9176469708
Um fundo;BANCO DAYCOVAL S.A.;62.232.889/0001-90;2028-06-05;DI de um dia;100% do DI1 + 1,7542%;;1756901.45;986119.1941373852;56.12831579923765;39;1;4UM FUNDO DE INVESTIMENTO RENDA FIXA CREDITO PRIVADO LONGO PRAZO;28.581.607/0001-21;986119.1941373852;São José dos Campos/SP;113318.0379830867
Um fundo;BANCO BTG PACTUAL S A;30.306.294/0001-45;2026-11-17;DI de um dia;100% do DI1 + 2,3037%;;432348445.8899997;982834.0447590394;0.2273245235647492;21;2;SOMMA TORINO FUNDO DE INVESTIMENTO RENDA FIXA CREDITO PRIVADO;28.206.220/0001-95;975412.6241516442;Itatiaia/RJ;148450.745677956
Dois fundos;ITAU UNIBANCO S.A.;60.701.190/0001-04;2026-05-04;DI de um dia;100% do DI1 + 1,0003%;;2275983495.279998;980470.8899211376;0.04307899824205523;64;1;Sicredi Executive;21.170.347/0001-52;971869.6869207273;Pelotas/RS;119792.7705602522
Dois fundos e Um fundo;BANCO ABC BRASIL S.A.;28.195.667/0001-06;2027-05-21;DI de um dia;100% do DI1 + 0,7000%;;90267703.89000002;978567.7906836069;1.084072983484865;64;1;BRADESCO FIC DE FI RENDA FIXA CREDITO PRIVADO LONGO PRAZO PERFORMANCE INSTITUCIONAL;44.961.198/0001-45;959673.7071497125;Governo do Estado do Amazonas/AM;139160.5119745545
Dois fundos;BANCO ABC BRASIL S.A.;28.195.667/0001-06;2026-11-03;DI de um dia;100% do DI1 + 1,0700%;;245740953.9399999;964544.063808455;0.3925044028452652;88;1;Itaú High Grade FIC Renda Fixa Crédito Privado;09.093.883/0001-04;964544.063808455;Santos/SP;122336.2908184266
Dois fundos e Um fundo;BANCO BRADESCO S.A.;60.746.948/0001-12;2050-06-16;DI de um dia;100% do DI1 + 3,3717%;;10743730.37;952052.9088805818;8.8614743305456;140;2;SANTANDER FUNDO DE INVESTIMENTO EM COTAS DE FUNDOS DE INVESTIMENTO INSTITUCIONAL RENDA FIXA REFERENC;02.224.354/0001-45;946672.1797097406;Governo do Estado do Amazonas/AM;71259.62618511356
Dois fundos e Um fundo;BANCO BRADESCO S.A.;60.746.948/0001-12;2050-06-10;DI de um dia;100% do DI1 + 3,3783%;;53046794.88;951494.1517916878;1.793688297180091;140;2;SANTANDER FUNDO DE INVESTIMENTO EM COTAS DE FUNDOS DE INVESTIMENTO INSTITUCIONAL RENDA FIXA REFERENC;02.224.354/0001-45;948797.7465199801;Governo do Estado do Amazonas/AM;71419.62570720333
Um fundo;BANCO BRADESCO S.A.;60.746.948/0001-12;2025-08-04;DI de um dia;108,75% do DI1 + 1,8649%;;238231210.37;948789.648626383;0.3982642102824418;473;1;BRADESCO FUNDO DE INVESTIMENTO RENDA FIXA REFERENCIADO DI PREMIUM;03.399.411/0001-90;948789.648626383;Governo do Estado do Amazonas/AM;89939.24976488797
Um fundo;BANCO SAFRA S.A.;58.160.789/0001-28;2025-07-28;DI de um dia;110% do DI1;;17631338.58;940008.4488958928;5.331463885346661;25;1;DAYCOVAL CLASSIC FUNDO DE INVESTIMENTO RENDA FIXA CREDITO PRIVADO;10.783.480/0001-68;940008.4488958928;Governo do Estado do Amazonas/AM;497421.0637725036
Dois fundos e Um fundo;BANCO BTG PACTUAL S A;30.306.294/0001-45;2025-12-05;DI de um dia;100% do DI1 + 0,9000%;;741520651.5600002;935830.1531788516;0.1262041928582928;19;5;Porto Seguro FI Referenciado DI Crédito Privado;18.719.154/0001-01;679232.5650451791;Governo do Estado do Amazonas/AM;596216.5935134966
Dois fundos e Um fundo;BANCO DO BRASIL;00.000.000/0001-91;2050-09-19;DI de um dia;100% do DI1 + 2,6000%;;117648669.98;933988.325349329;0.7938792045061833;7;2;Porto Seguro FI Referenciado DI Crédito Privado;18.719.154/0001-01;625070.5546568746;Governo do Estado do Amazonas/AM;548674.2773858687
Dois fundos;ITAU UNIBANCO HOLDING SA;60.872.504/0001-23;2026-10-21;DI de um dia;100% do DI1 + 0,7300%;;2924335194.790002;933590.0658525608;0.03192486509466649;139;1;SANTANDER FUNDO DE INVESTIMENTO EM COTAS DE FUNDOS DE INVESTIMENTO INSTITUCIONAL RENDA FIXA REFERENC;02.224.354/0001-45;933590.0658525608;Governo do Estado do Amazonas/AM;70274.88557146254
Um fundo;BANCO COOPERATIVO SICREDI S.A.;01.181.521/0001-55;2027-03-18;DI de um dia;100% do DI1 + 2,8173%;;35542857.66999999;924720.2591511083;2.601704870600824;9;1;SULAMERICA CREDITO INSTITUCIONAL ESG FIF RF CRED PRIV LONGO PRAZO IS - RESP LIMITADA;34.525.051/0001-59;924720.2591511083;Governo do Estado do Paraná/PR;404407.3352723875
Um fundo;BANCO SAFRA S.A.;58.160.789/0001-28;2025-10-23;DI de um dia;110% do DI1;;15936915.58;924398.1405930575;5.800357892044864;25;1;DAYCOVAL CLASSIC FUNDO DE INVESTIMENTO RENDA FIXA CREDITO PRIVADO;10.783.480/0001-68;924398.1405930575;Governo do Estado do Amazonas/AM;489160.6101872901
Dois fundos;Banco Volkswagen S/A;59.109.165/0001-49;2025-12-11;DI de um dia;100% do DI1 + 1,1500%;;22743518.51;921866.7128372842;4.053316167557595;36;1;SAFRA EXTRA BANCOS FUNDO DE INVESTIMENTO EM COTAS DE FUNDO DE INVESTIMENTO RENDA FIXA CREDITO PRIVADO;20.441.483/0001-77;921866.7128372842;Governo do Estado do Paraná/PR;227243.8712098553
Dois fundos;BANCO COOPERATIVO SICREDI S.A.;01.181.521/0001-55;2024-07-04;DI de um dia;100% do DI1 + 1,1500%;;12146777.45;921294.6805240691;7.584683956847083;36;1;SAFRA EXTRA BANCOS FUNDO DE INVESTIMENTO EM COTAS DE FUNDO DE INVESTIMENTO RENDA FIXA CREDITO PRIVADO;20.441.483/0001-77;921294.6805240691;Governo do Estado do Paraná/PR;227102.8629323007
Dois fundos;BANCO ALFA DE INVESTIMENTOS S/A;60.770.336/0001-65;2025-07-21;DI de um dia;100% do DI1 + 1,0000%;;111339140.78;920474.6919983423;0.826730550954358;36;1;SAFRA EXTRA BANCOS FUNDO DE INVESTIMENTO EM COTAS DE FUNDO DE INVESTIMENTO RENDA FIXA CREDITO PRIVADO;20.441.483/0001-77;920474.6919983423;Governo do Estado do Paraná/PR;226900.7324460394
Dois fundos e Um fundo;BANCO BTG PACTUAL S A;30.306.294/0001-45;2025-08-29;DI de um dia;100% do DI1 + 0,9419%;;26124851.02;917575.4145958434;3.512270419813646;6;2;VINCI INSTITUCIONAL FUNDO DE INVESTIMENTO EM RENDA FIXA REFERENCIADO DI;51.415.957/0001-30;799006.0397096148;Joinville/SC;678254.4226303186
Dois fundos e Um fundo;BANCO SAFRA S.A.;58.160.789/0001-28;2025-05-05;DI de um dia;100% do DI1 + 1,1899%;;979998681.3999999;916903.8134566282;0.09356173950629852;187;2;FUNDO DE INVESTIMENTO INSTITUCIONAL RENDA FIXA REFERENCIADO IRF-M LONGO PRAZO;13.081.159/0001-20;795803.5454589637;Dourados/MS;43986.28054172424
Dois fundos;BR PARTNERS BANCO INVESTIMENTO SA;13.220.493/0001-17;2024-07-29;DI de um dia;100% do DI1 + 1,3500%;;38337146.06999999;913999.7136372522;2.384109949051438;53;2;BB RENDA FIXA LONGO PRAZO CORPORATE BANCOS FUNDO DE INVESTIMENTO EM COTAS DE FIF RESP LIMITADA;18.060.364/0001-22;913652.4653981281;Governo do Estado de São Paulo/SP;185287.2054283168
Dois fundos;BANCO XP S.A;33.264.668/0001-03;2025-07-28;DI de um dia;100% do DI1 + 0,7400%;;206562524.2999999;913337.3798651388;0.4421602529114422;139;1;SANTANDER FUNDO DE INVESTIMENTO EM COTAS DE FUNDOS DE INVESTIMENTO INSTITUCIONAL RENDA FIXA REFERENC;02.224.354/0001-45;913337.3798651388;Governo do Estado do Amazonas/AM;68750.38864038054
Dois fundos e Um fundo;BANCO COOPERATIVO SICREDI S.A.;01.181.521/0001-55;2025-08-06;DI de um dia;100% do DI1 + 0,5900%;;60632385.05;912320.068234853;1.50467455219272;140;2;SANTANDER FUNDO DE INVESTIMENTO EM COTAS DE FUNDOS DE INVESTIMENTO INSTITUCIONAL RENDA FIXA REFERENC;02.224.354/0001-45;910442.1153898169;Governo do Estado do Amazonas/AM;68532.4510389168
Um fundo;BANCO DAYCOVAL S.A.;62.232.889/0001-90;2025-03-31;DI de um dia;100% do DI1 + 1,1500%;;65339817.22000001;902487.6000258204;1.381221494677791;156;1;BB INSTITUCIONAL FUNDO DE INVESTIMENTO RENDA FIXA;02.296.928/0001-90;902487.6000258204;Praia Grande/SP;93537.23315152075
Dois fundos;BANCO RCI BRASIL S.A.;62.307.848/0001-15;2026-07-27;DI de um dia;100% do DI1 + 1,4200%;;89601847.15;899812.2594948094;1.004234051099927;94;2;Itaú High Grade FIC Renda Fixa Crédito Privado;09.093.883/0001-04;899305.8431610392;Santos/SP;114061.9130755516
Dois fundos;BANCO DAYCOVAL S.A.;62.232.889/0001-90;2027-08-09;DI de um dia;100% do DI1 + 1,4500%;;44850041.43;887158.3991807844;1.978054804175427;88;1;Itaú High Grade FIC Renda Fixa Crédito Privado;09.093.883/0001-04;887158.3991807844;Santos/SP;112521.2128678272
Dois fundos e Um fundo;BANCO SOFISA;60.889.128/0001-80;2024-06-10;DI de um dia;100% do DI1 + 2,1500%;;109492648.13;886730.1066713597;0.809853558038481;68;2;BRADESCO FIC DE FI RENDA FIXA CREDITO PRIVADO LONGO PRAZO PERFORMANCE INSTITUCIONAL;44.961.198/0001-45;852828.5743940691;Governo do Estado do Amazonas/AM;123667.0965923354
Dois fundos e Um fundo;BANCO BTG PACTUAL S A;30.306.294/0001-45;2026-03-05;DI de um dia;100% do DI1 + 0,8200%;;123121154.34;886601.248162266;0.7201047236073745;90;5;Itaú High Grade FIC Renda Fixa Crédito Privado;09.093.883/0001-04;517130.1210465342;Governo do Estado do Amazonas/AM;233587.9083629229
Dois fundos e Um fundo;BANCO BRADESCO S.A.;60.746.948/0001-12;2025-06-24;DI de um dia;100% do DI1 + 0,7116%;;2108842701.160001;885479.509234765;0.04198888370136349;30;2;MAG CASH FUNDO DE  INVESTIMENTO RENDA FIXA LONGO PRAZO;44.211.851/0001-59;358384.7620641663;Cabo de Santo Agostinho/PE;246469.9307822442
Dois fundos e Um fundo;NU FINANCEIRA S.A.;30.680.829/0001-43;2025-07-08;DI de um dia;100% do DI1 + 1,8000%;;138338089.01;885354.1508199376;0.6399930468577879;21;2;BTG FIC Corporativo I Crédito Privado;14.171.644/0001-57;596789.3067924342;Governo do Estado do Amazonas/AM;356446.8514143882
Dois fundos;BANCO BRADESCO S.A.;60.746.948/0001-12;2028-08-15;DI de um dia;100% do DI1 + 1,7517%;;112712935.7;884162.0001377498;0.7844370254813173;8;1;BB ESPELHO SULAMERICA CREDITO ASG FIC DE FIF RENDA FIXA CREDITO PRIVADO IS RESPONSABILIDADE LIMITADA;51.681.664/0001-02;884162.0001377498;Aracaju/SE;474538.5179497844
Dois fundos e Um fundo;BANCO BTG PACTUAL S A;30.306.294/0001-45;2027-09-01;DI de um dia;100% do DI1 + 2,2000%;;185450331.95;883229.1520630985;0.4762618339778595;45;6;DAYCOVAL CLASSIC FUNDO DE INVESTIMENTO RENDA FIXA CREDITO PRIVADO;10.783.480/0001-68;613711.8655162381;Governo do Estado do Amazonas/AM;324755.8140072678
Dois fundos;BANCO ABC BRASIL S.A.;28.195.667/0001-06;2050-07-14;Taxa Selic;122% do SEL;;98059718.85;882716.7857652628;0.9001828641947639;11;1;SPX SEAHAWK ADVISORY FUNDO DE INVESTIMENTO EM COTAS DE FUNDOS DE INVESTIMENTO RENDA FIXA CREDITO PRIVADO LONGO PRAZO;35.648.999/0001-64;882716.7857652628;São José dos Campos/SP;451122.3075238525
Um fundo;NU FINANCEIRA S.A.;30.680.829/0001-43;2026-03-06;DI de um dia;100% do DI1 + 1,1800%;;15423495.66;878502.8230494072;5.695873636012079;29;2;DAYCOVAL CLASSIC FUNDO DE INVESTIMENTO RENDA FIXA CREDITO PRIVADO;10.783.480/0001-68;715694.3583112129;Governo do Estado do Amazonas/AM;378721.541774749
Um fundo;HSBC BRASIL S.A;53.518.684/0001-84;2026-05-11;DI de um dia;100% do DI1 + 0,5000%;;21783223.09;875260.3797088101;4.01804809183915;25;1;DAYCOVAL CLASSIC FUNDO DE INVESTIMENTO RENDA FIXA CREDITO PRIVADO;10.783.480/0001-68;875260.3797088101;Governo do Estado do Amazonas/AM;463158.5489088512
Um fundo;BANCO XP S.A;33.264.668/0001-03;2026-05-11;DI de um dia;100% do DI1 + 0,6000%;;30798218.41999999;875140.0872465583;2.841528283591407;25;1;DAYCOVAL CLASSIC FUNDO DE INVESTIMENTO RENDA FIXA CREDITO PRIVADO;10.783.480/0001-68;875140.0872465583;Governo do Estado do Amazonas/AM;463094.8941570165
Dois fundos;BANCO COOPERATIVO SICREDI S.A.;01.181.521/0001-55;2026-10-09;DI de um dia;100% do DI1 + 0,9000%;;24417965.24;865433.458775183;3.544248876878092;88;1;Itaú High Grade FIC Renda Fixa Crédito Privado;09.093.883/0001-04;865433.458775183;Santos/SP;109765.7673395238
Um fundo;BANCO BRADESCO S.A.;60.746.948/0001-12;2026-11-11;DI de um dia;100% do DI1 + 1,1400%;;210633827.22;865182.573353505;0.4107519598216532;473;1;BRADESCO FUNDO DE INVESTIMENTO RENDA FIXA REFERENCIADO DI PREMIUM;03.399.411/0001-90;865182.573353505;Governo do Estado do Amazonas/AM;82013.82853377999
Dois fundos;BANCO ABC BRASIL S.A.;28.195.667/0001-06;2025-11-03;OUTROS;100% do OUT + 6,2000%;;19733331.65;864667.8397030118;4.381763074979849;3;1;PORTO SEGURO IMA-B5 FUNDO DE INVESTIMENTO EM COTAS DE FUNDOS DE INVESTIMENTO RENDA FIXA LONGO PRAZO;24.011.864/0001-77;864667.8397030118;Campinas/SP;486700.1449500801
Dois fundos e Um fundo;BANCO XP S.A;33.264.668/0001-03;2025-09-29;DI de um dia;100% do DI1 + 1,0800%;;212470203.14;862396.6541945961;0.4058906338157681;26;3;BTG FIC Corporativo I Crédito Privado;14.171.644/0001-57;841326.1555297589;São José dos Campos/SP;183958.2569675168
Dois fundos e Um fundo;BANCO BRADESCO S.A.;60.746.948/0001-12;2031-06-16;DI de um dia;100% do DI1 + 2,5000%;;467864350.0500001;859193.0730534149;0.1836414920182728;91;3;Porto Seguro FI Referenciado DI Crédito Privado;18.719.154/0001-01;665456.4011817632;Governo do Estado do Amazonas/AM;588572.0319112246
Dois fundos e Um fundo;Banco Volkswagen S/A;59.109.165/0001-49;2026-01-05;DI de um dia;100% do DI1 + 0,8500%;;326249194.25;855796.4882898417;0.2623137477035598;7;2;Porto Seguro FI Referenciado DI Crédito Privado;18.719.154/0001-01;594773.2151881149;Governo do Estado do Amazonas/AM;522079.886215321
Dois fundos e Um fundo;BANCO DAYCOVAL S.A.;62.232.889/0001-90;2027-08-16;DI de um dia;100% do DI1 + 1,4500%;;33477911.38;855790.4914510171;2.556283997938634;112;3;Itaú High Grade FIC Renda Fixa Crédito Privado;09.093.883/0001-04;680377.1036406;Governo do Estado do Amazonas/AM;118408.1458569219
Dois fundos;BANCO BRADESCO S.A.;60.746.948/0001-12;2050-08-11;DI de um dia;100% do DI1 + 3,4500%;;174342639.2;851786.8434958699;0.4885705799822894;94;2;Itaú High Grade FIC Renda Fixa Crédito Privado;09.093.883/0001-04;819055.7062937084;Santos/SP;103883.5247049297
Um fundo;BANCO SAFRA S.A.;58.160.789/0001-28;2030-01-30;DI de um dia;100% do DI1 + 1,8857%;;12177809.28;846122.1394089916;6.948065287888886;20;1;SOMMA TORINO FUNDO DE INVESTIMENTO RENDA FIXA CREDITO PRIVADO;28.206.220/0001-95;846122.1394089916;Itatiaia/RJ;128773.6691322179
Dois fundos;BANCO GMAC S/A;59.274.605/0001-13;2024-12-02;DI de um dia;100% do DI1 + 0,8500%;;145187905.37;845163.4168969223;0.5821169571549982;24;1;CAIXA TOP PRIVATE FIC DE CLASSE DE FIF RENDA FIXA REFERENCIADO DI LONGO PRAZO - RESP LIMITADA;19.769.018/0001-80;829772.52298538;Angra dos Reis/RJ;156812.6536012896
Dois fundos;BANCO SANTANDER;90.400.888/0001-42;2026-11-30;DI de um dia;100% do DI1 + 1,7747%;;7300459966.270001;844726.4493069393;0.01157086612637823;4;1;BRADESCO FUNDO DE INVESTIMENTO RENDA FIXA - 1824;44.315.854/0001-32;844726.4493069393;Recife/PE;710600.6520069035
Dois fundos;BANCO TOYOTA DO BRASIL S.A.;03.215.790/0001-10;2025-08-01;DI de um dia;100% do DI1 + 1,1000%;;23177762.02;842106.8885489037;3.633253667123914;36;1;SAFRA EXTRA BANCOS FUNDO DE INVESTIMENTO EM COTAS DE FUNDO DE INVESTIMENTO RENDA FIXA CREDITO PRIVADO;20.441.483/0001-77;842106.8885489037;Governo do Estado do Paraná/PR;207582.7521067203
Dois fundos;BANCO BTG PACTUAL S A;30.306.294/0001-45;2027-01-29;DI de um dia;100% do DI1 + 0,9000%;;90507522.21000002;838282.6731695007;0.9262022124796166;88;1;Itaú High Grade FIC Renda Fixa Crédito Privado;09.093.883/0001-04;838282.6731695007;Santos/SP;106322.1440480273
Dois fundos e Um fundo;BANCO JOHN DEERE S.A.;91.884.981/0001-32;2025-08-25;DI de um dia;100% do DI1 + 1,2000%;;31148160.8;835041.6736541786;2.680869920429391;7;2;Porto Seguro FI Referenciado DI Crédito Privado;18.719.154/0001-01;441277.3597977791;Governo do Estado do Amazonas/AM;387344.3321077539
Um fundo;ITAU UNIBANCO HOLDING SA;60.872.504/0001-23;2024-06-06;DI de um dia;100% do DI1 + 0,6500%;;25326988.6;833076.5362504495;3.289283812645809;10;1;INTER CORPORATE FUNDO DE INVESTIMENTO RENDA FIXA CREDITO PRIVADO;36.443.522/0001-05;833076.5362504495;Governo do Estado do Paraná/PR;567216.4033442718
Dois fundos;ITAU UNIBANCO S.A.;60.701.190/0001-04;2025-04-01;DI de um dia;100% do DI1 + 0,6790%;;1005721090.34;832981.2308093392;0.0828242779046959;64;1;Sicredi Executive;21.170.347/0001-52;825673.8841707265;Pelotas/RS;101772.6589224548
Dois fundos e Um fundo;BANCO ABC BRASIL S.A.;28.195.667/0001-06;2025-06-20;DI de um dia;117% do DI1;;50904835.24;832119.4040934953;1.63465690473276;70;3;SAFRA DI MASTER FUNDO DE INVESTIMENTO RENDA FIXA REFERENCIADO DI LONGO PRAZO;02.536.364/0001-16;710774.5615367576;Governo do Estado do Amazonas/AM;445864.8585190147
Dois fundos;ITAU UNIBANCO HOLDING SA;60.872.504/0001-23;2029-11-08;DI de um dia;100% do DI1 + 0,7500%;;217194861.11;826225.7231938087;0.3804075837574079;94;2;Itaú High Grade FIC Renda Fixa Crédito Privado;09.093.883/0001-04;766724.2024354985;Santos/SP;97246.14823330913
Dois fundos e Um fundo;ITAU UNIBANCO HOLDING SA;60.872.504/0001-23;2050-01-15;Taxa Selic;100% do SEL + 1,1862%;;323786567.5100001;825855.0988895892;0.2550615688725515;225;4;ITAU INSTITUCIONAL RENDA FIXA REFERENCIADO DI - FUNDO DE INVESTIMENTO;00.832.435/0001-00;638187.2533176075;Niterói/RJ;67547.92621837939
Um fundo;BANCO DAYCOVAL S.A.;62.232.889/0001-90;2025-11-12;;14,5606% a.a. (prefixado);;1272956.64;824410.5282123485;64.76344144859078;39;1;4UM FUNDO DE INVESTIMENTO RENDA FIXA CREDITO PRIVADO LONGO PRAZO;28.581.607/0001-21;824410.5282123485;São José dos Campos/SP;94735.58988104253
Um fundo;BR PARTNERS BANCO INVESTIMENTO SA;13.220.493/0001-17;2027-12-13;DI de um dia;100% do DI1 + 1,4042%;;1268265.75;821372.5464137808;64.76344144859078;39;1;4UM FUNDO DE INVESTIMENTO RENDA FIXA CREDITO PRIVADO LONGO PRAZO;28.581.607/0001-21;821372.5464137808;São José dos Campos/SP;94386.48589960833
Dois fundos e Um fundo;BANCO BTG PACTUAL S A;30.306.294/0001-45;2026-11-24;DI de um dia;100% do DI1 + 1,0040%;;182974600.6599999;819293.5150819509;0.4477635213448817;31;2;MAG CASH FUNDO DE  INVESTIMENTO RENDA FIXA LONGO PRAZO;44.211.851/0001-59;316601.110129639;Cabo de Santo Agostinho/PE;217734.2955369922
Dois fundos e Um fundo;BANCO ABC BRASIL S.A.;28.195.667/0001-06;2024-07-08;DI de um dia;100% do DI1 + 1,0000%;;70466398.24;815970.9314645414;1.157957483062272;12;2;INTER CORPORATE FUNDO DE INVESTIMENTO RENDA FIXA CREDITO PRIVADO;36.443.522/0001-05;811424.0095395215;Governo do Estado do Paraná/PR;552473.8583440654
Dois fundos e Um fundo;BANCO BRADESCO S.A.;60.746.948/0001-12;2026-11-10;DI de um dia;100% do DI1 + 1,8747%;;153362212.69;814446.4114714335;0.5310606812368583;64;1;BRADESCO FIC DE FI RENDA FIXA CREDITO PRIVADO LONGO PRAZO PERFORMANCE INSTITUCIONAL;44.961.198/0001-45;798721.1661908057;Governo do Estado do Amazonas/AM;115821.0812528658
Dois fundos e Um fundo;BANCO BTG PACTUAL S A;30.306.294/0001-45;2026-12-07;DI de um dia;100% do DI1 + 0,9900%;;146235413.76;813348.1550562297;0.5561909623281047;52;7;MAG CASH FUNDO DE INVESTIMENTO RENDA FIXA LONGO PRAZO;17.899.612/0001-60;298974.5618695343;Governo do Estado do Amazonas/AM;120739.5934919839
Um fundo;BANCO BRADESCO S.A.;60.746.948/0001-12;2027-02-01;DI de um dia;100% do DI1 + 0,9588%;;3079909822.410001;813286.4678323648;0.02640617793140371;4;1;VINCI INSTITUCIONAL FUNDO DE INVESTIMENTO EM RENDA FIXA REFERENCIADO DI;51.415.957/0001-30;813286.4678323648;Joinville/SC;690376.688357909
Um fundo;BANCO DAYCOVAL S.A.;62.232.889/0001-90;2027-10-05;DI de um dia;100% do DI1 + 1,2036%;;1359179.88;813083.868599769;59.82165278960493;39;1;4UM FUNDO DE INVESTIMENTO RENDA FIXA CREDITO PRIVADO LONGO PRAZO;28.581.607/0001-21;813083.868599769;São José dos Campos/SP;93434.00803188016
Um fundo;BANCO DAYCOVAL S.A.;62.232.889/0001-90;2026-01-23;DI de um dia;100% do DI1 + 0,8400%;;46516321.37;811466.676450528;1.744477320113003;20;1;SOMMA TORINO FUNDO DE INVESTIMENTO RENDA FIXA CREDITO PRIVADO;28.206.220/0001-95;811466.676450528;Itatiaia/RJ;123499.3583527432
Um fundo;BANCO BRADESCO S.A.;60.746.948/0001-12;2025-08-11;DI de um dia;108,75% do DI1;;31317659.08;808319.7371590451;2.581034984429127;21;1;SAFRA DI MASTER FUNDO DE INVESTIMENTO RENDA FIXA REFERENCIADO DI LONGO PRAZO;02.536.364/0001-16;808319.7371590451;Governo do Estado do Amazonas/AM;436299.0509952587
Dois fundos e Um fundo;BANCO PAN S.A.;59.285.411/0001-13;2025-08-11;DI de um dia;100% do DI1 + 1,2425%;;283699151.6999999;804554.0716045169;0.2835941055105091;22;2;SOMMA TORINO FUNDO DE INVESTIMENTO RENDA FIXA CREDITO PRIVADO;28.206.220/0001-95;780561.9710266769;Itatiaia/RJ;118795.8857386601
Dois fundos;BANCO ALFA DE INVESTIMENTOS S/A;60.770.336/0001-65;2025-12-08;DI de um dia;100% do DI1 + 0,7000%;;22717342.32;798986.0155412616;3.517075211909126;36;1;SAFRA EXTRA BANCOS FUNDO DE INVESTIMENTO EM COTAS DE FUNDO DE INVESTIMENTO RENDA FIXA CREDITO PRIVADO;20.441.483/0001-77;798986.0155412616;Governo do Estado do Paraná/PR;196953.2826012575
Um fundo;BANCO DO BRASIL;00.000.000/0001-91;2027-09-27;DI de um dia;100% do DI1 + 2,4508%;;211935037.28;795440.732784214;0.375322902240704;9;1;SULAMERICA CREDITO INSTITUCIONAL ESG FIF RF CRED PRIV LONGO PRAZO IS - RESP LIMITADA;34.525.051/0001-59;795440.732784214;Governo do Estado do Paraná/PR;347869.6004861868
Dois fundos;BANCO BRADESCO S.A.;60.746.948/0001-12;2025-01-09;DI de um dia;110,50% do DI1;;19618707.56;794551.5855917928;4.049969057145133;88;1;Itaú High Grade FIC Renda Fixa Crédito Privado;09.093.883/0001-04;794551.5855917928;Santos/SP;100775.5866138456
Direta;;;;;;Letra Financeira - 15/05/2025;;792515.4;;1;;;;;Igaratinga/MG;792515.4
Dois fundos;BANCO BNP PARIBAS BRASIL S A;01.522.368/0001-82;2025-07-14;DI de um dia;100% do DI1 + 0,8000%;;71611510.21;792158.9541272857;1.106189426538119;64;1;Sicredi Executive;21.170.347/0001-52;785209.7218317818;Pelotas/RS;96785.0415698236
Dois fundos;BANCO ABC BRASIL S.A.;28.195.667/0001-06;2026-06-19;DI de um dia;100% do DI1 + 1,3500%;;44208808.02;792083.5911479364;1.791687282746006;88;1;Itaú High Grade FIC Renda Fixa Crédito Privado;09.093.883/0001-04;792083.5911479364;Santos/SP;100462.5627745512
Dois fundos;Banco Volkswagen S/A;59.109.165/0001-49;2026-02-23;DI de um dia;100% do DI1 + 0,8500%;;49628153.62;791856.477305544;1.595579161313848;64;1;Sicredi Executive;21.170.347/0001-52;784909.8984947823;Pelotas/RS;96748.08531045975
Um fundo;BANCO BRADESCO S.A.;60.746.948/0001-12;2025-11-16;DI de um dia;100% do DI1 + 3,1200%;;170231732.55;791070.3877918811;0.4647020716654752;55;4;MAG CASH FUNDO DE INVESTIMENTO RENDA FIXA LONGO PRAZO;17.899.612/0001-60;404200.7986754843;Governo do Estado do Paraná/PR;136253.7043760029
Direta;;;;;;Letra Financeira - 21/12/2026;;785488.5;;1;;;;;Igaratinga/MG;785488.5
Um fundo;BANCO BRADESCO S.A.;60.746.948/0001-12;2027-05-19;DI de um dia;100% do DI1 + 2,2500%;;136646985.34;782622.6019836628;0.5727331635135382;9;1;SULAMERICA CREDITO INSTITUCIONAL ESG FIF RF CRED PRIV LONGO PRAZO IS - RESP LIMITADA;34.525.051/0001-59;782622.6019836628;Governo do Estado do Paraná/PR;342263.8553227982
Dois fundos;BANCO ALFA DE INVESTIMENTOS S/A;60.770.336/0001-65;2026-02-06;DI de um dia;100% do DI1 + 0,6000%;;15497436.75;782079.9408262064;5.04651158409281;36;1;SAFRA EXTRA BANCOS FUNDO DE INVESTIMENTO EM COTAS DE FUNDO DE INVESTIMENTO RENDA FIXA CREDITO PRIVADO;20.441.483/0001-77;782079.9408262064;Governo do Estado do Paraná/PR;192785.8668439534
Dois fundos;BANCO BTG PACTUAL S A;30.306.294/0001-45;2024-09-25;DI de um dia;100% do DI1 + 1,1500%;;53324075.24;780983.4788904911;1.464598261433424;64;1;Sicredi Executive;21.170.347/0001-52;774132.2837036109;Pelotas/RS;95419.6352587288
Um fundo;BANCO BRADESCO S.A.;60.746.948/0001-12;2027-05-28;DI de um dia;100% do DI1 + 1,2100%;;73373705.66999999;780208.270532424;1.063334969125629;9;1;SULAMERICA CREDITO INSTITUCIONAL ESG FIF RF CRED PRIV LONGO PRAZO IS - RESP LIMITADA;34.525.051/0001-59;780208.270532424;Governo do Estado do Paraná/PR;341207.9972522114
Direta;;;;;;LETRA FINANCEIRA DAYCOVAL;;778178.06;;1;;;;;Medianeira/PR;778178.06
Dois fundos;BANCO ABC BRASIL S.A.;28.195.667/0001-06;2027-08-12;DI de um dia;100% do DI1 + 1,2500%;;19190562.58;777211.8463820734;4.049969057145137;88;1;Itaú High Grade FIC Renda Fixa Crédito Privado;09.093.883/0001-04;777211.8463820734;Santos/SP;98576.330552593
Dois fundos e Um fundo;BANCO COOPERATIVO SICREDI S.A.;01.181.521/0001-55;2024-07-02;DI de um dia;100% do DI1 + 1,1500%;;193055029.58;776947.8898701314;0.4024489243095178;108;6;SAFRA EXTRA BANCOS FUNDO DE INVESTIMENTO EM COTAS DE FUNDO DE INVESTIMENTO RENDA FIXA CREDITO PRIVADO;20.441.483/0001-77;484630.4329034191;Governo do Estado do Paraná/PR;119463.3607499824
Um fundo;Banco Volkswagen S/A;59.109.165/0001-49;2024-07-05;DI de um dia;100% do DI1 + 0,8500%;;49655830.09;775678.110486549;1.562108838137739;15;2;INTER CORPORATE FUNDO DE INVESTIMENTO RENDA FIXA CREDITO PRIVADO;36.443.522/0001-05;492752.2969751059;Governo do Estado do Paraná/PR;335500.0092642417
Dois fundos;BANCO GMAC S/A;59.274.605/0001-13;2026-07-01;;100,0000% a.a. (prefixado);;106822597.7400001;772336.8960647767;0.7230089067339472;94;2;Itaú High Grade FIC Renda Fixa Crédito Privado;09.093.883/0001-04;756823.8712316973;Santos/SP;95990.45671770867
Um fundo;BANCO ABC BRASIL S.A.;28.195.667/0001-06;2027-12-21;DI de um dia;100% do DI1 + 2,3557%;;29994526.42;772027.2385810559;2.573893742380533;24;2;SOMMA TORINO FUNDO DE INVESTIMENTO RENDA FIXA CREDITO PRIVADO;28.206.220/0001-95;632080.5641670324;Itatiaia/RJ;96198.08966564205
Um fundo;BANCO COOPERATIVO SICREDI S.A.;01.181.521/0001-55;2027-07-29;DI de um dia;100% do DI1 + 2,8434%;;97468983.77;768813.3685853048;0.7887774539637071;9;1;SULAMERICA CREDITO INSTITUCIONAL ESG FIF RF CRED PRIV LONGO PRAZO IS - RESP LIMITADA;34.525.051/0001-59;768813.3685853048;Governo do Estado do Paraná/PR;336224.6718772975
Direta;;;;;;LETRA FINANCEIRA PRÉ TAXA 11,19;;764295.93;;1;;;;;Medianeira/PR;764295.93
Um fundo;BANCO BRADESCO S.A.;60.746.948/0001-12;2027-07-29;DI de um dia;100% do DI1 + 1,9173%;;81213689.92;762237.8376896356;0.938558312570802;9;1;SULAMERICA CREDITO INSTITUCIONAL ESG FIF RF CRED PRIV LONGO PRAZO IS - RESP LIMITADA;34.525.051/0001-59;762237.8376896356;Governo do Estado do Paraná/PR;333348.9990441317
Um fundo;BANCO BRADESCO S.A.;60.746.948/0001-12;2027-07-29;DI de um dia;100% do DI1 + 1,9695%;;81213689.92;762237.8376896356;0.938558312570802;9;1;SULAMERICA CREDITO INSTITUCIONAL ESG FIF RF CRED PRIV LONGO PRAZO IS - RESP LIMITADA;34.525.051/0001-59;762237.8376896356;Governo do Estado do Paraná/PR;333348.9990441317
Dois fundos e Um fundo;Banco Volkswagen S/A;59.109.165/0001-49;2025-11-28;DI de um dia;100% do DI1 + 0,8933%;;803141754.1100001;761495.9088951453;0.09481463328214025;30;2;MAG CASH FUNDO DE  INVESTIMENTO RENDA FIXA LONGO PRAZO;44.211.851/0001-59;286383.3639367545;Cabo de Santo Agostinho/PE;196952.8154046918
Dois fundos;BANCO ABC BRASIL S.A.;28.195.667/0001-06;2032-12-21;DI de um dia;100% do DI1 + 2,3500%;;74865835.60000001;759094.5391700948;1.013939847310132;11;1;SPX SEAHAWK ADVISORY FUNDO DE INVESTIMENTO EM COTAS DE FUNDOS DE INVESTIMENTO RENDA FIXA CREDITO PRIVADO LONGO PRAZO;35.648.999/0001-64;759094.5391700948;São José dos Campos/SP;387943.772749591
Dois fundos;PARANA BANCO S.A.;14.388.334/0001-99;2026-05-15;DI de um dia;100% do DI1 + 0,8500%;;10000752.07;758525.4378173428;7.584683956847085;36;1;SAFRA EXTRA BANCOS FUNDO DE INVESTIMENTO EM COTAS DE FUNDO DE INVESTIMENTO RENDA FIXA CREDITO PRIVADO;20.441.483/0001-77;758525.4378173428;Governo do Estado do Paraná/PR;186979.5866370411
Um fundo;NU FINANCEIRA S.A.;30.680.829/0001-43;2026-01-19;DI de um dia;100% do DI1 + 1,1800%;;96355188.35000002;758040.7494644873;0.786715030550285;3;1;Porto Seguro FI Referenciado DI Crédito Privado;18.719.154/0001-01;758040.7494644873;Governo do Estado do Amazonas/AM;665392.8222067396
Dois fundos;BANCO SANTANDER;90.400.888/0001-42;2025-04-03;DI de um dia;100% do DI1 + 0,7000%;;602942596.78;752979.2038757649;0.1248840615834794;52;1;BB RENDA FIXA LONGO PRAZO CORPORATE BANCOS FUNDO DE INVESTIMENTO EM COTAS DE FIF RESP LIMITADA;18.060.364/0001-22;752979.2038757649;Governo do Estado de São Paulo/SP;152702.9343383691
Dois fundos e Um fundo;NU FINANCEIRA S.A.;30.680.829/0001-43;2026-05-04;DI de um dia;100% do DI1 + 1,1000%;;186331320.27;748679.5953494771;0.4018001881082668;12;2;INTER CORPORATE FUNDO DE INVESTIMENTO RENDA FIXA CREDITO PRIVADO;36.443.522/0001-05;732501.2874307978;Governo do Estado do Paraná/PR;498737.7841315618
Dois fundos;BANCO SAFRA S.A.;58.160.789/0001-28;2026-02-20;DI de um dia;111,50% do DI1;;156350754.77;747846.6154129093;0.4783134027801978;36;1;SAFRA EXTRA BANCOS FUNDO DE INVESTIMENTO EM COTAS DE FUNDO DE INVESTIMENTO RENDA FIXA CREDITO PRIVADO;20.441.483/0001-77;747846.6154129093;Governo do Estado do Paraná/PR;184347.2137469546
Dois fundos e Um fundo;BANCO COOPERATIVO SICREDI S.A.;01.181.521/0001-55;2027-03-01;DI de um dia;100% do DI1 + 0,9500%;;29769451.14;744382.0043850604;2.500489514853248;66;2;Sicredi Executive;21.170.347/0001-52;712611.8259368066;Pelotas/RS;87836.61648450333
Dois fundos;BANCO GMAC S/A;59.274.605/0001-13;2024-09-13;DI de um dia;200% do DI1 + 2,4400%;;19707410.3;739316.2275522186;3.751463111072582;36;1;SAFRA EXTRA BANCOS FUNDO DE INVESTIMENTO EM COTAS DE FUNDO DE INVESTIMENTO RENDA FIXA CREDITO PRIVADO;20.441.483/0001-77;739316.2275522186;Governo do Estado do Paraná/PR;182244.4386565962
Um fundo;BANCO COOPERATIVO SICREDI S.A.;01.181.521/0001-55;2027-03-25;DI de um dia;100% do DI1 + 2,2040%;;128082474.6;737273.8613920596;0.5756243105815659;20;1;SOMMA TORINO FUNDO DE INVESTIMENTO RENDA FIXA CREDITO PRIVADO;28.206.220/0001-95;737273.8613920596;Itatiaia/RJ;112207.7485799503
Dois fundos e Um fundo;BANCO BTG PACTUAL S A;30.306.294/0001-45;2026-12-07;DI de um dia;100% do DI1 + 0,9940%;;146235413.76;735715.9678735279;0.5031038302944709;28;1;MAG CASH FUNDO DE  INVESTIMENTO RENDA FIXA LONGO PRAZO;44.211.851/0001-59;315414.4528173023;Cabo de Santo Agostinho/PE;216918.2023974588
Dois fundos e Um fundo;BANCO BRADESCO S.A.;60.746.948/0001-12;2050-08-10;DI de um dia;100% do DI1 + 2,5774%;;21532356.61;735338.7774229749;3.415040864971886;140;2;SANTANDER FUNDO DE INVESTIMENTO EM COTAS DE FUNDOS DE INVESTIMENTO INSTITUCIONAL RENDA FIXA REFERENC;02.224.354/0001-45;734034.9854715603;Governo do Estado do Amazonas/AM;55253.61343938149
Dois fundos;BANCO SOFISA;60.889.128/0001-80;2026-03-09;DI de um dia;100% do DI1 + 0,9000%;;20424925.71;730151.5227804718;3.574806259505714;52;1;BB RENDA FIXA LONGO PRAZO CORPORATE BANCOS FUNDO DE INVESTIMENTO EM COTAS DE FIF RESP LIMITADA;18.060.364/0001-22;730151.5227804718;Governo do Estado de São Paulo/SP;148073.5184535089
Dois fundos;BANCO DAYCOVAL S.A.;62.232.889/0001-90;2026-01-23;DI de um dia;100% do DI1 + 0,5900%;;46516321.37;725366.7798836333;1.55938122044072;139;1;SANTANDER FUNDO DE INVESTIMENTO EM COTAS DE FUNDOS DE INVESTIMENTO INSTITUCIONAL RENDA FIXA REFERENC;02.224.354/0001-45;725366.7798836333;Governo do Estado do Amazonas/AM;54601.12453865053
Dois fundos e Um fundo;ITAU UNIBANCO HOLDING SA;60.872.504/0001-23;2026-10-21;DI de um dia;100% do DI1 + 1,3034%;;2924335194.790002;725345.4292044817;0.02480377182809815;64;1;BRADESCO FIC DE FI RENDA FIXA CREDITO PRIVADO LONGO PRAZO PERFORMANCE INSTITUCIONAL;44.961.198/0001-45;711340.536277499;Governo do Estado do Amazonas/AM;103150.177481301
Dois fundos e Um fundo;PARANA BANCO S.A.;14.388.334/0001-99;2024-08-26;DI de um dia;100% do DI1 + 1,2000%;;160205182.34;725243.913783132;0.4526969122908661;12;2;INTER CORPORATE FUNDO DE INVESTIMENTO RENDA FIXA CREDITO PRIVADO;36.443.522/0001-05;712185.1289314242;Governo do Estado do Paraná/PR;484905.1314851997
Um fundo;BANCO SAFRA S.A.;58.160.789/0001-28;2025-10-30;DI de um dia;100% do DI1 + 0,9706%;;17596090.69;721110.6781290331;4.098130038275184;8;1;MONGERAL AEGON RENDA FIXA FUNDO DE INVESTIMENTO;11.435.287/0001-07;721110.6781290331;Governo do Estado do Paraná/PR;329730.8710802162
Dois fundos;BANCO VOTORANTIM S/A;59.588.111/0001-03;2026-02-23;DI de um dia;100% do DI1 + 0,7500%;;205226841.09;719946.7547117933;0.3508053580555131;24;1;CAIXA TOP PRIVATE FIC DE CLASSE DE FIF RENDA FIXA REFERENCIADO DI LONGO PRAZO - RESP LIMITADA;19.769.018/0001-80;706836.1255693112;Angra dos Reis/RJ;133579.8010194307
Um fundo;INDUSTRIAL BRAS;31.895.683/0001-16;2025-09-08;DI de um dia;100% do DI1 + 1,8024%;;195960416.8600001;718792.7162658345;0.3668050557268212;20;1;SOMMA TORINO FUNDO DE INVESTIMENTO RENDA FIXA CREDITO PRIVADO;28.206.220/0001-95;718792.7162658345;Itatiaia/RJ;109395.0519764418
Dois fundos;BANCO DO BRASIL;00.000.000/0001-91;2050-09-20;DI de um dia;100% do DI1 + 2,5389%;;29206821.25999999;717702.3433740141;2.457310698021556;139;1;SANTANDER FUNDO DE INVESTIMENTO EM COTAS DE FUNDOS DE INVESTIMENTO INSTITUCIONAL RENDA FIXA REFERENC;02.224.354/0001-45;717702.3433740141;Governo do Estado do Amazonas/AM;54024.19316546652
Um fundo;BANCO DAYCOVAL S.A.;62.232.889/0001-90;2024-12-30;DI de um dia;100% do DI1 + 0,9000%;;47786298.66999999;717151.3036542726;1.500746706931074;13;2;INTER CORPORATE FUNDO DE INVESTIMENTO RENDA FIXA CREDITO PRIVADO;36.443.522/0001-05;714604.0088051681;Governo do Estado do Paraná/PR;486552.0730114636
Um fundo;BANCO DO BRASIL;00.000.000/0001-91;2027-09-27;DI de um dia;100% do DI1 + 1,7690%;;211935037.28;715896.6597406131;0.337790612127432;9;1;SULAMERICA CREDITO INSTITUCIONAL ESG FIF RF CRED PRIV LONGO PRAZO IS - RESP LIMITADA;34.525.051/0001-59;715896.6597406131;Governo do Estado do Paraná/PR;313082.640540262
Dois fundos e Um fundo;BANCO SAFRA S.A.;58.160.789/0001-28;2026-02-23;DI de um dia;100% do DI1 + 0,5500%;;110850269.42;713229.1688472315;0.6434167211131272;28;1;MAG CASH FUNDO DE  INVESTIMENTO RENDA FIXA LONGO PRAZO;44.211.851/0001-59;305773.9642045675;Cabo de Santo Agostinho/PE;210288.2035453806
Dois fundos e Um fundo;BANCO BMG S.A.;61.186.680/0001-74;2026-05-10;DI de um dia;100% do DI1 + 1,9000%;;249209284.74;709063.6659619048;0.2845253806260351;141;3;SOMMA TORINO FUNDO DE INVESTIMENTO RENDA FIXA CREDITO PRIVADO;28.206.220/0001-95;568544.565436041;Itatiaia/RJ;86528.37025103768
Dois fundos;Banco Volkswagen S/A;59.109.165/0001-49;2028-06-22;DI de um dia;100% do DI1 + 1,7000%;;47108666.22;706105.017667404;1.498885607097971;88;1;Itaú High Grade FIC Renda Fixa Crédito Privado;09.093.883/0001-04;706105.017667404;Santos/SP;89557.61797821209
Um fundo;BANCO C6 S.A.;31.872.495/0001-72;2024-12-16;DI de um dia;100% do DI1 + 1,7000%;;12160577.04;705356.9900578358;5.800357892044866;25;1;DAYCOVAL CLASSIC FUNDO DE INVESTIMENTO RENDA FIXA CREDITO PRIVADO;10.783.480/0001-68;705356.9900578358;Governo do Estado do Amazonas/AM;373251.3518852404
Um fundo;BANCO ABC BRASIL S.A.;28.195.667/0001-06;2027-05-24;DI de um dia;100% do DI1 + 1,2029%;;11148788.18;703343.0784189026;6.308695322426535;39;1;4UM FUNDO DE INVESTIMENTO RENDA FIXA CREDITO PRIVADO LONGO PRAZO;28.581.607/0001-21;703343.0784189026;São José dos Campos/SP;80823.35091868255
Um fundo;BANCO BTG PACTUAL S A;30.306.294/0001-45;2027-05-24;DI de um dia;100% do DI1 + 1,2029%;;1321297.4;701688.4890640856;53.10602208587451;39;1;4UM FUNDO DE INVESTIMENTO RENDA FIXA CREDITO PRIVADO LONGO PRAZO;28.581.607/0001-21;701688.4890640856;São José dos Campos/SP;80633.21688572768
Um fundo;NU FINANCEIRA S.A.;30.680.829/0001-43;2025-11-10;DI de um dia;100% do DI1 + 1,2000%;;18211760.16;701562.4343944106;3.852249470840882;10;1;INTER CORPORATE FUNDO DE INVESTIMENTO RENDA FIXA CREDITO PRIVADO;36.443.522/0001-05;701562.4343944106;Governo do Estado do Paraná/PR;477672.4627843994
Dois fundos;PORTOSEG SA CRE;04.862.600/0001-10;2050-02-26;DI de um dia;100% do DI1 + 2,7000%;;15453614.94;700448.988105985;4.532589888032923;11;1;SPX SEAHAWK ADVISORY FUNDO DE INVESTIMENTO EM COTAS DE FUNDOS DE INVESTIMENTO RENDA FIXA CREDITO PRIVADO LONGO PRAZO;35.648.999/0001-64;700448.988105985;São José dos Campos/SP;357972.3065345093
Um fundo;BANCO ABC BRASIL S.A.;28.195.667/0001-06;2026-05-25;DI de um dia;100% do DI1 + 1,1523%;;1600423.7;699849.3174247962;43.72900235261426;39;1;4UM FUNDO DE INVESTIMENTO RENDA FIXA CREDITO PRIVADO LONGO PRAZO;28.581.607/0001-21;699849.3174247962;São José dos Campos/SP;80421.87192568893
Um fundo;BANCO SANTANDER;90.400.888/0001-42;2028-10-10;DI de um dia;100% do DI1 + 1,1100%;;3832451797.020001;699651.9492962463;0.01825598823813712;9;1;SULAMERICA CREDITO INSTITUCIONAL ESG FIF RF CRED PRIV LONGO PRAZO IS - RESP LIMITADA;34.525.051/0001-59;699651.9492962463;Governo do Estado do Paraná/PR;305978.3514343775
Um fundo;BANCO BTG PACTUAL S A;30.306.294/0001-45;2026-05-25;DI de um dia;100% do DI1 + 1,1523%;;16337803.47;698798.9709786949;4.277190457467873;39;1;4UM FUNDO DE INVESTIMENTO RENDA FIXA CREDITO PRIVADO LONGO PRAZO;28.581.607/0001-21;698798.9709786949;São José dos Campos/SP;80301.17333348795
Dois fundos e Um fundo;BANCO BTG PACTUAL S A;30.306.294/0001-45;2027-05-10;DI de um dia;100% do DI1 + 0,7500%;;13091484.8;695501.2032565344;5.312622776421314;28;1;MAG CASH FUNDO DE  INVESTIMENTO RENDA FIXA LONGO PRAZO;44.211.851/0001-59;298173.6716860898;Cabo de Santo Agostinho/PE;205061.2972445523
Um fundo;VOLKSWAGEN DO BRASIL INDÚSTRIA DE VEÍCUL;59.104.422/0001-50;2026-11-30;DI de um dia;100% do DI1 + 1,3000%;;12305704.56;694743.9467477131;5.645706374310299;29;2;DAYCOVAL CLASSIC FUNDO DE INVESTIMENTO RENDA FIXA CREDITO PRIVADO;10.783.480/0001-68;574588.7989758336;Governo do Estado do Amazonas/AM;304053.194366531
Dois fundos e Um fundo;BANCO BTG PACTUAL S A;30.306.294/0001-45;2027-08-23;DI de um dia;100% do DI1 + 1,1800%;;112679772.26;693392.498366938;0.6153655482786987;36;5;DAYCOVAL CLASSIC FUNDO DE INVESTIMENTO RENDA FIXA CREDITO PRIVADO;10.783.480/0001-68;293821.4415876253;Niterói/RJ;158380.5972087074
Dois fundos e Um fundo;BANCO FIDIS DE INVESTIMENTO S.A.;62.237.425/0001-76;2026-03-27;DI de um dia;100% do DI1 + 0,7000%;;48949215.25000001;692379.3004993957;1.414484986047648;11;3;Porto Seguro FI Referenciado DI Crédito Privado;18.719.154/0001-01;574964.6571689835;Governo do Estado do Amazonas/AM;504692.3350401275
Dois fundos;BANCO COOPERATIVO SICREDI S.A.;01.181.521/0001-55;2028-03-24;DI de um dia;100% do DI1 + 1,0800%;;132990397.7;692329.7603967886;0.5205862771826184;20;1;BTG FIC Corporativo I Crédito Privado;14.171.644/0001-57;692329.7603967886;São José dos Campos/SP;151379.7890773252
Um fundo;BANCO BMG S.A.;61.186.680/0001-74;2024-12-03;DI de um dia;100% do DI1 + 1,7902%;;83840020.74000001;691706.2168662446;0.8250310660243337;20;1;SOMMA TORINO FUNDO DE INVESTIMENTO RENDA FIXA CREDITO PRIVADO;28.206.220/0001-95;691706.2168662446;Itatiaia/RJ;105272.6826999811
Um fundo;BANCO ABC BRASIL S.A.;28.195.667/0001-06;2027-05-24;DI de um dia;100% do DI1 + 2,3557%;;11148788.18;688756.9203306127;6.177863541852784;20;1;SOMMA TORINO FUNDO DE INVESTIMENTO RENDA FIXA CREDITO PRIVADO;28.206.220/0001-95;688756.9203306127;Itatiaia/RJ;104823.8211012082
Dois fundos;BANCO ABC BRASIL S.A.;28.195.667/0001-06;2025-05-19;DI de um dia;117% do DI1;;46016341.06999999;688213.0347940652;1.495584000794754;11;1;SPX SEAHAWK ADVISORY FUNDO DE INVESTIMENTO EM COTAS DE FUNDOS DE INVESTIMENTO RENDA FIXA CREDITO PRIVADO LONGO PRAZO;35.648.999/0001-64;688213.0347940652;São José dos Campos/SP;351718.9854446175
Direta;;;;;;LETRA FINANCEIRA;;687623.56;;1;;;;;Caçador/SC;687623.56
Dois fundos e Um fundo;BANCO PAN S.A.;59.285.411/0001-13;2024-07-01;DI de um dia;100% do DI1 + 1,1200%;;205883126.33;686033.3118776527;0.3332149283463101;35;5;DAYCOVAL CLASSIC TITULOS BANCARIOS FUNDO DE INVESTIMENTO RENDA FIXA CREDITO PRIVADO;50.235.197/0001-16;383307.0746541461;Mairiporã/SP;149557.7535002496
Dois fundos e Um fundo;BANCO BRADESCO S.A.;60.746.948/0001-12;2026-06-24;DI de um dia;100% do DI1 + 0,8524%;;2518851326.48;685241.83358959;0.02720453670233844;30;2;MAG CASH FUNDO DE  INVESTIMENTO RENDA FIXA LONGO PRAZO;44.211.851/0001-59;263172.7211277629;Cabo de Santo Agostinho/PE;180990.2909558446
Um fundo;BANCO BRADESCO S.A.;60.746.948/0001-12;2027-05-19;DI de um dia;100% do DI1 + 1,9482%;;136646985.34;684794.7773227566;0.5011415185039577;9;1;SULAMERICA CREDITO INSTITUCIONAL ESG FIF RF CRED PRIV LONGO PRAZO IS - RESP LIMITADA;34.525.051/0001-59;684794.7773227566;Governo do Estado do Paraná/PR;299480.8736641833
Dois fundos e Um fundo;CIA DE CR FINAN E INVEST RCI BRASIL;61.784.278/0001-91;2026-05-11;DI de um dia;100% do DI1 + 0,6000%;;60692045.8;674291.8826864464;1.111005361243642;223;3;ITAU INSTITUCIONAL RENDA FIXA REFERENCIADO DI - FUNDO DE INVESTIMENTO;00.832.435/0001-00;467613.2845722158;Niterói/RJ;57460.65623665928
Dois fundos e Um fundo;BANCO DAYCOVAL S.A.;62.232.889/0001-90;2027-12-09;DI de um dia;100% do DI1 + 1,4535%;;49509555.82000001;673102.859314155;1.359541300999203;68;2;BRADESCO FIC DE FI RENDA FIXA CREDITO PRIVADO LONGO PRAZO PERFORMANCE INSTITUCIONAL;44.961.198/0001-45;648250.7948438943;Governo do Estado do Amazonas/AM;94001.65058842751
Dois fundos;BANCO BTG PACTUAL S A;30.306.294/0001-45;2026-09-25;DI de um dia;100% do DI1 + 1,1000%;;133461082.28;666791.8353986121;0.4996151866951666;64;1;Sicredi Executive;21.170.347/0001-52;660942.3889803294;Pelotas/RS;81467.83568024152
Um fundo;BANCO RABOBANK;01.023.570/0001-60;2026-03-20;DI de um dia;100% do DI1 + 0,6500%;;49040137.28;651331.667694764;1.328160367855242;3;1;Porto Seguro FI Referenciado DI Crédito Privado;18.719.154/0001-01;651331.667694764;Governo do Estado do Amazonas/AM;571725.7507148628
Um fundo;BANCO VOTORANTIM S/A;59.588.111/0001-03;2024-08-01;DI de um dia;100% do DI1 + 1,2000%;;453451481.97;650886.026983079;0.1435403902872548;34;2;DAYCOVAL CLASSIC FUNDO DE INVESTIMENTO RENDA FIXA CREDITO PRIVADO;10.783.480/0001-68;587854.4819712599;Governo do Estado do Amazonas/AM;311072.9505772379
Direta;;;;;;Letra Financeira Bradesco 06/02/2029  IPCA + 6 02;;647618.16;;1;;;;;Salto Veloso/SC;647618.16
Dois fundos;BANCO ABC BRASIL S.A.;28.195.667/0001-06;2032-04-05;DI de um dia;100% do DI1 + 2,3500%;;29217919.14;643459.3140855958;2.202276318865861;11;1;SPX SEAHAWK ADVISORY FUNDO DE INVESTIMENTO EM COTAS DE FUNDOS DE INVESTIMENTO RENDA FIXA CREDITO PRIVADO LONGO PRAZO;35.648.999/0001-64;643459.3140855958;São José dos Campos/SP;328847.0948429454
Dois fundos;BANCO SANTANDER;90.400.888/0001-42;2025-06-09;DI de um dia;100% do DI1 + 0,7000%;;595589526.1;635468.8545008602;0.1066957739606328;64;1;Sicredi Executive;21.170.347/0001-52;629894.1896391226;Pelotas/RS;77640.83102103195
Dois fundos e Um fundo;BANCO BRADESCO S.A.;60.746.948/0001-12;2026-11-04;DI de um dia;100% do DI1 + 1,8547%;;301857381.0300001;634301.8472630922;0.2101329591804986;64;1;BRADESCO FIC DE FI RENDA FIXA CREDITO PRIVADO LONGO PRAZO PERFORMANCE INSTITUCIONAL;44.961.198/0001-45;622054.8141990668;Governo do Estado do Amazonas/AM;90203.01981314358
Dois fundos e Um fundo;PORTOSEG SA CRE;04.862.600/0001-10;2027-12-08;DI de um dia;100% do DI1 + 2,7500%;;46077137.90999998;632154.0646881986;1.371947333020014;23;3;BTG FIC Corporativo I Crédito Privado;14.171.644/0001-57;614139.018247121;São José dos Campos/SP;134283.1701949699
Dois fundos;BANCO BRADESCO S.A.;60.746.948/0001-12;2050-06-27;DI de um dia;100% do DI1 + 3,3669%;;161972238.4500001;629027.886498432;0.3883553703510799;139;1;SANTANDER FUNDO DE INVESTIMENTO EM COTAS DE FUNDOS DE INVESTIMENTO INSTITUCIONAL RENDA FIXA REFERENC;02.224.354/0001-45;629027.886498432;Governo do Estado do Amazonas/AM;47349.32853486188
Dois fundos e Um fundo;BANCO YAMAHA MOTOR DO BRASIL SA;10.371.492/0001-85;2028-03-15;DI de um dia;100% do DI1 + 0,9000%;;25142790.34999999;628683.8436413874;2.500453747932506;219;2;ITAU INSTITUCIONAL RENDA FIXA REFERENCIADO DI - FUNDO DE INVESTIMENTO;00.832.435/0001-00;370041.935360258;Niterói/RJ;54730.77070613606
Dois fundos e Um fundo;BANCO YAMAHA MOTOR DO BRASIL SA;10.371.492/0001-85;2027-11-16;DI de um dia;100% do DI1 + 0,8000%;;25129700.77;628357.182154353;2.500456284399892;219;2;ITAU INSTITUCIONAL RENDA FIXA REFERENCIADO DI - FUNDO DE INVESTIMENTO;00.832.435/0001-00;369849.6619714623;Niterói/RJ;54702.33284629468
Dois fundos e Um fundo;BANCO YAMAHA MOTOR DO BRASIL SA;10.371.492/0001-85;2027-07-15;DI de um dia;100% do DI1 + 0,7000%;;25115921.26;628011.9949200103;2.500453749710514;219;2;ITAU INSTITUCIONAL RENDA FIXA REFERENCIADO DI - FUNDO DE INVESTIMENTO;00.832.435/0001-00;369646.4852821211;Niterói/RJ;54672.28219189819
Dois fundos;BANCO C6 S.A.;31.872.495/0001-72;2024-06-03;;;;9122389.51;626987.416173237;6.873061224648771;20;1;BTG FIC Corporativo I Crédito Privado;14.171.644/0001-57;626987.416173237;São José dos Campos/SP;137092.5074202284
Dois fundos;BANCO COOPERATIVO SICREDI S.A.;01.181.521/0001-55;2028-10-26;DI de um dia;100% do DI1 + 1,2500%;;18618045.34;626735.0206747509;3.366277228513565;94;2;Itaú High Grade FIC Renda Fixa Crédito Privado;09.093.883/0001-04;619300.1338601063;Santos/SP;78547.86952983202
Dois fundos;BANCO SAFRA S.A.;58.160.789/0001-28;2024-12-03;DI de um dia;100% do DI1 + 1,1200%;;33249982.12;626400.6111462385;1.883912625533281;36;1;SAFRA EXTRA BANCOS FUNDO DE INVESTIMENTO EM COTAS DE FUNDO DE INVESTIMENTO RENDA FIXA CREDITO PRIVADO;20.441.483/0001-77;626400.6111462385;Governo do Estado do Paraná/PR;154410.282769604
Dois fundos e Um fundo;NU FINANCEIRA S.A.;30.680.829/0001-43;2025-07-17;DI de um dia;100% do DI1 + 1,8000%;;50899773.38;624505.767769728;1.226932314820707;30;2;BTG FIC Corporativo I Crédito Privado;14.171.644/0001-57;585521.3582639226;São José dos Campos/SP;128025.8408413101
Um fundo;BANCO ABC BRASIL S.A.;28.195.667/0001-06;2024-08-13;DI de um dia;100% do DI1 + 1,1992%;;282413516.67;624242.5249518895;0.2210384730562725;473;1;BRADESCO FUNDO DE INVESTIMENTO RENDA FIXA REFERENCIADO DI PREMIUM;03.399.411/0001-90;624242.5249518895;Governo do Estado do Amazonas/AM;59174.23787959227
Dois fundos e Um fundo;BANCO COOPERATIVO SICREDI S.A.;01.181.521/0001-55;2026-04-17;DI de um dia;100% do DI1 + 0,8000%;;34258391.34;623317.0588173365;1.819458049361335;35;4;Porto Seguro FI Referenciado DI Crédito Privado;18.719.154/0001-01;348912.723368578;Governo do Estado do Amazonas/AM;306268.5243109532
Um fundo;BANCO AGIPLAN S.A.;10.664.513/0001-50;2025-10-09;DI de um dia;100% do DI1 + 2,3046%;;394272895.4100001;620088.3510629091;0.157273897922424;20;1;SOMMA TORINO FUNDO DE INVESTIMENTO RENDA FIXA CREDITO PRIVADO;28.206.220/0001-95;620088.3510629091;Itatiaia/RJ;94372.96157773727
Um fundo;BANCO VOTORANTIM S/A;59.588.111/0001-03;2025-07-10;DI de um dia;100% do DI1 + 1,1500%;;57299660.78;619309.5276922256;1.080825818620537;10;1;INTER CORPORATE FUNDO DE INVESTIMENTO RENDA FIXA CREDITO PRIVADO;36.443.522/0001-05;619309.5276922256;Governo do Estado do Paraná/PR;421668.9674582518
Um fundo;BANCO BRADESCO S.A.;60.746.948/0001-12;2025-07-14;DI de um dia;100% do DI1 + 1,0026%;;2949347043.770001;618653.078890835;0.02097593364597888;473;1;BRADESCO FUNDO DE INVESTIMENTO RENDA FIXA REFERENCIADO DI PREMIUM;03.399.411/0001-90;618653.078890835;Governo do Estado do Amazonas/AM;58644.39379238029
Um fundo;BANCO BRADESCO S.A.;60.746.948/0001-12;2025-07-14;DI de um dia;100% do DI1 + 0,8927%;;2949347043.770001;618653.078890835;0.02097593364597888;473;1;BRADESCO FUNDO DE INVESTIMENTO RENDA FIXA REFERENCIADO DI PREMIUM;03.399.411/0001-90;618653.078890835;Governo do Estado do Amazonas/AM;58644.39379238029
Dois fundos;BANCO SAFRA S.A.;58.160.789/0001-28;2025-03-11;DI de um dia;100% do DI1 + 1,1000%;;64128228.00000001;614073.3919326902;0.9575711213050984;36;1;SAFRA EXTRA BANCOS FUNDO DE INVESTIMENTO EM COTAS DE FUNDO DE INVESTIMENTO RENDA FIXA CREDITO PRIVADO;20.441.483/0001-77;614073.3919326902;Governo do Estado do Paraná/PR;151371.5734026962
Dois fundos e Um fundo;BANCO YAMAHA MOTOR DO BRASIL SA;10.371.492/0001-85;2024-10-13;DI de um dia;100% do DI1 + 1,2000%;;229542853.1800001;611104.4277297235;0.2662267281528103;113;7;Itaú High Grade FIC Renda Fixa Crédito Privado;09.093.883/0001-04;252352.0754871468;Governo do Estado do Paraná/PR;93323.64833832446
Um fundo;BANCO XP S.A;33.264.668/0001-03;2025-11-24;DI de um dia;100% do DI1 + 1,0000%;;25529187.08;608349.7017585909;2.382957592234429;10;1;INTER CORPORATE FUNDO DE INVESTIMENTO RENDA FIXA CREDITO PRIVADO;36.443.522/0001-05;608349.7017585909;Governo do Estado do Paraná/PR;414206.756272548
Dois fundos e Um fundo;BANCO FIDIS DE INVESTIMENTO S.A.;62.237.425/0001-76;2026-12-10;DI de um dia;100% do DI1 + 0,9538%;;178058009.3799999;604519.7768112321;0.3395072083059768;30;2;MAG HIGH GRADE FUNDO DE INVESTIMENTO RENDA FIXA CREDITO PRIVADO LONGO PRAZO;50.223.269/0001-05;218696.9064400088;Tatuí/SP;186160.1581604844
Dois fundos;BANCO BRADESCO S.A.;60.746.948/0001-12;2027-04-26;DI de um dia;100% do DI1 + 1,9520%;;149339710.68;602485.560639013;0.4034329234305256;8;1;BB ESPELHO SULAMERICA CREDITO ASG FIC DE FIF RENDA FIXA CREDITO PRIVADO IS RESPONSABILIDADE LIMITADA;51.681.664/0001-02;602485.560639013;Aracaju/SE;323359.9781343684
Dois fundos e Um fundo;BANCO XP S.A;33.264.668/0001-03;2026-02-27;DI de um dia;100% do DI1 + 0,8500%;;36178445.52;601044.0810758229;1.661331968349929;7;2;Porto Seguro FI Referenciado DI Crédito Privado;18.719.154/0001-01;395389.2548850154;Governo do Estado do Amazonas/AM;347064.6826889159
Um fundo;BANCO BRADESCO S.A.;60.746.948/0001-12;2025-04-14;DI de um dia;100% do DI1 + 0,6522%;;318752100.46;600728.8249386058;0.1884627031701681;473;1;BRADESCO FUNDO DE INVESTIMENTO RENDA FIXA REFERENCIADO DI PREMIUM;03.399.411/0001-90;600728.8249386058;Governo do Estado do Amazonas/AM;56945.28803654418
Dois fundos e Um fundo;BANCO ABC BRASIL S.A.;28.195.667/0001-06;2025-08-21;DI de um dia;100% do DI1 + 1,0000%;;66066078.80999999;600065.7323667414;0.9082811378778444;7;2;BTG PACTUAL CAPITAL MARKETS FUNDO DE INVESTIMENTO RENDA FIXA;04.501.865/0001-92;595034.6664277937;Niterói/RJ;420889.9659477378
Dois fundos e Um fundo;BANCO BRADESCO S.A.;60.746.948/0001-12;2025-12-23;DI de um dia;100% do DI1 + 1,3000%;;3257724806.990001;595699.2971447693;0.01828574641622876;42;3;SAFRA EXTRA BANCOS FUNDO DE INVESTIMENTO EM COTAS DE FUNDO DE INVESTIMENTO RENDA FIXA CREDITO PRIVADO;20.441.483/0001-77;539606.3884083848;Governo do Estado do Paraná/PR;133015.1560132683
Dois fundos e Um fundo;BANCO TOYOTA DO BRASIL S.A.;03.215.790/0001-10;2025-03-30;DI de um dia;100% do DI1 + 1,0000%;;459841943.46;593504.5166481063;0.1290670686067447;59;5;SAFRA EXTRA BANCOS FUNDO DE INVESTIMENTO EM COTAS DE FUNDO DE INVESTIMENTO RENDA FIXA CREDITO PRIVADO;20.441.483/0001-77;543435.9696680997;Governo do Estado do Paraná/PR;133959.1632742441
Um fundo;BANCO BRADESCO S.A.;60.746.948/0001-12;2027-04-19;DI de um dia;100% do DI1 + 2,2500%;;37065052.12;593429.8401170862;1.601049522865439;9;1;SULAMERICA CREDITO INSTITUCIONAL ESG FIF RF CRED PRIV LONGO PRAZO IS - RESP LIMITADA;34.525.051/0001-59;593429.8401170862;Governo do Estado do Paraná/PR;259524.3025530529
Um fundo;BR PARTNERS BANCO INVESTIMENTO SA;13.220.493/0001-17;2026-01-19;DI de um dia;100% do DI1 + 1,3500%;;52291053.04000001;592549.9613785361;1.13317657023519;29;2;DAYCOVAL CLASSIC FUNDO DE INVESTIMENTO RENDA FIXA CREDITO PRIVADO;10.783.480/0001-68;482173.6827244249;Governo do Estado do Amazonas/AM;255150.2026025428
Um fundo;BANCO DAYCOVAL S.A.;62.232.889/0001-90;2025-11-27;DI de um dia;100% do DI1 + 0,8500%;;21291504.79;589843.5824621766;2.770323602205932;25;1;DAYCOVAL CLASSIC FUNDO DE INVESTIMENTO RENDA FIXA CREDITO PRIVADO;10.783.480/0001-68;589843.5824621766;Governo do Estado do Amazonas/AM;312125.5160975844
Dois fundos;BANCO CITIBANK S.A.;33.479.023/0001-80;2026-02-23;DI de um dia;100% do DI1 + 0,7000%;;51629250.03;587385.0044569008;1.137698115149051;36;1;SAFRA EXTRA BANCOS FUNDO DE INVESTIMENTO EM COTAS DE FUNDO DE INVESTIMENTO RENDA FIXA CREDITO PRIVADO;20.441.483/0001-77;587385.0044569008;Governo do Estado do Paraná/PR;144792.7780064712
Um fundo;BANCO SOFISA;60.889.128/0001-80;2026-01-22;DI de um dia;100% do DI1 + 1,0600%;;10411966.62;584893.3122749752;5.617510443718415;29;2;DAYCOVAL CLASSIC FUNDO DE INVESTIMENTO RENDA FIXA CREDITO PRIVADO;10.783.480/0001-68;392555.3627401497;Governo do Estado do Amazonas/AM;207727.1819770976
Um fundo;ITAU UNIBANCO S.A.;60.701.190/0001-04;2025-07-16;DI de um dia;103% do DI1 + 0,1412%;;1440265.22;582407.3229307147;40.43750517913046;4;1;VINCI INSTITUCIONAL FUNDO DE INVESTIMENTO EM RENDA FIXA REFERENCIADO DI;51.415.957/0001-30;582407.3229307147;Joinville/SC;494389.6828284362
Dois fundos e Um fundo;BANCO ALFA DE INVESTIMENTOS S/A;60.770.336/0001-65;2024-08-12;DI de um dia;100% do DI1 + 1,0000%;;75800359.64;580641.6909947884;0.7660144275732205;65;2;Sicredi Executive;21.170.347/0001-52;575184.4066835281;Pelotas/RS;70897.2968155708
Um fundo;NU FINANCEIRA S.A.;30.680.829/0001-43;2026-03-02;DI de um dia;100% do DI1 + 1,1800%;;6607585.380000001;580587.523944195;8.786682132046774;20;1;SOMMA TORINO FUNDO DE INVESTIMENTO RENDA FIXA CREDITO PRIVADO;28.206.220/0001-95;580587.523944195;Itatiaia/RJ;88361.22142236536
Dois fundos e Um fundo;BANCO ABC BRASIL S.A.;28.195.667/0001-06;2025-10-27;DI de um dia;100% do DI1 + 0,9000%;;52905138.66000001;578945.0197637163;1.094307725917443;7;2;Porto Seguro FI Referenciado DI Crédito Privado;18.719.154/0001-01;365230.6321265221;Governo do Estado do Amazonas/AM;320592.054238112
Dois fundos e Um fundo;BANCO COOPERATIVO SICREDI S.A.;01.181.521/0001-55;2027-03-25;DI de um dia;100% do DI1 + 0,9500%;;128082474.6;578771.184766663;0.4518738309625561;11;3;Porto Seguro FI Referenciado DI Crédito Privado;18.719.154/0001-01;334213.6373513294;Governo do Estado do Amazonas/AM;293365.9642100798
Um fundo;BANCO VOTORANTIM S/A;59.588.111/0001-03;2024-09-02;DI de um dia;100% do DI1 + 1,0500%;;67636548.88;578764.315952403;0.8556975859002508;25;1;DAYCOVAL CLASSIC FUNDO DE INVESTIMENTO RENDA FIXA CREDITO PRIVADO;10.783.480/0001-68;578764.315952403;Governo do Estado do Amazonas/AM;306262.7384389539
Dois fundos e Um fundo;BANCO VOTORANTIM S/A;59.588.111/0001-03;2024-10-07;DI de um dia;100% do DI1 + 1,0000%;;598066571.8700001;578055.4479585282;0.09665403069613097;40;3;SAFRA EXTRA BANCOS FUNDO DE INVESTIMENTO EM COTAS DE FUNDO DE INVESTIMENTO RENDA FIXA CREDITO PRIVADO;20.441.483/0001-77;567484.639107741;Governo do Estado do Paraná/PR;139887.25750393
Um fundo;BANCO BRADESCO S.A.;60.746.948/0001-12;2025-01-27;DI de um dia;225% do DI1;;204172237.83;574228.1698848256;0.2812469393429215;21;1;SAFRA DI MASTER FUNDO DE INVESTIMENTO RENDA FIXA REFERENCIADO DI LONGO PRAZO;02.536.364/0001-16;574228.1698848256;Governo do Estado do Amazonas/AM;309945.673794921
Um fundo;BANCO PAN S.A.;59.285.411/0001-13;2025-09-05;DI de um dia;100% do DI1 + 1,1000%;;21919696.05;574192.935101064;2.61952964033488;10;1;INTER CORPORATE FUNDO DE INVESTIMENTO RENDA FIXA CREDITO PRIVADO;36.443.522/0001-05;574192.935101064;Governo do Estado do Paraná/PR;390950.4556923484
Dois fundos e Um fundo;Banco Volkswagen S/A;59.109.165/0001-49;2027-11-30;DI de um dia;100% do DI1 + 1,3000%;;11748144.2;569594.5533858088;4.848378975343262;187;2;ITAU INSTITUCIONAL RENDA FIXA REFERENCIADO DI - FUNDO DE INVESTIMENTO;00.832.435/0001-00;568765.3807063745;Niterói/RJ;45664.74560014652
Dois fundos e Um fundo;PARANA BANCO S.A.;14.388.334/0001-99;2026-05-21;DI de um dia;100% do DI1 + 0,8500%;;79293329.07000004;566599.1339759608;0.7145609102573659;64;1;BRADESCO FIC DE FI RENDA FIXA CREDITO PRIVADO LONGO PRAZO PERFORMANCE INSTITUCIONAL;44.961.198/0001-45;555659.2977484722;Governo do Estado do Amazonas/AM;80575.1285900716
Dois fundos e Um fundo;BANCO YAMAHA MOTOR DO BRASIL SA;10.371.492/0001-85;2028-05-16;DI de um dia;100% do DI1 + 0,9000%;;25107274.24000001;566209.2348582731;2.255160115932493;219;2;ITAU INSTITUCIONAL RENDA FIXA REFERENCIADO DI - FUNDO DE INVESTIMENTO;00.832.435/0001-00;307932.68198073;Niterói/RJ;49708.83005962781
Um fundo;NBC BANK BRASIL;74.828.799/0001-45;2026-05-14;DI de um dia;100% do DI1 + 1,9000%;;6838574.220000001;566160.3815193796;8.278924280204413;20;1;SOMMA TORINO FUNDO DE INVESTIMENTO RENDA FIXA CREDITO PRIVADO;28.206.220/0001-95;566160.3815193796;Itatiaia/RJ;86165.51470508902
Um fundo;BR PARTNERS BANCO INVESTIMENTO SA;13.220.493/0001-17;2026-04-20;DI de um dia;100% do DI1 + 1,2000%;;10125131.75;566135.5413646934;5.591389379843807;29;2;DAYCOVAL CLASSIC FUNDO DE INVESTIMENTO RENDA FIXA CREDITO PRIVADO;10.783.480/0001-68;352376.3271246391;Governo do Estado do Amazonas/AM;186465.7787836524
Um fundo;BANCO COOPERATIVO SICREDI S.A.;01.181.521/0001-55;2027-05-14;DI de um dia;100% do DI1 + 0,9500%;;3016979.37;565994.600439072;18.76030728175221;20;1;SOMMA TORINO FUNDO DE INVESTIMENTO RENDA FIXA CREDITO PRIVADO;28.206.220/0001-95;565994.600439072;Itatiaia/RJ;86140.28402385567
Dois fundos e Um fundo;Banco Volkswagen S/A;59.109.165/0001-49;2025-08-01;DI de um dia;100% do DI1 + 1,1500%;;31282616.47;564439.7727236182;1.804324050914716;11;3;Porto Seguro FI Referenciado DI Crédito Privado;18.719.154/0001-01;275216.0657998124;Governo do Estado do Amazonas/AM;241579.0903965804
Dois fundos;BANCO XP S.A;33.264.668/0001-03;2025-10-06;DI de um dia;100% do DI1 + 0,9338%;;38516657.71;561538.9327895896;1.457911891051228;8;1;BB ESPELHO SULAMERICA CREDITO ASG FIC DE FIF RENDA FIXA CREDITO PRIVADO IS RESPONSABILIDADE LIMITADA;51.681.664/0001-02;561538.9327895896;Aracaju/SE;301383.5167034547
Dois fundos e Um fundo;BANCO COOPERATIVO SICREDI S.A.;01.181.521/0001-55;2025-08-06;DI de um dia;100% do DI1 + 1,1600%;;60632385.05;560325.9012812256;0.9241363354239776;41;2;SAFRA EXTRA BANCOS FUNDO DE INVESTIMENTO EM COTAS DE FUNDO DE INVESTIMENTO RENDA FIXA CREDITO PRIVADO;20.441.483/0001-77;425140.09626139;Governo do Estado do Paraná/PR;104798.7522877628
Dois fundos e Um fundo;BANCO ABC BRASIL S.A.;28.195.667/0001-06;2024-09-16;DI de um dia;100% do DI1 + 1,0000%;;76799737.15;556946.6605317764;0.7251934462275387;82;5;Sicredi Executive;21.170.347/0001-52;412052.8205438908;Governo do Estado do Paraná/PR;90763.97484640479
Um fundo;BANCO PAN S.A.;59.285.411/0001-13;2025-07-21;DI de um dia;100% do DI1 + 1,2000%;;14520210.33;550525.8239636332;3.79144524391771;10;1;INTER CORPORATE FUNDO DE INVESTIMENTO RENDA FIXA CREDITO PRIVADO;36.443.522/0001-05;550525.8239636332;Governo do Estado do Paraná/PR;374836.2416042362
Um fundo;HAITONG BANCO DE INVESTIMENTO DO BRASIL SA;34.111.187/0001-12;2025-03-20;DI de um dia;114% do DI1;;82072830.30000001;545597.4926001419;0.664772362066502;10;1;INTER CORPORATE FUNDO DE INVESTIMENTO RENDA FIXA CREDITO PRIVADO;36.443.522/0001-05;545597.4926001419;Governo do Estado do Paraná/PR;371480.6911009533
Um fundo;BANCO PAN S.A.;59.285.411/0001-13;2026-05-08;DI de um dia;100% do DI1 + 0,7900%;;10058491.41;545505.6478954575;5.423334630013443;25;1;DAYCOVAL CLASSIC FUNDO DE INVESTIMENTO RENDA FIXA CREDITO PRIVADO;10.783.480/0001-68;545505.6478954575;Governo do Estado do Amazonas/AM;288663.362535499
Dois fundos e Um fundo;BANCO BTG PACTUAL S A;30.306.294/0001-45;2026-02-02;DI de um dia;100% do DI1 + 0,8400%;;95708039.62;545387.5642115311;0.5698450896883296;7;2;Porto Seguro FI Referenciado DI Crédito Privado;18.719.154/0001-01;441945.8677422887;Governo do Estado do Amazonas/AM;387931.1348464974
Dois fundos;BANCO CREDIT AGRICOLE BRASIL S;75.647.891/0001-71;2025-01-10;DI de um dia;100% do DI1 + 1,0000%;;23833421.87;542306.9174066255;2.275405186735888;36;1;SAFRA EXTRA BANCOS FUNDO DE INVESTIMENTO EM COTAS DE FUNDO DE INVESTIMENTO RENDA FIXA CREDITO PRIVADO;20.441.483/0001-77;542306.9174066255;Governo do Estado do Paraná/PR;133680.8473277815
Um fundo;BANCO ALFA DE INVESTIMENTOS S/A;60.770.336/0001-65;2025-01-16;DI de um dia;100% do DI1 + 1,7520%;;15190958.13;539659.9723165631;3.552507799036131;8;1;MONGERAL AEGON RENDA FIXA FUNDO DE INVESTIMENTO;11.435.287/0001-07;539659.9723165631;Governo do Estado do Paraná/PR;246761.7775689424
Dois fundos;ITAU UNIBANCO HOLDING SA;60.872.504/0001-23;2024-09-15;DI de um dia;114% do DI1;;103820377.18;536040.9561823827;0.5163157471996219;62;2;SAFRA EXTRA BANCOS FUNDO DE INVESTIMENTO EM COTAS DE FUNDO DE INVESTIMENTO RENDA FIXA CREDITO PRIVADO;20.441.483/0001-77;535357.7161951028;Governo do Estado do Paraná/PR;131967.8411381315
Um fundo;BR PARTNERS BANCO INVESTIMENTO SA;13.220.493/0001-17;2024-11-29;DI de um dia;100% do DI1 + 1,3000%;;9928411.74;531334.0948502357;5.351652497544745;29;2;DAYCOVAL CLASSIC TITULOS BANCARIOS FUNDO DE INVESTIMENTO RENDA FIXA CREDITO PRIVADO;50.235.197/0001-16;450074.4722519467;Mairiporã/SP;173516.0582116992
Dois fundos;BANCO VOTORANTIM S/A;59.588.111/0001-03;2025-12-12;DI de um dia;100% do DI1 + 0,5400%;;7940629.78;528628.7533295568;6.65726482628632;64;1;Sicredi Executive;21.170.347/0001-52;523991.3456655649;Pelotas/RS;64587.2341648545
Dois fundos e Um fundo;BANCO RCI BRASIL S.A.;62.307.848/0001-15;2026-05-10;DI de um dia;100% do DI1 + 1,6000%;;88069350.58999999;526174.4434031674;0.5974546648501265;64;1;BRADESCO FIC DE FI RENDA FIXA CREDITO PRIVADO LONGO PRAZO PERFORMANCE INSTITUCIONAL;44.961.198/0001-45;516015.1228310947;Governo do Estado do Amazonas/AM;74826.39999908353
Direta;;;;;;Letra Financeira - 19/05/2025;;526136.14;;1;;;;;Igaratinga/MG;526136.14
Um fundo;BANCO SOFISA;60.889.128/0001-80;2025-12-11;DI de um dia;100% do DI1 + 1,2100%;;21173592.04;524894.7145105223;2.479006460117489;29;2;DAYCOVAL CLASSIC TITULOS BANCARIOS FUNDO DE INVESTIMENTO RENDA FIXA CREDITO PRIVADO;50.235.197/0001-16;279320.3030075242;Governo do Estado do Amazonas/AM;129949.7734819366
Dois fundos;BANCO DAYCOVAL S.A.;62.232.889/0001-90;2027-01-29;DI de um dia;100% do DI1 + 1,3000%;;305165609.64;524026.3812222476;0.1717186880397286;88;1;Itaú High Grade FIC Renda Fixa Crédito Privado;09.093.883/0001-04;524026.3812222476;Santos/SP;66463.98663904221
Dois fundos;BANCO XP S.A;33.264.668/0001-03;2025-09-15;DI de um dia;100% do DI1 + 1,0900%;;3283737.77;522856.1622038611;15.92259183972114;20;1;BTG FIC Corporativo I Crédito Privado;14.171.644/0001-57;522856.1622038611;São José dos Campos/SP;114323.924926812
Dois fundos;BANCO COOPERATIVO SICREDI S.A.;01.181.521/0001-55;2028-10-23;DI de um dia;100% do DI1 + 1,4000%;;107208935.35;518507.097085518;0.48364168097815;94;2;Itaú High Grade FIC Renda Fixa Crédito Privado;09.093.883/0001-04;512278.0240278626;Santos/SP;64973.90391882291
Dois fundos e Um fundo;BANCO BTG PACTUAL S A;30.306.294/0001-45;2024-10-25;DI de um dia;100% do DI1 + 1,2000%;;25539562.38;516111.2060105734;2.020830264557467;37;2;SAFRA EXTRA BANCOS FUNDO DE INVESTIMENTO EM COTAS DE FUNDO DE INVESTIMENTO RENDA FIXA CREDITO PRIVADO;20.441.483/0001-77;506557.2043330771;Governo do Estado do Paraná/PR;124868.3985427817
Dois fundos e Um fundo;BANCO VOTORANTIM S/A;59.588.111/0001-03;2025-11-24;DI de um dia;100% do DI1 + 0,9036%;;169654447.12;515242.9553897148;0.3037014143373873;28;1;MAG CASH FUNDO DE  INVESTIMENTO RENDA FIXA LONGO PRAZO;44.211.851/0001-59;220893.7714264121;Cabo de Santo Agostinho/PE;151914.0273713672
Um fundo;BANCO ABC BRASIL S.A.;28.195.667/0001-06;2024-09-19;DI de um dia;100% do DI1 + 1,0000%;;53979240.17;515198.8210430217;0.9544388165162676;10;1;INTER CORPORATE FUNDO DE INVESTIMENTO RENDA FIXA CREDITO PRIVADO;36.443.522/0001-05;515198.8210430217;Governo do Estado do Paraná/PR;350783.1628466109
Um fundo;BANCO DO BRASIL;00.000.000/0001-91;2027-09-22;DI de um dia;100% do DI1 + 2,6000%;;195173473.6299999;513374.1598416716;0.263034801960281;22;2;SAFRA DI MASTER FUNDO DE INVESTIMENTO RENDA FIXA REFERENCIADO DI LONGO PRAZO;02.536.364/0001-16;513118.2436594772;Governo do Estado do Amazonas/AM;276960.9505562951
Dois fundos e Um fundo;ITAU UNIBANCO HOLDING SA;60.872.504/0001-23;2028-11-08;DI de um dia;100% do DI1 + 0,7200%;;72687486.16000001;510928.3611390635;0.7029110348023396;223;3;ITAU INSTITUCIONAL RENDA FIXA REFERENCIADO DI - FUNDO DE INVESTIMENTO;00.832.435/0001-00;362258.9104584254;Niterói/RJ;40657.19115516173
Dois fundos;BANCO VOTORANTIM S/A;59.588.111/0001-03;2024-06-24;DI de um dia;100% do DI1 + 1,1400%;;64053548.88000001;510004.1782162436;0.796215334097572;64;1;Sicredi Executive;21.170.347/0001-52;505530.1550575875;Pelotas/RS;62311.70566496115
Um fundo;BANCO BRADESCO S.A.;60.746.948/0001-12;2026-07-07;DI de um dia;100% do DI1 + 2,0449%;;1066767900.75;509975.5055838297;0.04780566655832888;8;1;MONGERAL AEGON RENDA FIXA FUNDO DE INVESTIMENTO;11.435.287/0001-07;509975.5055838297;Governo do Estado do Paraná/PR;233188.4311046644
Dois fundos e Um fundo;BANCO DAYCOVAL S.A.;62.232.889/0001-90;2024-10-28;DI de um dia;100% do DI1 + 1,0000%;;255789203.57;509738.4825602057;0.1992806871618838;40;3;SAFRA EXTRA BANCOS FUNDO DE INVESTIMENTO EM COTAS DE FUNDO DE INVESTIMENTO RENDA FIXA CREDITO PRIVADO;20.441.483/0001-77;442151.3318610385;Governo do Estado do Paraná/PR;108992.0906282148
Dois fundos e Um fundo;BANCO BRADESCO S.A.;60.746.948/0001-12;2025-03-15;Taxa Selic;120% do SEL;;433243389.3099995;505438.7849352019;0.1166639347319721;64;1;BRADESCO FIC DE FI RENDA FIXA CREDITO PRIVADO LONGO PRAZO PERFORMANCE INSTITUCIONAL;44.961.198/0001-45;495679.8262664677;Governo do Estado do Amazonas/AM;71877.61619891801
Dois fundos e Um fundo;BANCO BRADESCO S.A.;60.746.948/0001-12;2025-04-14;DI de um dia;100% do DI1 + 0,8516%;;318752100.46;502411.5469625619;0.1576182701972843;64;1;BRADESCO FIC DE FI RENDA FIXA CREDITO PRIVADO LONGO PRAZO PERFORMANCE INSTITUCIONAL;44.961.198/0001-45;492711.0378848286;Governo do Estado do Amazonas/AM;71447.11767837396
Um fundo;BANCO SANTANDER;90.400.888/0001-42;2025-09-24;DI de um dia;104% do DI1;;24415035.41;502089.4524313109;2.056476445762857;4;1;VINCI INSTITUCIONAL FUNDO DE INVESTIMENTO EM RENDA FIXA REFERENCIADO DI;51.415.957/0001-30;502089.4524313109;Joinville/SC;426210.0343964066
Um fundo;BANCO SANTANDER;90.400.888/0001-42;2025-09-24;DI de um dia;104% do DI1 + 0,0121%;;24415035.41;502089.4524313109;2.056476445762857;4;1;VINCI INSTITUCIONAL FUNDO DE INVESTIMENTO EM RENDA FIXA REFERENCIADO DI;51.415.957/0001-30;502089.4524313109;Joinville/SC;426210.0343964066
Dois fundos e Um fundo;BANCO ABC BRASIL S.A.;28.195.667/0001-06;2026-02-26;DI de um dia;100% do DI1 + 0,8000%;;7232209.58;500243.3967564894;6.91688191863059;28;1;MAG CASH FUNDO DE  INVESTIMENTO RENDA FIXA LONGO PRAZO;44.211.851/0001-59;214463.195245669;Cabo de Santo Agostinho/PE;147491.5634891725
Um fundo;BANCO BRADESCO S.A.;60.746.948/0001-12;2027-03-18;DI de um dia;100% do DI1 + 2,0377%;;496463586.59;499267.5555842319;0.1005647884497413;9;1;SULAMERICA CREDITO INSTITUCIONAL ESG FIF RF CRED PRIV LONGO PRAZO IS - RESP LIMITADA;34.525.051/0001-59;499267.5555842319;Governo do Estado do Paraná/PR;218344.3692767459
Um fundo;BANCO BRADESCO S.A.;60.746.948/0001-12;2027-03-18;DI de um dia;100% do DI1 + 2,0759%;;496463586.59;499267.5555842319;0.1005647884497413;9;1;SULAMERICA CREDITO INSTITUCIONAL ESG FIF RF CRED PRIV LONGO PRAZO IS - RESP LIMITADA;34.525.051/0001-59;499267.5555842319;Governo do Estado do Paraná/PR;218344.3692767459
Um fundo;BANCO BRADESCO S.A.;60.746.948/0001-12;2027-03-18;DI de um dia;100% do DI1 + 2,0707%;;496463586.59;499267.5555842319;0.1005647884497413;9;1;SULAMERICA CREDITO INSTITUCIONAL ESG FIF RF CRED PRIV LONGO PRAZO IS - RESP LIMITADA;34.525.051/0001-59;499267.5555842319;Governo do Estado do Paraná/PR;218344.3692767459
Um fundo;BANCO SAFRA S.A.;58.160.789/0001-28;2024-10-28;DI de um dia;100% do DI1 + 1,1700%;;79233903.03;496051.5092956134;0.6260596667916201;427;1;FUNDO DE INVESTIMENTO CAIXA BRASIL MATRIZ RENDA FIXA;23.215.008/0001-70;496051.5092956134;Rio Grande/RS;24040.00554588011
Um fundo;BANCO BRADESCO S.A.;60.746.948/0001-12;2026-11-11;DI de um dia;100% do DI1 + 2,0396%;;210633827.22;495793.2992884995;0.2353816126460352;20;1;SOMMA TORINO FUNDO DE INVESTIMENTO RENDA FIXA CREDITO PRIVADO;28.206.220/0001-95;495793.2992884995;Itatiaia/RJ;75456.15379493928
Direta;;;;;;Letra Financeira - 04/04/2025;;489290.06;;1;;;;;Igaratinga/MG;489290.06
Um fundo;BANCO DO NORDESTE DO BRASIL SA;07.237.373/0001-20;2024-06-18;Taxa Selic;117% do SEL;;53488255.48;489212.4767701076;0.9146166244906434;25;1;DAYCOVAL CLASSIC FUNDO DE INVESTIMENTO RENDA FIXA CREDITO PRIVADO;10.783.480/0001-68;489212.4767701076;Governo do Estado do Amazonas/AM;258874.8972326724
Um fundo;BANCO ABC BRASIL S.A.;28.195.667/0001-06;2024-07-14;Taxa Selic;122% do SEL;;25062445.33;487193.5827408781;1.943918784962705;25;1;DAYCOVAL CLASSIC FUNDO DE INVESTIMENTO RENDA FIXA CREDITO PRIVADO;10.783.480/0001-68;487193.5827408781;Governo do Estado do Amazonas/AM;257806.565967307
Dois fundos e Um fundo;BANCO ABC BRASIL S.A.;28.195.667/0001-06;2025-09-15;DI de um dia;100% do DI1 + 1,0000%;;35428938.49;486305.6488094954;1.372622690760994;23;5;INTER CORPORATE FUNDO DE INVESTIMENTO RENDA FIXA CREDITO PRIVADO;36.443.522/0001-05;300891.9405236379;Governo do Estado do Paraná/PR;204868.1446092095
Um fundo;BANCO ABC BRASIL S.A.;28.195.667/0001-06;2025-08-04;DI de um dia;117% do DI1;;34842749.20999999;485583.8372568168;1.393643866418705;25;1;DAYCOVAL CLASSIC FUNDO DE INVESTIMENTO RENDA FIXA CREDITO PRIVADO;10.783.480/0001-68;485583.8372568168;Governo do Estado do Amazonas/AM;256954.7424416511
Dois fundos e Um fundo;BANCO COOPERATIVO SICREDI S.A.;01.181.521/0001-55;2026-04-20;DI de um dia;100% do DI1 + 2,1500%;;69678865.02000001;485101.7303402338;0.696196372029014;223;3;ITAU INSTITUCIONAL RENDA FIXA REFERENCIADO DI - FUNDO DE INVESTIMENTO;00.832.435/0001-00;277464.4204445866;Niterói/RJ;41776.7956129274
Dois fundos e Um fundo;BANCO COOPERATIVO SICREDI S.A.;01.181.521/0001-55;2026-08-11;DI de um dia;100% do DI1 + 1,5500%;;126910509.48;481218.6657305204;0.3791795239828868;89;2;Itaú High Grade FIC Renda Fixa Crédito Privado;09.093.883/0001-04;416999.5863857992;Governo do Estado do Amazonas/AM;89840.92269332617
Dois fundos e Um fundo;BANCO BRADESCO S.A.;60.746.948/0001-12;2026-07-16;DI de um dia;100% do DI1 + 2,5270%;;56913143.73999999;480523.4639345084;0.8443101757473018;28;1;MAG CASH FUNDO DE  INVESTIMENTO RENDA FIXA LONGO PRAZO;44.211.851/0001-59;206008.9111302693;Cabo de Santo Agostinho/PE;141677.3463647209
Um fundo;BANCO PAN S.A.;59.285.411/0001-13;2026-03-23;DI de um dia;100% do DI1 + 1,1900%;;315770178.59;478753.3666679283;0.1516144965954963;21;2;SOMMA TORINO FUNDO DE INVESTIMENTO RENDA FIXA CREDITO PRIVADO;28.206.220/0001-95;460056.3073140679;Itatiaia/RJ;70017.24212255281
Dois fundos e Um fundo;BANCO COOPERATIVO SICREDI S.A.;01.181.521/0001-55;2027-05-13;DI de um dia;100% do DI1 + 0,9500%;;10058187.48;476783.1347680595;4.740249033099745;30;2;MAG HIGH GRADE FUNDO DE INVESTIMENTO RENDA FIXA CREDITO PRIVADO LONGO PRAZO;50.223.269/0001-05;156755.1772961952;Tatuí/SP;133433.8426316028
Dois fundos e Um fundo;BANCO COOPERATIVO SICREDI S.A.;01.181.521/0001-55;2026-05-13;DI de um dia;100% do DI1 + 0,8000%;;10056630.19;476709.3154809342;4.74024903446245;30;2;MAG HIGH GRADE FUNDO DE INVESTIMENTO RENDA FIXA CREDITO PRIVADO LONGO PRAZO;50.223.269/0001-05;156730.9070926941;Tatuí/SP;133413.1832405034
Um fundo;PORTOSEG SA CRE;04.862.600/0001-10;2026-09-09;DI de um dia;100% do DI1 + 3,0000%;;1971220.92;474718.211693576;24.0824459033022;18;1;CLARITAS FUNDO DE INVESTIMENTOS RENDA FIXA CREDITO PRIVADO LONGO PRAZO;11.447.136/0001-60;474718.211693576;Porto Feliz/SP;75774.48998010442
Dois fundos;BANCO COOPERATIVO SICREDI S.A.;01.181.521/0001-55;2025-10-07;DI de um dia;100% do DI1 + 1,7500%;;59552401.50000002;474514.3744379922;0.7968014093235049;94;2;Itaú High Grade FIC Renda Fixa Crédito Privado;09.093.883/0001-04;470189.7513186067;Santos/SP;59635.71008880284
Um fundo;BANCO BRADESCO S.A.;60.746.948/0001-12;2026-08-03;DI de um dia;109,10% do DI1 + 2,0214%;;842883725.7099997;474374.8620409156;0.05627998827967973;473;1;BRADESCO FUNDO DE INVESTIMENTO RENDA FIXA REFERENCIADO DI PREMIUM;03.399.411/0001-90;474374.8620409156;Governo do Estado do Amazonas/AM;44967.73258545841
Dois fundos;Banco Volkswagen S/A;59.109.165/0001-49;2024-09-06;DI de um dia;100% do DI1 + 0,8500%;;124844317.43;473452.3456436526;0.3792341977512245;36;1;SAFRA EXTRA BANCOS FUNDO DE INVESTIMENTO EM COTAS DE FUNDO DE INVESTIMENTO RENDA FIXA CREDITO PRIVADO;20.441.483/0001-77;473452.3456436526;Governo do Estado do Paraná/PR;116707.9170548598
Um fundo;BANCO BRADESCO S.A.;60.746.948/0001-12;2025-02-03;DI de um dia;100% do DI1 + 0,8000%;;264396935.87;472944.1714328177;0.1788765705156875;10;1;INTER CORPORATE FUNDO DE INVESTIMENTO RENDA FIXA CREDITO PRIVADO;36.443.522/0001-05;472944.1714328177;Governo do Estado do Paraná/PR;322013.260762528
Dois fundos e Um fundo;BANCO ABC BRASIL S.A.;28.195.667/0001-06;2026-01-23;DI de um dia;100% do DI1 + 0,8500%;;43906207.04000001;469473.9466047564;1.069265550943743;7;2;Porto Seguro FI Referenciado DI Crédito Privado;18.719.154/0001-01;453901.3105895653;Governo do Estado do Amazonas/AM;398425.3805219449
Dois fundos;BANCO ABC BRASIL S.A.;28.195.667/0001-06;2032-05-31;DI de um dia;100% do DI1 + 2,3500%;;6929519.71;466705.3856111786;6.735032226514566;11;1;SPX SEAHAWK ADVISORY FUNDO DE INVESTIMENTO EM COTAS DE FUNDOS DE INVESTIMENTO RENDA FIXA CREDITO PRIVADO LONGO PRAZO;35.648.999/0001-64;466705.3856111786;São José dos Campos/SP;238515.0185041486
Um fundo;BANCO SANTANDER;90.400.888/0001-42;2028-10-10;DI de um dia;100% do DI1 + 1,1194%;;3832451797.020001;466434.6320814289;0.01217065880500087;9;1;SULAMERICA CREDITO INSTITUCIONAL ESG FIF RF CRED PRIV LONGO PRAZO IS - RESP LIMITADA;34.525.051/0001-59;466434.6320814289;Governo do Estado do Paraná/PR;203985.5672806052
Um fundo;BANCO BMG S.A.;61.186.680/0001-74;2024-12-03;DI de um dia;100% do DI1 + 1,7500%;;83840020.74000001;466372.6429042869;0.5562649421933896;10;1;INTER CORPORATE FUNDO DE INVESTIMENTO RENDA FIXA CREDITO PRIVADO;36.443.522/0001-05;466372.6429042869;Governo do Estado do Paraná/PR;317538.9074297546
Dois fundos;BANCO BRADESCO S.A.;60.746.948/0001-12;2026-11-04;DI de um dia;100% do DI1 + 0,8500%;;301857381.0300001;464411.5297897814;0.1538513082585931;36;1;SAFRA EXTRA BANCOS FUNDO DE INVESTIMENTO EM COTAS DE FUNDO DE INVESTIMENTO RENDA FIXA CREDITO PRIVADO;20.441.483/0001-77;464411.5297897814;Governo do Estado do Paraná/PR;114479.3194008606
Dois fundos;BANCO RCI BRASIL S.A.;62.307.848/0001-15;2024-12-02;DI de um dia;100% do DI1 + 0,8300%;;122214882.9;463480.6304305533;0.379234197532053;36;1;SAFRA EXTRA BANCOS FUNDO DE INVESTIMENTO EM COTAS DE FUNDO DE INVESTIMENTO RENDA FIXA CREDITO PRIVADO;20.441.483/0001-77;463480.6304305533;Governo do Estado do Paraná/PR;114249.8489458025
Dois fundos e Um fundo;CAIXA ECONOMICA FEDERAL CEF;00.360.305/0001-04;2029-11-30;Taxa Selic;114% do SEL + 114,0000%;;27692865.55;463243.4464066477;1.672789858349085;28;4;CLARITAS FUNDO DE INVESTIMENTOS RENDA FIXA CREDITO PRIVADO LONGO PRAZO;11.447.136/0001-60;398614.032953643;Porto Feliz/SP;63626.74593464217
Dois fundos;BANCO DO BRASIL;00.000.000/0001-91;2050-09-19;DI de um dia;100% do DI1 + 2,2500%;;117648669.98;458294.0116984142;0.3895445751969172;13;2;SPX SEAHAWK ADVISORY FUNDO DE INVESTIMENTO EM COTAS DE FUNDOS DE INVESTIMENTO RENDA FIXA CREDITO PRIVADO LONGO PRAZO;35.648.999/0001-64;272444.2789930117;São José dos Campos/SP;139235.7025412718
Um fundo;BANCO VOTORANTIM S/A;59.588.111/0001-03;2026-09-27;DI de um dia;100% do DI1 + 2,4000%;;77261636.01;456585.5297514349;0.5909602143194831;25;1;DAYCOVAL CLASSIC FUNDO DE INVESTIMENTO RENDA FIXA CREDITO PRIVADO;10.783.480/0001-68;456585.5297514349;Governo do Estado do Amazonas/AM;241609.8069957287
Um fundo;BANCO SAFRA S.A.;58.160.789/0001-28;2025-07-14;DI de um dia;109,20% do DI1;;8736584.4;456077.8464665045;5.220322102840378;25;1;DAYCOVAL CLASSIC FUNDO DE INVESTIMENTO RENDA FIXA CREDITO PRIVADO;10.783.480/0001-68;456077.8464665045;Governo do Estado do Amazonas/AM;241341.1579639606
Um fundo;BANCO VOTORANTIM S/A;59.588.111/0001-03;2026-03-09;DI de um dia;100% do DI1 + 0,7500%;;364045282.46;452372.0887438708;0.1242625877986967;4;1;BTG PACTUAL CAPITAL MARKETS FUNDO DE INVESTIMENTO RENDA FIXA;04.501.865/0001-92;452372.0887438708;Niterói/RJ;319979.462995236
Um fundo;BANCO BRADESCO S.A.;60.746.948/0001-12;2031-07-08;DI de um dia;100% do DI1 + 2,5000%;;204357395.94;450703.2265104608;0.2205465696200145;3;1;Porto Seguro FI Referenciado DI Crédito Privado;18.719.154/0001-01;450703.2265104608;Governo do Estado do Amazonas/AM;395618.1670673212
Dois fundos e Um fundo;BANCO BRADESCO S.A.;60.746.948/0001-12;2026-10-29;DI de um dia;100% do DI1 + 2,2500%;;1534243531.92;450605.5346499465;0.02936988328613285;22;2;MAG CASH FUNDO DE INVESTIMENTO RENDA FIXA LONGO PRAZO;17.899.612/0001-60;391039.9175969239;Governo do Estado do Paraná/PR;131817.2490159886
Dois fundos e Um fundo;INDUSTRIAL BRAS;31.895.683/0001-16;2024-09-18;DI de um dia;100% do DI1 + 1,6500%;;122776661.7;446806.1059356136;0.3639177835176581;31;3;DAYCOVAL CLASSIC FUNDO DE INVESTIMENTO RENDA FIXA CREDITO PRIVADO;10.783.480/0001-68;315811.8982165711;Governo do Estado do Amazonas/AM;167117.1046892351
Dois fundos e Um fundo;BANCO JOHN DEERE S.A.;91.884.981/0001-32;2024-09-09;DI de um dia;100% do DI1 + 0,9500%;;20808990.56;446289.2759925129;2.144694499743734;37;2;SAFRA EXTRA BANCOS FUNDO DE INVESTIMENTO EM COTAS DE FUNDO DE INVESTIMENTO RENDA FIXA CREDITO PRIVADO;20.441.483/0001-77;445446.0768561309;Governo do Estado do Paraná/PR;109804.2585879731
Dois fundos;BANCO SAFRA S.A.;58.160.789/0001-28;2025-03-14;DI de um dia;100% do DI1 + 1,0900%;;23715898.64;446169.3893628474;1.881309226926463;64;1;Sicredi Executive;21.170.347/0001-52;442255.3583294655;Pelotas/RS;54512.44686647494
Dois fundos;BANCO BRADESCO S.A.;60.746.948/0001-12;2025-02-17;DI de um dia;100% do DI1 + 1,0806%;;124943253.46;445833.1129418568;0.3568284806066686;64;1;Sicredi Executive;21.170.347/0001-52;441922.0319009641;Pelotas/RS;54471.36101215876
Dois fundos e Um fundo;BANCO ABC BRASIL S.A.;28.195.667/0001-06;2025-02-24;DI de um dia;100% do DI1 + 1,2000%;;61699993.41999999;443937.4019593664;0.7195096423064844;42;3;SAFRA EXTRA BANCOS FUNDO DE INVESTIMENTO EM COTAS DE FUNDO DE INVESTIMENTO RENDA FIXA CREDITO PRIVADO;20.441.483/0001-77;434704.2014570274;Governo do Estado do Paraná/PR;107156.3428798191
Dois fundos e Um fundo;BANCO BTG PACTUAL S A;30.306.294/0001-45;2026-03-04;DI de um dia;100% do DI1 + 0,8200%;;61288091.76;443011.5230265651;0.7228345838558135;7;2;Porto Seguro FI Referenciado DI Crédito Privado;18.719.154/0001-01;364871.1509856915;Governo do Estado do Amazonas/AM;320276.5089709263
Dois fundos;BANCO BRADESCO S.A.;60.746.948/0001-12;2030-03-25;Índice de Preços ao Consumidor Amplo (IPCA/IBGE);100% do IAP + 6,9064%;;13991834.43;440049.4750840967;3.145044899477821;4;1;BRADESCO FUNDO DE INVESTIMENTO RENDA FIXA - 1824;44.315.854/0001-32;440049.4750840967;Recife/PE;370178.3508337058
Dois fundos;BANCO DO BRASIL;00.000.000/0001-91;2050-09-05;DI de um dia;100% do DI1 + 2,2500%;;307214450.27;433492.0469853843;0.141104055035303;11;1;SPX SEAHAWK ADVISORY FUNDO DE INVESTIMENTO EM COTAS DE FUNDOS DE INVESTIMENTO RENDA FIXA CREDITO PRIVADO LONGO PRAZO;35.648.999/0001-64;433492.0469853843;São José dos Campos/SP;221540.9695191734
Um fundo;BANCO BRADESCO S.A.;60.746.948/0001-12;2026-11-11;DI de um dia;100% do DI1 + 1,1468%;;210633827.22;432667.6826464126;0.2054122494743;473;1;BRADESCO FUNDO DE INVESTIMENTO RENDA FIXA REFERENCIADO DI PREMIUM;03.399.411/0001-90;432667.6826464126;Governo do Estado do Amazonas/AM;41014.15612097877
Um fundo;BANCO SAFRA S.A.;58.160.789/0001-28;2028-12-18;DI de um dia;112% do DI1;;7881762.4;429740.2019886015;5.452336421465858;25;1;DAYCOVAL CLASSIC FUNDO DE INVESTIMENTO RENDA FIXA CREDITO PRIVADO;10.783.480/0001-68;429740.2019886015;Governo do Estado do Amazonas/AM;227404.1564946138
Dois fundos e Um fundo;BANCO BRADESCO S.A.;60.746.948/0001-12;2025-04-14;DI de um dia;100% do DI1 + 1,1665%;;318752100.46;428927.7253808946;0.1345646741658791;46;2;SAFRA DI MASTER FUNDO DE INVESTIMENTO RENDA FIXA REFERENCIADO DI LONGO PRAZO;02.536.364/0001-16;427445.3291436568;Governo do Estado do Amazonas/AM;230718.0969169368
Dois fundos e Um fundo;BANCO BRADESCO S.A.;60.746.948/0001-12;2026-11-12;DI de um dia;100% do DI1 + 1,2300%;;136857674.83;426270.5264024177;0.3114699463745212;28;1;MAG CASH FUNDO DE  INVESTIMENTO RENDA FIXA LONGO PRAZO;44.211.851/0001-59;182749.7168859528;Cabo de Santo Agostinho/PE;125681.4319111341
Um fundo;BANCO SAFRA S.A.;58.160.789/0001-28;2026-02-23;DI de um dia;111,50% do DI1;;110850269.42;425304.1542110195;0.3836744434058043;29;2;DAYCOVAL CLASSIC FUNDO DE INVESTIMENTO RENDA FIXA CREDITO PRIVADO;10.783.480/0001-68;300864.7332308175;Governo do Estado do Amazonas/AM;159207.5643906031
Dois fundos;PORTOSEG SA CRE;04.862.600/0001-10;2050-10-16;DI de um dia;100% do DI1 + 3,1000%;;32971161.66;423158.7289158774;1.283420745921869;13;3;NU RENDA FIXA INSTITUCIONAL REFERENCIADO DI FI EM COTAS DE FUNDO DE INVESTIMENTO RENDA FIXA;51.781.137/0001-61;355196.8623570481;Bento Gonçalves/RS;170043.9531446553
Dois fundos e Um fundo;BANCO DO BRASIL;00.000.000/0001-91;2050-09-27;DI de um dia;100% do DI1 + 2,6000%;;97165012.81999996;422806.9550188268;0.4351432092147044;7;2;PORTO SEGURO CLASSICO RENDA FIXA FUNDO DE INVESTIMENTO EM COTAS DE FUNDOS DE INVESTIMENTO LONGO PRAZO;02.603.461/0001-84;336537.3254354739;São José dos Campos/SP;275313.1037287523
Dois fundos e Um fundo;BANCO CITIBANK S.A.;33.479.023/0001-80;2026-02-05;DI de um dia;100% do DI1 + 0,8000%;;303618423.43;421135.0593586102;0.1387053705769946;8;3;BTG PACTUAL CAPITAL MARKETS FUNDO DE INVESTIMENTO RENDA FIXA;04.501.865/0001-92;388130.2617460124;Niterói/RJ;274538.8493586015
Dois fundos;NU FINANCEIRA S.A.;30.680.829/0001-43;2025-07-29;DI de um dia;100% do DI1 + 1,6000%;;55882868.96;419893.7331568861;0.7513818473733674;20;1;BTG FIC Corporativo I Crédito Privado;14.171.644/0001-57;419893.7331568861;São José dos Campos/SP;91810.90918834771
Dois fundos;ITAU UNIBANCO S.A.;60.701.190/0001-04;2026-06-01;DI de um dia;100% do DI1 + 0,8500%;;2290953104.66;419662.1679899204;0.01831823476160602;64;1;Sicredi Executive;21.170.347/0001-52;415980.6721540124;Pelotas/RS;51273.82599485247
Dois fundos;BANCO SAFRA S.A.;58.160.789/0001-28;2024-12-04;DI de um dia;100% do DI1 + 1,0300%;;52496021.39000001;419281.6712037531;0.7986922820090558;36;1;SAFRA EXTRA BANCOS FUNDO DE INVESTIMENTO EM COTAS DE FUNDO DE INVESTIMENTO RENDA FIXA CREDITO PRIVADO;20.441.483/0001-77;419281.6712037531;Governo do Estado do Paraná/PR;103354.62682933
Dois fundos;ITAU UNIBANCO S.A.;60.701.190/0001-04;2026-04-01;DI de um dia;100% do DI1 + 0,8170%;;1087900232.02;418998.6936599825;0.03851444106064679;64;1;Sicredi Executive;21.170.347/0001-52;415323.0181676013;Pelotas/RS;51192.7634880551
Dois fundos;BANCO DAYCOVAL S.A.;62.232.889/0001-90;2024-11-25;DI de um dia;100% do DI1 + 1,0000%;;56637181.48;414801.726807259;0.7323841264130275;36;1;SAFRA EXTRA BANCOS FUNDO DE INVESTIMENTO EM COTAS DE FUNDO DE INVESTIMENTO RENDA FIXA CREDITO PRIVADO;20.441.483/0001-77;414801.726807259;Governo do Estado do Paraná/PR;102250.3024261513
Dois fundos e Um fundo;BANCO VOTORANTIM S/A;59.588.111/0001-03;2025-08-04;DI de um dia;100% do DI1 + 1,1000%;;153829448.63;410260.5603769853;0.2666983233904511;7;2;Porto Seguro FI Referenciado DI Crédito Privado;18.719.154/0001-01;393674.7528541887;Governo do Estado do Amazonas/AM;345559.7275189242
Um fundo;BANCO BRADESCO S.A.;60.746.948/0001-12;2027-08-05;DI de um dia;100% do DI1 + 2,4762%;;44538938.39000001;409559.3410927287;0.9195534422182903;9;1;SULAMERICA CREDITO INSTITUCIONAL ESG FIF RF CRED PRIV LONGO PRAZO IS - RESP LIMITADA;34.525.051/0001-59;409559.3410927287;Governo do Estado do Paraná/PR;179112.3316788497
Um fundo;NU FINANCEIRA S.A.;30.680.829/0001-43;2026-02-20;DI de um dia;100% do DI1 + 1,1800%;;3204967.12;407380.494970527;12.71091027512716;20;1;SOMMA TORINO FUNDO DE INVESTIMENTO RENDA FIXA CREDITO PRIVADO;28.206.220/0001-95;407380.494970527;Itatiaia/RJ;62000.36451817294
Dois fundos;BANCO ABC BRASIL S.A.;28.195.667/0001-06;2027-03-08;DI de um dia;100% do DI1 + 0,8900%;;118354865.63;407287.7330469752;0.344124198763602;88;1;Itaú High Grade FIC Renda Fixa Crédito Privado;09.093.883/0001-04;407287.7330469752;Santos/SP;51657.64056447219
Dois fundos;BANCO BRADESCO S.A.;60.746.948/0001-12;2025-01-13;DI de um dia;112,40% do DI1;;12650353.06;406662.0302425132;3.214629886721227;88;1;Itaú High Grade FIC Renda Fixa Crédito Privado;09.093.883/0001-04;406662.0302425132;Santos/SP;51578.28062320592
Um fundo;BANCO SOFISA;60.889.128/0001-80;2026-06-05;DI de um dia;100% do DI1 + 1,7046%;;627654.35;406490.5574617832;64.76344144859081;39;1;4UM FUNDO DE INVESTIMENTO RENDA FIXA CREDITO PRIVADO LONGO PRAZO;28.581.607/0001-21;406490.5574617832;São José dos Campos/SP;46711.10014293364
Dois fundos e Um fundo;BANCO MERCEDES-BENZ DO BRASIL S.A.;60.814.191/0001-57;2025-03-17;DI de um dia;100% do DI1 + 1,0500%;;120829777.24;405404.4422704649;0.3355169988149727;37;2;SAFRA EXTRA BANCOS FUNDO DE INVESTIMENTO EM COTAS DE FUNDO DE INVESTIMENTO RENDA FIXA CREDITO PRIVADO;20.441.483/0001-77;405221.6209623459;Governo do Estado do Paraná/PR;99888.76760936873
Dois fundos;BANCO ABC BRASIL S.A.;28.195.667/0001-06;2024-07-11;DI de um dia;100% do DI1 + 1,0000%;;31969314.12;404343.2410829373;1.264785473861575;64;1;Sicredi Executive;21.170.347/0001-52;400796.1308789027;Pelotas/RS;49402.1776725396
Dois fundos;BANCO BTG PACTUAL S A;30.306.294/0001-45;2025-02-03;DI de um dia;100% do DI1 + 0,9800%;;72122829.34;403623.3672573385;0.5596332963514026;36;1;SAFRA EXTRA BANCOS FUNDO DE INVESTIMENTO EM COTAS DE FUNDO DE INVESTIMENTO RENDA FIXA CREDITO PRIVADO;20.441.483/0001-77;403623.3672573385;Governo do Estado do Paraná/PR;99494.79161040508
Dois fundos e Um fundo;BANCO COOPERATIVO SICREDI S.A.;01.181.521/0001-55;2027-03-12;DI de um dia;100% do DI1 + 0,9500%;;30847906.05;400107.9263836526;1.29703431323713;11;3;Porto Seguro FI Referenciado DI Crédito Privado;18.719.154/0001-01;286989.4719213206;Governo do Estado do Amazonas/AM;251913.5479197553
Um fundo;BANCO DO BRASIL;00.000.000/0001-91;2027-09-27;DI de um dia;100% do DI1 + 2,6857%;;211935037.28;397720.36756621;0.1876614516743439;9;1;SULAMERICA CREDITO INSTITUCIONAL ESG FIF RF CRED PRIV LONGO PRAZO IS - RESP LIMITADA;34.525.051/0001-59;397720.36756621;Governo do Estado do Paraná/PR;173934.8007565631
Direta;;;;;;Letra Financeira - 22/11/2024;;394092.83;;1;;;;;Igaratinga/MG;394092.83
Dois fundos e Um fundo;ITAU UNIBANCO HOLDING SA;60.872.504/0001-23;2030-11-25;DI de um dia;100% do DI1 + 2,0000%;;69765508.85000001;394027.7004565258;0.5647886856293255;7;2;Porto Seguro FI Referenciado DI Crédito Privado;18.719.154/0001-01;240645.6181663365;Governo do Estado do Amazonas/AM;211233.8513945358
Um fundo;BANCO BRADESCO S.A.;60.746.948/0001-12;2026-11-09;DI de um dia;100% do DI1 + 2,9500%;;178695589.2500001;393991.4527998646;0.2204819125382326;19;1;MAG CASH FUNDO DE INVESTIMENTO RENDA FIXA LONGO PRAZO;17.899.612/0001-60;393991.4527998646;Governo do Estado do Paraná/PR;132812.1941183107
Dois fundos;BANCO ABC BRASIL S.A.;28.195.667/0001-06;2025-11-06;DI de um dia;100% do DI1 + 0,9000%;;74980646.4;392636.3962670434;0.5236503219410007;24;1;CAIXA TOP PRIVATE FIC DE CLASSE DE FIF RENDA FIXA REFERENCIADO DI LONGO PRAZO - RESP LIMITADA;19.769.018/0001-80;385486.2700311684;Angra dos Reis/RJ;72850.23696972415
Um fundo;INDUSTRIAL BRAS;31.895.683/0001-16;2025-11-24;DI de um dia;100% do DI1 + 1,1600%;;3212876.48;391728.5215262385;12.19245507770776;20;1;SOMMA TORINO FUNDO DE INVESTIMENTO RENDA FIXA CREDITO PRIVADO;28.206.220/0001-95;391728.5215262385;Itatiaia/RJ;59618.24737963673
Dois fundos e Um fundo;BANCO SAFRA S.A.;58.160.789/0001-28;2029-12-17;DI de um dia;100% do DI1 + 2,0000%;;86355998.92999999;390199.431847236;0.4518498270902186;114;3;DAYCOVAL CLASSIC FUNDO DE INVESTIMENTO RENDA FIXA CREDITO PRIVADO;10.783.480/0001-68;348403.2316178221;Governo do Estado do Amazonas/AM;185600.9116659897
Um fundo;BANCO VOTORANTIM S/A;59.588.111/0001-03;2025-10-02;DI de um dia;100% do DI1 + 1,0000%;;10865847.86;389547.1603437575;3.585059954481615;10;1;INTER CORPORATE FUNDO DE INVESTIMENTO RENDA FIXA CREDITO PRIVADO;36.443.522/0001-05;389547.1603437575;Governo do Estado do Paraná/PR;265230.7796564007
Um fundo;ITAU UNIBANCO HOLDING SA;60.872.504/0001-23;2025-01-15;Taxa Selic;100% do SEL + 2,8743%;;263261425.4499999;388636.8639449954;0.147623930578013;8;1;MONGERAL AEGON RENDA FIXA FUNDO DE INVESTIMENTO;11.435.287/0001-07;388636.8639449954;Governo do Estado do Paraná/PR;177705.8301437839
Um fundo;BANCO SAFRA S.A.;58.160.789/0001-28;2024-08-20;DI de um dia;100% do DI1 + 1,2000%;;56940848.04;387779.0846859791;0.6810209156238254;10;1;INTER CORPORATE FUNDO DE INVESTIMENTO RENDA FIXA CREDITO PRIVADO;36.443.522/0001-05;387779.0846859791;Governo do Estado do Paraná/PR;264026.9508702012
Um fundo;NU FINANCEIRA S.A.;30.680.829/0001-43;2026-04-06;DI de um dia;100% do DI1 + 1,1300%;;107101614.14;387006.6260667814;0.3613452786630255;10;1;INTER CORPORATE FUNDO DE INVESTIMENTO RENDA FIXA CREDITO PRIVADO;36.443.522/0001-05;387006.6260667814;Governo do Estado do Paraná/PR;263501.0073576331
Dois fundos e Um fundo;Banco Volkswagen S/A;59.109.165/0001-49;2025-07-28;DI de um dia;100% do DI1 + 0,7691%;;103589514.49;385188.3419081595;0.3718410534160227;28;1;MAG CASH FUNDO DE  INVESTIMENTO RENDA FIXA LONGO PRAZO;44.211.851/0001-59;165137.0575056641;Cabo de Santo Agostinho/PE;113568.7770277388
Dois fundos e Um fundo;BANCO BRADESCO S.A.;60.746.948/0001-12;2026-09-14;DI de um dia;100% do DI1 + 0,4200%;;1357629230.24;383038.6261927755;0.02821378750994204;28;1;MAG CASH FUNDO DE  INVESTIMENTO RENDA FIXA LONGO PRAZO;44.211.851/0001-59;164215.4363424855;Cabo de Santo Agostinho/PE;112934.955704009
Dois fundos e Um fundo;BANCO BRADESCO S.A.;60.746.948/0001-12;2029-03-15;Taxa Selic;120% do SEL + 120,0000%;;132663121.83;382960.4118903882;0.2886713403150044;27;3;CLARITAS FUNDO DE INVESTIMENTOS RENDA FIXA CREDITO PRIVADO LONGO PRAZO;11.447.136/0001-60;288892.6303547738;Cabo de Santo Agostinho/PE;61545.27643752198
Dois fundos e Um fundo;PARANA BANCO S.A.;14.388.334/0001-99;2025-08-29;DI de um dia;100% do DI1 + 1,2525%;;5511696.39;381237.5310097248;6.916881918630588;28;1;MAG CASH FUNDO DE  INVESTIMENTO RENDA FIXA LONGO PRAZO;44.211.851/0001-59;163443.2749698355;Cabo de Santo Agostinho/PE;112403.9215189236
Um fundo;BANCO BRADESCO S.A.;60.746.948/0001-12;2027-07-29;DI de um dia;100% do DI1 + 1,9716%;;81213689.92;381118.9176707147;0.469279154839705;9;1;SULAMERICA CREDITO INSTITUCIONAL ESG FIF RF CRED PRIV LONGO PRAZO IS - RESP LIMITADA;34.525.051/0001-59;381118.9176707147;Governo do Estado do Paraná/PR;166674.4990085961
Um fundo;BANCO SANTANDER;90.400.888/0001-42;2024-07-01;DI de um dia;107,20% do DI1;;199716129.28;379395.52548166;0.1899673936448825;10;1;INTER CORPORATE FUNDO DE INVESTIMENTO RENDA FIXA CREDITO PRIVADO;36.443.522/0001-05;379395.52548166;Governo do Estado do Paraná/PR;258318.841120165
Dois fundos e Um fundo;BANCO DAYCOVAL S.A.;62.232.889/0001-90;2024-10-25;DI de um dia;100% do DI1 + 0,8100%;;20724240;378228.7554215983;1.825054889451186;30;2;MAG CASH FUNDO DE  INVESTIMENTO RENDA FIXA LONGO PRAZO;44.211.851/0001-59;147424.8342778447;Cabo de Santo Agostinho/PE;101387.6496611163
Um fundo;BANCO XP S.A;33.264.668/0001-03;2025-09-08;DI de um dia;100% do DI1 + 1,0900%;;84640817.13;377842.4037638375;0.4464068478728278;11;2;INTER CORPORATE FUNDO DE INVESTIMENTO RENDA FIXA CREDITO PRIVADO;36.443.522/0001-05;377007.9234811678;Governo do Estado do Paraná/PR;256693.1957437723
Um fundo;BANCO ABC BRASIL S.A.;28.195.667/0001-06;2025-09-05;DI de um dia;100% do DI1 + 1,0000%;;263054892.37;376460.6494073269;0.1431110617314868;7;2;Porto Seguro FI Referenciado DI Crédito Privado;18.719.154/0001-01;357149.1097803368;Governo do Estado do Amazonas/AM;313498.2575451851
Um fundo;BANCO BRADESCO S.A.;60.746.948/0001-12;2025-06-24;DI de um dia;100% do DI1 + 0,6595%;;2108842701.160001;375931.5451858343;0.01782643840524699;4;1;VINCI INSTITUCIONAL FUNDO DE INVESTIMENTO EM RENDA FIXA REFERENCIADO DI;51.415.957/0001-30;375931.5451858343;Joinville/SC;319118.0297225396
Dois fundos e Um fundo;PARANA BANCO S.A.;14.388.334/0001-99;2025-08-14;DI de um dia;100% do DI1 + 1,3500%;;529981789.19;375893.7925893915;0.07092579410396165;18;4;INTER CORPORATE FUNDO DE INVESTIMENTO RENDA FIXA CREDITO PRIVADO;36.443.522/0001-05;310165.2863903811;Governo do Estado do Paraná/PR;211182.0829577506
Dois fundos;BANCO ABC BRASIL S.A.;28.195.667/0001-06;2024-08-05;DI de um dia;120% do DI1;;22261194.53;375597.1135860588;1.687228028486478;36;1;SAFRA EXTRA BANCOS FUNDO DE INVESTIMENTO EM COTAS DE FUNDO DE INVESTIMENTO RENDA FIXA CREDITO PRIVADO;20.441.483/0001-77;375597.1135860588;Governo do Estado do Paraná/PR;92586.2067888864
Dois fundos;BANCO VOTORANTIM S/A;59.588.111/0001-03;2024-07-01;DI de um dia;100% do DI1 + 1,2900%;;24047688.92;375307.6923851385;1.560680918793;64;1;Sicredi Executive;21.170.347/0001-52;372015.2971870722;Pelotas/RS;45854.64876678473
Dois fundos;BANCO DAYCOVAL S.A.;62.232.889/0001-90;2025-07-28;DI de um dia;100% do DI1 + 0,7854%;;344795888.2399999;373542.116550187;0.1083371725970751;8;1;BB ESPELHO SULAMERICA CREDITO ASG FIC DE FIF RENDA FIXA CREDITO PRIVADO IS RESPONSABILIDADE LIMITADA;51.681.664/0001-02;373542.116550187;Aracaju/SE;200483.7601615256
Dois fundos;BANCO XP S.A;33.264.668/0001-03;2024-10-14;OUTROS;100% do OUT + 5,6200%;;12659485.86;373318.5663604639;2.948923601550308;29;2;PORTO SEGURO IMA-B5 FUNDO DE INVESTIMENTO EM COTAS DE FUNDOS DE INVESTIMENTO RENDA FIXA LONGO PRAZO;24.011.864/0001-77;369460.8940904711;Campinas/SP;207960.4010355934
Um fundo;BANRISUL S/A;92.702.067/0001-96;2027-09-16;DI de um dia;100% do DI1 + 2,1858%;;127213717.62;373239.8721151702;0.2933959317422627;20;1;SOMMA TORINO FUNDO DE INVESTIMENTO RENDA FIXA CREDITO PRIVADO;28.206.220/0001-95;373239.8721151702;Itatiaia/RJ;56804.4086782579
Um fundo;BANCO DO BRASIL;00.000.000/0001-91;2050-10-25;DI de um dia;100% do DI1 + 2,2500%;;38571296.33000001;372115.2504917719;0.9647465496313843;3;1;Porto Seguro FI Referenciado DI Crédito Privado;18.719.154/0001-01;372115.2504917719;Governo do Estado do Amazonas/AM;326635.2328496921
Dois fundos e Um fundo;BANRISUL S/A;92.702.067/0001-96;2027-09-16;DI de um dia;100% do DI1 + 3,5000%;;127213717.62;371115.6638581724;0.2917261367730259;25;2;BTG FIC Corporativo I Crédito Privado;14.171.644/0001-57;215431.2775491595;Manaus/AM;78441.1022240077
Dois fundos;BANCO BRADESCO S.A.;60.746.948/0001-12;2025-11-04;DI de um dia;100% do DI1 + 0,7500%;;4885559.29;370554.2316708822;7.584683956847083;36;1;SAFRA EXTRA BANCOS FUNDO DE INVESTIMENTO EM COTAS DE FUNDO DE INVESTIMENTO RENDA FIXA CREDITO PRIVADO;20.441.483/0001-77;370554.2316708822;Governo do Estado do Paraná/PR;91343.11601176971
Dois fundos;BANCO PAN S.A.;59.285.411/0001-13;2025-08-11;DI de um dia;100% do DI1 + 1,2500%;;283699151.6999999;369636.0995261261;0.1302915772962906;64;1;Sicredi Executive;21.170.347/0001-52;366393.4585043618;Pelotas/RS;45161.70027738544
Direta;;;;;;LETRA FINANCEIRA 6,44%;;369090.43;;1;;;;;Rolândia/PR;369090.43
Direta;;;;;;LETRA FINANCEIRA 6,43%;;369059.01;;1;;;;;Rolândia/PR;369059.01
Um fundo;ITAU UNIBANCO S.A.;60.701.190/0001-04;2026-05-04;DI de um dia;100% do DI1 + 0,5900%;;2275983495.279998;368093.4586382026;0.01617294059476115;4;1;VINCI INSTITUCIONAL FUNDO DE INVESTIMENTO EM RENDA FIXA REFERENCIADO DI;51.415.957/0001-30;368093.4586382026;Joinville/SC;312464.4919497556
Dois fundos e Um fundo;BANCO BOCOM BBM S.A.;15.114.366/0001-69;2025-12-01;DI de um dia;100% do DI1 + 0,7530%;;5289318.97;365855.9474546277;6.916881918630589;28;1;MAG CASH FUNDO DE  INVESTIMENTO RENDA FIXA LONGO PRAZO;44.211.851/0001-59;156848.9179457283;Cabo de Santo Agostinho/PE;107868.8215612025
Dois fundos;BANCO DAYCOVAL S.A.;62.232.889/0001-90;2024-10-20;DI de um dia;100% do DI1 + 1,2404%;;584188592.9600003;364040.7669671518;0.06231562398755668;64;1;Sicredi Executive;21.170.347/0001-52;360847.2111264869;Pelotas/RS;44478.06918100539
Dois fundos e Um fundo;BANCO BTG PACTUAL S A;30.306.294/0001-45;2026-01-12;DI de um dia;100% do DI1 + 0,8700%;;75971759.51;363992.4923535618;0.479115522269364;7;2;Porto Seguro FI Referenciado DI Crédito Privado;18.719.154/0001-01;311854.8874978548;Governo do Estado do Amazonas/AM;273739.9062751628
Um fundo;NU FINANCEIRA S.A.;30.680.829/0001-43;2026-03-12;DI de um dia;100% do DI1 + 1,1800%;;26706683.86;363802.6570006791;1.362215761821203;3;1;Porto Seguro FI Referenciado DI Crédito Privado;18.719.154/0001-01;363802.6570006791;Governo do Estado do Amazonas/AM;319338.6065841477
Dois fundos e Um fundo;BANCO JOHN DEERE S.A.;91.884.981/0001-32;2025-09-08;DI de um dia;100% do DI1 + 1,1000%;;20966808.18;363647.7433261817;1.734397244464998;7;2;PORTO SEGURO CLASSICO RENDA FIXA FUNDO DE INVESTIMENTO EM COTAS DE FUNDOS DE INVESTIMENTO LONGO PRAZO;02.603.461/0001-84;194167.1757183351;São José dos Campos/SP;158843.5033768949
Um fundo;BANCO C6 S.A.;31.872.495/0001-72;2024-07-22;DI de um dia;100% do DI1 + 1,7900%;;388966786.0100001;363427.4989432946;0.09343406995525608;20;1;SOMMA TORINO FUNDO DE INVESTIMENTO RENDA FIXA CREDITO PRIVADO;28.206.220/0001-95;363427.4989432946;Itatiaia/RJ;55311.03646001108
Dois fundos;BANCO VOTORANTIM S/A;59.588.111/0001-03;2025-01-13;DI de um dia;100% do DI1 + 1,0000%;;166523494.51;362053.6713383205;0.2174189728624621;36;1;SAFRA EXTRA BANCOS FUNDO DE INVESTIMENTO EM COTAS DE FUNDO DE INVESTIMENTO RENDA FIXA CREDITO PRIVADO;20.441.483/0001-77;362053.6713383205;Governo do Estado do Paraná/PR;89247.69352766789
Um fundo;BANCO AGIPLAN S.A.;10.664.513/0001-50;2025-10-09;DI de um dia;100% do DI1 + 2,3000%;;394272895.4100001;361517.2320828578;0.09169213412626805;18;1;CLARITAS FUNDO DE INVESTIMENTOS RENDA FIXA CREDITO PRIVADO LONGO PRAZO;11.447.136/0001-60;361517.2320828578;Porto Feliz/SP;57705.35699982774
Dois fundos e Um fundo;BANCO ALFA DE INVESTIMENTOS S/A;60.770.336/0001-65;2026-02-06;DI de um dia;100% do DI1 + 0,4690%;;15497436.75;358718.5684825068;2.314696128587244;28;1;MAG CASH FUNDO DE  INVESTIMENTO RENDA FIXA LONGO PRAZO;44.211.851/0001-59;153788.9972951707;Cabo de Santo Agostinho/PE;105764.4395930677
Dois fundos e Um fundo;BANCO ALFA DE INVESTIMENTOS S/A;60.770.336/0001-65;2026-02-23;DI de um dia;100% do DI1 + 0,5500%;;6717899.78;356780.4865281224;5.310893258489819;28;1;MAG CASH FUNDO DE  INVESTIMENTO RENDA FIXA LONGO PRAZO;44.211.851/0001-59;152958.1072698745;Cabo de Santo Agostinho/PE;105193.0162829836
Dois fundos e Um fundo;BANCO ABC BRASIL S.A.;28.195.667/0001-06;2025-09-01;DI de um dia;100% do DI1 + 1,0000%;;40751717.37;356469.5586333018;0.874735058149285;8;3;PORTO MASTER REFERENCIADO DI BANCARIO FIF RENDA FIXA CREDITO PRIVADO RESP LIMITADA;51.854.591/0001-03;249665.0926435383;Itu/SP;130843.559764058
Um fundo;BANCO BTG PACTUAL S A;30.306.294/0001-45;2024-12-05;DI de um dia;100% do DI1 + 1,0000%;;24256955.2;356280.9389792292;1.468778484528137;5;2;BTG PACTUAL CAPITAL MARKETS FUNDO DE INVESTIMENTO RENDA FIXA;04.501.865/0001-92;354893.1042159977;Niterói/RJ;251028.9819671945
Dois fundos e Um fundo;BANCO BRADESCO S.A.;60.746.948/0001-12;2050-06-10;DI de um dia;100% do DI1 + 3,6000%;;53046794.88;356120.0258837184;0.6713318433080011;11;3;Porto Seguro FI Referenciado DI Crédito Privado;18.719.154/0001-01;320141.1946366994;Governo do Estado do Amazonas/AM;281013.4589129104
Um fundo;BANCO GMAC S/A;59.274.605/0001-13;2026-09-28;DI de um dia;100% do DI1 + 0,6300%;;115120517.96;355595.5588969035;0.3088898184252953;20;1;SOMMA TORINO FUNDO DE INVESTIMENTO RENDA FIXA CREDITO PRIVADO;28.206.220/0001-95;355595.5588969035;Itatiaia/RJ;54119.07183785638
Um fundo;BANCO ABC BRASIL S.A.;28.195.667/0001-06;2025-05-26;DI de um dia;117% do DI1;;139378206.18;354322.0786408499;0.254216271217654;25;1;DAYCOVAL CLASSIC FUNDO DE INVESTIMENTO RENDA FIXA CREDITO PRIVADO;10.783.480/0001-68;354322.0786408499;Governo do Estado do Amazonas/AM;187495.4054749521
Dois fundos;BANCO BRADESCO S.A.;60.746.948/0001-12;2025-06-23;DI de um dia;100% do DI1 + 1,2000%;;134331787.62;351929.2084560555;0.2619850555786533;24;1;CAIXA TOP PRIVATE FIC DE CLASSE DE FIF RENDA FIXA REFERENCIADO DI LONGO PRAZO - RESP LIMITADA;19.769.018/0001-80;345520.3826557064;Angra dos Reis/RJ;65297.37557787145
Dois fundos;BANCO SAFRA S.A.;58.160.789/0001-28;2024-10-21;DI de um dia;100% do DI1 + 1,0500%;;62835323.88;351550.237605547;0.5594786752065151;64;1;Sicredi Executive;21.170.347/0001-52;348466.2552154824;Pelotas/RS;42951.99111650397
Um fundo;BANCO BRADESCO S.A.;60.746.948/0001-12;2026-06-25;DI de um dia;100% do DI1 + 3,6000%;;160330135.5100001;351476.0577736927;0.2192202087621704;19;1;MAG CASH FUNDO DE INVESTIMENTO RENDA FIXA LONGO PRAZO;17.899.612/0001-60;351476.0577736927;Governo do Estado do Paraná/PR;118480.5053034752
Dois fundos;BANCO RODOBENS;33.603.457/0001-40;2025-09-22;DI de um dia;100% do DI1 + 1,8000%;;47112709.83000001;351330.2413043439;0.7457228475544555;52;1;BB RENDA FIXA LONGO PRAZO CORPORATE BANCOS FUNDO DE INVESTIMENTO EM COTAS DE FIF RESP LIMITADA;18.060.364/0001-22;351330.2413043439;Governo do Estado de São Paulo/SP;71249.19053917482
Dois fundos e Um fundo;BANCO BRADESCO S.A.;60.746.948/0001-12;2027-09-17;DI de um dia;100% do DI1 + 0,5100%;;6778743623.540005;350815.2864790087;0.00517522576397137;31;2;MAG CASH FUNDO DE  INVESTIMENTO RENDA FIXA LONGO PRAZO;44.211.851/0001-59;128921.5129955304;Cabo de Santo Agostinho/PE;88662.46489202419
Dois fundos;BANCO BRADESCO S.A.;60.746.948/0001-12;2025-04-29;DI de um dia;100% do DI1 + 0,7599%;;59018637.64;349247.2686809424;0.5917575915785617;64;1;Sicredi Executive;21.170.347/0001-52;346183.4891377219;Pelotas/RS;42670.61710445681
Dois fundos;BANCO MODAL S.A. - Pict Modal;30.723.886/0001-62;2024-06-19;DI de um dia;100% do DI1 + 1,7000%;;130117414.6;347206.6224922924;0.2668410093757676;94;2;Itaú High Grade FIC Renda Fixa Crédito Privado;09.093.883/0001-04;330847.4202965615;Santos/SP;41962.46469665082
Um fundo;BANCO BTG PACTUAL S A;30.306.294/0001-45;2024-08-16;Taxa Selic;126% do SEL;;43245868.4;343162.2909827828;0.7935146262036511;25;1;DAYCOVAL CLASSIC FUNDO DE INVESTIMENTO RENDA FIXA CREDITO PRIVADO;10.783.480/0001-68;343162.2909827828;Governo do Estado do Amazonas/AM;181590.0187150021
Dois fundos;BANCO ABC BRASIL S.A.;28.195.667/0001-06;2050-10-17;Taxa Selic;122% do SEL;;37462151.95;341568.0430039142;0.9117683454484901;11;1;SPX SEAHAWK ADVISORY FUNDO DE INVESTIMENTO EM COTAS DE FUNDOS DE INVESTIMENTO RENDA FIXA CREDITO PRIVADO LONGO PRAZO;35.648.999/0001-64;341568.0430039142;São José dos Campos/SP;174562.1769305614
Dois fundos;BANCO SAFRA S.A.;58.160.789/0001-28;2025-10-22;Índice de Preços ao Consumidor Amplo (IPCA/IBGE);100% do IAP + 6,6000%;;10727468.8;339337.3556727775;3.163256514647494;3;1;PORTO SEGURO IMA-B5 FUNDO DE INVESTIMENTO EM COTAS DE FUNDOS DE INVESTIMENTO RENDA FIXA LONGO PRAZO;24.011.864/0001-77;339337.3556727775;Campinas/SP;191004.6061729829
Um fundo;BANCO BRADESCO S.A.;60.746.948/0001-12;2026-11-09;DI de um dia;100% do DI1 + 2,2500%;;178695589.2500001;336366.0217979029;0.1882340930795542;22;2;INTEGRAL FUNDO DE INVESTIMENTO FINANCEIRO RENDA FIXA;15.174.629/0001-25;206276.9354197456;Louveira/SP;100457.4868763926
Dois fundos;ITAU UNIBANCO HOLDING SA;60.872.504/0001-23;2030-11-18;DI de um dia;100% do DI1 + 2,0000%;;371181492.67;334396.7743539831;0.09008982962716829;94;2;Itaú High Grade FIC Renda Fixa Crédito Privado;09.093.883/0001-04;258094.3844593589;Santos/SP;32734.95826738421
Um fundo;BANCO VOTORANTIM S/A;59.588.111/0001-03;2025-09-04;DI de um dia;100% do DI1 + 1,0000%;;25779481.19;332516.0101232618;1.289847563930986;10;1;INTER CORPORATE FUNDO DE INVESTIMENTO RENDA FIXA CREDITO PRIVADO;36.443.522/0001-05;332516.0101232618;Governo do Estado do Paraná/PR;226400.0090140605
Dois fundos;BANCO SAFRA S.A.;58.160.789/0001-28;2026-06-30;DI de um dia;100% do DI1 + 1,3295%;;145360100.78;332225.7328999621;0.2285535928478613;4;1;BRADESCO FUNDO DE INVESTIMENTO RENDA FIXA - 1824;44.315.854/0001-32;332225.7328999621;Recife/PE;279474.8792415314
Um fundo;BANCO SAFRA S.A.;58.160.789/0001-28;2025-08-11;DI de um dia;111% do DI1;;568061110.4199998;329909.8478842808;0.05807647132196036;25;1;DAYCOVAL CLASSIC FUNDO DE INVESTIMENTO RENDA FIXA CREDITO PRIVADO;10.783.480/0001-68;329909.8478842808;Governo do Estado do Amazonas/AM;174577.2686153787
Dois fundos e Um fundo;BANCO BRADESCO S.A.;60.746.948/0001-12;2026-06-25;DI de um dia;100% do DI1 + 2,5158%;;160330135.5100001;329199.6806440311;0.2053261413376018;28;1;MAG CASH FUNDO DE  INVESTIMENTO RENDA FIXA LONGO PRAZO;44.211.851/0001-59;141133.7277863966;Cabo de Santo Agostinho/PE;97061.1024815983
Dois fundos e Um fundo;BANCO BRADESCO S.A.;60.746.948/0001-12;2050-11-16;DI de um dia;100% do DI1 + 3,1200%;;16943499.02;327535.2907690848;1.933103017165842;9;4;PORTO SEGURO CLASSICO RENDA FIXA FUNDO DE INVESTIMENTO EM COTAS DE FUNDOS DE INVESTIMENTO LONGO PRAZO;02.603.461/0001-84;191275.594434114;São José dos Campos/SP;197636.3517411158
Um fundo;HAITONG BANCO DE INVESTIMENTO DO BRASIL SA;34.111.187/0001-12;2025-08-15;DI de um dia;100% do DI1 + 1,9000%;;66550238.63;323649.0567404478;0.4863229094336423;18;1;CLARITAS FUNDO DE INVESTIMENTOS RENDA FIXA CREDITO PRIVADO LONGO PRAZO;11.447.136/0001-60;323649.0567404478;Porto Feliz/SP;51660.84132217668
Um fundo;BANCO SAFRA S.A.;58.160.789/0001-28;2024-10-07;DI de um dia;100% do DI1 + 0,6486%;;4921263.99;323359.6666775649;6.570662889343697;4;1;VINCI INSTITUCIONAL FUNDO DE INVESTIMENTO EM RENDA FIXA REFERENCIADO DI;51.415.957/0001-30;323359.6666775649;Joinville/SC;274491.1967174017
Dois fundos;BANCO ABC BRASIL S.A.;28.195.667/0001-06;2029-07-14;Taxa Selic;127% do SEL + 127,0000%;;27161613.21;322704.3848796962;1.188089906091761;11;2;BUTIA TOP CREDITO PRIVADO FUNDO DE INVESTIMENTO EM COTAS DE FUNDOS DE INVESTIMENTO RENDA FIXA;22.344.843/0001-48;207450.4342525917;Campinas/SP;179425.3183051742
Dois fundos e Um fundo;BANCO JOHN DEERE S.A.;91.884.981/0001-32;2025-11-07;DI de um dia;100% do DI1 + 1,1000%;;22091365.61;320810.5909654322;1.452199002221086;42;3;SAFRA EXTRA BANCOS FUNDO DE INVESTIMENTO EM COTAS DE FUNDO DE INVESTIMENTO RENDA FIXA CREDITO PRIVADO;20.441.483/0001-77;158471.9875588274;Governo do Estado do Amazonas/AM;161150.3632448766
Dois fundos e Um fundo;BANCO DAYCOVAL S.A.;62.232.889/0001-90;2026-02-05;DI de um dia;100% do DI1 + 2,2500%;;50301187.76000001;319995.6145837153;0.6361591621066629;9;3;NU RENDA FIXA INSTITUCIONAL REFERENCIADO DI FI EM COTAS DE FUNDO DE INVESTIMENTO RENDA FIXA;51.781.137/0001-61;160107.1245379378;Governo do Estado do Amazonas/AM;130327.2053832784
Um fundo;ITAU UNIBANCO S.A.;60.701.190/0001-04;2026-05-04;DI de um dia;100% do DI1 + 0,5775%;;2275983495.279998;315508.680565781;0.01386252058593976;4;1;VINCI INSTITUCIONAL FUNDO DE INVESTIMENTO EM RENDA FIXA REFERENCIADO DI;51.415.957/0001-30;315508.680565781;Joinville/SC;267826.7088566318
Dois fundos;BANCO BRADESCO S.A.;60.746.948/0001-12;2031-06-30;DI de um dia;100% do DI1 + 2,2500%;;68557742.71;313082.4007568547;0.4566696457338112;4;1;PORTO SEGURO CLASSICO RENDA FIXA FUNDO DE INVESTIMENTO EM COTAS DE FUNDOS DE INVESTIMENTO LONGO PRAZO;02.603.461/0001-84;313082.4007568547;São José dos Campos/SP;256125.1931377385
Um fundo;PORTOSEG SA CRE;04.862.600/0001-10;2024-07-01;DI de um dia;100% do DI1 + 1,1500%;;13775476.28;310615.6324793439;2.254844959011057;10;1;INTER CORPORATE FUNDO DE INVESTIMENTO RENDA FIXA CREDITO PRIVADO;36.443.522/0001-05;310615.6324793439;Governo do Estado do Paraná/PR;211488.7098734376
Um fundo;BANCO SAFRA S.A.;58.160.789/0001-28;2025-12-12;DI de um dia;110% do DI1;;11375107.05;310508.6211352659;2.729720430501495;25;1;DAYCOVAL CLASSIC FUNDO DE INVESTIMENTO RENDA FIXA CREDITO PRIVADO;10.783.480/0001-68;310508.6211352659;Governo do Estado do Amazonas/AM;164310.7876498919
Dois fundos;BANCO SAFRA S.A.;58.160.789/0001-28;2024-08-26;DI de um dia;100% do DI1 + 0,9400%;;1000029691.78;309298.4744078566;0.03092892910582701;64;1;Sicredi Executive;21.170.347/0001-52;306585.146563607;Pelotas/RS;37789.72079666395
Dois fundos e Um fundo;BANCO ALFA DE INVESTIMENTOS S/A;60.770.336/0001-65;2025-06-23;DI de um dia;100% do DI1 + 1,1000%;;56597300.86000001;309289.9195630404;0.5464746814129968;65;2;Sicredi Executive;21.170.347/0001-52;306241.0349520775;Pelotas/RS;37747.30555943427
Dois fundos e Um fundo;Banco Volkswagen S/A;59.109.165/0001-49;2025-12-15;DI de um dia;100% do DI1 + 0,8534%;;265937264.69;309289.2532456491;0.1163015847388609;30;2;MAG CASH FUNDO DE  INVESTIMENTO RENDA FIXA LONGO PRAZO;44.211.851/0001-59;115644.1240106256;Cabo de Santo Agostinho/PE;79531.28106258305
Dois fundos e Um fundo;ITAU UNIBANCO HOLDING SA;60.872.504/0001-23;2030-11-13;DI de um dia;100% do DI1 + 2,0000%;;53440545.14;309011.5703123799;0.5782343153552267;9;3;Porto Seguro FI Referenciado DI Crédito Privado;18.719.154/0001-01;277414.6818838175;Governo do Estado do Amazonas/AM;243508.9910808362
Dois fundos e Um fundo;ITAU UNIBANCO S.A.;60.701.190/0001-04;2026-07-01;DI de um dia;100% do DI1 + 0,7749%;;3127945706.33;308686.8480866965;0.00986867666730945;30;2;MAG CASH FUNDO DE  INVESTIMENTO RENDA FIXA LONGO PRAZO;44.211.851/0001-59;93377.5699361285;Tatuí/SP;77359.43784064011
Um fundo;BANCO BRADESCO S.A.;60.746.948/0001-12;2050-07-02;DI de um dia;100% do DI1 + 3,6000%;;26325550.22;307402.326271354;1.167695731722313;3;1;Porto Seguro FI Referenciado DI Crédito Privado;18.719.154/0001-01;307402.326271354;Governo do Estado do Amazonas/AM;269831.538179328
Um fundo;BANCO BTG PACTUAL S A;30.306.294/0001-45;2026-12-18;DI de um dia;100% do DI1 + 0,9500%;;5294938.15;307125.3628624194;5.800357892044865;25;1;DAYCOVAL CLASSIC FUNDO DE INVESTIMENTO RENDA FIXA CREDITO PRIVADO;10.783.480/0001-68;307125.3628624194;Governo do Estado do Amazonas/AM;162520.4804126823
Um fundo;NU FINANCEIRA S.A.;30.680.829/0001-43;2025-08-18;DI de um dia;100% do DI1 + 1,4800%;;127883191.01;306259.6972948929;0.2394839344217994;10;1;INTER CORPORATE FUNDO DE INVESTIMENTO RENDA FIXA CREDITO PRIVADO;36.443.522/0001-05;306259.6972948929;Governo do Estado do Paraná/PR;208522.8864694493
Um fundo;BANCO DAYCOVAL S.A.;62.232.889/0001-90;2025-12-12;DI de um dia;100% do DI1 + 0,8534%;;54995855.59999999;305328.7499124685;0.5551850163641576;3;1;MAG HIGH GRADE FUNDO DE INVESTIMENTO RENDA FIXA CREDITO PRIVADO LONGO PRAZO;50.223.269/0001-05;305328.7499124685;Tatuí/SP;259903.3031600749
Dois fundos;BANCO DO BRASIL;00.000.000/0001-91;2049-08-10;DI de um dia;100% do DI1 + 2,7500%;;21163251.7;305250.4445353863;1.442360790593377;173;3;BB RENDA FIXA LONGO PRAZO CORPORATE BANCOS FUNDO DE INVESTIMENTO EM COTAS DE FIF RESP LIMITADA;18.060.364/0001-22;302618.098742781;Governo do Estado de São Paulo/SP;61370.44877742108
Um fundo;BANCO ABC BRASIL S.A.;28.195.667/0001-06;2025-01-20;DI de um dia;117% do DI1;;10117915.91;302377.5268927849;2.988535678517859;25;1;DAYCOVAL CLASSIC FUNDO DE INVESTIMENTO RENDA FIXA CREDITO PRIVADO;10.783.480/0001-68;302377.5268927849;Governo do Estado do Amazonas/AM;160008.0842513426
Dois fundos e Um fundo;BANCO PAN S.A.;59.285.411/0001-13;2025-08-11;DI de um dia;100% do DI1 + 1,2400%;;283699151.6999999;301696.7393839745;0.1063438990127846;10;3;DAYCOVAL CLASSIC TITULOS BANCARIOS FUNDO DE INVESTIMENTO RENDA FIXA CREDITO PRIVADO;50.235.197/0001-16;292580.9514334335;Mairiporã/SP;112797.9846236179
Dois fundos e Um fundo;BANCO ABC BRASIL S.A.;28.195.667/0001-06;2050-04-18;DI de um dia;100% do DI1 + 2,6000%;;154316090.34;301675.9340643951;0.1954922091401627;15;4;NU RENDA FIXA INSTITUCIONAL REFERENCIADO DI FI EM COTAS DE FUNDO DE INVESTIMENTO RENDA FIXA;51.781.137/0001-61;164893.4186006529;São José dos Campos/SP;116618.9441477285
Um fundo;BANCO BTG PACTUAL S A;30.306.294/0001-45;2027-02-10;DI de um dia;100% do DI1 + 0,9000%;;13496057.88;301388.4168029934;2.233158893380453;25;1;DAYCOVAL CLASSIC FUNDO DE INVESTIMENTO RENDA FIXA CREDITO PRIVADO;10.783.480/0001-68;301388.4168029934;Governo do Estado do Amazonas/AM;159484.6802397828
Dois fundos;BANCO BRADESCO S.A.;60.746.948/0001-12;2027-09-17;DI de um dia;100% do DI1 + 0,8527%;;6778743623.540005;299031.2656640951;0.004411308087027705;23;1;BRA1 FUNDO DE INVESTIMENTO RENDA FIXA;10.883.252/0001-60;274293.4621456477;Uberlândia/MG;75361.40083981959
Dois fundos;INDUSTRIAL BRAS;31.895.683/0001-16;2025-09-08;DI de um dia;100% do DI1 + 1,8000%;;195960416.8600001;297838.6658827509;0.151989197948857;173;3;BB PREVIDENCIARIO MULTIMERCADO FUNDO DE INVESTIMENTO LONGO PRAZO;10.418.362/0001-50;180430.8763111258;Marabá/PA;20962.50004425637
Dois fundos;BANCO VOTORANTIM S/A;59.588.111/0001-03;2025-09-15;DI de um dia;100% do DI1 + 1,0000%;;102308759.54;290913.3477958149;0.2843484263750413;64;1;Sicredi Executive;21.170.347/0001-52;288361.303889522;Pelotas/RS;35543.4478306867
Um fundo;BANCO BRADESCO S.A.;60.746.948/0001-12;2025-06-24;DI de um dia;100% do DI1 + 0,4498%;;2108842701.160001;289178.1104371801;0.01371264486811241;4;1;VINCI INSTITUCIONAL FUNDO DE INVESTIMENTO EM RENDA FIXA REFERENCIADO DI;51.415.957/0001-30;289178.1104371801;Joinville/SC;245475.406422683
Dois fundos;BANCO XP S.A;33.264.668/0001-03;2025-12-01;DI de um dia;100% do DI1 + 1,3042%;;665511423.4200001;288760.9426714;0.04338932924509168;23;1;BRA1 FUNDO DE INVESTIMENTO RENDA FIXA;10.883.252/0001-60;264872.7668054326;Uberlândia/MG;72773.08979452463
Dois fundos e Um fundo;BANCO ALFA DE INVESTIMENTOS S/A;60.770.336/0001-65;2026-05-28;DI de um dia;100% do DI1 + 0,4500%;;6505424.04;288605.8906632013;4.436388602628297;30;2;MAG HIGH GRADE FUNDO DE INVESTIMENTO RENDA FIXA CREDITO PRIVADO LONGO PRAZO;50.223.269/0001-05;115539.5447819147;Tatuí/SP;98350.08771050796
Dois fundos e Um fundo;BANCO BRADESCO S.A.;60.746.948/0001-12;2027-04-05;DI de um dia;100% do DI1 + 2,2500%;;671270165.7899998;287353.2314742284;0.04280738905415975;19;2;MAG CASH FUNDO DE INVESTIMENTO RENDA FIXA LONGO PRAZO;17.899.612/0001-60;287353.2314742284;Governo do Estado do Paraná/PR;96865.07889414858
Um fundo;MERCADO CREDITO SOCIEDADE DE CREDITO FINANCIAMENTO E INVESTIMENTO SA;37.679.449/0001-38;2026-04-02;DI de um dia;100% do DI1 + 0,9500%;;25459672.05;287104.5892920801;1.127683768778476;3;1;Porto Seguro FI Referenciado DI Crédito Privado;18.719.154/0001-01;287104.5892920801;Governo do Estado do Amazonas/AM;252014.595617084
Dois fundos;Banco Volkswagen S/A;59.109.165/0001-49;2026-08-10;DI de um dia;100% do DI1 + 1,2500%;;64238215.12999999;286311.2279163261;0.4457023398562883;94;2;Itaú High Grade FIC Renda Fixa Crédito Privado;09.093.883/0001-04;283583.2923972342;Santos/SP;35967.80015728179
Um fundo;BANCO BRADESCO S.A.;60.746.948/0001-12;2027-07-29;DI de um dia;100% do DI1 + 2,2500%;;81213689.92;285839.1900141906;0.3519593682983227;9;1;SULAMERICA CREDITO INSTITUCIONAL ESG FIF RF CRED PRIV LONGO PRAZO IS - RESP LIMITADA;34.525.051/0001-59;285839.1900141906;Governo do Estado do Paraná/PR;125005.8750266517
Dois fundos;BANCO VOTORANTIM S/A;59.588.111/0001-03;2024-12-02;DI de um dia;100% do DI1 + 1,0000%;;73927407.63000001;285181.4333162662;0.3857587361152626;36;1;SAFRA EXTRA BANCOS FUNDO DE INVESTIMENTO EM COTAS DE FUNDO DE INVESTIMENTO RENDA FIXA CREDITO PRIVADO;20.441.483/0001-77;285181.4333162662;Governo do Estado do Paraná/PR;70298.3761117777
Dois fundos e Um fundo;BANCO GMAC S/A;59.274.605/0001-13;2026-09-28;DI de um dia;100% do DI1 + 0,9707%;;115120517.96;283988.5873006329;0.2466880729283273;28;1;MAG CASH FUNDO DE  INVESTIMENTO RENDA FIXA LONGO PRAZO;44.211.851/0001-59;121750.9321276359;Cabo de Santo Agostinho/PE;83731.08176066764
Um fundo;BANCO RODOBENS;33.603.457/0001-40;2025-10-24;DI de um dia;100% do DI1 + 1,4000%;;5371587.63;283508.9901448433;5.277936611542225;6;1;DAYCOVAL CLASSIC TITULOS BANCARIOS FUNDO DE INVESTIMENTO RENDA FIXA CREDITO PRIVADO;50.235.197/0001-16;283508.9901448433;Mairiporã/SP;109300.494630086
Dois fundos;BANCO ABC BRASIL S.A.;28.195.667/0001-06;2050-10-17;Taxa Selic;121% do SEL;;37462151.95;283132.6458238715;0.7557831867260673;11;1;SPX SEAHAWK ADVISORY FUNDO DE INVESTIMENTO EM COTAS DE FUNDOS DE INVESTIMENTO RENDA FIXA CREDITO PRIVADO LONGO PRAZO;35.648.999/0001-64;283132.6458238715;São José dos Campos/SP;144698.1122134961
Dois fundos;BANCO DAYCOVAL S.A.;62.232.889/0001-90;2024-12-23;DI de um dia;100% do DI1 + 2,0000%;;40395343.42000001;283090.5945870865;0.7008000690666895;36;1;SAFRA EXTRA BANCOS FUNDO DE INVESTIMENTO EM COTAS DE FUNDO DE INVESTIMENTO RENDA FIXA CREDITO PRIVADO;20.441.483/0001-77;283090.5945870865;Governo do Estado do Paraná/PR;69782.97591316115
Um fundo;BANCO SAFRA S.A.;58.160.789/0001-28;2025-02-03;DI de um dia;100% do DI1 + 0,3898%;;1003346842.3;282132.2754910179;0.02811911729789055;4;1;VINCI INSTITUCIONAL FUNDO DE INVESTIMENTO EM RENDA FIXA REFERENCIADO DI;51.415.957/0001-30;282132.2754910179;Joinville/SC;239494.3894142326
Um fundo;BANCO VOTORANTIM S/A;59.588.111/0001-03;2024-07-04;DI de um dia;100% do DI1 + 1,0500%;;41901914.53;281875.7296159868;0.6727037004816943;7;2;DAYCOVAL CLASSIC TITULOS BANCARIOS FUNDO DE INVESTIMENTO RENDA FIXA CREDITO PRIVADO;50.235.197/0001-16;281032.0344368874;Mairiporã/SP;108345.5602418746
Um fundo;BANCO COOPERATIVO SICREDI S.A.;01.181.521/0001-55;2027-03-15;DI de um dia;100% do DI1 + 0,9500%;;5133933.35;281694.052030715;5.486905123743282;29;2;DAYCOVAL CLASSIC TITULOS BANCARIOS FUNDO DE INVESTIMENTO RENDA FIXA CREDITO PRIVADO;50.235.197/0001-16;162579.4487350957;Governo do Estado do Amazonas/AM;63031.46822961031
Um fundo;BANCO AGIPLAN S.A.;10.664.513/0001-50;2025-10-06;DI de um dia;100% do DI1 + 2,3000%;;54998896.01;280862.5841838648;0.5106694944073019;25;1;DAYCOVAL CLASSIC FUNDO DE INVESTIMENTO RENDA FIXA CREDITO PRIVADO;10.783.480/0001-68;280862.5841838648;Governo do Estado do Amazonas/AM;148623.0954229489
Dois fundos;BANCO VOTORANTIM S/A;59.588.111/0001-03;2024-08-09;DI de um dia;105% do DI1 + 0,3604%;;10714694.53;280784.3127053553;2.620553595057602;64;1;Sicredi Executive;21.170.347/0001-52;278321.1259878958;Pelotas/RS;34305.8943356658
Um fundo;BANCO SANTANDER;90.400.888/0001-42;2025-11-10;DI de um dia;105% do DI1 + 0,0901%;;894935027.6300001;280274.0427280202;0.03131780901125886;4;1;VINCI INSTITUCIONAL FUNDO DE INVESTIMENTO EM RENDA FIXA REFERENCIADO DI;51.415.957/0001-30;280274.0427280202;Joinville/SC;237916.9863319758
Dois fundos e Um fundo;BANCO SAFRA S.A.;58.160.789/0001-28;2024-11-04;DI de um dia;100% do DI1 + 1,0600%;;968140814.1999998;280272.2164359965;0.02894953010194006;67;2;Sicredi Executive;21.170.347/0001-52;248010.13455566;Pelotas/RS;30569.75800899407
Um fundo;NU FINANCEIRA S.A.;30.680.829/0001-43;2026-04-16;DI de um dia;100% do DI1 + 1,1300%;;13193210.43;278225.7572163141;2.108855601845457;29;2;DAYCOVAL CLASSIC FUNDO DE INVESTIMENTO RENDA FIXA CREDITO PRIVADO;10.783.480/0001-68;147074.4396655483;Governo do Estado do Amazonas/AM;77826.87944785086
Dois fundos;BANCO COOPERATIVO SICREDI S.A.;01.181.521/0001-55;2034-04-28;DI de um dia;100% do DI1 + 2,2000%;;15924132.22;278181.6230704852;1.746918571305892;3;2;NU RENDA FIXA INSTITUCIONAL REFERENCIADO DI FI EM COTAS DE FUNDO DE INVESTIMENTO RENDA FIXA;51.781.137/0001-61;278181.6230704852;Bento Gonçalves/RS;133174.3263867914
Um fundo;BANCO VOTORANTIM S/A;59.588.111/0001-03;2026-09-30;DI de um dia;100% do DI1 + 2,4000%;;13564885.66;276841.9214256497;2.040871765266687;9;1;SULAMERICA CREDITO INSTITUCIONAL ESG FIF RF CRED PRIV LONGO PRAZO IS - RESP LIMITADA;34.525.051/0001-59;276841.9214256497;Governo do Estado do Paraná/PR;121071.1051558564
Dois fundos e Um fundo;BANCO BRADESCO S.A.;60.746.948/0001-12;2025-01-27;DI de um dia;112,50% do DI1;;204172237.83;275992.8642944063;0.1351764898243444;51;2;DAYCOVAL CLASSIC FUNDO DE INVESTIMENTO RENDA FIXA CREDITO PRIVADO;10.783.480/0001-68;272650.607430794;Governo do Estado do Amazonas/AM;144277.5917022265
Dois fundos;BANCO SAFRA S.A.;58.160.789/0001-28;2025-02-03;DI de um dia;100% do DI1 + 0,8922%;;1003346842.3;274800.4103270711;0.02738837645585633;23;1;BRA1 FUNDO DE INVESTIMENTO RENDA FIXA;10.883.252/0001-60;252067.1401375385;Uberlândia/MG;69254.77784944512
Um fundo;BANCO ABC BRASIL S.A.;28.195.667/0001-06;2026-02-05;DI de um dia;100% do DI1 + 0,8000%;;51962217.2;274118.2842362025;0.5275338486445542;6;1;DAYCOVAL CLASSIC TITULOS BANCARIOS FUNDO DE INVESTIMENTO RENDA FIXA CREDITO PRIVADO;50.235.197/0001-16;274118.2842362025;Mairiporã/SP;105680.119839799
Dois fundos;XP INVE CCTVM;02.332.886/0001-04;2024-06-17;DI de um dia;100% do DI1 + 1,7000%;;3600267.61;273068.9198192318;7.584683956847081;36;1;SAFRA EXTRA BANCOS FUNDO DE INVESTIMENTO EM COTAS DE FUNDO DE INVESTIMENTO RENDA FIXA CREDITO PRIVADO;20.441.483/0001-77;273068.9198192318;Governo do Estado do Paraná/PR;67312.59257190324
Um fundo;BANCO DAYCOVAL S.A.;62.232.889/0001-90;2025-07-28;DI de um dia;100% do DI1 + 1,0020%;;344795888.2399999;271032.3542006189;0.07860660856023986;4;1;VINCI INSTITUCIONAL FUNDO DE INVESTIMENTO EM RENDA FIXA REFERENCIADO DI;51.415.957/0001-30;271032.3542006189;Joinville/SC;230071.9691421684
Dois fundos e Um fundo;BANCO PAN S.A.;59.285.411/0001-13;2026-03-25;DI de um dia;100% do DI1 + 0,9500%;;313483822.11;270104.8418736232;0.08616229062654618;8;3;BTG PACTUAL CAPITAL MARKETS FUNDO DE INVESTIMENTO RENDA FIXA;04.501.865/0001-92;247593.8771761323;Niterói/RJ;175132.2812150414
Um fundo;BANCO BTG PACTUAL S A;30.306.294/0001-45;2026-09-25;DI de um dia;100% do DI1 + 1,1028%;;133461082.28;270077.8268908655;0.2023644812981846;4;1;VINCI INSTITUCIONAL FUNDO DE INVESTIMENTO EM RENDA FIXA REFERENCIADO DI;51.415.957/0001-30;270077.8268908655;Joinville/SC;229261.6969574964
Dois fundos;BANCO COOPERATIVO SICREDI S.A.;01.181.521/0001-55;2026-08-17;DI de um dia;100% do DI1 + 1,5500%;;65201160.47;269548.4947968697;0.4134105786673734;88;1;Itaú High Grade FIC Renda Fixa Crédito Privado;09.093.883/0001-04;269548.4947968697;Santos/SP;34187.72069254836
Um fundo;Banco Volkswagen S/A;59.109.165/0001-49;2025-07-28;DI de um dia;100% do DI1 + 1,1500%;;103589514.49;268829.7849231163;0.2595144752310503;10;1;INTER CORPORATE FUNDO DE INVESTIMENTO RENDA FIXA CREDITO PRIVADO;36.443.522/0001-05;268829.7849231163;Governo do Estado do Paraná/PR;183038.0008086825
Um fundo;BANCO VOTORANTIM S/A;59.588.111/0001-03;2025-08-11;DI de um dia;100% do DI1 + 0,9920%;;145025592.63;268060.0924324393;0.1848364054724699;4;1;VINCI INSTITUCIONAL FUNDO DE INVESTIMENTO EM RENDA FIXA REFERENCIADO DI;51.415.957/0001-30;268060.0924324393;Joinville/SC;227548.8972387127
Um fundo;BANCO VOTORANTIM S/A;59.588.111/0001-03;2025-01-06;DI de um dia;100% do DI1 + 0,5885%;;99237473.17999999;266358.9432020605;0.2684056079490561;4;1;VINCI INSTITUCIONAL FUNDO DE INVESTIMENTO EM RENDA FIXA REFERENCIADO DI;51.415.957/0001-30;266358.9432020605;Joinville/SC;226104.8380805642
Dois fundos e Um fundo;PARANA BANCO S.A.;14.388.334/0001-99;2026-03-30;DI de um dia;100% do DI1 + 0,8500%;;20361992.16;265758.8560286357;1.305171193173839;11;3;Porto Seguro FI Referenciado DI Crédito Privado;18.719.154/0001-01;224996.4087480796;Governo do Estado do Amazonas/AM;197497.2922089323
Dois fundos e Um fundo;BANCO PAN S.A.;59.285.411/0001-13;2026-05-25;DI de um dia;100% do DI1 + 0,8000%;;320693366.91;264840.7865559307;0.08258380555474856;8;3;BTG PACTUAL CAPITAL MARKETS FUNDO DE INVESTIMENTO RENDA FIXA;04.501.865/0001-92;220485.2944318941;Niterói/RJ;155957.3808069516
Dois fundos;BANCO DAYCOVAL S.A.;62.232.889/0001-90;2025-02-28;DI de um dia;100% do DI1 + 0,8488%;;134699837.77;264639.2145733447;0.1964658747586736;64;1;Sicredi Executive;21.170.347/0001-52;262317.6610934678;Pelotas/RS;32333.3053928607
Dois fundos;BANCO DO BRASIL;00.000.000/0001-91;2028-09-06;DI de um dia;100% do DI1 + 2,2553%;;676436329.0999997;264276.1060771642;0.03906888123953725;4;1;BRADESCO FUNDO DE INVESTIMENTO RENDA FIXA - 1824;44.315.854/0001-32;264276.1060771642;Recife/PE;222314.3047578963
Dois fundos e Um fundo;BANCO COOPERATIVO SICREDI S.A.;01.181.521/0001-55;2025-03-31;DI de um dia;100% do DI1 + 1,4500%;;352459932.04;262215.8395027546;0.07439592863366842;16;4;BTG PACTUAL CAPITAL MARKETS FUNDO DE INVESTIMENTO RENDA FIXA;04.501.865/0001-92;203914.6719283653;Niterói/RJ;150958.2188823845
Dois fundos e Um fundo;BANCO SANTANDER;90.400.888/0001-42;2024-11-25;DI de um dia;100% do DI1 + 0,7000%;;393502733.38;261917.9676149074;0.06656064758817747;66;3;SAFRA CARTEIRA PREMIUM MULTIMERCADO;17.253.869/0001-40;220623.3100273075;Governo do Estado de Rondônia/RO;96960.86916803897
Dois fundos;BANCO BRADESCO S.A.;60.746.948/0001-12;2025-05-02;DI de um dia;100% do DI1 + 0,8000%;;68825637.62;261823.140956613;0.3804151330964639;64;1;Sicredi Executive;21.170.347/0001-52;259526.291546067;Pelotas/RS;31989.24085803594
Dois fundos;BANCO ABC BRASIL S.A.;28.195.667/0001-06;2025-10-20;DI de um dia;100% do DI1 + 0,9000%;;54616023.5;261811.1240874667;0.4793668731438616;88;1;Itaú High Grade FIC Renda Fixa Crédito Privado;09.093.883/0001-04;261811.1240874667;Santos/SP;33206.364558814
Dois fundos e Um fundo;BANCO DAYCOVAL S.A.;62.232.889/0001-90;2024-10-20;DI de um dia;100% do DI1 + 0,8100%;;584188592.9600003;261729.1946011753;0.04480217480369324;28;1;MAG CASH FUNDO DE  INVESTIMENTO RENDA FIXA LONGO PRAZO;44.211.851/0001-59;112207.9366308305;Cabo de Santo Agostinho/PE;77168.13129925332
Dois fundos;BANCO BRADESCO S.A.;60.746.948/0001-12;2024-11-04;DI de um dia;100% do DI1 + 0,7500%;;64669425.26;260922.1154458787;0.4034705958756478;64;1;Sicredi Executive;21.170.347/0001-52;258633.170301952;Pelotas/RS;31879.15462968804
Um fundo;BANCO SAFRA S.A.;58.160.789/0001-28;2025-03-24;DI de um dia;111% do DI1;;965161925.6399999;260433.0799843137;0.02698335616706184;3;1;Porto Seguro FI Referenciado DI Crédito Privado;18.719.154/0001-01;260433.0799843137;Governo do Estado do Amazonas/AM;228602.8847514804
Um fundo;BANCO BRADESCO S.A.;60.746.948/0001-12;2025-11-17;DI de um dia;100% do DI1 + 3,1200%;;493534283.44;259520.2973246304;0.05258404654601484;20;2;MAG CASH FUNDO DE INVESTIMENTO RENDA FIXA LONGO PRAZO;17.899.612/0001-60;259364.3851532936;Governo do Estado do Paraná/PR;87430.20393859512
Dois fundos e Um fundo;BANCO DAYCOVAL S.A.;62.232.889/0001-90;2026-11-23;DI de um dia;100% do DI1 + 1,0542%;;4605516.77;259296.830189821;5.630135403671996;28;1;MAG CASH FUNDO DE  INVESTIMENTO RENDA FIXA LONGO PRAZO;44.211.851/0001-59;111165.138970645;Cabo de Santo Agostinho/PE;76450.97394678813
Dois fundos e Um fundo;BANCO BRADESCO S.A.;60.746.948/0001-12;2026-06-02;DI de um dia;100% do DI1 + 0,5329%;;603932807.4300001;258718.1433256451;0.04283889534443487;30;2;MAG CASH FUNDO DE  INVESTIMENTO RENDA FIXA LONGO PRAZO;44.211.851/0001-59;78789.2572058519;Tatuí/SP;63790.13534560562
Dois fundos;BANCO DAYCOVAL S.A.;62.232.889/0001-90;2024-06-03;DI de um dia;100% do DI1 + 1,3200%;;242852927.98;258658.0682200809;0.1065081118731179;64;1;Sicredi Executive;21.170.347/0001-52;256388.9844815174;Pelotas/RS;31602.53602464268
Dois fundos e Um fundo;BANCO ABC BRASIL S.A.;28.195.667/0001-06;2026-11-24;DI de um dia;100% do DI1 + 0,9538%;;3738792.73;258607.8783164449;6.916881918630588;28;1;MAG CASH FUNDO DE  INVESTIMENTO RENDA FIXA LONGO PRAZO;44.211.851/0001-59;110869.7731125593;Cabo de Santo Agostinho/PE;76247.84365135219
Dois fundos e Um fundo;BANCO DAYCOVAL S.A.;62.232.889/0001-90;2025-11-21;DI de um dia;100% do DI1 + 0,8534%;;3729892.03;257992.2274075134;6.916881918630588;28;1;MAG CASH FUNDO DE  INVESTIMENTO RENDA FIXA LONGO PRAZO;44.211.851/0001-59;110605.8326748814;Cabo de Santo Agostinho/PE;76066.325383024
Um fundo;BANCO ABC BRASIL S.A.;28.195.667/0001-06;2024-08-01;DI de um dia;121% do DI1;;12915541.03;257776.8577668373;1.99586573390985;29;2;DAYCOVAL CLASSIC FUNDO DE INVESTIMENTO RENDA FIXA CREDITO PRIVADO;10.783.480/0001-68;160446.4931042138;Governo do Estado do Amazonas/AM;84902.92334309084
Dois fundos e Um fundo;BANCO ABC BRASIL S.A.;28.195.667/0001-06;2025-11-24;DI de um dia;100% do DI1 + 0,8534%;;46370623.97000001;257747.261884236;0.5558416941962834;28;1;MAG CASH FUNDO DE  INVESTIMENTO RENDA FIXA LONGO PRAZO;44.211.851/0001-59;110500.8116207551;Cabo de Santo Agostinho/PE;75994.09984588869
Dois fundos;BANCO BRADESCO S.A.;60.746.948/0001-12;2025-06-24;DI de um dia;100% do DI1 + 1,0397%;;2108842701.160001;257013.1120053506;0.01218740078925644;64;1;Sicredi Executive;21.170.347/0001-52;254758.4586822897;Pelotas/RS;31401.55722513065
Dois fundos;BANCO SANTANDER;90.400.888/0001-42;2024-12-19;DI de um dia;100% do DI1 + 0,6500%;;524207989.98;256944.1580534595;0.04901568899460357;64;1;Sicredi Executive;21.170.347/0001-52;254690.1096304971;Pelotas/RS;31393.13251306317
Um fundo;BANCO ALFA DE INVESTIMENTOS S/A;60.770.336/0001-65;2025-02-13;DI de um dia;100% do DI1 + 0,8423%;;1515581.59;255359.7436495616;16.84896051353868;4;1;VINCI INSTITUCIONAL FUNDO DE INVESTIMENTO EM RENDA FIXA REFERENCIADO DI;51.415.957/0001-30;255359.7436495616;Joinville/SC;216767.9177431572
Um fundo;BANCO TOYOTA DO BRASIL S.A.;03.215.790/0001-10;2026-04-01;;100,0000% a.a. (prefixado);;114335276.05;254534.1797429542;0.2226208643005714;3;1;Porto Seguro FI Referenciado DI Crédito Privado;18.719.154/0001-01;254534.1797429542;Governo do Estado do Amazonas/AM;223424.9495517078
Um fundo;BANCO SANTANDER;90.400.888/0001-42;2024-07-29;DI de um dia;100% do DI1 + 0,6291%;;2161637944.61;253639.2652917072;0.01173366085306522;4;1;VINCI INSTITUCIONAL FUNDO DE INVESTIMENTO EM RENDA FIXA REFERENCIADO DI;51.415.957/0001-30;253639.2652917072;Joinville/SC;215307.450616177
Um fundo;BANCO COOPERATIVO SICREDI S.A.;01.181.521/0001-55;2028-06-01;DI de um dia;100% do DI1 + 2,9289%;;33782462.15;253454.3370855557;0.7502541879871706;9;1;SULAMERICA CREDITO INSTITUCIONAL ESG FIF RF CRED PRIV LONGO PRAZO IS - RESP LIMITADA;34.525.051/0001-59;253454.3370855557;Governo do Estado do Paraná/PR;110843.0274557765
Dois fundos;BANCO ABC BRASIL S.A.;28.195.667/0001-06;2027-12-21;DI de um dia;100% do DI1 + 2,3500%;;29994526.42;253073.3029973343;0.8437316177413887;3;1;BUTIA TOP CREDITO PRIVADO FUNDO DE INVESTIMENTO EM COTAS DE FUNDOS DE INVESTIMENTO RENDA FIXA;22.344.843/0001-48;253073.3029973343;Campinas/SP;218884.853668467
Direta;;;;;;LETRA FINANCEIRA 6,41%;;247789.73;;1;;;;;Rolândia/PR;247789.73
Direta;;;;;;LETRA FINANCEIRA 6,20%;;246903.54;;1;;;;;Rolândia/PR;246903.54
Dois fundos;NU FINANCEIRA S.A.;30.680.829/0001-43;2027-01-19;DI de um dia;100% do DI1 + 1,2500%;;20899378.25;246182.2972089887;1.177940770601578;3;2;NU RENDA FIXA INSTITUCIONAL REFERENCIADO DI FI EM COTAS DE FUNDO DE INVESTIMENTO RENDA FIXA;51.781.137/0001-61;246182.2972089887;Bento Gonçalves/RS;117855.2387367906
Dois fundos e Um fundo;BANCO BTG PACTUAL S A;30.306.294/0001-45;2027-05-28;DI de um dia;100% do DI1 + 0,7000%;;5004204.76;245280.1504662316;4.901481098991472;30;2;MAG CASH FUNDO DE  INVESTIMENTO RENDA FIXA LONGO PRAZO;44.211.851/0001-59;74197.08531823175;Tatuí/SP;61469.20308119552
Dois fundos e Um fundo;BANCO BTG PACTUAL S A;30.306.294/0001-45;2026-05-28;DI de um dia;100% do DI1 + 0,6000%;;6004998.359999999;245278.2163417899;4.084567582492894;30;2;MAG CASH FUNDO DE  INVESTIMENTO RENDA FIXA LONGO PRAZO;44.211.851/0001-59;74196.50024685136;Tatuí/SP;61468.71837386041
Um fundo;PORTOSEG SA CRE;04.862.600/0001-10;2028-03-31;DI de um dia;100% do DI1 + 3,3000%;;20059959.63;243459.6707459127;1.213659824029829;3;1;Porto Seguro FI Referenciado DI Crédito Privado;18.719.154/0001-01;243459.6707459127;Governo do Estado do Amazonas/AM;213703.969774168
Dois fundos;BANCO SAFRA S.A.;58.160.789/0001-28;2025-09-29;Índice de Preços ao Consumidor Amplo (IPCA/IBGE);100% do IAP + 5,7000%;;72630209.53999999;243331.8999532388;0.3350284977757464;3;1;PORTO SEGURO IMA-B5 FUNDO DE INVESTIMENTO EM COTAS DE FUNDOS DE INVESTIMENTO RENDA FIXA LONGO PRAZO;24.011.864/0001-77;243331.8999532388;Campinas/SP;136965.5092282568
Dois fundos e Um fundo;BANCO BRADESCO S.A.;60.746.948/0001-12;2025-12-24;DI de um dia;100% do DI1 + 0,5100%;;2365188027.93;243282.6125676277;0.01028597344882332;30;2;MAG HIGH GRADE FUNDO DE INVESTIMENTO RENDA FIXA CREDITO PRIVADO LONGO PRAZO;50.223.269/0001-05;93651.03198815597;Tatuí/SP;79718.05002001749
Um fundo;BANCO BTG PACTUAL S A;30.306.294/0001-45;2025-01-06;DI de um dia;100% do DI1 + 0,4985%;;241121758.3099999;242075.7441794316;0.1003956448709225;4;1;VINCI INSTITUCIONAL FUNDO DE INVESTIMENTO EM RENDA FIXA REFERENCIADO DI;51.415.957/0001-30;242075.7441794316;Joinville/SC;205491.4931067313
Dois fundos;BANCO BRADESCO S.A.;60.746.948/0001-12;2026-06-14;DI de um dia;100% do DI1 + 1,2400%;;161740799.62;241732.8127978781;0.1494569170956334;139;1;SANTANDER FUNDO DE INVESTIMENTO EM COTAS DE FUNDOS DE INVESTIMENTO INSTITUCIONAL RENDA FIXA REFERENC;02.224.354/0001-45;241732.8127978781;Governo do Estado do Amazonas/AM;18196.15094417841
Dois fundos;BANCO JOHN DEERE S.A.;91.884.981/0001-32;2026-04-14;DI de um dia;100% do DI1 + 1,6000%;;388806576.6900001;241632.2137652244;0.06214715188778314;36;1;SAFRA EXTRA BANCOS FUNDO DE INVESTIMENTO EM COTAS DE FUNDO DE INVESTIMENTO RENDA FIXA CREDITO PRIVADO;20.441.483/0001-77;241632.2137652244;Governo do Estado do Paraná/PR;59563.31745184596
Dois fundos e Um fundo;BANCO BRADESCO S.A.;60.746.948/0001-12;2050-06-15;DI de um dia;100% do DI1 + 3,6000%;;13611572.18;239359.3513918572;1.758498931839461;11;3;Porto Seguro FI Referenciado DI Crédito Privado;18.719.154/0001-01;131900.2148104232;Governo do Estado do Amazonas/AM;115779.3380426897
Dois fundos e Um fundo;BANCO SAFRA S.A.;58.160.789/0001-28;2026-04-30;DI de um dia;100% do DI1 + 0,5000%;;202128856.49;237786.5101133248;0.1176410504875581;8;3;BTG PACTUAL CAPITAL MARKETS FUNDO DE INVESTIMENTO RENDA FIXA;04.501.865/0001-92;216896.3374939356;Niterói/RJ;153418.7791949251
Um fundo;PARANA BANCO S.A.;14.388.334/0001-99;2024-07-29;DI de um dia;100% do DI1 + 1,1000%;;1271765.73;237192.6332520755;18.65065457079706;8;1;MONGERAL AEGON RENDA FIXA FUNDO DE INVESTIMENTO;11.435.287/0001-07;237192.6332520755;Governo do Estado do Paraná/PR;108457.3227773262
Dois fundos e Um fundo;BANCO VOTORANTIM S/A;59.588.111/0001-03;2026-03-11;DI de um dia;100% do DI1 + 0,8000%;;274047838.97;237148.7845672977;0.08653554264781424;3;1;XP BANCOS FUNDO DE INVESTIMENTO RENDA FIXA CREDITO PRIVADO;35.377.390/0001-06;165772.7988178386;Uberaba/MG;165772.7988178386
Dois fundos;BANCO BTG PACTUAL S A;30.306.294/0001-45;2024-10-04;DI de um dia;100% do DI1 + 1,0000%;;91627617.00999999;234905.7929247558;0.256370077701703;36;1;SAFRA EXTRA BANCOS FUNDO DE INVESTIMENTO EM COTAS DE FUNDO DE INVESTIMENTO RENDA FIXA CREDITO PRIVADO;20.441.483/0001-77;234905.7929247558;Governo do Estado do Paraná/PR;57905.22752421397
Um fundo;BANCO VOTORANTIM S/A;59.588.111/0001-03;2026-09-14;DI de um dia;100% do DI1 + 1,0500%;;4377142.13;231022.7870185091;5.277936611542223;6;1;DAYCOVAL CLASSIC TITULOS BANCARIOS FUNDO DE INVESTIMENTO RENDA FIXA CREDITO PRIVADO;50.235.197/0001-16;231022.7870185091;Mairiporã/SP;89065.62320666977
Dois fundos e Um fundo;Banco Volkswagen S/A;59.109.165/0001-49;2026-02-18;DI de um dia;100% do DI1 + 0,8000%;;7226838.66;229379.4746989516;3.173994681361153;30;2;MAG HIGH GRADE FUNDO DE INVESTIMENTO RENDA FIXA CREDITO PRIVADO LONGO PRAZO;50.223.269/0001-05;193674.3393290396;Tatuí/SP;164860.3367465169
Dois fundos;BANCO ALFA DE INVESTIMENTOS S/A;60.770.336/0001-65;2025-08-29;DI de um dia;108% do DI1;;9578178.65;228519.101077493;2.385830432151034;88;1;Itaú High Grade FIC Renda Fixa Crédito Privado;09.093.883/0001-04;228519.101077493;Santos/SP;28983.82796178125
Dois fundos;BANCO SAFRA S.A.;58.160.789/0001-28;2024-09-02;DI de um dia;100% do DI1 + 0,8900%;;201468718.06;227288.4531822209;0.1128157539149733;64;1;Sicredi Executive;21.170.347/0001-52;225294.5600992485;Pelotas/RS;27769.83366149955
Um fundo;BANCO BTG PACTUAL S A;30.306.294/0001-45;2027-01-19;DI de um dia;100% do DI1 + 0,9900%;;7858558.96;226804.3203858377;2.886080279352357;3;1;MAG HIGH GRADE FUNDO DE INVESTIMENTO RENDA FIXA CREDITO PRIVADO LONGO PRAZO;50.223.269/0001-05;226804.3203858377;Tatuí/SP;193061.3872953467
Um fundo;PORTOSEG SA CRE;04.862.600/0001-10;2028-06-19;DI de um dia;100% do DI1 + 3,1500%;;15816621.23;224074.7676913476;1.416704392378925;3;1;Porto Seguro FI Referenciado DI Crédito Privado;18.719.154/0001-01;224074.7676913476;Governo do Estado do Amazonas/AM;196688.2943493399
Dois fundos e Um fundo;BANCO DAYCOVAL S.A.;62.232.889/0001-90;2025-12-23;DI de um dia;100% do DI1 + 2,2500%;;14957878.3;222957.7207061165;1.490570495590384;89;2;Itaú High Grade FIC Renda Fixa Crédito Privado;09.093.883/0001-04;217522.6647832293;Santos/SP;27589.11383835423
Um fundo;BANCO PAN S.A.;59.285.411/0001-13;2027-04-16;DI de um dia;140% do DI1;;21175864.24;220780.2909831747;1.042603449289844;25;1;DAYCOVAL CLASSIC FUNDO DE INVESTIMENTO RENDA FIXA CREDITO PRIVADO;10.783.480/0001-68;220780.2909831747;Governo do Estado do Amazonas/AM;116829.5533192771
Dois fundos e Um fundo;BANCO SAFRA S.A.;58.160.789/0001-28;2026-04-24;DI de um dia;100% do DI1 + 0,4900%;;253391017.56;220489.5787410605;0.08701554651156927;3;1;XP BANCOS FUNDO DE INVESTIMENTO RENDA FIXA CREDITO PRIVADO;35.377.390/0001-06;154127.6066194611;Uberaba/MG;154127.6066194611
Um fundo;Banco Volkswagen S/A;59.109.165/0001-49;2026-01-02;DI de um dia;100% do DI1 + 1,1530%;;321129751.79;218862.446821099;0.06815389903960758;4;1;RIO BRAVO CRÉDITO PRIVADO FI RENDA FIXA;09.543.255/0001-75;218862.446821099;São Pedro da Aldeia/RJ;136230.3765818663
Dois fundos e Um fundo;BANCO GMAC S/A;59.274.605/0001-13;2026-09-28;DI de um dia;100% do DI1 + 0,9761%;;115120517.96;218452.7593556117;0.1897600560062767;28;1;MAG CASH FUNDO DE  INVESTIMENTO RENDA FIXA LONGO PRAZO;44.211.851/0001-59;93654.56312948314;Cabo de Santo Agostinho/PE;64408.52439990787
Dois fundos e Um fundo;BANCO SAFRA S.A.;58.160.789/0001-28;2026-06-08;;13,4200% a.a. (prefixado);;4483481.46;217006.7613302219;4.840139593890991;30;1;BANESTES LIQUIDEZ FUNDO DE INVESTIMENTO RENDA FIXA REFERENCIADO DI;20.230.719/0001-26;193768.6000547503;Governo do Estado do Espírito Santo/ES;74290.430720314
Dois fundos e Um fundo;BANCO SAFRA S.A.;58.160.789/0001-28;2026-06-15;;13,3100% a.a. (prefixado);;1027850088.86;214605.3280540608;0.02087904942364522;30;1;BANESTES LIQUIDEZ FUNDO DE INVESTIMENTO RENDA FIXA REFERENCIADO DI;20.230.719/0001-26;191624.3241750759;Governo do Estado do Espírito Santo/ES;73468.32033380569
Dois fundos e Um fundo;Banco Volkswagen S/A;59.109.165/0001-49;2026-02-23;DI de um dia;100% do DI1 + 0,8000%;;49628153.62;213935.0048473401;0.4310758898778072;28;1;MAG CASH FUNDO DE  INVESTIMENTO RENDA FIXA LONGO PRAZO;44.211.851/0001-59;91717.72183690112;Cabo de Santo Agostinho/PE;63076.51146339409
Dois fundos e Um fundo;BANCO SAFRA S.A.;58.160.789/0001-28;2025-08-25;;11,2400% a.a. (prefixado);;10166283.58;213443.3340722458;2.099521741574769;30;1;BANESTES LIQUIDEZ FUNDO DE INVESTIMENTO RENDA FIXA REFERENCIADO DI;20.230.719/0001-26;190586.7622772432;Governo do Estado do Espírito Santo/ES;73070.52151466161
Dois fundos e Um fundo;ITAU UNIBANCO S.A.;60.701.190/0001-04;2025-12-01;DI de um dia;100% do DI1 + 0,8000%;;1187335718.37;213260.2698418603;0.01796124436773691;71;5;SAFRA CARTEIRA PREMIUM MULTIMERCADO;17.253.869/0001-40;95767.76042507682;Governo do Distrito Federal/DF;71855.81853862449
Dois fundos e Um fundo;BANCO SAFRA S.A.;58.160.789/0001-28;2025-09-12;;13,7000% a.a. (prefixado);;640796.02;211998.1547165692;33.08356295917212;30;1;BANESTES LIQUIDEZ FUNDO DE INVESTIMENTO RENDA FIXA REFERENCIADO DI;20.230.719/0001-26;189296.3399011802;Governo do Estado do Espírito Santo/ES;72575.77657610207
Dois fundos;BANCO TOYOTA DO BRASIL S.A.;03.215.790/0001-10;2026-10-01;;100,0000% a.a. (prefixado);;94135634.04;210860.7900382741;0.2239967810156517;4;1;PORTO SEGURO CLASSICO RENDA FIXA FUNDO DE INVESTIMENTO EM COTAS DE FUNDOS DE INVESTIMENTO LONGO PRAZO;02.603.461/0001-84;210860.7900382741;São José dos Campos/SP;172500.1483416875
Um fundo;BANCO BRADESCO S.A.;60.746.948/0001-12;2026-07-08;DI de um dia;100% do DI1 + 2,5000%;;320199439.4699999;210353.4313280243;0.06569450329963263;25;1;DAYCOVAL CLASSIC FUNDO DE INVESTIMENTO RENDA FIXA CREDITO PRIVADO;10.783.480/0001-68;210353.4313280243;Governo do Estado do Amazonas/AM;111312.0075700198
Um fundo;ITAU UNIBANCO S.A.;60.701.190/0001-04;2026-05-04;DI de um dia;100% do DI1 + 0,5897%;;2275983495.279998;210339.1203771873;0.009241680390626504;4;1;VINCI INSTITUCIONAL FUNDO DE INVESTIMENTO EM RENDA FIXA REFERENCIADO DI;51.415.957/0001-30;210339.1203771873;Joinville/SC;178551.1392377545
Dois fundos e Um fundo;BANCO CITIBANK S.A.;33.479.023/0001-80;2026-07-13;DI de um dia;100% do DI1 + 1,2032%;;535131104.0599999;210234.9984461884;0.03928663403251112;3;1;XP BANCOS FUNDO DE INVESTIMENTO RENDA FIXA CREDITO PRIVADO;35.377.390/0001-06;146959.4042637759;Uberaba/MG;146959.4042637759
Dois fundos e Um fundo;BANCO CREDIT AGRICOLE BRASIL S;75.647.891/0001-71;2026-03-06;DI de um dia;100% do DI1 + 0,7000%;;30820059.49;208999.2180632725;0.6781272376553499;3;1;XP BANCOS FUNDO DE INVESTIMENTO RENDA FIXA CREDITO PRIVADO;35.377.390/0001-06;146095.5635606749;Uberaba/MG;146095.5635606749
Dois fundos e Um fundo;BANCO COOPERATIVO SICREDI S.A.;01.181.521/0001-55;2026-10-07;DI de um dia;100% do DI1 + 1,9000%;;27041875.95;207484.073783563;0.7672695273330805;89;2;Porto Seguro FI Referenciado DI Crédito Privado;18.719.154/0001-01;154487.5670311545;Governo do Estado do Amazonas/AM;139859.8540369587
Dois fundos;BANCO XP S.A;33.264.668/0001-03;2025-07-10;DI de um dia;100% do DI1 + 0,7400%;;224268353.92;207402.9955409218;0.09247983137866417;139;1;SANTANDER FUNDO DE INVESTIMENTO EM COTAS DE FUNDOS DE INVESTIMENTO INSTITUCIONAL RENDA FIXA REFERENC;02.224.354/0001-45;207402.9955409218;Governo do Estado do Amazonas/AM;15612.01464317924
Dois fundos e Um fundo;BANCO SOFISA;60.889.128/0001-80;2026-05-11;DI de um dia;100% do DI1 + 0,8500%;;20117387.87;206235.3062041664;1.025159466710458;7;2;Porto Seguro FI Referenciado DI Crédito Privado;18.719.154/0001-01;190974.5304402772;Governo do Estado do Amazonas/AM;167633.5762543543
Um fundo;BANCO SAFRA S.A.;58.160.789/0001-28;2024-06-13;DI de um dia;110,50% do DI1;;23027703.08;205490.0348281068;0.8923601025869525;25;1;DAYCOVAL CLASSIC FUNDO DE INVESTIMENTO RENDA FIXA CREDITO PRIVADO;10.783.480/0001-68;205490.0348281068;Governo do Estado do Amazonas/AM;108738.4606371406
Dois fundos e Um fundo;BANCO RCI BRASIL S.A.;62.307.848/0001-15;2028-04-10;DI de um dia;100% do DI1 + 0,9000%;;79344604.71999997;205347.7211824863;0.2588048953134748;35;4;Porto Seguro FI Referenciado DI Crédito Privado;18.719.154/0001-01;86399.79057443657;Governo do Estado do Amazonas/AM;75839.9868727491
Dois fundos e Um fundo;BANCO JOHN DEERE S.A.;91.884.981/0001-32;2026-09-08;DI de um dia;100% do DI1 + 1,3000%;;17342168.79;205025.8104404583;1.182238582285522;7;2;PORTO SEGURO CLASSICO RENDA FIXA FUNDO DE INVESTIMENTO EM COTAS DE FUNDOS DE INVESTIMENTO LONGO PRAZO;02.603.461/0001-84;157853.5509806719;São José dos Campos/SP;129136.199079428
Dois fundos e Um fundo;BANCO PAN S.A.;59.285.411/0001-13;2025-08-11;DI de um dia;100% do DI1 + 0,9131%;;283699151.6999999;204059.9428178564;0.07192828797515802;30;2;MAG HIGH GRADE FUNDO DE INVESTIMENTO RENDA FIXA CREDITO PRIVADO LONGO PRAZO;50.223.269/0001-05;73629.94185431866;Tatuí/SP;62675.60819250647
Dois fundos e Um fundo;BANCO CITIBANK S.A.;33.479.023/0001-80;2027-02-05;DI de um dia;100% do DI1 + 0,7866%;;115445935.84;202970.5362108506;0.1758143625706786;30;2;MAG CASH FUNDO DE  INVESTIMENTO RENDA FIXA LONGO PRAZO;44.211.851/0001-59;61398.45463930868;Tatuí/SP;50866.06921158746
Dois fundos e Um fundo;HSBC BANK BRASIL SA - BANCO MULTIPL;01.701.201/0001-89;2026-05-11;DI de um dia;100% do DI1 + 0,5100%;;93745438.91999999;202886.9269189496;0.216423251367022;3;1;XP BANCOS FUNDO DE INVESTIMENTO RENDA FIXA CREDITO PRIVADO;35.377.390/0001-06;141822.9226022459;Uberaba/MG;141822.9226022459
Um fundo;BR Partners Banco de Investimento SA;11.353.770/0001-34;2024-11-29;DI de um dia;100% do DI1 + 1,3000%;;4020093.09;202533.5122758688;5.03803040729758;6;1;DAYCOVAL CLASSIC TITULOS BANCARIOS FUNDO DE INVESTIMENTO RENDA FIXA CREDITO PRIVADO;50.235.197/0001-16;202533.5122758688;Mairiporã/SP;78082.22610369913
Um fundo;BANCO XP S.A;33.264.668/0001-03;2027-12-15;DI de um dia;100% do DI1 + 2,5000%;;217708599.29;202429.9814132322;0.09298207883078805;3;1;INTEGRAL FUNDO DE INVESTIMENTO FINANCEIRO RENDA FIXA;15.174.629/0001-25;202429.9814132322;Louveira/SP;98584.00872510526
Dois fundos e Um fundo;ITAU UNIBANCO HOLDING SA;60.872.504/0001-23;2029-09-15;Taxa Selic;114% do SEL + 114,0000%;;56624370.95999999;201810.6381499564;0.3564024371988475;26;2;CLARITAS FUNDO DE INVESTIMENTOS RENDA FIXA CREDITO PRIVADO LONGO PRAZO;11.447.136/0001-60;136365.3560267491;Cabo de Santo Agostinho/PE;43576.25804263949
Um fundo;ITAU UNIBANCO HOLDING SA;60.872.504/0001-23;2026-09-21;DI de um dia;100% do DI1 + 2,0000%;;2532328034.069999;201641.7034454595;0.007962700753321348;29;2;DAYCOVAL CLASSIC FUNDO DE INVESTIMENTO RENDA FIXA CREDITO PRIVADO;10.783.480/0001-68;170529.8520847826;Governo do Estado do Amazonas/AM;90238.70001233862
Um fundo;BANCO VOTORANTIM S/A;59.588.111/0001-03;2027-08-01;DI de um dia;100% do DI1 + 4,5104%;;297750312.47;200166.3510465687;0.06722624382358508;9;1;SULAMERICA CREDITO INSTITUCIONAL ESG FIF RF CRED PRIV LONGO PRAZO IS - RESP LIMITADA;34.525.051/0001-59;200166.3510465687;Governo do Estado do Paraná/PR;87538.62569448938
Um fundo;BANCO VOTORANTIM S/A;59.588.111/0001-03;2027-08-01;DI de um dia;100% do DI1 + 3,6531%;;297750312.47;200166.3510465687;0.06722624382358508;9;1;SULAMERICA CREDITO INSTITUCIONAL ESG FIF RF CRED PRIV LONGO PRAZO IS - RESP LIMITADA;34.525.051/0001-59;200166.3510465687;Governo do Estado do Paraná/PR;87538.62569448938
Dois fundos e Um fundo;BANCO ALFA DE INVESTIMENTOS S/A;60.770.336/0001-65;2025-01-16;DI de um dia;100% do DI1 + 0,7177%;;15190958.13;200147.4630735002;1.317543379164723;28;1;MAG CASH FUNDO DE  INVESTIMENTO RENDA FIXA LONGO PRAZO;44.211.851/0001-59;85806.758728596;Cabo de Santo Agostinho/PE;59011.3981483935
Dois fundos e Um fundo;BANCO BRADESCO S.A.;60.746.948/0001-12;2027-01-27;DI de um dia;100% do DI1 + 1,3500%;;10912133.11;200059.7789882246;1.833370038392288;30;1;BANESTES LIQUIDEZ FUNDO DE INVESTIMENTO RENDA FIXA REFERENCIADO DI;20.230.719/0001-26;178636.3847107113;Governo do Estado do Espírito Santo/ES;68488.77454205001
Dois fundos;BANCO DAYCOVAL S.A.;62.232.889/0001-90;2025-11-04;OUTROS;100% do OUT + 6,8700%;;11684783.13;199815.166205777;1.710045997283109;3;1;PORTO SEGURO IMA-B5 FUNDO DE INVESTIMENTO EM COTAS DE FUNDOS DE INVESTIMENTO RENDA FIXA LONGO PRAZO;24.011.864/0001-77;199815.166205777;Campinas/SP;112471.0159093908
Um fundo;BANCO ABC BRASIL S.A.;28.195.667/0001-06;2024-08-16;DI de um dia;115% do DI1;;23046695.91;199454.960813674;0.8654384194270996;25;1;DAYCOVAL CLASSIC FUNDO DE INVESTIMENTO RENDA FIXA CREDITO PRIVADO;10.783.480/0001-68;199454.960813674;Governo do Estado do Amazonas/AM;105544.901111446
Dois fundos e Um fundo;BANCO VOTORANTIM S/A;59.588.111/0001-03;2026-01-22;DI de um dia;100% do DI1 + 0,8400%;;41808649.22000001;198589.1196511959;0.4749953020634707;10;3;DAYCOVAL CLASSIC TITULOS BANCARIOS FUNDO DE INVESTIMENTO RENDA FIXA CREDITO PRIVADO;50.235.197/0001-16;165356.5174190698;Mairiporã/SP;63749.47452276234
Dois fundos e Um fundo;BANCO SAFRA S.A.;58.160.789/0001-28;2026-05-25;;12,0200% a.a. (prefixado);;2277867.28;197280.2237459341;8.66074268145834;30;1;BANESTES LIQUIDEZ FUNDO DE INVESTIMENTO RENDA FIXA REFERENCIADO DI;20.230.719/0001-26;176154.4780421265;Governo do Estado do Espírito Santo/ES;67537.217296115
Um fundo;BANCO RODOBENS;33.603.457/0001-40;2024-12-13;DI de um dia;100% do DI1 + 1,2454%;;55869637.97999998;197000.9427376182;0.3526082320564524;4;1;VINCI INSTITUCIONAL FUNDO DE INVESTIMENTO EM RENDA FIXA REFERENCIADO DI;51.415.957/0001-30;197000.9427376182;Joinville/SC;167228.7242317873
Dois fundos e Um fundo;BANCO BTG PACTUAL S A;30.306.294/0001-45;2026-01-26;DI de um dia;100% do DI1 + 0,9000%;;943710977.1500003;196566.6771208167;0.0208291184356514;8;3;BTG PACTUAL CAPITAL MARKETS FUNDO DE INVESTIMENTO RENDA FIXA;04.501.865/0001-92;118251.7067770728;Niterói/RJ;83643.79362543183
Dois fundos e Um fundo;BANCO BRADESCO S.A.;60.746.948/0001-12;2026-07-16;DI de um dia;100% do DI1 + 2,4976%;;56913143.73999999;195124.1315317737;0.3428454636475046;28;1;MAG CASH FUNDO DE  INVESTIMENTO RENDA FIXA LONGO PRAZO;44.211.851/0001-59;83653.16761634503;Cabo de Santo Agostinho/PE;57530.32108107466
Dois fundos e Um fundo;BANCO COOPERATIVO SICREDI S.A.;01.181.521/0001-55;2024-07-22;DI de um dia;100% do DI1 + 0,4934%;;379411147.91;192428.2678120409;0.05071761040023177;28;1;MAG CASH FUNDO DE  INVESTIMENTO RENDA FIXA LONGO PRAZO;44.211.851/0001-59;82497.40314043289;Cabo de Santo Agostinho/PE;56735.47369767046
Um fundo;BANCO COOPERATIVO SICREDI S.A.;01.181.521/0001-55;2027-07-29;DI de um dia;100% do DI1 + 2,6868%;;97468983.77;192203.3427333777;0.1971943640932224;9;1;SULAMERICA CREDITO INSTITUCIONAL ESG FIF RF CRED PRIV LONGO PRAZO IS - RESP LIMITADA;34.525.051/0001-59;192203.3427333777;Governo do Estado do Paraná/PR;84056.16822605924
Dois fundos;BANCO ALFA DE INVESTIMENTOS S/A;60.770.336/0001-65;2024-07-12;DI de um dia;100% do DI1 + 1,1100%;;2862226.98;190546.0299880173;6.657264826286324;64;1;Sicredi Executive;21.170.347/0001-52;188874.4606413934;Pelotas/RS;23280.68796959129
Dois fundos e Um fundo;BANCO VOTORANTIM S/A;59.588.111/0001-03;2026-03-02;DI de um dia;100% do DI1 + 1,0800%;;179915633.01;189845.3372391469;0.1055190891769783;8;3;BTG PACTUAL CAPITAL MARKETS FUNDO DE INVESTIMENTO RENDA FIXA;04.501.865/0001-92;180089.5421998874;Niterói/RJ;127383.9753557488
Um fundo;BANCO BRADESCO S.A.;60.746.948/0001-12;2025-12-23;DI de um dia;100% do DI1 + 0,5200%;;3257724806.990001;189714.5814669;0.00582353000044188;4;1;VINCI INSTITUCIONAL FUNDO DE INVESTIMENTO EM RENDA FIXA REFERENCIADO DI;51.415.957/0001-30;189714.5814669;Joinville/SC;161043.5309902657
Dois fundos;NU FINANCEIRA S.A.;30.680.829/0001-43;2027-03-18;DI de um dia;100% do DI1 + 1,2500%;;58006788.11;188187.513504072;0.3244232608556198;3;2;NU RENDA FIXA INSTITUCIONAL REFERENCIADO DI FI EM COTAS DE FUNDO DE INVESTIMENTO RENDA FIXA;51.781.137/0001-61;188187.513504072;Bento Gonçalves/RS;90091.30462568294
Um fundo;BANCO BTG PACTUAL S A;30.306.294/0001-45;2026-12-15;DI de um dia;100% do DI1 + 0,9900%;;24995509.89;188095.4416394876;0.7525169219081996;19;1;MAG CASH FUNDO DE INVESTIMENTO RENDA FIXA LONGO PRAZO;17.899.612/0001-60;188095.4416394876;Governo do Estado do Paraná/PR;63405.86357969236
Dois fundos;BANCO VOTORANTIM S/A;59.588.111/0001-03;2024-10-28;DI de um dia;100% do DI1 + 1,0000%;;36301003.56;186393.968512005;0.5134678114447286;36;1;SAFRA EXTRA BANCOS FUNDO DE INVESTIMENTO EM COTAS DE FUNDO DE INVESTIMENTO RENDA FIXA CREDITO PRIVADO;20.441.483/0001-77;186393.968512005;Governo do Estado do Paraná/PR;45946.86670535219
Um fundo;BANCO PAN S.A.;59.285.411/0001-13;2025-07-04;DI de um dia;100% do DI1 + 1,2000%;;16873391.8;186106.4306887311;1.10295803531766;10;1;INTER CORPORATE FUNDO DE INVESTIMENTO RENDA FIXA CREDITO PRIVADO;36.443.522/0001-05;186106.4306887311;Governo do Estado do Paraná/PR;126714.1921072743
Um fundo;VOLKSWAGEN DO BRASIL INDÚSTRIA DE VEÍCUL;59.104.422/0001-50;2027-10-06;DI de um dia;100% do DI1 + 1,2500%;;5456992.26;185412.3245214465;3.397701805086426;29;2;DAYCOVAL CLASSIC TITULOS BANCARIOS FUNDO DE INVESTIMENTO RENDA FIXA CREDITO PRIVADO;50.235.197/0001-16;109446.3051675701;Mairiporã/SP;42194.55363351672
Dois fundos e Um fundo;ITAU UNIBANCO HOLDING SA;60.872.504/0001-23;2027-10-15;DI de um dia;100% do DI1 + 2,0111%;;605908007.1899999;185335.112616155;0.0305879952759954;28;1;MAG CASH FUNDO DE  INVESTIMENTO RENDA FIXA LONGO PRAZO;44.211.851/0001-59;79456.44200522051;Cabo de Santo Agostinho/PE;54644.13065007432
Direta;;;;;;LETRA FINANCEIRA 6,55%;;184949.91;;1;;;;;Rolândia/PR;184949.91
Direta;;;;;;LETRA FINANCEIRA 6,47%;;184722.49;;1;;;;;Rolândia/PR;184722.49
Dois fundos e Um fundo;BANCO VOTORANTIM S/A;59.588.111/0001-03;2024-07-12;DI de um dia;100% do DI1 + 0,6501%;;90232681.71000001;184299.6668256394;0.2042493510477306;3;1;XP BANCOS FUNDO DE INVESTIMENTO RENDA FIXA CREDITO PRIVADO;35.377.390/0001-06;128829.9733293022;Uberaba/MG;128829.9733293022
Dois fundos e Um fundo;BANCO BRADESCO S.A.;60.746.948/0001-12;2026-06-02;DI de um dia;100% do DI1 + 0,8500%;;603932807.4300001;183878.487088178;0.03044684521621899;31;3;BTG PACTUAL CAPITAL MARKETS FUNDO DE INVESTIMENTO RENDA FIXA;04.501.865/0001-92;132908.6486197929;Niterói/RJ;94011.18917587076
Dois fundos;BANCO BRADESCO S.A.;60.746.948/0001-12;2026-08-12;DI de um dia;100% do DI1 + 2,5000%;;88809201.93;183509.5240370893;0.2066334569493516;3;1;BUTIA TOP CREDITO PRIVADO FUNDO DE INVESTIMENTO EM COTAS DE FUNDOS DE INVESTIMENTO RENDA FIXA;22.344.843/0001-48;183509.5240370893;Campinas/SP;158718.6591390536
Dois fundos;BANCO COOPERATIVO SICREDI S.A.;01.181.521/0001-55;2026-08-24;DI de um dia;100% do DI1 + 1,5500%;;4516130.82;182901.9007901949;4.049969057145135;88;1;Itaú High Grade FIC Renda Fixa Crédito Privado;09.093.883/0001-04;182901.9007901949;Santos/SP;23198.04865934644
Um fundo;BANCO ABC BRASIL S.A.;28.195.667/0001-06;2026-01-12;DI de um dia;100% do DI1 + 0,8500%;;200593216.94;182345.7014029808;0.0909032240394862;25;1;DAYCOVAL CLASSIC FUNDO DE INVESTIMENTO RENDA FIXA CREDITO PRIVADO;10.783.480/0001-68;182345.7014029808;Governo do Estado do Amazonas/AM;96491.25268262292
Dois fundos;BANCO BTG PACTUAL S A;30.306.294/0001-45;2025-11-24;Índice de Preços ao Consumidor Amplo (IPCA/IBGE);100% do IAP + 6,1900%;;2831072.56;181045.0332384824;6.394927342960168;3;1;PORTO SEGURO IMA-B5 FUNDO DE INVESTIMENTO EM COTAS DE FUNDOS DE INVESTIMENTO RENDA FIXA LONGO PRAZO;24.011.864/0001-77;181045.0332384824;Campinas/SP;101905.7722210719
Dois fundos;BANCO BRADESCO S.A.;60.746.948/0001-12;2031-07-27;DI de um dia;100% do DI1 + 2,5000%;;58451520.40000001;180377.6217005117;0.3085935497761862;4;1;PORTO SEGURO CLASSICO RENDA FIXA FUNDO DE INVESTIMENTO EM COTAS DE FUNDOS DE INVESTIMENTO LONGO PRAZO;02.603.461/0001-84;180377.6217005117;São José dos Campos/SP;147562.6004019582
Dois fundos e Um fundo;ITAU UNIBANCO HOLDING SA;60.872.504/0001-23;2025-01-15;Taxa Selic;100% do SEL + 2,1384%;;263261425.4499999;180170.5853804472;0.06843789783196558;28;1;MAG CASH FUNDO DE  INVESTIMENTO RENDA FIXA LONGO PRAZO;44.211.851/0001-59;77242.3178007138;Cabo de Santo Agostinho/PE;53121.42350068287
Dois fundos;XP INVE CCTVM;02.332.886/0001-04;2024-06-28;DI de um dia;100% do DI1 + 1,7000%;;3656805.4;180084.6954290739;4.924645304589462;36;1;SAFRA EXTRA BANCOS FUNDO DE INVESTIMENTO EM COTAS DE FUNDO DE INVESTIMENTO RENDA FIXA CREDITO PRIVADO;20.441.483/0001-77;180084.6954290739;Governo do Estado do Paraná/PR;44391.60538620478
Dois fundos e Um fundo;BANCO BTG PACTUAL S A;30.306.294/0001-45;2026-11-17;DI de um dia;100% do DI1 + 2,1264%;;432348445.8899997;180012.7220761064;0.04163602848289321;28;1;MAG CASH FUNDO DE  INVESTIMENTO RENDA FIXA LONGO PRAZO;44.211.851/0001-59;77174.63900898868;Cabo de Santo Agostinho/PE;53074.87914702274
Dois fundos e Um fundo;BANCO BTG PACTUAL S A;30.306.294/0001-45;2025-10-20;DI de um dia;100% do DI1 + 0,8700%;;46484341.76;179635.8129780763;0.3864437059376709;7;2;Porto Seguro FI Referenciado DI Crédito Privado;18.719.154/0001-01;144841.9962356019;Governo do Estado do Amazonas/AM;127139.3717519142
Um fundo;BANCO BRADESCO S.A.;60.746.948/0001-12;2025-06-24;DI de um dia;100% do DI1 + 0,6477%;;2108842701.160001;179559.6381730113;0.008514605573675166;3;1;MAG HIGH GRADE FUNDO DE INVESTIMENTO RENDA FIXA CREDITO PRIVADO LONGO PRAZO;50.223.269/0001-05;179559.6381730113;Tatuí/SP;152845.5577431615
Dois fundos;BANCO COOPERATIVO SICREDI S.A.;01.181.521/0001-55;2033-06-01;DI de um dia;100% do DI1 + 3,3500%;;61373279.25999998;179008.6573007065;0.291671977543125;3;2;NU RENDA FIXA INSTITUCIONAL REFERENCIADO DI FI EM COTAS DE FUNDO DE INVESTIMENTO RENDA FIXA;51.781.137/0001-61;179008.6573007065;Bento Gonçalves/RS;85697.09634408596
Dois fundos e Um fundo;BANCO PAN S.A.;59.285.411/0001-13;2026-03-16;DI de um dia;100% do DI1 + 1,2000%;;177543717.86;177635.1409590944;0.1000514932886369;13;4;PORTO MASTER REFERENCIADO DI BANCARIO FIF RENDA FIXA CREDITO PRIVADO RESP LIMITADA;51.854.591/0001-03;82703.45642612518;Governo do Estado do Amazonas/AM;61016.28672340891
Um fundo;NU FINANCEIRA S.A.;30.680.829/0001-43;2026-01-15;DI de um dia;100% do DI1 + 1,1800%;;2407802.47;176628.0483448814;7.335653590590488;20;1;SOMMA TORINO FUNDO DE INVESTIMENTO RENDA FIXA CREDITO PRIVADO;28.206.220/0001-95;176628.0483448814;Itatiaia/RJ;26881.51130629952
Um fundo;BANCO VOTORANTIM S/A;59.588.111/0001-03;2025-08-11;DI de um dia;100% do DI1 + 0,9900%;;145025592.63;175237.0628188976;0.1208318198471185;6;1;DAYCOVAL CLASSIC TITULOS BANCARIOS FUNDO DE INVESTIMENTO RENDA FIXA CREDITO PRIVADO;50.235.197/0001-16;175237.0628188976;Mairiporã/SP;67558.6958771344
Um fundo;BANCO SANTANDER;90.400.888/0001-42;2025-09-24;DI de um dia;104% do DI1 + 0,0117%;;24415035.41;174639.8070799122;0.7152961449664028;4;1;VINCI INSTITUCIONAL FUNDO DE INVESTIMENTO EM RENDA FIXA REFERENCIADO DI;51.415.957/0001-30;174639.8070799122;Joinville/SC;148246.96639628
Um fundo;NU FINANCEIRA S.A.;30.680.829/0001-43;2026-02-20;DI de um dia;100% do DI1 + 1,0200%;;3204967.12;174591.6398974229;5.447532949961213;20;1;SOMMA TORINO FUNDO DE INVESTIMENTO RENDA FIXA CREDITO PRIVADO;28.206.220/0001-95;174591.6398974229;Itatiaia/RJ;26571.58467110446
Dois fundos;BANCO SAFRA S.A.;58.160.789/0001-28;2025-04-22;DI de um dia;100% do DI1 + 0,9000%;;1348746023.08;174500.2344652374;0.01293796100074854;36;1;SAFRA EXTRA BANCOS FUNDO DE INVESTIMENTO EM COTAS DE FUNDO DE INVESTIMENTO RENDA FIXA CREDITO PRIVADO;20.441.483/0001-77;174500.2344652374;Governo do Estado do Paraná/PR;43015.01318434867
Dois fundos;BANCO RCI BRASIL S.A.;62.307.848/0001-15;2025-09-23;DI de um dia;100% do DI1 + 1,1409%;;228722655.16;174194.4263685614;0.07615967305324693;4;1;BRADESCO FUNDO DE INVESTIMENTO RENDA FIXA - 1824;44.315.854/0001-32;174194.4263685614;Recife/PE;146535.8081956904
Dois fundos;BANCO ALFA DE INVESTIMENTOS S/A;60.770.336/0001-65;2024-11-21;DI de um dia;100% do DI1 + 1,1390%;;182396197.54;172335.9382870739;0.09448439200563932;23;1;BRA1 FUNDO DE INVESTIMENTO RENDA FIXA;10.883.252/0001-60;158079.1930231796;Uberlândia/MG;43431.83879289585
Um fundo;PORTOSEG SA CRE;04.862.600/0001-10;2029-05-25;DI de um dia;100% do DI1 + 2,8500%;;32675217.73;171998.0010200979;0.5263867021219018;3;1;Porto Seguro FI Referenciado DI Crédito Privado;18.719.154/0001-01;171998.0010200979;Governo do Estado do Amazonas/AM;150976.3629376526
Dois fundos e Um fundo;BANCO BRADESCO S.A.;60.746.948/0001-12;2031-10-29;DI de um dia;100% do DI1 + 12,9111%;;926893367.1100003;171240.6133481901;0.01847468321864342;3;1;XP BANCOS FUNDO DE INVESTIMENTO RENDA FIXA CREDITO PRIVADO;35.377.390/0001-06;119701.3756482365;Uberaba/MG;119701.3756482365
Dois fundos e Um fundo;BANCO XP S.A;33.264.668/0001-03;2026-03-02;DI de um dia;105% do DI1 + 0,6556%;;288485.15;171072.6120644232;59.30031825361658;12;1;QLZ MOS FUNDO DE INVESTIMENTO EM ACOES;29.045.353/0001-90;154954.0609724943;Dourados/MS;55800.27936517729
Um fundo;BANCO XP S.A;33.264.668/0001-03;2026-03-09;DI de um dia;100% do DI1 + 0,8000%;;7714840.11;169733.1062031066;2.200085857684828;4;1;BTG PACTUAL CAPITAL MARKETS FUNDO DE INVESTIMENTO RENDA FIXA;04.501.865/0001-92;169733.1062031066;Niterói/RJ;120058.4862036745
Dois fundos;BANCO ALFA DE INVESTIMENTOS S/A;60.770.336/0001-65;2025-01-27;DI de um dia;100% do DI1 + 1,1886%;;21204755.09;168644.2871130266;0.7953135341447919;64;1;Sicredi Executive;21.170.347/0001-52;167164.851299858;Pelotas/RS;20604.75899906935
Dois fundos;BANCO SAFRA S.A.;58.160.789/0001-28;2025-12-17;Índice de Preços ao Consumidor Amplo (IPCA/IBGE);100% do IAP + 6,0000%;;2140908.46;168618.5035153632;7.876025839767256;3;1;PORTO SEGURO IMA-B5 FUNDO DE INVESTIMENTO EM COTAS DE FUNDOS DE INVESTIMENTO RENDA FIXA LONGO PRAZO;24.011.864/0001-77;168618.5035153632;Campinas/SP;94911.18593051916
Um fundo;BANCO BRADESCO S.A.;60.746.948/0001-12;2025-08-01;DI de um dia;107,40% do DI1;;5264633301.920004;168425.6371111043;0.003199190284529024;25;1;DAYCOVAL CLASSIC FUNDO DE INVESTIMENTO RENDA FIXA CREDITO PRIVADO;10.783.480/0001-68;168425.6371111043;Governo do Estado do Amazonas/AM;89125.21975389794
Um fundo;BANCO BRADESCO S.A.;60.746.948/0001-12;2026-06-16;DI de um dia;100% do DI1 + 1,7841%;;234610802.74;168198.8001492627;0.07169269197534082;9;1;SULAMERICA CREDITO INSTITUCIONAL ESG FIF RF CRED PRIV LONGO PRAZO IS - RESP LIMITADA;34.525.051/0001-59;168198.8001492627;Governo do Estado do Paraná/PR;73558.27656119397
Dois fundos e Um fundo;BANCO DAYCOVAL S.A.;62.232.889/0001-90;2024-12-23;DI de um dia;100% do DI1 + 0,8426%;;40395343.42000001;165393.8639483943;0.4094379449352735;30;2;MAG CASH FUNDO DE  INVESTIMENTO RENDA FIXA LONGO PRAZO;44.211.851/0001-59;59826.57630711011;Cabo de Santo Agostinho/PE;41144.19384469256
Dois fundos e Um fundo;INDUSTRIAL BRAS;31.895.683/0001-16;2024-09-18;DI de um dia;100% do DI1 + 0,7401%;;122776661.7;164592.460227459;0.1340584260465024;3;1;XP BANCOS FUNDO DE INVESTIMENTO RENDA FIXA CREDITO PRIVADO;35.377.390/0001-06;115054.1540662072;Uberaba/MG;115054.1540662072
Um fundo;BANCO ABC BRASIL S.A.;28.195.667/0001-06;2027-03-10;DI de um dia;100% do DI1 + 2,3500%;;1049321.23;164132.4085265942;15.64176953959029;3;1;INTEGRAL FUNDO DE INVESTIMENTO FINANCEIRO RENDA FIXA;15.174.629/0001-25;164132.4085265942;Louveira/SP;79932.97574447442
Dois fundos;BANCO SAFRA S.A.;58.160.789/0001-28;2024-09-13;DI de um dia;100% do DI1 + 1,2200%;;46096200.21000001;164066.9517930073;0.3559229416862326;36;1;SAFRA EXTRA BANCOS FUNDO DE INVESTIMENTO EM COTAS DE FUNDO DE INVESTIMENTO RENDA FIXA CREDITO PRIVADO;20.441.483/0001-77;164066.9517930073;Governo do Estado do Paraná/PR;40443.16683080457
Um fundo;BANCO BRADESCO S.A.;60.746.948/0001-12;2026-06-24;DI de um dia;100% do DI1 + 0,7352%;;2518851326.48;163757.9079390985;0.0065012931179207;3;1;MAG HIGH GRADE FUNDO DE INVESTIMENTO RENDA FIXA CREDITO PRIVADO LONGO PRAZO;50.223.269/0001-05;163757.9079390985;Tatuí/SP;139394.7383079929
Dois fundos e Um fundo;BANCO COOPERATIVO SICREDI S.A.;01.181.521/0001-55;2027-09-17;DI de um dia;100% do DI1 + 1,0000%;;41741753.23;163002.2839976338;0.3905017671382411;32;3;MAG CASH FUNDO DE  INVESTIMENTO RENDA FIXA LONGO PRAZO;44.211.851/0001-59;60309.43218852733;Cabo de Santo Agostinho/PE;41476.26559625156
Dois fundos e Um fundo;BANCO COOPERATIVO SICREDI S.A.;01.181.521/0001-55;2026-03-06;DI de um dia;100% do DI1 + 0,8500%;;41117605.48999999;162850.2246577651;0.396059602005207;3;1;XP BANCOS FUNDO DE INVESTIMENTO RENDA FIXA CREDITO PRIVADO;35.377.390/0001-06;113836.2888044682;Uberaba/MG;113836.2888044682
Dois fundos e Um fundo;BANCO DAYCOVAL S.A.;62.232.889/0001-90;2027-03-22;DI de um dia;100% do DI1 + 0,8000%;;17646250.23;161698.8987892017;0.9163357465842856;29;2;MAG CASH FUNDO DE  INVESTIMENTO RENDA FIXA LONGO PRAZO;44.211.851/0001-59;68199.51978407113;Cabo de Santo Agostinho/PE;46902.47103070959
Dois fundos;BANCO FIDIS DE INVESTIMENTO S.A.;62.237.425/0001-76;2025-12-18;DI de um dia;100% do DI1 + 1,1000%;;60595133.86000001;160858.227732543;0.2654639365995832;36;1;SAFRA EXTRA BANCOS FUNDO DE INVESTIMENTO EM COTAS DE FUNDO DE INVESTIMENTO RENDA FIXA CREDITO PRIVADO;20.441.483/0001-77;160858.227732543;Governo do Estado do Paraná/PR;39652.20337915769
Dois fundos;BANCO BRADESCO S.A.;60.746.948/0001-12;2025-12-23;DI de um dia;100% do DI1 + 0,9900%;;3257724806.990001;160573.2003152403;0.004928998298772913;64;1;Sicredi Executive;21.170.347/0001-52;159164.5682930821;Pelotas/RS;19618.64318586366
Dois fundos e Um fundo;BANCO CITIBANK S.A.;33.479.023/0001-80;2026-09-21;DI de um dia;100% do DI1 + 0,9091%;;36483067.09999999;160520.4664185069;0.4399862160122688;3;1;XP BANCOS FUNDO DE INVESTIMENTO RENDA FIXA CREDITO PRIVADO;35.377.390/0001-06;112207.7308314833;Uberaba/MG;112207.7308314833
Dois fundos e Um fundo;BANCO PAN S.A.;59.285.411/0001-13;2025-06-02;DI de um dia;100% do DI1 + 0,9100%;;95167739.73;159885.4945383887;0.1680038792473155;30;2;MAG HIGH GRADE FUNDO DE INVESTIMENTO RENDA FIXA CREDITO PRIVADO LONGO PRAZO;50.223.269/0001-05;58288.39134878803;Tatuí/SP;49616.50500249371
Dois fundos;BANCO VOTORANTIM S/A;59.588.111/0001-03;2024-09-23;;100,0000% a.a. (prefixado);;187405203.68;159859.5134403316;0.08530153394955702;4;1;PORTO SEGURO CLASSICO RENDA FIXA FUNDO DE INVESTIMENTO EM COTAS DE FUNDOS DE INVESTIMENTO LONGO PRAZO;02.603.461/0001-84;159859.5134403316;São José dos Campos/SP;130777.2287929008
Dois fundos;BANCO FIDIS DE INVESTIMENTO S.A.;62.237.425/0001-76;2024-12-18;DI de um dia;100% do DI1 + 0,9000%;;60168525.42;159725.7365753626;0.2654639372668918;36;1;SAFRA EXTRA BANCOS FUNDO DE INVESTIMENTO EM COTAS DE FUNDO DE INVESTIMENTO RENDA FIXA CREDITO PRIVADO;20.441.483/0001-77;159725.7365753626;Governo do Estado do Paraná/PR;39373.0397310024
Um fundo;INDUSTRIAL BRAS;31.895.683/0001-16;2024-10-29;DI de um dia;100% do DI1 + 0,8102%;;86238152.61;159436.5649539952;0.1848793835775041;20;1;SOMMA TORINO FUNDO DE INVESTIMENTO RENDA FIXA CREDITO PRIVADO;28.206.220/0001-95;159436.5649539952;Itatiaia/RJ;24265.09189004796
Dois fundos e Um fundo;BANCO DAYCOVAL S.A.;62.232.889/0001-90;2026-03-20;DI de um dia;100% do DI1 + 0,6500%;;2419608.46;158980.7210811633;6.570514350126025;28;1;MAG CASH FUNDO DE  INVESTIMENTO RENDA FIXA LONGO PRAZO;44.211.851/0001-59;68157.84805276286;Cabo de Santo Agostinho/PE;46873.81236600529
Dois fundos e Um fundo;BANCO DE LAGE LANDEN BRASIL S.A.;05.040.481/0001-82;2024-07-07;DI de um dia;100% do DI1 + 1,0000%;;190032891.15;157806.5518711899;0.08304170447347842;17;2;INTER CORPORATE FUNDO DE INVESTIMENTO RENDA FIXA CREDITO PRIVADO;36.443.522/0001-05;132846.5938530761;Governo do Estado do Paraná/PR;90451.19371748289
Dois fundos e Um fundo;BANCO BRADESCO S.A.;60.746.948/0001-12;2026-07-08;DI de um dia;100% do DI1 + 1,8365%;;320199439.4699999;157552.5322945509;0.0492044997190922;28;1;MAG CASH FUNDO DE  INVESTIMENTO RENDA FIXA LONGO PRAZO;44.211.851/0001-59;67545.55825028493;Cabo de Santo Agostinho/PE;46452.72575404608
Um fundo;BANCO ABC BRASIL S.A.;28.195.667/0001-06;2024-09-23;DI de um dia;120% do DI1;;14347681.11;157491.125492956;1.097676511524837;25;1;DAYCOVAL CLASSIC FUNDO DE INVESTIMENTO RENDA FIXA CREDITO PRIVADO;10.783.480/0001-68;157491.125492956;Governo do Estado do Amazonas/AM;83339.04154739273
Um fundo;BANCO BRADESCO S.A.;60.746.948/0001-12;2025-05-19;;10,4900% a.a. (prefixado);;1521272.36;157303.7123159335;10.34027281715245;21;1;SAFRA DI MASTER FUNDO DE INVESTIMENTO RENDA FIXA REFERENCIADO DI LONGO PRAZO;02.536.364/0001-16;157303.7123159335;Governo do Estado do Amazonas/AM;84906.3275909704
Um fundo;ITAU UNIBANCO HOLDING SA;60.872.504/0001-23;2027-10-15;DI de um dia;100% do DI1 + 2,5239%;;605908007.1899999;157298.1227646733;0.02596072685920917;9;1;SULAMERICA CREDITO INSTITUCIONAL ESG FIF RF CRED PRIV LONGO PRAZO IS - RESP LIMITADA;34.525.051/0001-59;157298.1227646733;Governo do Estado do Paraná/PR;68791.09010654376
Um fundo;BANCO PAN S.A.;59.285.411/0001-13;2025-08-11;DI de um dia;100% do DI1 + 0,9335%;;283699151.6999999;156112.3919534869;0.05502744404345957;20;1;SOMMA TORINO FUNDO DE INVESTIMENTO RENDA FIXA CREDITO PRIVADO;28.206.220/0001-95;156112.3919534869;Itatiaia/RJ;23759.17680501697
Dois fundos e Um fundo;BANCO BTG PACTUAL S A;30.306.294/0001-45;2026-02-27;DI de um dia;100% do DI1 + 0,8200%;;41282522.63000001;156063.9193753827;0.3780387181619831;3;1;XP BANCOS FUNDO DE INVESTIMENTO RENDA FIXA CREDITO PRIVADO;35.377.390/0001-06;109092.4954835559;Uberaba/MG;109092.4954835559
Dois fundos;BANCO ABC BRASIL S.A.;28.195.667/0001-06;2025-01-06;DI de um dia;100% do DI1 + 1,2907%;;65923192.92;155602.6826836313;0.236036326202313;64;1;Sicredi Executive;21.170.347/0001-52;154237.6546395269;Pelotas/RS;19011.35123632202
Dois fundos e Um fundo;BANCO XP S.A;33.264.668/0001-03;2025-10-23;DI de um dia;100% do DI1 + 1,0521%;;43838894.22000001;155497.7124893236;0.354702633941855;3;1;XP BANCOS FUNDO DE INVESTIMENTO RENDA FIXA CREDITO PRIVADO;35.377.390/0001-06;108696.7030261617;Uberaba/MG;108696.7030261617
Um fundo;ITAU UNIBANCO HOLDING SA;60.872.504/0001-23;2025-01-15;Taxa Selic;100% do SEL + 0,7404%;;263261425.4499999;155464.7718558858;0.05905338071847997;8;1;MONGERAL AEGON RENDA FIXA FUNDO DE INVESTIMENTO;11.435.287/0001-07;155464.7718558858;Governo do Estado do Paraná/PR;71086.9166149773
Um fundo;BANCO BTG PACTUAL S A;30.306.294/0001-45;2026-03-09;DI de um dia;100% do DI1 + 0,8000%;;8069794.56;153793.1620716105;1.905787823074525;4;1;BTG PACTUAL CAPITAL MARKETS FUNDO DE INVESTIMENTO RENDA FIXA;04.501.865/0001-92;153793.1620716105;Niterói/RJ;108783.575814015
Um fundo;BANCO COOPERATIVO SICREDI S.A.;01.181.521/0001-55;2027-03-25;DI de um dia;100% do DI1 + 3,6000%;;128082474.6;153277.3628601814;0.1196708318908302;26;2;DAYCOVAL CLASSIC FUNDO DE INVESTIMENTO RENDA FIXA CREDITO PRIVADO;10.783.480/0001-68;153199.4615699203;Governo do Estado do Amazonas/AM;81068.03639157963
Dois fundos e Um fundo;ITAU UNIBANCO HOLDING SA;60.872.504/0001-23;2026-07-15;DI de um dia;114% do DI1;;1633898.96;152853.9283069163;9.355164061486171;46;2;SAFRA DI MASTER FUNDO DE INVESTIMENTO RENDA FIXA REFERENCIADO DI LONGO PRAZO;02.536.364/0001-16;152698.1499085829;Governo do Estado do Amazonas/AM;82420.42700577772
Um fundo;BANCO ABC BRASIL S.A.;28.195.667/0001-06;2025-12-12;DI de um dia;100% do DI1 + 0,8534%;;5292479.16;152745.1973255933;2.886080279352357;3;1;MAG HIGH GRADE FUNDO DE INVESTIMENTO RENDA FIXA CREDITO PRIVADO LONGO PRAZO;50.223.269/0001-05;152745.1973255933;Tatuí/SP;130020.4495585169
Um fundo;BANCO BTG PACTUAL S A;30.306.294/0001-45;2025-12-18;DI de um dia;100% do DI1 + 0,8534%;;58080970.33;152314.6631252326;0.2622453830571748;3;1;MAG HIGH GRADE FUNDO DE INVESTIMENTO RENDA FIXA CREDITO PRIVADO LONGO PRAZO;50.223.269/0001-05;152314.6631252326;Tatuí/SP;129653.9683122235
Um fundo;BANCO BTG PACTUAL S A;30.306.294/0001-45;2026-11-03;DI de um dia;100% do DI1 + 0,6900%;;10080463.52;152022.7760264011;1.5080931122342;25;1;DAYCOVAL CLASSIC FUNDO DE INVESTIMENTO RENDA FIXA CREDITO PRIVADO;10.783.480/0001-68;152022.7760264011;Governo do Estado do Amazonas/AM;80445.3737171425
Um fundo;BANCO PAN S.A.;59.285.411/0001-13;2025-11-06;DI de um dia;100% do DI1 + 0,9000%;;8600080.36;151804.9331451212;1.765157147265554;25;1;DAYCOVAL CLASSIC FUNDO DE INVESTIMENTO RENDA FIXA CREDITO PRIVADO;10.783.480/0001-68;151804.9331451212;Governo do Estado do Amazonas/AM;80330.09854289399
Dois fundos e Um fundo;BANCO DAYCOVAL S.A.;62.232.889/0001-90;2025-02-11;DI de um dia;100% do DI1 + 0,8423%;;8361488.609999999;150427.9661544961;1.799057239336431;28;1;MAG CASH FUNDO DE  INVESTIMENTO RENDA FIXA LONGO PRAZO;44.211.851/0001-59;64491.13068753782;Cabo de Santo Agostinho/PE;44352.12151620498
Dois fundos e Um fundo;BANCO DAYCOVAL S.A.;62.232.889/0001-90;2024-10-20;DI de um dia;100% do DI1 + 0,6660%;;584188592.9600003;150251.9453434308;0.02571976706736529;28;1;MAG CASH FUNDO DE  INVESTIMENTO RENDA FIXA LONGO PRAZO;44.211.851/0001-59;64415.66745141005;Cabo de Santo Agostinho/PE;44300.22361050751
Um fundo;ITAU UNIBANCO S.A.;60.701.190/0001-04;2024-10-01;DI de um dia;100% do DI1 + 0,4101%;;2272656931.779999;150189.2210483447;0.006608530260249747;4;1;VINCI INSTITUCIONAL FUNDO DE INVESTIMENTO EM RENDA FIXA REFERENCIADO DI;51.415.957/0001-30;150189.2210483447;Joinville/SC;127491.5311584678
Dois fundos e Um fundo;BANCO BTG PACTUAL S A;30.306.294/0001-45;2026-11-17;DI de um dia;100% do DI1 + 2,1306%;;432348445.8899997;149961.5455895826;0.03468534396622687;28;1;MAG CASH FUNDO DE  INVESTIMENTO RENDA FIXA LONGO PRAZO;44.211.851/0001-59;64291.16793874749;Cabo de Santo Agostinho/PE;44214.60226296019
Dois fundos e Um fundo;BANCO BRADESCO S.A.;60.746.948/0001-12;2025-12-22;DI de um dia;100% do DI1 + 0,4900%;;743313899.6800001;149745.0260740558;0.020145597457349;3;1;XP BANCOS FUNDO DE INVESTIMENTO RENDA FIXA CREDITO PRIVADO;35.377.390/0001-06;104675.4345658559;Uberaba/MG;104675.4345658559
Dois fundos e Um fundo;BANCO BRADESCO S.A.;60.746.948/0001-12;2025-12-29;DI de um dia;100% do DI1 + 0,3300%;;173301981.25;149493.7185769367;0.08626197894488107;3;1;XP BANCOS FUNDO DE INVESTIMENTO RENDA FIXA CREDITO PRIVADO;35.377.390/0001-06;104499.7644807769;Uberaba/MG;104499.7644807769
Dois fundos e Um fundo;BANCO SAFRA S.A.;58.160.789/0001-28;2026-05-18;DI de um dia;100% do DI1 + 0,6900%;;556037538.34;148263.0772900111;0.02666422086045435;7;1;PORTO MASTER REFERENCIADO DI BANCARIO FIF RENDA FIXA CREDITO PRIVADO RESP LIMITADA;51.854.591/0001-03;115815.5172601308;Itu/SP;60696.16859040476
Um fundo;NU FINANCEIRA S.A.;30.680.829/0001-43;2026-01-23;DI de um dia;100% do DI1 + 1,1800%;;10440575.97;147912.0983566486;1.416704392378925;3;1;Porto Seguro FI Referenciado DI Crédito Privado;18.719.154/0001-01;147912.0983566486;Governo do Estado do Amazonas/AM;129834.2452349417
Dois fundos e Um fundo;BANCO BTG PACTUAL S A;30.306.294/0001-45;2026-12-01;DI de um dia;100% do DI1 + 1,0000%;;69210440.25;147874.4750651769;0.2136592030494661;8;3;BTG PACTUAL CAPITAL MARKETS FUNDO DE INVESTIMENTO RENDA FIXA;04.501.865/0001-92;140555.9219923221;Niterói/RJ;99420.38768304283
Dois fundos e Um fundo;BANCO XP S.A;33.264.668/0001-03;2025-07-28;DI de um dia;100% do DI1 + 1,2000%;;206562524.2999999;147635.3506389942;0.07147247601630626;8;3;BTG PACTUAL CAPITAL MARKETS FUNDO DE INVESTIMENTO RENDA FIXA;04.501.865/0001-92;141259.8432026343;Niterói/RJ;99918.29711749115
Um fundo;BANCO BRADESCO S.A.;60.746.948/0001-12;2025-11-03;DI de um dia;114% do DI1;;419359033.9299999;147616.899275769;0.03520060075787218;10;1;INTER CORPORATE FUNDO DE INVESTIMENTO RENDA FIXA CREDITO PRIVADO;36.443.522/0001-05;147616.899275769;Governo do Estado do Paraná/PR;100507.8441614676
Dois fundos e Um fundo;BANCO ABC BRASIL S.A.;28.195.667/0001-06;2025-06-06;DI de um dia;117% do DI1;;35141637.51000001;147564.6323249013;0.4199139333871674;51;2;DAYCOVAL CLASSIC FUNDO DE INVESTIMENTO RENDA FIXA CREDITO PRIVADO;10.783.480/0001-68;147322.3719033932;Governo do Estado do Amazonas/AM;77958.0769042537
Dois fundos;BANCO BTG PACTUAL S A;30.306.294/0001-45;2050-08-16;Taxa Selic;126% do SEL;;16504904.25;146800.2504823016;0.889434123692669;11;1;SPX SEAHAWK ADVISORY FUNDO DE INVESTIMENTO EM COTAS DE FUNDOS DE INVESTIMENTO RENDA FIXA CREDITO PRIVADO LONGO PRAZO;35.648.999/0001-64;146800.2504823016;São José dos Campos/SP;75023.9134574091
Dois fundos;BANCO BTG PACTUAL S A;30.306.294/0001-45;2026-12-07;DI de um dia;100% do DI1 + 1,0000%;;146235413.76;145712.2980208413;0.09964227834714698;3;2;NU RENDA FIXA INSTITUCIONAL REFERENCIADO DI FI EM COTAS DE FUNDO DE INVESTIMENTO RENDA FIXA;51.781.137/0001-61;145712.2980208413;Bento Gonçalves/RS;69757.07784363633
Dois fundos;Banco Volkswagen S/A;59.109.165/0001-49;2024-12-12;DI de um dia;100% do DI1 + 0,5800%;;60410464.39999999;144836.0101080247;0.2397531810863297;64;1;Sicredi Executive;21.170.347/0001-52;143565.4329419767;Pelotas/RS;17695.89194955958
Um fundo;PARANA BANCO S.A.;14.388.334/0001-99;2024-08-01;DI de um dia;100% do DI1 + 1,1000%;;4637162.54;144498.6904675279;3.116101478459883;10;1;INTER CORPORATE FUNDO DE INVESTIMENTO RENDA FIXA CREDITO PRIVADO;36.443.522/0001-05;144498.6904675279;Governo do Estado do Paraná/PR;98384.75089437395
Um fundo;BANCO DAYCOVAL S.A.;62.232.889/0001-90;2026-05-29;DI de um dia;100% do DI1 + 0,5500%;;9991475.870000001;144141.0883864718;1.442640609474562;3;1;MAG HIGH GRADE FUNDO DE INVESTIMENTO RENDA FIXA CREDITO PRIVADO LONGO PRAZO;50.223.269/0001-05;144141.0883864718;Tatuí/SP;122696.4214914977
Dois fundos;BANCO DAYCOVAL S.A.;62.232.889/0001-90;2025-02-17;DI de um dia;100% do DI1 + 1,3702%;;110828659.82;144030.5895774607;0.129957891588137;64;1;Sicredi Executive;21.170.347/0001-52;142767.0779811867;Pelotas/RS;17597.48662430803
Dois fundos e Um fundo;BANCO DAYCOVAL S.A.;62.232.889/0001-90;2024-10-20;DI de um dia;100% do DI1 + 0,7606%;;584188592.9600003;143828.6770705855;0.02462024743445025;3;1;XP BANCOS FUNDO DE INVESTIMENTO RENDA FIXA CREDITO PRIVADO;35.377.390/0001-06;100539.7619547653;Uberaba/MG;100539.7619547653
Dois fundos;BANCO BTG PACTUAL S A;30.306.294/0001-45;2026-03-09;DI de um dia;100% do DI1 + 0,7900%;;8069794.56;141744.9161355802;1.756487294461932;23;1;BRA1 FUNDO DE INVESTIMENTO RENDA FIXA;10.883.252/0001-60;130018.8584027422;Uberlândia/MG;35722.33631883623
Um fundo;BANCO BTG PACTUAL S/A;07.810.517/0001-95;2025-10-23;DI de um dia;100% do DI1 + 0,8400%;;2684724.08;141698.0351372102;5.277936611542225;6;1;DAYCOVAL CLASSIC TITULOS BANCARIOS FUNDO DE INVESTIMENTO RENDA FIXA CREDITO PRIVADO;50.235.197/0001-16;141698.0351372102;Mairiporã/SP;54628.48046086938
Dois fundos;BANCO PAN S.A.;59.285.411/0001-13;2026-03-09;DI de um dia;100% do DI1 + 0,9400%;;94198549.33999999;141541.7834665862;0.1502589843031507;23;1;BRA1 FUNDO DE INVESTIMENTO RENDA FIXA;10.883.252/0001-60;129832.5301840876;Uberlândia/MG;35671.14313521472
Um fundo;BR PARTNERS BANCO INVESTIMENTO SA;13.220.493/0001-17;2024-12-16;DI de um dia;100% do DI1 + 1,3000%;;6426250.36;141383.0253497803;2.200085857684828;4;1;BTG PACTUAL CAPITAL MARKETS FUNDO DE INVESTIMENTO RENDA FIXA;04.501.865/0001-92;141383.0253497803;Niterói/RJ;100005.4283934367
Um fundo;BANCO BRADESCO S.A.;60.746.948/0001-12;2026-06-14;DI de um dia;100% do DI1 + 2,2500%;;161740799.62;141110.3254148331;0.08724473091907735;18;1;CLARITAS FUNDO DE INVESTIMENTOS RENDA FIXA CREDITO PRIVADO LONGO PRAZO;11.447.136/0001-60;141110.3254148331;Porto Feliz/SP;22524.0209367351
Dois fundos;BANCO DAYCOVAL S.A.;62.232.889/0001-90;2025-10-28;DI de um dia;100% do DI1 + 1,6000%;;42228443.95;140808.5237441894;0.3334447367061685;94;2;Itaú High Grade FIC Renda Fixa Crédito Privado;09.093.883/0001-04;123807.0332509059;Santos/SP;15702.85256367226
Dois fundos;BANCO ABC BRASIL S.A.;28.195.667/0001-06;2025-12-29;DI de um dia;100% do DI1 + 1,1500%;;123395742.13;140686.4003279934;0.1140123620957499;88;1;Itaú High Grade FIC Renda Fixa Crédito Privado;09.093.883/0001-04;140686.4003279934;Santos/SP;17843.71811565145
Dois fundos e Um fundo;BANCO XP S.A;33.264.668/0001-03;2025-08-01;DI de um dia;100% do DI1 + 1,2024%;;39030934.84;140537.7346832235;0.3600675598966092;3;1;XP BANCOS FUNDO DE INVESTIMENTO RENDA FIXA CREDITO PRIVADO;35.377.390/0001-06;98239.31276082716;Uberaba/MG;98239.31276082716
Um fundo;BANCO BTG PACTUAL S A;30.306.294/0001-45;2026-11-17;DI de um dia;100% do DI1 + 0,6900%;;432348445.8899997;140394.8978095979;0.03247262691567946;6;1;DAYCOVAL CLASSIC TITULOS BANCARIOS FUNDO DE INVESTIMENTO RENDA FIXA CREDITO PRIVADO;50.235.197/0001-16;140394.8978095979;Mairiporã/SP;54126.08526554882
Um fundo;BANCO PAN S.A.;59.285.411/0001-13;2026-05-20;DI de um dia;100% do DI1 + 0,8400%;;117351434.82;139683.617259111;0.1190301741715944;25;1;DAYCOVAL CLASSIC FUNDO DE INVESTIMENTO RENDA FIXA CREDITO PRIVADO;10.783.480/0001-68;139683.617259111;Governo do Estado do Amazonas/AM;73915.9031711144
Dois fundos;BANCO XP S.A;33.264.668/0001-03;2025-09-25;DI de um dia;100% do DI1 + 1,0900%;;2181891.02;139011.7231170037;6.371157947063905;20;1;BTG FIC Corporativo I Crédito Privado;14.171.644/0001-57;139011.7231170037;São José dos Campos/SP;30395.29214036249
Dois fundos;BANCO CSF S.A.;08.357.240/0001-50;2024-07-29;DI de um dia;100% do DI1 + 1,3000%;;51998958.32;138217.2165384359;0.2658076642379091;94;2;Itaú High Grade FIC Renda Fixa Crédito Privado;09.093.883/0001-04;126362.4422268929;Santos/SP;16026.96347511366
Dois fundos e Um fundo;BANCO ALFA DE INVESTIMENTOS S/A;60.770.336/0001-65;2025-08-01;DI de um dia;100% do DI1 + 1,0000%;;111374444.11;137932.5224571382;0.1238457561421432;8;3;BTG PACTUAL CAPITAL MARKETS FUNDO DE INVESTIMENTO RENDA FIXA;04.501.865/0001-92;121291.5407656743;Niterói/RJ;85793.98032233502
Dois fundos e Um fundo;BANCO CITIBANK S.A.;33.479.023/0001-80;2025-10-02;DI de um dia;100% do DI1 + 0,9000%;;190808870.28;136947.2983744708;0.07177197693876036;8;3;BTG PACTUAL CAPITAL MARKETS FUNDO DE INVESTIMENTO RENDA FIXA;04.501.865/0001-92;112043.16657067;Niterói/RJ;79252.26415077872
Dois fundos e Um fundo;BANCO ABC BRASIL S.A.;28.195.667/0001-06;2024-08-26;DI de um dia;100% do DI1 + 1,3000%;;331775485.98;135028.9492076022;0.04069889274934014;223;3;Itaú High Grade FIC Renda Fixa Crédito Privado;09.093.883/0001-04;91337.50144687797;Santos/SP;12755.34726950895
Dois fundos e Um fundo;BANCO BOCOM BBM S.A.;15.114.366/0001-69;2024-11-18;DI de um dia;100% do DI1 + 1,0000%;;122987967.71;134731.7033221036;0.1095486866160719;8;3;BTG PACTUAL CAPITAL MARKETS FUNDO DE INVESTIMENTO RENDA FIXA;04.501.865/0001-92;117702.4698632684;Niterói/RJ;83255.2980990516
Dois fundos e Um fundo;BANCO PAN S.A.;59.285.411/0001-13;2026-03-23;DI de um dia;100% do DI1 + 0,9200%;;315770178.59;134648.247325386;0.04264121707965811;14;5;BTG PACTUAL CAPITAL MARKETS FUNDO DE INVESTIMENTO RENDA FIXA;04.501.865/0001-92;61915.22432289301;Niterói/RJ;43794.92175364081
Um fundo;BANCO BRADESCO S.A.;60.746.948/0001-12;2024-06-17;DI de um dia;107% do DI1;;96180345.57000004;134087.1701782727;0.1394122358197227;4;1;QUARTZO CASH FUNDO DE INVESTIMENTO FINANCEIRO;47.262.058/0001-77;134087.1701782727;Ipiranga/PR;39965.81579035935
Dois fundos e Um fundo;BANCO JOHN DEERE S.A.;91.884.981/0001-32;2026-08-24;DI de um dia;100% do DI1 + 1,3000%;;20900961.47;133571.7085040196;0.6390696844053824;7;2;PORTO SEGURO CLASSICO RENDA FIXA FUNDO DE INVESTIMENTO EM COTAS DE FUNDOS DE INVESTIMENTO LONGO PRAZO;02.603.461/0001-84;103960.7965556298;São José dos Campos/SP;85047.83096141777
Dois fundos e Um fundo;BANCO GMAC S/A;59.274.605/0001-13;2024-06-09;DI de um dia;100% do DI1 + 0,3878%;;259568558.36;132776.7419853095;0.0511528602786934;28;1;MAG CASH FUNDO DE  INVESTIMENTO RENDA FIXA LONGO PRAZO;44.211.851/0001-59;56923.73857428604;Cabo de Santo Agostinho/PE;39147.84162547311
Um fundo;BANCO BRADESCO S.A.;60.746.948/0001-12;2026-06-15;DI de um dia;100% do DI1 + 2,5000%;;37539338.20999999;131917.3840891849;0.3514110540554063;25;1;DAYCOVAL CLASSIC FUNDO DE INVESTIMENTO RENDA FIXA CREDITO PRIVADO;10.783.480/0001-68;131917.3840891849;Governo do Estado do Amazonas/AM;69806.2720614925
Um fundo;BANCO BRADESCO S.A.;60.746.948/0001-12;2026-06-16;DI de um dia;100% do DI1 + 2,5000%;;234610802.74;131894.4152519681;0.05621838965281404;25;1;DAYCOVAL CLASSIC FUNDO DE INVESTIMENTO RENDA FIXA CREDITO PRIVADO;10.783.480/0001-68;131894.4152519681;Governo do Estado do Amazonas/AM;69794.11772026785
Dois fundos e Um fundo;BANCO VOTORANTIM S/A;59.588.111/0001-03;2025-06-30;DI de um dia;100% do DI1 + 0,9221%;;158894706.68;131613.5560676075;0.08283067373204925;30;2;MAG CASH FUNDO DE  INVESTIMENTO RENDA FIXA LONGO PRAZO;44.211.851/0001-59;50147.78642495722;Cabo de Santo Agostinho/PE;34487.85427665314
Dois fundos e Um fundo;ITAU UNIBANCO S.A.;60.701.190/0001-04;2026-07-01;DI de um dia;100% do DI1 + 0,6024%;;3127945706.33;130683.9971678481;0.004177949665282997;28;1;MAG CASH FUNDO DE  INVESTIMENTO RENDA FIXA LONGO PRAZO;44.211.851/0001-59;56026.54184306151;Cabo de Santo Agostinho/PE;38530.81757855402
Dois fundos e Um fundo;BANCO CITIBANK S.A.;33.479.023/0001-80;2026-01-12;DI de um dia;100% do DI1 + 0,7100%;;125231423.96;129845.6373238935;0.1036845491474786;8;3;BTG PACTUAL CAPITAL MARKETS FUNDO DE INVESTIMENTO RENDA FIXA;04.501.865/0001-92;114794.6412461366;Niterói/RJ;81198.48367008085
Um fundo;BANCO BRADESCO S.A.;60.746.948/0001-12;2024-08-01;DI de um dia;100% do DI1 + 0,7500%;;176308845.96;129376.5318916371;0.07338062431705175;10;1;INTER CORPORATE FUNDO DE INVESTIMENTO RENDA FIXA CREDITO PRIVADO;36.443.522/0001-05;129376.5318916371;Governo do Estado do Paraná/PR;88088.53437047006
Dois fundos;BANCO ABC BRASIL S.A.;28.195.667/0001-06;2026-05-18;DI de um dia;100% do DI1 + 0,9000%;;20966552.51;129327.0831612374;0.6168256946369929;88;1;Itaú High Grade FIC Renda Fixa Crédito Privado;09.093.883/0001-04;129327.0831612374;Santos/SP;16402.97861959978
Um fundo;BANCO PAN S.A.;59.285.411/0001-13;2024-08-02;DI de um dia;123% do DI1;;1874894.2;129245.8139158506;6.893499052685242;10;1;INTER CORPORATE FUNDO DE INVESTIMENTO RENDA FIXA CREDITO PRIVADO;36.443.522/0001-05;129245.8139158506;Governo do Estado do Paraná/PR;87999.53248786778
Um fundo;HAITONG BANCO DE INVESTIMENTO DO BRASIL SA;34.111.187/0001-12;2024-06-10;DI de um dia;100% do DI1 + 1,6000%;;2615569.15;126212.9645489791;4.825449350057487;10;1;INTER CORPORATE FUNDO DE INVESTIMENTO RENDA FIXA CREDITO PRIVADO;36.443.522/0001-05;126212.9645489791;Governo do Estado do Paraná/PR;85934.55786080113
Dois fundos;BANCO VOTORANTIM S/A;59.588.111/0001-03;2024-11-11;DI de um dia;100% do DI1 + 0,7826%;;73550576.43;125510.9691380685;0.1706457994350602;8;1;BB ESPELHO SULAMERICA CREDITO ASG FIC DE FIF RENDA FIXA CREDITO PRIVADO IS RESPONSABILIDADE LIMITADA;51.681.664/0001-02;125510.9691380685;Aracaju/SE;67362.98243075468
Dois fundos e Um fundo;BANCO PAN S.A.;59.285.411/0001-13;2024-07-01;DI de um dia;100% do DI1 + 0,5314%;;205883126.33;124450.8331180457;0.06044732044653799;28;1;MAG CASH FUNDO DE  INVESTIMENTO RENDA FIXA LONGO PRAZO;44.211.851/0001-59;53354.27412842783;Cabo de Santo Agostinho/PE;36693.03397730966
Dois fundos;ITAU UNIBANCO HOLDING SA;60.872.504/0001-23;2024-09-16;DI de um dia;114% do DI1;;26710858.77;123699.3697024271;0.4631051766907571;62;2;SAFRA EXTRA BANCOS FUNDO DE INVESTIMENTO EM COTAS DE FUNDO DE INVESTIMENTO RENDA FIXA CREDITO PRIVADO;20.441.483/0001-77;123544.0878859662;Governo do Estado do Paraná/PR;30454.11707066694
Um fundo;BANCO BRADESCO S.A.;60.746.948/0001-12;2025-01-23;DI de um dia;113% do DI1;;62987724.81;123049.5474846006;0.1953548058066467;10;1;INTER CORPORATE FUNDO DE INVESTIMENTO RENDA FIXA CREDITO PRIVADO;36.443.522/0001-05;123049.5474846006;Governo do Estado do Paraná/PR;83780.68367102888
Dois fundos;BANCO XP S.A;33.264.668/0001-03;2024-10-07;Índice de Preços ao Consumidor Amplo (IPCA/IBGE);100% do IAP + 4,7000%;;7795658.9;122680.9700501104;1.573708799010054;3;1;PORTO SEGURO IMA-B5 FUNDO DE INVESTIMENTO EM COTAS DE FUNDOS DE INVESTIMENTO RENDA FIXA LONGO PRAZO;24.011.864/0001-77;122680.9700501104;Campinas/SP;69054.0843134786
Um fundo;BANCO SOFISA;60.889.128/0001-80;2024-07-12;DI de um dia;100% do DI1 + 2,0000%;;11577189.49;122190.0673161265;1.055438087298047;6;1;DAYCOVAL CLASSIC TITULOS BANCARIOS FUNDO DE INVESTIMENTO RENDA FIXA CREDITO PRIVADO;50.235.197/0001-16;122190.0673161265;Mairiporã/SP;47107.62360556156
Dois fundos e Um fundo;BANCO PAN S.A.;59.285.411/0001-13;2026-03-09;DI de um dia;100% do DI1 + 0,9700%;;94198549.33999999;122152.4282027054;0.1296754876360237;3;1;XP BANCOS FUNDO DE INVESTIMENTO RENDA FIXA CREDITO PRIVADO;35.377.390/0001-06;85387.53400109104;Uberaba/MG;85387.53400109104
Dois fundos;BANCO SAFRA S.A.;58.160.789/0001-28;2028-05-17;DI de um dia;100% do DI1 + 2,0000%;;205269453.65;122037.3948164204;0.05945229192479047;88;1;Itaú High Grade FIC Renda Fixa Crédito Privado;09.093.883/0001-04;122037.3948164204;Santos/SP;15478.40351018902
Um fundo;BANCO ABC BRASIL S.A.;28.195.667/0001-06;2025-12-15;DI de um dia;100% do DI1 + 0,8534%;;24853243.61;122019.747704161;0.4909610577150778;3;1;MAG HIGH GRADE FUNDO DE INVESTIMENTO RENDA FIXA CREDITO PRIVADO LONGO PRAZO;50.223.269/0001-05;122019.747704161;Tatuí/SP;103866.1950050952
Dois fundos;BANCO DAYCOVAL S.A.;62.232.889/0001-90;2026-02-02;DI de um dia;100% do DI1 + 0,5900%;;10707362.93;121129.6852428976;1.131274675518051;139;1;SANTANDER FUNDO DE INVESTIMENTO EM COTAS DE FUNDOS DE INVESTIMENTO INSTITUCIONAL RENDA FIXA REFERENC;02.224.354/0001-45;121129.6852428976;Governo do Estado do Amazonas/AM;9117.893474989307
Dois fundos e Um fundo;BANCO FIDIS DE INVESTIMENTO S.A.;62.237.425/0001-76;2024-11-29;DI de um dia;100% do DI1 + 0,9000%;;120940056.01;120957.1015063399;0.100014094169378;8;3;BTG PACTUAL CAPITAL MARKETS FUNDO DE INVESTIMENTO RENDA FIXA;04.501.865/0001-92;101363.4389575317;Niterói/RJ;71698.09891464227
Um fundo;BANCO SAFRA S.A.;58.160.789/0001-28;2025-04-11;DI de um dia;100% do DI1 + 1,0700%;;48090892.79999999;119792.6954842937;0.249096426598871;3;1;Porto Seguro FI Referenciado DI Crédito Privado;18.719.154/0001-01;119792.6954842937;Governo do Estado do Amazonas/AM;105151.6027131217
Um fundo;BANCO BRADESCO S.A.;60.746.948/0001-12;2026-06-24;DI de um dia;100% do DI1 + 0,7576%;;2518851326.48;119669.2405169363;0.004750944974754409;3;1;MAG HIGH GRADE FUNDO DE INVESTIMENTO RENDA FIXA CREDITO PRIVADO LONGO PRAZO;50.223.269/0001-05;119669.2405169363;Tatuí/SP;101865.3857716499
Dois fundos e Um fundo;BANCO BMG S.A.;61.186.680/0001-74;2024-08-30;DI de um dia;115% do DI1;;76401460.03;118915.0755008041;0.1556450301527099;46;2;SAFRA DI MASTER FUNDO DE INVESTIMENTO RENDA FIXA REFERENCIADO DI LONGO PRAZO;02.536.364/0001-16;107113.3468283606;Governo do Estado do Amazonas/AM;57815.55172015359
Dois fundos e Um fundo;BANCO ABC BRASIL S.A.;28.195.667/0001-06;2025-09-01;DI de um dia;100% do DI1 + 1,0020%;;40751717.37;118715.5345183311;0.291314187916226;3;1;XP BANCOS FUNDO DE INVESTIMENTO RENDA FIXA CREDITO PRIVADO;35.377.390/0001-06;82985.06128195977;Uberaba/MG;82985.06128195977
Dois fundos e Um fundo;ITAU UNIBANCO S.A.;60.701.190/0001-04;2024-07-01;DI de um dia;100% do DI1 + 0,6710%;;1910119916.23;117944.0403974667;0.006174692981069617;8;3;BTG PACTUAL CAPITAL MARKETS FUNDO DE INVESTIMENTO RENDA FIXA;04.501.865/0001-92;112084.6729504439;Niterói/RJ;79281.62314405308
Dois fundos e Um fundo;BANCO CSF S.A.;08.357.240/0001-50;2024-10-10;DI de um dia;100% do DI1 + 1,3000%;;40644799.07;116840.2948456611;0.2874667793151944;7;2;BTG PACTUAL CAPITAL MARKETS FUNDO DE INVESTIMENTO RENDA FIXA;04.501.865/0001-92;112435.0548839928;Niterói/RJ;79529.46120862407
Dois fundos e Um fundo;BANCO PAN S.A.;59.285.411/0001-13;2024-09-19;DI de um dia;100% do DI1 + 0,9620%;;31401835.07;116349.4407043552;0.3705179663704132;28;1;MAG CASH FUNDO DE  INVESTIMENTO RENDA FIXA LONGO PRAZO;44.211.851/0001-59;49881.06385869816;Cabo de Santo Agostinho/PE;34304.42267072965
Dois fundos e Um fundo;BANCO BRADESCO S.A.;60.746.948/0001-12;2025-12-29;DI de um dia;100% do DI1 + 1,3000%;;173301981.25;116011.2320473422;0.06694166518499756;58;4;SAFRA EXTRA BANCOS FUNDO DE INVESTIMENTO EM COTAS DE FUNDO DE INVESTIMENTO RENDA FIXA CREDITO PRIVADO;20.441.483/0001-77;108939.1152672109;Governo do Estado do Paraná/PR;26853.93228192981
Um fundo;BANCO BRADESCO S.A.;60.746.948/0001-12;2025-01-20;DI de um dia;111% do DI1;;40906513.42000001;115948.1922017292;0.2834467729167058;10;1;INTER CORPORATE FUNDO DE INVESTIMENTO RENDA FIXA CREDITO PRIVADO;36.443.522/0001-05;115948.1922017292;Governo do Estado do Paraná/PR;78945.58746180234
Dois fundos;BANCO BRADESCO S.A.;60.746.948/0001-12;2025-03-21;Índice de Preços ao Consumidor Amplo (IPCA/IBGE);100% do IAP + 6,1500%;;1103008579.51;115013.283996267;0.01042723385228431;3;1;PORTO SEGURO IMA-B5 FUNDO DE INVESTIMENTO EM COTAS DE FUNDOS DE INVESTIMENTO RENDA FIXA LONGO PRAZO;24.011.864/0001-77;115013.283996267;Campinas/SP;64738.13344485478
Dois fundos;ITAU UNIBANCO HOLDING SA;60.872.504/0001-23;2024-11-08;DI de um dia;100% do DI1 + 0,4101%;;5932198.13;114344.7367855758;1.927527272012673;51;1;BNB PLUS FIC FI RF LP;06.124.241/0001-29;114341.538697561;Governo do Estado da Paraíba/PB;29862.43911553067
Dois fundos e Um fundo;BANCO BRADESCO S.A.;60.746.948/0001-12;2025-12-24;DI de um dia;100% do DI1 + 0,7026%;;2365188027.93;114236.5270369286;0.004829913126902971;3;1;XP BANCOS FUNDO DE INVESTIMENTO RENDA FIXA CREDITO PRIVADO;35.377.390/0001-06;79854.12553850697;Uberaba/MG;79854.12553850697
Um fundo;BANCO BRADESCO S.A.;60.746.948/0001-12;2032-03-17;DI de um dia;100% do DI1 + 2,2500%;;177727863.78;114231.8811208925;0.0642734789533588;3;1;Porto Seguro FI Referenciado DI Crédito Privado;18.719.154/0001-01;114231.8811208925;Governo do Estado do Amazonas/AM;100270.4324519645
Dois fundos;BANCO BRADESCO S.A.;60.746.948/0001-12;2025-01-27;Índice de Preços ao Consumidor Amplo (IPCA/IBGE);100% do IAP + 6,9500%;;204172237.83;114130.4901887857;0.05589912291788375;3;1;PORTO SEGURO IMA-B5 FUNDO DE INVESTIMENTO EM COTAS DE FUNDOS DE INVESTIMENTO RENDA FIXA LONGO PRAZO;24.011.864/0001-77;114130.4901887857;Campinas/SP;64241.23064087197
Um fundo;PORTOSEG SA CRE;04.862.600/0001-10;2028-04-14;DI de um dia;100% do DI1 + 3,2500%;;19798097.5;113527.828339193;0.5734279687186763;3;1;Porto Seguro FI Referenciado DI Crédito Privado;18.719.154/0001-01;113527.828339193;Governo do Estado do Amazonas/AM;99652.42917479444
Dois fundos e Um fundo;BANCO DAYCOVAL S.A.;62.232.889/0001-90;2024-10-25;DI de um dia;100% do DI1 + 0,6546%;;20724240;111395.7773806895;0.5375144149107015;28;1;MAG CASH FUNDO DE  INVESTIMENTO RENDA FIXA LONGO PRAZO;44.211.851/0001-59;47757.3407442044;Cabo de Santo Agostinho/PE;32843.88655302438
Dois fundos e Um fundo;BANCO ABC BRASIL S.A.;28.195.667/0001-06;2024-06-03;DI de um dia;100% do DI1 + 0,3903%;;42716809.26000001;110463.223095505;0.2585942747342385;3;1;XP BANCOS FUNDO DE INVESTIMENTO RENDA FIXA CREDITO PRIVADO;35.377.390/0001-06;77216.49382430076;Uberaba/MG;77216.49382430076
Dois fundos e Um fundo;BANCO CNH CAPITAL S.A.;02.992.446/0001-75;2025-11-05;DI de um dia;100% do DI1 + 0,9018%;;324546306.8100002;110226.8891269671;0.03396337804931406;33;3;MAG CASH FUNDO DE  INVESTIMENTO RENDA FIXA LONGO PRAZO;44.211.851/0001-59;25508.19647241502;Tatuí/SP;19811.70110750756
Dois fundos;BANCO PAN S.A.;59.285.411/0001-13;2025-06-02;DI de um dia;100% do DI1 + 1,4904%;;95167739.73;110081.0520808724;0.1156705543214359;64;1;Sicredi Executive;21.170.347/0001-52;109115.3635681594;Pelotas/RS;13449.57239476614
Um fundo;HAITONG BANCO DE INVESTIMENTO DO BRASIL SA;34.111.187/0001-12;2024-12-11;DI de um dia;100% do DI1 + 1,8000%;;699461;109408.0776393137;15.64176953959029;3;1;INTEGRAL FUNDO DE INVESTIMENTO FINANCEIRO RENDA FIXA;15.174.629/0001-25;109408.0776393137;Louveira/SP;53282.06229774445
Um fundo;PORTOSEG SA CRE;04.862.600/0001-10;2028-01-20;DI de um dia;100% do DI1 + 3,5000%;;11547156.57;109022.8149075983;0.9441529111231087;3;1;Porto Seguro FI Referenciado DI Crédito Privado;18.719.154/0001-01;109022.8149075983;Governo do Estado do Amazonas/AM;95698.01959530191
Um fundo;Banco Volkswagen S/A;59.109.165/0001-49;2025-01-02;DI de um dia;100% do DI1 + 0,9519%;;63732083.71;108707.4135442907;0.1705693697995845;4;1;RIO BRAVO CRÉDITO PRIVADO FI RENDA FIXA;09.543.255/0001-75;108707.4135442907;São Pedro da Aldeia/RJ;67664.65466999308
Dois fundos e Um fundo;BANCO TOYOTA DO BRASIL S.A.;03.215.790/0001-10;2024-10-28;DI de um dia;100% do DI1 + 0,8283%;;614081799.7300001;108465.9427821656;0.01766310983811212;30;2;MAG CASH FUNDO DE  INVESTIMENTO RENDA FIXA LONGO PRAZO;44.211.851/0001-59;32810.87685013777;Tatuí/SP;27182.44852507208
Um fundo;BANCO ABC BRASIL S.A.;28.195.667/0001-06;2024-09-02;DI de um dia;100% do DI1 + 1,0000%;;39031034.99;108020.1864355574;0.2767546042866475;10;1;INTER CORPORATE FUNDO DE INVESTIMENTO RENDA FIXA CREDITO PRIVADO;36.443.522/0001-05;108020.1864355574;Governo do Estado do Paraná/PR;73547.6501526801
Dois fundos e Um fundo;Banco Volkswagen S/A;59.109.165/0001-49;2024-06-06;DI de um dia;100% do DI1 + 0,8001%;;28447242;107551.2327313535;0.3780726185383931;3;1;XP BANCOS FUNDO DE INVESTIMENTO RENDA FIXA CREDITO PRIVADO;35.377.390/0001-06;75180.94136015148;Uberaba/MG;75180.94136015148
Dois fundos e Um fundo;BANCO BTG PACTUAL S A;30.306.294/0001-45;2027-03-05;DI de um dia;100% do DI1 + 0,9100%;;790127293.1200001;106957.0046719821;0.01353668017840995;28;1;MAG CASH FUNDO DE  INVESTIMENTO RENDA FIXA LONGO PRAZO;44.211.851/0001-59;45854.36034656;Cabo de Santo Agostinho/PE;31535.16057877827
Dois fundos e Um fundo;BANCO JOHN DEERE S.A.;91.884.981/0001-32;2024-09-23;DI de um dia;100% do DI1 + 0,5324%;;436297654.4299999;106142.8171179638;0.02432807420352369;28;1;MAG CASH FUNDO DE  INVESTIMENTO RENDA FIXA LONGO PRAZO;44.211.851/0001-59;45505.30373632544;Cabo de Santo Agostinho/PE;31295.10584523412
Dois fundos;BANCO XP S.A;33.264.668/0001-03;2024-06-24;Índice de Preços ao Consumidor Amplo (IPCA/IBGE);100% do IAP + 4,0500%;;1860012.76;106101.065356545;5.704319219645839;3;1;PORTO SEGURO IMA-B5 FUNDO DE INVESTIMENTO EM COTAS DE FUNDOS DE INVESTIMENTO RENDA FIXA LONGO PRAZO;24.011.864/0001-77;106101.065356545;Campinas/SP;59721.66595917921
Dois fundos e Um fundo;BANCO ABC BRASIL S.A.;28.195.667/0001-06;2024-07-08;DI de um dia;100% do DI1 + 0,6701%;;70466398.24;105993.2080853704;0.1504166677064583;3;1;XP BANCOS FUNDO DE INVESTIMENTO RENDA FIXA CREDITO PRIVADO;35.377.390/0001-06;74091.84403813459;Uberaba/MG;74091.84403813459
Dois fundos e Um fundo;Banco Volkswagen S/A;59.109.165/0001-49;2027-10-06;DI de um dia;100% do DI1 + 1,2500%;;323431563.4299999;105830.056567386;0.03272100454422429;3;2;INTEGRAL FUNDO DE INVESTIMENTO FINANCEIRO RENDA FIXA;15.174.629/0001-25;105830.056567386;Louveira/SP;51539.55529304601
Dois fundos e Um fundo;ITAU UNIBANCO S.A.;60.701.190/0001-04;2025-01-02;DI de um dia;100% do DI1 + 0,6960%;;1421236759.26;105736.7432862535;0.00743976980593352;38;2;SAFRA EXTRA BANCOS FUNDO DE INVESTIMENTO EM COTAS DE FUNDO DE INVESTIMENTO RENDA FIXA CREDITO PRIVADO;20.441.483/0001-77;101702.1374939344;Governo do Estado do Paraná/PR;25069.98800651771
Dois fundos;BANCO ABC BRASIL S.A.;28.195.667/0001-06;2050-04-16;DI de um dia;100% do DI1 + 2,6000%;;2189750.44;105327.6152185266;4.810028270551533;11;1;SPX SEAHAWK ADVISORY FUNDO DE INVESTIMENTO EM COTAS DE FUNDOS DE INVESTIMENTO RENDA FIXA CREDITO PRIVADO LONGO PRAZO;35.648.999/0001-64;105327.6152185266;São José dos Campos/SP;53828.85834913962
Um fundo;ITAU UNIBANCO S.A.;60.701.190/0001-04;2026-05-04;DI de um dia;100% do DI1 + 0,5977%;;2275983495.279998;105169.5601885936;0.004620840195313252;4;1;VINCI INSTITUCIONAL FUNDO DE INVESTIMENTO EM RENDA FIXA REFERENCIADO DI;51.415.957/0001-30;105169.5601885936;Joinville/SC;89275.56961887726
Um fundo;ITAU UNIBANCO S.A.;60.701.190/0001-04;2026-05-04;DI de um dia;100% do DI1 + 0,7710%;;2275983495.279998;105169.5601885936;0.004620840195313252;4;1;VINCI INSTITUCIONAL FUNDO DE INVESTIMENTO EM RENDA FIXA REFERENCIADO DI;51.415.957/0001-30;105169.5601885936;Joinville/SC;89275.56961887726
Dois fundos e Um fundo;BANCO BRADESCO S.A.;60.746.948/0001-12;2025-06-24;DI de um dia;100% do DI1 + 0,4036%;;2108842701.160001;105107.4093379173;0.004984127516011572;3;1;XP BANCOS FUNDO DE INVESTIMENTO RENDA FIXA CREDITO PRIVADO;35.377.390/0001-06;73472.64905544657;Uberaba/MG;73472.64905544657
Dois fundos;BANCO DAYCOVAL S.A.;62.232.889/0001-90;2024-12-23;DI de um dia;100% do DI1 + 1,1884%;;40395343.42000001;104387.5142140867;0.2584147215404135;64;1;Sicredi Executive;21.170.347/0001-52;103471.7723907514;Pelotas/RS;12753.94269034236
Dois fundos e Um fundo;BANCO VOTORANTIM S/A;59.588.111/0001-03;2025-06-03;DI de um dia;100% do DI1 + 1,2525%;;540477304.6600001;102740.1749069575;0.01900915617013532;3;1;XP BANCOS FUNDO DE INVESTIMENTO RENDA FIXA CREDITO PRIVADO;35.377.390/0001-06;71817.89430815079;Uberaba/MG;71817.89430815079
Dois fundos;BANCO XP S.A;33.264.668/0001-03;2025-07-14;OUTROS;100% do OUT + 7,1000%;;2775092.39;101158.0250709546;3.645212874190276;3;1;PORTO SEGURO IMA-B5 FUNDO DE INVESTIMENTO EM COTAS DE FUNDOS DE INVESTIMENTO RENDA FIXA LONGO PRAZO;24.011.864/0001-77;101158.0250709546;Campinas/SP;56939.35081684983
Dois fundos e Um fundo;BANCO SANTANDER;90.400.888/0001-42;2024-07-29;DI de um dia;100% do DI1 + 0,2926%;;2161637944.61;100441.1101227481;0.004646527896736635;3;1;XP BANCOS FUNDO DE INVESTIMENTO RENDA FIXA CREDITO PRIVADO;35.377.390/0001-06;70210.79181071518;Uberaba/MG;70210.79181071518
Dois fundos e Um fundo;BANCO BRADESCO S.A.;60.746.948/0001-12;2025-08-04;DI de um dia;108,75% do DI1 + 1,8644%;;238231210.37;99188.44729091447;0.04163537058677728;64;1;BRADESCO FIC DE FI RENDA FIXA CREDITO PRIVADO LONGO PRAZO PERFORMANCE INSTITUCIONAL;44.961.198/0001-45;97273.3272281515;Governo do Estado do Amazonas/AM;14105.42553962685
Dois fundos e Um fundo;PORTOSEG SA CRE;04.862.600/0001-10;2050-02-28;DI de um dia;100% do DI1 + 2,7000%;;34382901.74;99036.31983268591;0.2880394464131866;6;2;NU RENDA FIXA INSTITUCIONAL REFERENCIADO DI FI EM COTAS DE FUNDO DE INVESTIMENTO RENDA FIXA;51.781.137/0001-61;81086.87748663216;Bento Gonçalves/RS;38818.84852384502
Dois fundos;BANCO AGIPLAN S.A.;10.664.513/0001-50;2026-05-25;DI de um dia;100% do DI1 + 1,6500%;;19984938.24;98443.97829400853;0.4925908557324045;126;1;BB PREVIDENCIARIO MULTIMERCADO FUNDO DE INVESTIMENTO LONGO PRAZO;10.418.362/0001-50;70591.96287055168;Marabá/PA;8201.390222405276
Dois fundos;BANCO BTG PACTUAL S A;30.306.294/0001-45;2029-08-16;Taxa Selic;126% do SEL + 126,0000%;;16807303.35;98214.18084859403;0.5843541870064126;3;1;BUTIA TOP CREDITO PRIVADO FUNDO DE INVESTIMENTO EM COTAS DE FUNDOS DE INVESTIMENTO RENDA FIXA;22.344.843/0001-48;98214.18084859403;Campinas/SP;84946.12568216768
Dois fundos e Um fundo;ITAU UNIBANCO S.A.;60.701.190/0001-04;2025-07-01;DI de um dia;100% do DI1 + 0,7170%;;1105685605.27;97894.3529808506;0.008853724106948608;8;3;BTG PACTUAL CAPITAL MARKETS FUNDO DE INVESTIMENTO RENDA FIXA;04.501.865/0001-92;82628.76756264981;Niterói/RJ;58446.37485498069
Dois fundos e Um fundo;BANCO SANTANDER;90.400.888/0001-42;2025-01-17;DI de um dia;100% do DI1 + 0,5715%;;996070159.7300001;96930.36629378497;0.009731279001477106;3;1;XP BANCOS FUNDO DE INVESTIMENTO RENDA FIXA CREDITO PRIVADO;35.377.390/0001-06;67756.69603484368;Uberaba/MG;67756.69603484368
Dois fundos e Um fundo;BANCO BRADESCO S.A.;60.746.948/0001-12;2024-06-03;DI de um dia;100% do DI1 + 787,8290%;;200934692.36;96466.7907605665;0.0480090270264201;3;1;XP BANCOS FUNDO DE INVESTIMENTO RENDA FIXA CREDITO PRIVADO;35.377.390/0001-06;67432.64540247245;Uberaba/MG;67432.64540247245
Um fundo;BANCO BRADESCO S.A.;60.746.948/0001-12;2028-03-15;Taxa Selic;120% do SEL + 120,0000%;;10765626.4;96297.54449516395;0.89449086302274;18;1;CLARITAS FUNDO DE INVESTIMENTOS RENDA FIXA CREDITO PRIVADO LONGO PRAZO;11.447.136/0001-60;96297.54449516395;Porto Feliz/SP;15371.00776990521
Dois fundos e Um fundo;BANCO BRADESCO S.A.;60.746.948/0001-12;2026-06-24;DI de um dia;100% do DI1 + 0,7508%;;2518851326.48;95601.17573921983;0.003795427492452239;28;1;MAG CASH FUNDO DE  INVESTIMENTO RENDA FIXA LONGO PRAZO;44.211.851/0001-59;40985.91555873415;Cabo de Santo Agostinho/PE;28187.01250752245
Dois fundos;BANCO VOTORANTIM S/A;59.588.111/0001-03;2025-08-18;Índice de Preços ao Consumidor Amplo (IPCA/IBGE);100% do IAP + 5,5551%;;23326392.08;95436.18996108412;0.4091339527938009;3;1;PORTO SEGURO IMA-B5 FUNDO DE INVESTIMENTO EM COTAS DE FUNDOS DE INVESTIMENTO RENDA FIXA LONGO PRAZO;24.011.864/0001-77;95436.18996108412;Campinas/SP;53718.6713264331
Dois fundos;BANCO RCI BRASIL S.A.;62.307.848/0001-15;2025-10-24;DI de um dia;100% do DI1 + 1,0000%;;31464794.63;95318.39150907412;0.3029366395997167;4;1;PORTO SEGURO CLASSICO RENDA FIXA FUNDO DE INVESTIMENTO EM COTAS DE FUNDOS DE INVESTIMENTO LONGO PRAZO;02.603.461/0001-84;95318.39150907412;São José dos Campos/SP;77977.68694702227
Dois fundos;BANCO SANTANDER;90.400.888/0001-42;2026-11-30;DI de um dia;100% do DI1 + 2,0000%;;7300459966.270001;95133.50864580896;0.00130311664039458;4;1;FI EM COTAS DE FI CORPORATE REFERENCIADO DI;03.069.104/0001-40;82019.20048152722;Senador Canedo/GO;52580.03530104121
Dois fundos e Um fundo;BANCO PAN S.A.;59.285.411/0001-13;2025-12-22;DI de um dia;100% do DI1 + 0,9000%;;29930979.46;94073.81315715257;0.3143024881055883;11;3;BTG PACTUAL CAPITAL MARKETS FUNDO DE INVESTIMENTO RENDA FIXA;04.501.865/0001-92;59023.67788116814;Niterói/RJ;41749.62430786323
Um fundo;BANCO VOTORANTIM S/A;59.588.111/0001-03;2024-06-05;DI de um dia;113% do DI1;;3511085.100000001;93905.33550049596;2.674538862658041;25;1;DAYCOVAL CLASSIC FUNDO DE INVESTIMENTO RENDA FIXA CREDITO PRIVADO;10.783.480/0001-68;93905.33550049596;Governo do Estado do Amazonas/AM;49691.56599968367
Dois fundos e Um fundo;BANCO DO BRASIL;00.000.000/0001-91;2028-08-31;DI de um dia;100% do DI1 + 2,2138%;;20674926.18;93781.14420854069;0.4535984476658514;28;1;MAG CASH FUNDO DE  INVESTIMENTO RENDA FIXA LONGO PRAZO;44.211.851/0001-59;40205.63583880549;Cabo de Santo Agostinho/PE;27650.39513725833
Dois fundos e Um fundo;BANCO BRADESCO S.A.;60.746.948/0001-12;2026-06-30;DI de um dia;100% do DI1 + 2,2626%;;548740762.4999999;93704.90214768526;0.01707635163110108;64;1;BRADESCO FIC DE FI RENDA FIXA CREDITO PRIVADO LONGO PRAZO PERFORMANCE INSTITUCIONAL;44.961.198/0001-45;91895.65779530683;Governo do Estado do Amazonas/AM;13325.61962650327
Dois fundos e Um fundo;BANCO BTG PACTUAL S A;30.306.294/0001-45;2024-12-09;DI de um dia;100% do DI1 + 64,5392%;;57697667.82999999;93691.3069052906;0.1623831784351181;3;1;XP BANCOS FUNDO DE INVESTIMENTO RENDA FIXA CREDITO PRIVADO;35.377.390/0001-06;65492.514325679;Uberaba/MG;65492.514325679
Um fundo;INDUSTRIAL BRAS;31.895.683/0001-16;2024-07-15;DI de um dia;100% do DI1 + 1,5370%;;14203753.99;93163.62815310668;0.6559084888311747;3;1;MAG HIGH GRADE FUNDO DE INVESTIMENTO RENDA FIXA CREDITO PRIVADO LONGO PRAZO;50.223.269/0001-05;93163.62815310668;Tatuí/SP;79303.15994910698
Dois fundos e Um fundo;ITAU UNIBANCO S.A.;60.701.190/0001-04;2025-01-02;DI de um dia;100% do DI1 + 0,7118%;;1421236759.26;92800.10750450665;0.006529531895363105;3;1;XP BANCOS FUNDO DE INVESTIMENTO RENDA FIXA CREDITO PRIVADO;35.377.390/0001-06;64869.54415426405;Uberaba/MG;64869.54415426405
Dois fundos e Um fundo;ITAU UNIBANCO HOLDING SA;60.872.504/0001-23;2027-10-15;DI de um dia;100% do DI1 + 2,0113%;;605908007.1899999;92667.5566539216;0.01529399769507634;28;1;MAG CASH FUNDO DE  INVESTIMENTO RENDA FIXA LONGO PRAZO;44.211.851/0001-59;39728.22115087974;Cabo de Santo Agostinho/PE;27322.06542700569
Um fundo;BANCO SAFRA S.A.;58.160.789/0001-28;2026-09-16;DI de um dia;100% do DI1 + 0,7100%;;41637435.56000001;92479.40378515709;0.2221063870561703;11;2;INTER CORPORATE FUNDO DE INVESTIMENTO RENDA FIXA CREDITO PRIVADO;36.443.522/0001-05;92459.54686127335;Governo do Estado do Paraná/PR;62952.88529135349
Um fundo;BANCO DAYCOVAL S.A.;62.232.889/0001-90;2026-06-17;DI de um dia;100% do DI1 + 1,8000%;;590856.14;92420.35572931898;15.64176953959029;3;1;INTEGRAL FUNDO DE INVESTIMENTO FINANCEIRO RENDA FIXA;15.174.629/0001-25;92420.35572931898;Louveira/SP;45008.99072354972
Dois fundos;BANCO SAFRA S.A.;58.160.789/0001-28;2025-01-27;Índice de Preços ao Consumidor Amplo (IPCA/IBGE);100% do IAP + 6,3700%;;6496167.460000001;91947.0979124259;1.41540529055921;3;1;PORTO SEGURO IMA-B5 FUNDO DE INVESTIMENTO EM COTAS DE FUNDOS DE INVESTIMENTO RENDA FIXA LONGO PRAZO;24.011.864/0001-77;91947.0979124259;Campinas/SP;51754.74769257921
Um fundo;BANCO ABC BRASIL S.A.;28.195.667/0001-06;2025-11-17;DI de um dia;100% do DI1 + 0,8517%;;54057611.26000001;91609.6517980531;0.169466703509039;1;1;BV BANKS RENDA FIXA CREDITO PRIVADO FUNDO DE INVESTIMENTO;10.347.493/0001-94;91609.6517980531;São José dos Campos/SP;91609.6517980531
Dois fundos e Um fundo;BANCO BRADESCO S.A.;60.746.948/0001-12;2026-11-01;DI de um dia;100% do DI1 + 1,2367%;;20747960.13;91607.7056632402;0.441526323982001;28;1;MAG CASH FUNDO DE  INVESTIMENTO RENDA FIXA LONGO PRAZO;44.211.851/0001-59;39273.8442787019;Cabo de Santo Agostinho/PE;27009.57938382211
Dois fundos e Um fundo;BANCO BRADESCO S.A.;60.746.948/0001-12;2026-11-01;DI de um dia;100% do DI1 + 1,2300%;;20747960.13;91591.53053487343;0.4414483638921154;28;1;MAG CASH FUNDO DE  INVESTIMENTO RENDA FIXA LONGO PRAZO;44.211.851/0001-59;39266.90971497646;Cabo de Santo Agostinho/PE;27004.81031542877
Dois fundos e Um fundo;BANCO BRADESCO S.A.;60.746.948/0001-12;2026-11-16;DI de um dia;100% do DI1 + 1,2300%;;1829710481.95;91317.69602153223;0.004990827615755423;28;1;MAG CASH FUNDO DE  INVESTIMENTO RENDA FIXA LONGO PRAZO;44.211.851/0001-59;39149.51201401633;Cabo de Santo Agostinho/PE;26924.07305678254
Dois fundos;BANCO XP S.A;33.264.668/0001-03;2025-01-17;DI de um dia;108% do DI1 + 0,0576%;;59456285.78;91196.12949267085;0.1533834956157782;3;2;V8 CASH PLATINUM FUNDO DE INVESTIMENTO EM COTAS DE FUNDO DE INVESTIMENTO RENDA FIXA CREDITO PRIVADO;42.774.627/0001-40;91196.12949267085;Palmeira/PR;55299.4040503769
Dois fundos e Um fundo;BR PARTNERS BANCO INVESTIMENTO SA;13.220.493/0001-17;2024-08-23;DI de um dia;100% do DI1 + 0,9901%;;12648317.29;91084.97486816782;0.7201351197932182;3;1;XP BANCOS FUNDO DE INVESTIMENTO RENDA FIXA CREDITO PRIVADO;35.377.390/0001-06;63670.62450562035;Uberaba/MG;63670.62450562035
Dois fundos;BANCO VOTORANTIM S/A;59.588.111/0001-03;2025-06-03;DI de um dia;100% do DI1 + 0,5000%;;540477304.6600001;90480.8598826296;0.01674091753761034;139;1;SANTANDER FUNDO DE INVESTIMENTO EM COTAS DE FUNDOS DE INVESTIMENTO INSTITUCIONAL RENDA FIXA REFERENC;02.224.354/0001-45;90480.8598826296;Governo do Estado do Amazonas/AM;6810.839475731442
Um fundo;BANCO BRADESCO S.A.;60.746.948/0001-12;2025-08-01;DI de um dia;108,75% do DI1 + 0,2451%;;5264633301.920004;90357.43253623076;0.001716310089503813;4;1;RIO BRAVO CRÉDITO PRIVADO FI RENDA FIXA;09.543.255/0001-75;90357.43253623076;São Pedro da Aldeia/RJ;56242.75539349689
Dois fundos;BR PARTNERS BANCO INVESTIMENTO SA;13.220.493/0001-17;2024-12-02;DI de um dia;100% do DI1 + 1,3500%;;36656658.6;90283.67414032298;0.2462954278662021;126;1;BB PREVIDENCIARIO MULTIMERCADO FUNDO DE INVESTIMENTO LONGO PRAZO;10.418.362/0001-50;64740.39228378642;Marabá/PA;7521.553427329687
Dois fundos;BANCO AGIPLAN S.A.;10.664.513/0001-50;2024-07-29;DI de um dia;100% do DI1 + 2,3000%;;44245125.26;90257.40996538741;0.2039940206633001;127;2;BB PREVIDENCIARIO MULTIMERCADO FUNDO DE INVESTIMENTO LONGO PRAZO;10.418.362/0001-50;64352.73291093329;Marabá/PA;7476.515073658023
Um fundo;BANCO BRADESCO S.A.;60.746.948/0001-12;2031-07-16;DI de um dia;100% do DI1 + 2,5000%;;37667371.30999999;90033.63139073005;0.2390228684920941;3;1;Porto Seguro FI Referenciado DI Crédito Privado;18.719.154/0001-01;90033.63139073005;Governo do Estado do Amazonas/AM;79029.6987687279
Dois fundos e Um fundo;BANCO BTG PACTUAL S A;30.306.294/0001-45;2026-11-17;DI de um dia;100% do DI1 + 2,1208%;;432348445.8899997;89976.92693873667;0.02081120628374574;28;1;MAG CASH FUNDO DE  INVESTIMENTO RENDA FIXA LONGO PRAZO;44.211.851/0001-59;38574.70058532512;Cabo de Santo Agostinho/PE;26528.76123541387
Dois fundos e Um fundo;BANCO BRADESCO S.A.;60.746.948/0001-12;2025-04-30;DI de um dia;100% do DI1 + 0,4500%;;2001996331.87;89484.01454211287;0.004469739185712131;3;1;XP BANCOS FUNDO DE INVESTIMENTO RENDA FIXA CREDITO PRIVADO;35.377.390/0001-06;62551.51409343463;Uberaba/MG;62551.51409343463
Um fundo;BANCO DO BRASIL;00.000.000/0001-91;2050-10-26;DI de um dia;100% do DI1 + 2,2500%;;19607092.58;89448.7958420241;0.4562063216515098;3;1;Porto Seguro FI Referenciado DI Crédito Privado;18.719.154/0001-01;89448.7958420241;Governo do Estado do Amazonas/AM;78516.34196494764
Dois fundos e Um fundo;BANCO RCI BRASIL S.A.;62.307.848/0001-15;2027-10-02;DI de um dia;100% do DI1 + 1,2500%;;144240063.42;88982.2726202447;0.06169040037173653;4;2;NU RENDA FIXA INSTITUCIONAL REFERENCIADO DI FI EM COTAS DE FUNDO DE INVESTIMENTO RENDA FIXA;51.781.137/0001-61;88944.70093337377;Bento Gonçalves/RS;42580.63671400523
Um fundo;PORTOSEG SA CRE;04.862.600/0001-10;2028-11-05;DI de um dia;100% do DI1 + 2,9000%;;7621028.890000001;88914.37145239394;1.16669773511899;3;1;Porto Seguro FI Referenciado DI Crédito Privado;18.719.154/0001-01;88914.37145239394;Governo do Estado do Amazonas/AM;78047.2350559545
Dois fundos e Um fundo;BANCO DAYCOVAL S.A.;62.232.889/0001-90;2026-12-07;DI de um dia;100% do DI1 + 1,0542%;;45401195.91;88459.31393592748;0.1948391714422738;28;1;MAG CASH FUNDO DE  INVESTIMENTO RENDA FIXA LONGO PRAZO;44.211.851/0001-59;37924.07303913631;Cabo de Santo Agostinho/PE;26081.30882323384
Dois fundos e Um fundo;BANCO ABC BRASIL S.A.;28.195.667/0001-06;2026-12-07;DI de um dia;100% do DI1 + 0,9538%;;1277468.34;88360.97662569034;6.916881918630589;28;1;MAG CASH FUNDO DE  INVESTIMENTO RENDA FIXA LONGO PRAZO;44.211.851/0001-59;37881.91409430652;Cabo de Santo Agostinho/PE;26052.31508992274
Dois fundos;BANCO BRADESCO S.A.;60.746.948/0001-12;2026-11-11;DI de um dia;100% do DI1 + 2,2500%;;210633827.22;88011.62694341548;0.04178418448024983;8;1;TERRA NOVA IMA-B FUNDO DE INVESTIMENTO EM COTAS DE FUNDOS DE INVESTIMENTO - RENDA FIXA II;26.326.321/0001-74;41255.97934558289;Cabo de Santo Agostinho/PE;58601.89217640802
Dois fundos e Um fundo;HAITONG BANCO DE INVESTIMENTO DO BRASIL SA;34.111.187/0001-12;2025-04-07;DI de um dia;100% do DI1 + 1,8000%;;67497592.53;87828.9270909325;0.1301215699684341;8;3;BTG PACTUAL CAPITAL MARKETS FUNDO DE INVESTIMENTO RENDA FIXA;04.501.865/0001-92;83160.50697361941;Niterói/RJ;58822.49375225374
Dois fundos e Um fundo;BANCO ABC BRASIL S.A.;28.195.667/0001-06;2025-12-15;DI de um dia;100% do DI1 + 1,3142%;;24853243.61;87638.69335834491;0.3526247709698642;3;1;XP BANCOS FUNDO DE INVESTIMENTO RENDA FIXA CREDITO PRIVADO;35.377.390/0001-06;61261.58946696349;Uberaba/MG;61261.58946696349
Dois fundos e Um fundo;BANCO GMAC S/A;59.274.605/0001-13;2026-09-28;DI de um dia;100% do DI1 + 0,9866%;;115120517.96;87381.10346556944;0.07590402216217534;28;1;MAG CASH FUNDO DE  INVESTIMENTO RENDA FIXA LONGO PRAZO;44.211.851/0001-59;37461.82513317767;Cabo de Santo Agostinho/PE;25763.40967838832
Dois fundos e Um fundo;PARANA BANCO S.A.;14.388.334/0001-99;2024-09-16;DI de um dia;100% do DI1 + 1,0576%;;32557503.24000001;86627.18477877267;0.2660744103753721;28;1;MAG CASH FUNDO DE  INVESTIMENTO RENDA FIXA LONGO PRAZO;44.211.851/0001-59;37138.60685268818;Cabo de Santo Agostinho/PE;25541.12459360691
Um fundo;BANCO C6 S.A.;31.872.495/0001-72;2024-07-22;DI de um dia;100% do DI1 + 1,6416%;;388966786.0100001;85704.74472963501;0.02203394937876048;3;1;MAG HIGH GRADE FUNDO DE INVESTIMENTO RENDA FIXA CREDITO PRIVADO LONGO PRAZO;50.223.269/0001-05;85704.74472963501;Tatuí/SP;72953.97586407742
Um fundo;BANCO BRADESCO S.A.;60.746.948/0001-12;2031-06-25;DI de um dia;100% do DI1 + 2,5000%;;31230124.11;84603.81599906071;0.2709045141833755;3;1;Porto Seguro FI Referenciado DI Crédito Privado;18.719.154/0001-01;84603.81599906071;Governo do Estado do Amazonas/AM;74263.51675268613
Dois fundos e Um fundo;ITAU UNIBANCO S.A.;60.701.190/0001-04;2024-08-01;DI de um dia;100% do DI1 + 0,8400%;;1768359554.66;84521.83103382832;0.004779674518742271;3;1;XP BANCOS FUNDO DE INVESTIMENTO RENDA FIXA CREDITO PRIVADO;35.377.390/0001-06;59082.82649329805;Uberaba/MG;59082.82649329805
Um fundo;BANCO BRADESCO S.A.;60.746.948/0001-12;2026-06-14;DI de um dia;100% do DI1 + 2,4981%;;161740799.62;84199.63089830149;0.05205837432244882;9;1;SULAMERICA CREDITO INSTITUCIONAL ESG FIF RF CRED PRIV LONGO PRAZO IS - RESP LIMITADA;34.525.051/0001-59;84199.63089830149;Governo do Estado do Paraná/PR;36822.97216431636
Dois fundos e Um fundo;BANCO CNH CAPITAL S.A.;02.992.446/0001-75;2025-04-28;DI de um dia;100% do DI1 + 0,8323%;;540141680.8699996;84148.60509300933;0.01557898752739692;3;1;XP BANCOS FUNDO DE INVESTIMENTO RENDA FIXA CREDITO PRIVADO;35.377.390/0001-06;58821.93243510638;Uberaba/MG;58821.93243510638
Dois fundos;BANCO COOPERATIVO SICREDI S.A.;01.181.521/0001-55;2026-10-08;DI de um dia;100% do DI1 + 0,8500%;;2049706.91;83012.4956171657;4.049969057145136;88;1;Itaú High Grade FIC Renda Fixa Crédito Privado;09.093.883/0001-04;83012.4956171657;Santos/SP;10528.74740142683
Dois fundos;BANCO COOPERATIVO SICREDI S.A.;01.181.521/0001-55;2026-08-31;DI de um dia;100% do DI1 + 0,8500%;;57049090.70999999;83010.64478130653;0.1455073932786729;88;1;Itaú High Grade FIC Renda Fixa Crédito Privado;09.093.883/0001-04;83010.64478130653;Santos/SP;10528.51265383736
Um fundo;BANCO SAFRA S.A.;58.160.789/0001-28;2025-04-14;DI de um dia;111,50% do DI1;;101724857.69;82776.24183221282;0.08137267892226316;3;1;Porto Seguro FI Referenciado DI Crédito Privado;18.719.154/0001-01;82776.24183221282;Governo do Estado do Amazonas/AM;72659.30915101022
Dois fundos e Um fundo;ITAU UNIBANCO S.A.;60.701.190/0001-04;2024-10-15;DI de um dia;100% do DI1 + 0,6200%;;982161370.4699999;82226.2521356798;0.008371969679110016;3;1;XP BANCOS FUNDO DE INVESTIMENTO RENDA FIXA CREDITO PRIVADO;35.377.390/0001-06;57478.16071545063;Uberaba/MG;57478.16071545063
Um fundo;BANCO BTG PACTUAL S A;30.306.294/0001-45;2025-07-21;DI de um dia;116,70% do DI1;;309333098.0699999;80989.06021803766;0.02618182817271962;29;2;DAYCOVAL CLASSIC TITULOS BANCARIOS FUNDO DE INVESTIMENTO RENDA FIXA CREDITO PRIVADO;50.235.197/0001-16;59275.00398347108;Mairiporã/SP;22852.14042518979
Dois fundos e Um fundo;ITAU UNIBANCO S.A.;60.701.190/0001-04;2031-09-22;DI de um dia;100% do DI1 + 11,9250%;;380710869.79;80677.08507965655;0.02119116933124552;3;1;XP BANCOS FUNDO DE INVESTIMENTO RENDA FIXA CREDITO PRIVADO;35.377.390/0001-06;56395.2550653882;Uberaba/MG;56395.2550653882
Dois fundos;ITAU UNIBANCO HOLDING SA;60.872.504/0001-23;2025-01-17;Taxa Selic;100% do SEL + 1,1784%;;416886.04;80500.37495883601;19.30992339269408;19;1;MAG CASH FUNDO DE INVESTIMENTO RENDA FIXA LONGO PRAZO;17.899.612/0001-60;80500.37495883601;Governo do Estado do Paraná/PR;27136.20143191442
Dois fundos;ITAU UNIBANCO HOLDING SA;60.872.504/0001-23;2025-01-14;Taxa Selic;100% do SEL + 1,1784%;;1667557.45;80500.37495883601;4.827442374404313;19;1;MAG CASH FUNDO DE INVESTIMENTO RENDA FIXA LONGO PRAZO;17.899.612/0001-60;80500.37495883601;Governo do Estado do Paraná/PR;27136.20143191442
Um fundo;BANCO GMAC S/A;59.274.605/0001-13;2026-08-10;DI de um dia;100% do DI1 + 1,2800%;;53233295.61;80313.46287017905;0.1508707322172478;4;2;Porto Seguro FI Referenciado DI Crédito Privado;18.719.154/0001-01;79609.99634261134;Governo do Estado do Amazonas/AM;69880.04296563215
Dois fundos e Um fundo;BANCO ALFA DE INVESTIMENTOS S/A;60.770.336/0001-65;2025-08-04;DI de um dia;100% do DI1 + 1,0020%;;880753465.2900001;80036.26564195735;0.009087249587556754;3;1;XP BANCOS FUNDO DE INVESTIMENTO RENDA FIXA CREDITO PRIVADO;35.377.390/0001-06;55947.30661008367;Uberaba/MG;55947.30661008367
Dois fundos;BANCO PAN S.A.;59.285.411/0001-13;2025-04-20;DI de um dia;100% do DI1 + 1,4874%;;335070705.21;79865.46125184606;0.02383540548607247;64;1;Sicredi Executive;21.170.347/0001-52;79164.83969131837;Pelotas/RS;9757.867340865814
Um fundo;BANCO DO BRASIL;00.000.000/0001-91;2027-09-20;DI de um dia;100% do DI1 + 1,6665%;;35129435.40000001;79754.23747801363;0.2270296592299164;9;1;SULAMERICA CREDITO INSTITUCIONAL ESG FIF RF CRED PRIV LONGO PRAZO IS - RESP LIMITADA;34.525.051/0001-59;79754.23747801363;Governo do Estado do Paraná/PR;34878.87102719372
Dois fundos;BANCO DAYCOVAL S.A.;62.232.889/0001-90;2025-01-28;DI de um dia;100% do DI1 + 1,1884%;;7447685.98;79329.94887204017;1.065162375066197;64;1;Sicredi Executive;21.170.347/0001-52;78634.02510594501;Pelotas/RS;9692.43907338158
Dois fundos;BANCO BRADESCO S.A.;60.746.948/0001-12;2050-11-17;DI de um dia;100% do DI1 + 3,1200%;;4824704.939999999;79143.11929064138;1.640372214982361;6;3;NU RENDA FIXA INSTITUCIONAL REFERENCIADO DI FI EM COTAS DE FUNDO DE INVESTIMENTO RENDA FIXA;51.781.137/0001-61;57327.11905834039;São José dos Campos/SP;35968.7268594612
Dois fundos e Um fundo;BANCO BRADESCO S.A.;60.746.948/0001-12;2025-12-24;DI de um dia;100% do DI1 + 0,7426%;;2365188027.93;78927.05505548013;0.003337030888176645;3;1;XP BANCOS FUNDO DE INVESTIMENTO RENDA FIXA CREDITO PRIVADO;35.377.390/0001-06;55171.94128938759;Uberaba/MG;55171.94128938759
Dois fundos e Um fundo;BANCO GMAC S/A;59.274.605/0001-13;2026-09-28;DI de um dia;100% do DI1 + 1,1671%;;115120517.96;78642.99339568776;0.06831362018629313;28;1;MAG CASH FUNDO DE  INVESTIMENTO RENDA FIXA LONGO PRAZO;44.211.851/0001-59;33715.64273847549;Cabo de Santo Agostinho/PE;23187.06879212432
Dois fundos e Um fundo;BANCO BRADESCO S.A.;60.746.948/0001-12;2025-12-22;DI de um dia;100% do DI1 + 0,7426%;;743313899.6800001;78366.13540147062;0.01054280505654577;3;1;XP BANCOS FUNDO DE INVESTIMENTO RENDA FIXA CREDITO PRIVADO;35.377.390/0001-06;54779.84473647145;Uberaba/MG;54779.84473647145
Dois fundos e Um fundo;BANCO XP S.A;33.264.668/0001-03;2025-12-01;DI de um dia;107% do DI1;;665511423.4200001;78136.89746641014;0.01174087997841901;7;2;PORTO MASTER REFERENCIADO DI BANCARIO FIF RENDA FIXA CREDITO PRIVADO RESP LIMITADA;51.854.591/0001-03;48155.63576620008;Governo do Estado do Amazonas/AM;26316.94450478377
Dois fundos e Um fundo;BANCO VOTORANTIM S/A;59.588.111/0001-03;2025-06-13;DI de um dia;100% do DI1 + 0,8923%;;49806615.02999999;77844.99097053264;0.1562944820153795;3;1;XP BANCOS FUNDO DE INVESTIMENTO RENDA FIXA CREDITO PRIVADO;35.377.390/0001-06;54415.55203700624;Uberaba/MG;54415.55203700624
Dois fundos e Um fundo;BANCO BRADESCO S.A.;60.746.948/0001-12;2025-01-31;DI de um dia;100% do DI1 + 0,6019%;;2611805892.73;77554.19356787651;0.002969370495094975;3;1;XP BANCOS FUNDO DE INVESTIMENTO RENDA FIXA CREDITO PRIVADO;35.377.390/0001-06;54212.277542409;Uberaba/MG;54212.277542409
Um fundo;PORTOSEG SA CRE;04.862.600/0001-10;2028-09-02;DI de um dia;100% do DI1 + 3,0000%;;7730050.76;77302.56612257805;1.00002663013015;3;1;Porto Seguro FI Referenciado DI Crédito Privado;18.719.154/0001-01;77302.56612257805;Governo do Estado do Amazonas/AM;67854.62743587639
Dois fundos e Um fundo;BANCO BRADESCO S.A.;60.746.948/0001-12;2025-01-31;DI de um dia;100% do DI1 + 0,3101%;;2611805892.73;76969.78836324572;0.002946994972999038;3;1;XP BANCOS FUNDO DE INVESTIMENTO RENDA FIXA CREDITO PRIVADO;35.377.390/0001-06;53803.76401537524;Uberaba/MG;53803.76401537524
Dois fundos;BANCO COOPERATIVO SICREDI S.A.;01.181.521/0001-55;2029-03-06;DI de um dia;100% do DI1 + 1,1000%;;1900334.82;76962.97219215469;4.049969057145134;88;1;Itaú High Grade FIC Renda Fixa Crédito Privado;09.093.883/0001-04;76962.97219215469;Santos/SP;9761.466481037489
Dois fundos e Um fundo;BANCO PAN S.A.;59.285.411/0001-13;2025-04-20;DI de um dia;100% do DI1 + 0,7968%;;335070705.21;76775.84157278301;0.02291332556949884;3;1;XP BANCOS FUNDO DE INVESTIMENTO RENDA FIXA CREDITO PRIVADO;35.377.390/0001-06;53668.19046674667;Uberaba/MG;53668.19046674667
Dois fundos e Um fundo;BANCO ABC BRASIL S.A.;28.195.667/0001-06;2026-04-20;DI de um dia;100% do DI1 + 0,6000%;;80927157.91999999;76210.10901746411;0.09417124112130704;8;3;BTG PACTUAL CAPITAL MARKETS FUNDO DE INVESTIMENTO RENDA FIXA;04.501.865/0001-92;70123.55369046265;Niterói/RJ;49600.97585926903
Um fundo;BANCO SAFRA S.A.;58.160.789/0001-28;2024-08-20;Índice de Preços ao Consumidor Amplo (IPCA/IBGE);100% do IAP + 5,4000%;;56940848.04;75545.77209372111;0.1326741253320489;4;1;QUARTZO CASH FUNDO DE INVESTIMENTO FINANCEIRO;47.262.058/0001-77;75545.77209372111;Ipiranga/PR;22517.05668203716
Dois fundos e Um fundo;BANCO SANTANDER;90.400.888/0001-42;2025-11-10;DI de um dia;105% do DI1 + 0,0829%;;894935027.6300001;75368.411583051;0.008421662942688073;3;1;XP BANCOS FUNDO DE INVESTIMENTO RENDA FIXA CREDITO PRIVADO;35.377.390/0001-06;52684.3624915633;Uberaba/MG;52684.3624915633
Dois fundos e Um fundo;BANCO CITIBANK S.A.;33.479.023/0001-80;2027-01-12;DI de um dia;100% do DI1 + 0,6966%;;10423238.96;75061.40437092939;0.7201351197932181;3;1;XP BANCOS FUNDO DE INVESTIMENTO RENDA FIXA CREDITO PRIVADO;35.377.390/0001-06;52469.75694381184;Uberaba/MG;52469.75694381184
Dois fundos e Um fundo;BANCO SAFRA S.A.;58.160.789/0001-28;2026-04-29;DI de um dia;100% do DI1 + 0,5900%;;312027070.35;74900.23186594412;0.02400440185588023;3;1;XP BANCOS FUNDO DE INVESTIMENTO RENDA FIXA CREDITO PRIVADO;35.377.390/0001-06;52357.09342207952;Uberaba/MG;52357.09342207952
Dois fundos e Um fundo;BANCO DAYCOVAL S.A.;62.232.889/0001-90;2026-01-23;DI de um dia;100% do DI1 + 1,2000%;;46516321.37;74871.41103532033;0.1609572916133637;7;3;Porto Seguro FI Referenciado DI Crédito Privado;18.719.154/0001-01;57918.97394458717;Governo do Estado do Amazonas/AM;50840.10267196453
Um fundo;BANCO BTG PACTUAL S A;30.306.294/0001-45;2025-04-28;DI de um dia;100% do DI1 + 0,8860%;;119357179.93;74777.72605858662;0.06265037939271177;4;1;VINCI INSTITUCIONAL FUNDO DE INVESTIMENTO EM RENDA FIXA REFERENCIADO DI;51.415.957/0001-30;74777.72605858662;Joinville/SC;63476.77100401832
Dois fundos e Um fundo;Banco Volkswagen S/A;59.109.165/0001-49;2026-10-06;DI de um dia;100% do DI1 + 0,9892%;;290712695.1599998;74748.26319247292;0.02571207396062758;28;1;MAG CASH FUNDO DE  INVESTIMENTO RENDA FIXA LONGO PRAZO;44.211.851/0001-59;32045.90298895139;Cabo de Santo Agostinho/PE;22038.7480931101
Dois fundos;BANCO ORIGINAL S/A;92.894.922/0001-08;2026-05-25;DI de um dia;119,50% do DI1;;70609400.17;74731.22588891916;0.1058375028098177;127;2;BB PREVIDENCIARIO MULTIMERCADO FUNDO DE INVESTIMENTO LONGO PRAZO;10.418.362/0001-50;53445.13626446403;Marabá/PA;6209.268026705427
Dois fundos e Um fundo;BANCO BRADESCO S.A.;60.746.948/0001-12;2025-06-24;DI de um dia;100% do DI1 + 0,6616%;;2108842701.160001;74193.46540652825;0.003518207657959364;3;1;XP BANCOS FUNDO DE INVESTIMENTO RENDA FIXA CREDITO PRIVADO;35.377.390/0001-06;51863.04638615767;Uberaba/MG;51863.04638615767
Dois fundos;BANCO BRADESCO S.A.;60.746.948/0001-12;2031-08-04;DI de um dia;100% do DI1 + 2,5000%;;413401773.2899999;73872.13329742549;0.01786933150032824;16;1;Itaú Inst. Multimercado Juros e Moedas;00.973.117/0001-51;73872.13329742549;Governador Jorge Teixeira/RO;9309.04118852982
Dois fundos;BANCO SAFRA S.A.;58.160.789/0001-28;2025-05-19;Índice de Preços ao Consumidor Amplo (IPCA/IBGE);100% do IAP + 4,3600%;;60820324.51000001;73516.23342180773;0.1208744511215495;3;1;PORTO SEGURO IMA-B5 FUNDO DE INVESTIMENTO EM COTAS DE FUNDOS DE INVESTIMENTO RENDA FIXA LONGO PRAZO;24.011.864/0001-77;73516.23342180773;Campinas/SP;41380.46984014956
Dois fundos;BANCO C6 S.A.;31.872.495/0001-72;2024-06-04;;;;1116650.77;73211.65851487244;6.556361261889646;20;1;BTG FIC Corporativo I Crédito Privado;14.171.644/0001-57;73211.65851487244;São José dos Campos/SP;16007.92867495799
Dois fundos e Um fundo;BANCO ALFA DE INVESTIMENTOS S/A;60.770.336/0001-65;2024-08-19;DI de um dia;100% do DI1 + 0,3902%;;41390459.08000001;73115.56665512719;0.1766483587771;3;1;XP BANCOS FUNDO DE INVESTIMENTO RENDA FIXA CREDITO PRIVADO;35.377.390/0001-06;51109.56880376972;Uberaba/MG;51109.56880376972
Dois fundos e Um fundo;BANCO SAFRA S.A.;58.160.789/0001-28;2024-08-05;DI de um dia;100% do DI1 + 0,8100%;;251807612.61;72830.67616079116;0.02892314311147988;3;1;XP BANCOS FUNDO DE INVESTIMENTO RENDA FIXA CREDITO PRIVADO;35.377.390/0001-06;50910.42338251507;Uberaba/MG;50910.42338251507
Dois fundos;BANCO BRADESCO S.A.;60.746.948/0001-12;2026-06-14;DI de um dia;100% do DI1 + 1,8323%;;161740799.62;72805.21511187457;0.04501351253544306;8;1;BB ESPELHO SULAMERICA CREDITO ASG FIC DE FIF RENDA FIXA CREDITO PRIVADO IS RESPONSABILIDADE LIMITADA;51.681.664/0001-02;72805.21511187457;Aracaju/SE;39075.2813091058
Um fundo;BANCO BRADESCO S.A.;60.746.948/0001-12;2025-06-24;DI de um dia;100% do DI1 + 0,6328%;;2108842701.160001;72236.63609305643;0.003425416037588843;3;1;MAG HIGH GRADE FUNDO DE INVESTIMENTO RENDA FIXA CREDITO PRIVADO LONGO PRAZO;50.223.269/0001-05;72236.63609305643;Tatuí/SP;61489.59223505788
Dois fundos e Um fundo;ITAU UNIBANCO HOLDING SA;60.872.504/0001-23;2031-09-22;DI de um dia;100% do DI1 + 14,3659%;;1724622518.079999;72184.76032684917;0.004185539709130758;3;1;XP BANCOS FUNDO DE INVESTIMENTO RENDA FIXA CREDITO PRIVADO;35.377.390/0001-06;50458.91242162741;Uberaba/MG;50458.91242162741
Um fundo;BANCO XP S.A;33.264.668/0001-03;2026-04-10;DI de um dia;108,50% do DI1;;5087746.32;72078.32558853713;1.416704392378925;3;1;Porto Seguro FI Referenciado DI Crédito Privado;18.719.154/0001-01;72078.32558853713;Governo do Estado do Amazonas/AM;63268.8948676892
Um fundo;BANCO SAFRA S.A.;58.160.789/0001-28;2025-02-17;DI de um dia;110% do DI1;;220449777.17;71093.19454694694;0.03224915690984045;3;1;Porto Seguro FI Referenciado DI Crédito Privado;18.719.154/0001-01;71093.19454694694;Governo do Estado do Amazonas/AM;62404.16678483846
Dois fundos e Um fundo;BANCO GMAC S/A;59.274.605/0001-13;2026-09-28;DI de um dia;100% do DI1 + 1,1898%;;115120517.96;71035.48299635055;0.06170531913436376;30;2;MAG HIGH GRADE FUNDO DE INVESTIMENTO RENDA FIXA CREDITO PRIVADO LONGO PRAZO;50.223.269/0001-05;27344.93126356582;Tatuí/SP;23276.6746076922
Dois fundos e Um fundo;BANCO PAN S.A.;59.285.411/0001-13;2026-03-23;DI de um dia;100% do DI1 + 0,5991%;;315770178.59;70637.98565646877;0.02237006229400339;28;1;MAG CASH FUNDO DE  INVESTIMENTO RENDA FIXA LONGO PRAZO;44.211.851/0001-59;30283.75428407393;Cabo de Santo Agostinho/PE;20826.87550450543
Dois fundos;ITAU UNIBANCO HOLDING SA;60.872.504/0001-23;2050-10-17;DI de um dia;100% do DI1 + 2,2516%;;183076009.9000001;70157.41563051275;0.03832146859046917;3;2;V8 CASH PLATINUM FUNDO DE INVESTIMENTO EM COTAS DE FUNDO DE INVESTIMENTO RENDA FIXA CREDITO PRIVADO;42.774.627/0001-40;70157.41563051275;Palmeira/PR;42541.97295065851
Dois fundos;BANCO BTG PACTUAL S A;30.306.294/0001-45;2050-08-14;Taxa Selic;126% do SEL;;1350714.43;69977.73242206346;5.180794020395819;11;1;SPX SEAHAWK ADVISORY FUNDO DE INVESTIMENTO EM COTAS DE FUNDOS DE INVESTIMENTO RENDA FIXA CREDITO PRIVADO LONGO PRAZO;35.648.999/0001-64;69977.73242206346;São José dos Campos/SP;35762.90451773832
Dois fundos e Um fundo;BANCO COOPERATIVO SICREDI S.A.;01.181.521/0001-55;2025-09-08;DI de um dia;100% do DI1 + 0,6700%;;507271027.7;69799.17447659114;0.01375973999403537;3;1;XP BANCOS FUNDO DE INVESTIMENTO RENDA FIXA CREDITO PRIVADO;35.377.390/0001-06;48791.32958354088;Uberaba/MG;48791.32958354088
Dois fundos e Um fundo;BANCO ALFA DE INVESTIMENTOS S/A;60.770.336/0001-65;2027-04-19;DI de um dia;100% do DI1 + 0,6400%;;40669605.28;69762.38860304766;0.1715344619716645;8;3;BTG PACTUAL CAPITAL MARKETS FUNDO DE INVESTIMENTO RENDA FIXA;04.501.865/0001-92;63761.33902696068;Niterói/RJ;45100.74677320705
Dois fundos e Um fundo;PORTOSEG SA CRE;04.862.600/0001-10;2024-07-26;DI de um dia;100% do DI1 + 0,4402%;;536841033.3200001;69709.82176723797;0.01298518880647586;3;1;XP BANCOS FUNDO DE INVESTIMENTO RENDA FIXA CREDITO PRIVADO;35.377.390/0001-06;48728.869854985;Uberaba/MG;48728.869854985
Um fundo;BANCO VOTORANTIM S/A;59.588.111/0001-03;2026-09-24;DI de um dia;100% do DI1 + 2,4000%;;62338099.98;69679.25417937175;0.1117763521854645;2;1;SANTANDER RENDA FIXA CREDITO PRIVADO CRESCIMENTO INSTITUCIONAL FUNDO DE INVESTIMENTO LONGO PRAZO;17.138.474/0001-05;69679.25417937175;Cabedelo/PB;68484.2268197013
Dois fundos e Um fundo;BANCO SANTANDER;90.400.888/0001-42;2024-06-28;DI de um dia;107,25% do DI1 + 0,6066%;;53624484.76;69211.70495299861;0.1290673565681055;3;1;XP BANCOS FUNDO DE INVESTIMENTO RENDA FIXA CREDITO PRIVADO;35.377.390/0001-06;48380.67402262874;Uberaba/MG;48380.67402262874
Dois fundos e Um fundo;BANCO DAYCOVAL S.A.;62.232.889/0001-90;2024-10-20;DI de um dia;100% do DI1 + 0,9900%;;584188592.9600003;69138.69736649992;0.0118349961296204;3;1;XP BANCOS FUNDO DE INVESTIMENTO RENDA FIXA CREDITO PRIVADO;35.377.390/0001-06;48329.6399345945;Uberaba/MG;48329.6399345945
Dois fundos e Um fundo;BANCO BRADESCO S.A.;60.746.948/0001-12;2025-12-24;DI de um dia;100% do DI1 + 0,7326%;;2365188027.93;69061.17316454342;0.002919902026773973;3;1;XP BANCOS FUNDO DE INVESTIMENTO RENDA FIXA CREDITO PRIVADO;35.377.390/0001-06;48275.44862192174;Uberaba/MG;48275.44862192174
Um fundo;BANCO VOTORANTIM S/A;59.588.111/0001-03;2025-01-09;DI de um dia;100% do DI1 + 0,9985%;;38310398.69;69055.99639962478;0.1802539225926933;3;1;MAG HIGH GRADE FUNDO DE INVESTIMENTO RENDA FIXA CREDITO PRIVADO LONGO PRAZO;50.223.269/0001-05;69055.99639962478;Tatuí/SP;58782.15389942155
Dois fundos;ITAU UNIBANCO HOLDING SA;60.872.504/0001-23;2026-10-21;DI de um dia;100% do DI1 + 2,0031%;;2924335194.790002;68953.64314238775;0.002357925427469314;4;1;BRADESCO FUNDO DE INVESTIMENTO RENDA FIXA - 1824;44.315.854/0001-32;68953.64314238775;Recife/PE;58005.17293549077
Um fundo;ITAU UNIBANCO S.A.;60.701.190/0001-04;2024-08-12;DI de um dia;100% do DI1 + 0,7010%;;627097706.48;68814.96065239879;0.01097356280230527;1;1;BANCO BRADESCO S.A.;02.998.164/0001-85;68814.96065239879;Belo Jardim/PE;68814.96065239879
Dois fundos e Um fundo;BANCO VOTORANTIM S/A;59.588.111/0001-03;2027-02-01;DI de um dia;100% do DI1 + 1,0000%;;417309118.2599999;68728.16181664176;0.01646936498852667;19;2;Itaú Active Fix IB Institucional Multimercado;04.764.174/0001-81;42613.18705232357;Curitiba/PR;35935.57662447776
Dois fundos;BANCO BMG S.A.;61.186.680/0001-74;2024-06-07;DI de um dia;100% do DI1 + 1,8000%;;48604524.53;68625.38740385306;0.1411913562933748;127;2;BB PREVIDENCIARIO MULTIMERCADO FUNDO DE INVESTIMENTO LONGO PRAZO;10.418.362/0001-50;48721.05922444663;Marabá/PA;5660.423687061057
Dois fundos;BANCO SAFRA S.A.;58.160.789/0001-28;2024-08-09;DI de um dia;104% do DI1 + 0,4284%;;1024787.58;68222.82310749078;6.65726482628632;64;1;Sicredi Executive;21.170.347/0001-52;67624.3368527323;Pelotas/RS;8335.383619747925
Um fundo;BANCO BRADESCO S.A.;60.746.948/0001-12;2025-06-24;DI de um dia;100% do DI1 + 0,6276%;;2108842701.160001;68108.82814314553;0.003229677970086685;3;1;MAG HIGH GRADE FUNDO DE INVESTIMENTO RENDA FIXA CREDITO PRIVADO LONGO PRAZO;50.223.269/0001-05;68108.82814314553;Tatuí/SP;57975.9011027953
Dois fundos;BANCO BRADESCO S.A.;60.746.948/0001-12;2026-07-23;DI de um dia;100% do DI1 + 2,2500%;;82786165.66;67532.4862609232;0.08157460334408631;36;1;SAFRA EXTRA BANCOS FUNDO DE INVESTIMENTO EM COTAS DE FUNDO DE INVESTIMENTO RENDA FIXA CREDITO PRIVADO;20.441.483/0001-77;67532.4862609232;Governo do Estado do Paraná/PR;16647.03085235195
Dois fundos;BANCO BTG PACTUAL S A;30.306.294/0001-45;2027-12-06;DI de um dia;100% do DI1 + 2,1000%;;1494537.96;67371.90535784114;4.507875153458206;3;1;BUTIA TOP CREDITO PRIVADO FUNDO DE INVESTIMENTO EM COTAS DE FUNDOS DE INVESTIMENTO RENDA FIXA;22.344.843/0001-48;67371.90535784114;Campinas/SP;58270.4278600742
Um fundo;BANCO VOTORANTIM S/A;59.588.111/0001-03;2024-08-05;DI de um dia;100% do DI1 + 1,0000%;;1267670.5;66906.84543322038;5.277936611542225;6;1;DAYCOVAL CLASSIC TITULOS BANCARIOS FUNDO DE INVESTIMENTO RENDA FIXA CREDITO PRIVADO;50.235.197/0001-16;66906.84543322038;Mairiporã/SP;25794.42470679166
Dois fundos e Um fundo;BANCO XP S.A;33.264.668/0001-03;2027-05-03;DI de um dia;100% do DI1 + 0,6400%;;30219276.54;65972.51149775783;0.2183126767129344;4;2;NU RENDA FIXA INSTITUCIONAL REFERENCIADO DI FI EM COTAS DE FUNDO DE INVESTIMENTO RENDA FIXA;51.781.137/0001-61;63290.39258879177;Bento Gonçalves/RS;30299.10928958913
Um fundo;BANCO BRADESCO S.A.;60.746.948/0001-12;2026-07-08;DI de um dia;100% do DI1 + 1,8410%;;320199439.4699999;65739.05146371975;0.02053065788389019;3;1;MAG HIGH GRADE FUNDO DE INVESTIMENTO RENDA FIXA CREDITO PRIVADO LONGO PRAZO;50.223.269/0001-05;65739.05146371975;Tatuí/SP;55958.68920607399
Um fundo;PORTOSEG SA CRE;04.862.600/0001-10;2028-07-04;DI de um dia;100% do DI1 + 3,1500%;;9288618.290000001;65737.1272607977;0.7077169629369892;3;1;Porto Seguro FI Referenciado DI Crédito Privado;18.719.154/0001-01;65737.1272607977;Governo do Estado do Amazonas/AM;57702.71936268112
Dois fundos;BANCO BRADESCO S.A.;60.746.948/0001-12;2025-04-29;DI de um dia;100% do DI1 + 0,5894%;;59018637.64;65483.86325214784;0.1109545490554767;64;1;Sicredi Executive;21.170.347/0001-52;64909.40458450893;Pelotas/RS;8000.740752838093
Um fundo;BANCO SAFRA S.A.;58.160.789/0001-28;2025-03-10;DI de um dia;100% do DI1 + 1,1015%;;49285966.94;65070.18721237325;0.1320257900014191;1;1;BV BANKS RENDA FIXA CREDITO PRIVADO FUNDO DE INVESTIMENTO;10.347.493/0001-94;65070.18721237325;São José dos Campos/SP;65070.18721237325
Dois fundos e Um fundo;BANCO ABC BRASIL S.A.;28.195.667/0001-06;2025-02-14;DI de um dia;100% do DI1 + 1,2000%;;54207459.81;64891.57778773058;0.119709682053317;7;2;BTG PACTUAL CAPITAL MARKETS FUNDO DE INVESTIMENTO RENDA FIXA;04.501.865/0001-92;62640.83595966755;Niterói/RJ;44308.17362672371
Dois fundos;BANCO VOTORANTIM S/A;59.588.111/0001-03;2025-07-16;Índice de Preços ao Consumidor Amplo (IPCA/IBGE);100% do IAP + 4,7200%;;1027688.77;64752.82677711007;6.300820702469102;3;1;PORTO SEGURO IMA-B5 FUNDO DE INVESTIMENTO EM COTAS DE FUNDOS DE INVESTIMENTO RENDA FIXA LONGO PRAZO;24.011.864/0001-77;64752.82677711007;Campinas/SP;36447.76494656198
Um fundo;BANCO PAN S.A.;59.285.411/0001-13;2024-09-19;DI de um dia;100% do DI1 + 1,0672%;;31401835.07;64729.32568553737;0.2061323025907396;3;1;MAG HIGH GRADE FUNDO DE INVESTIMENTO RENDA FIXA CREDITO PRIVADO LONGO PRAZO;50.223.269/0001-05;64729.32568553737;Tatuí/SP;55099.18591622425
Dois fundos e Um fundo;BANCO BRADESCO S.A.;60.746.948/0001-12;2025-07-14;DI de um dia;100% do DI1 + 0,8922%;;2949347043.770001;64675.28223538754;0.00219286782042158;64;1;BRADESCO FIC DE FI RENDA FIXA CREDITO PRIVADO LONGO PRAZO PERFORMANCE INSTITUCIONAL;44.961.198/0001-45;63426.53871780256;Governo do Estado do Amazonas/AM;9197.365245066934
Dois fundos;BANCO BTG PACTUAL S A;30.306.294/0001-45;2027-03-15;DI de um dia;100% do DI1 + 0,8400%;;287599502.7200001;64377.83364120053;0.02238454275210525;3;1;NU RENDA FIXA INSTITUCIONAL REFERENCIADO DI FI EM COTAS DE FUNDO DE INVESTIMENTO RENDA FIXA;51.781.137/0001-61;64377.83364120053;Bento Gonçalves/RS;30819.70165669594
Dois fundos e Um fundo;BANCO XP S.A;33.264.668/0001-03;2026-01-05;DI de um dia;100% do DI1 + 0,8400%;;57617636.04;63958.33542333733;0.1110047891915167;10;3;NU RENDA FIXA INSTITUCIONAL REFERENCIADO DI FI EM COTAS DE FUNDO DE INVESTIMENTO RENDA FIXA;51.781.137/0001-61;52059.99352576;Bento Gonçalves/RS;24922.76266479732
Dois fundos e Um fundo;BANCO GMAC S/A;59.274.605/0001-13;2024-06-09;DI de um dia;100% do DI1 + 0,6872%;;259568558.36;63929.54259107974;0.02462915500821744;28;1;MAG CASH FUNDO DE  INVESTIMENTO RENDA FIXA LONGO PRAZO;44.211.851/0001-59;27407.72604610935;Cabo de Santo Agostinho/PE;18848.96082795455
Um fundo;BANCO GMAC S/A;59.274.605/0001-13;2026-09-28;DI de um dia;100% do DI1 + 1,1508%;;115120517.96;63804.83942258157;0.05542438529051036;3;1;MAG HIGH GRADE FUNDO DE INVESTIMENTO RENDA FIXA CREDITO PRIVADO LONGO PRAZO;50.223.269/0001-05;63804.83942258157;Tatuí/SP;54312.24058750166
Dois fundos e Um fundo;BANCO BRADESCO S.A.;60.746.948/0001-12;2025-12-23;DI de um dia;100% do DI1 + 0,3449%;;3257724806.990001;63223.42892577685;0.001940723439564946;3;1;XP BANCOS FUNDO DE INVESTIMENTO RENDA FIXA CREDITO PRIVADO;35.377.390/0001-06;44194.72266328449;Uberaba/MG;44194.72266328449
Dois fundos e Um fundo;BANCO ABC BRASIL S.A.;28.195.667/0001-06;2024-10-14;DI de um dia;109,50% do DI1 + 0,3950%;;84094834.16;62923.11126482355;0.07482399114445623;3;1;XP BANCOS FUNDO DE INVESTIMENTO RENDA FIXA CREDITO PRIVADO;35.377.390/0001-06;43984.7932753625;Uberaba/MG;43984.7932753625
Dois fundos e Um fundo;BANCO BRADESCO S.A.;60.746.948/0001-12;2025-04-14;DI de um dia;100% do DI1 + 0,6538%;;318752100.46;62801.44337032024;0.01970228377466053;64;1;BRADESCO FIC DE FI RENDA FIXA CREDITO PRIVADO LONGO PRAZO PERFORMANCE INSTITUCIONAL;44.961.198/0001-45;61588.87973560358;Governo do Estado do Amazonas/AM;8930.889709796746
Dois fundos e Um fundo;BANCO SANTANDER;90.400.888/0001-42;2024-07-29;DI de um dia;100% do DI1 + 0,7000%;;2161637944.61;62775.6937727074;0.002904079932961822;3;1;XP BANCOS FUNDO DE INVESTIMENTO RENDA FIXA CREDITO PRIVADO;35.377.390/0001-06;43881.74484394258;Uberaba/MG;43881.74484394258
Um fundo;BANCO DAYCOVAL S.A.;62.232.889/0001-90;2026-05-03;DI de um dia;100% do DI1 + 0,5956%;;320521091.75;62745.8444518203;0.0195761982805053;4;1;RIO BRAVO CRÉDITO PRIVADO FI RENDA FIXA;09.543.255/0001-75;62745.8444518203;São Pedro da Aldeia/RJ;39055.99221234075
Um fundo;BANCO BTG PACTUAL S A;30.306.294/0001-45;2026-11-17;DI de um dia;100% do DI1 + 1,8820%;;432348445.8899997;62530.78216934175;0.0144630523744848;3;1;MAG HIGH GRADE FUNDO DE INVESTIMENTO RENDA FIXA CREDITO PRIVADO LONGO PRAZO;50.223.269/0001-05;62530.78216934175;Tatuí/SP;53227.73187803028
Dois fundos e Um fundo;BANCO BRADESCO S.A.;60.746.948/0001-12;2025-12-24;DI de um dia;100% do DI1 + 0,3736%;;2365188027.93;62310.83294232712;0.002634498069773388;3;1;XP BANCOS FUNDO DE INVESTIMENTO RENDA FIXA CREDITO PRIVADO;35.377.390/0001-06;43556.79575742911;Uberaba/MG;43556.79575742911
Dois fundos e Um fundo;BANCO BRADESCO S.A.;60.746.948/0001-12;2025-11-16;DI de um dia;100% do DI1 + 1,9600%;;170231732.55;62235.10048682147;0.03655904780769469;8;3;BTG PACTUAL CAPITAL MARKETS FUNDO DE INVESTIMENTO RENDA FIXA;04.501.865/0001-92;44740.59596821869;Niterói/RJ;31646.67367465077
Dois fundos;BANCO BOCOM BBM S.A.;15.114.366/0001-69;2032-11-29;DI de um dia;100% do DI1 + 2,4000%;;46067039.27999999;62064.02742785423;0.1347254531610399;126;1;BB PREVIDENCIARIO MULTIMERCADO FUNDO DE INVESTIMENTO LONGO PRAZO;10.418.362/0001-50;44504.71827437956;Marabá/PA;5170.568241256011
Dois fundos e Um fundo;BANCO BRADESCO S.A.;60.746.948/0001-12;2025-12-24;DI de um dia;100% do DI1 + 0,3100%;;2365188027.93;61791.57598553813;0.002612543918532253;3;1;XP BANCOS FUNDO DE INVESTIMENTO RENDA FIXA CREDITO PRIVADO;35.377.390/0001-06;43193.8224485437;Uberaba/MG;43193.8224485437
Um fundo;BANCO C6 S.A.;31.872.495/0001-72;2024-07-22;DI de um dia;100% do DI1 + 1,7536%;;388966786.0100001;61483.83865430894;0.01580696369605405;3;1;MAG HIGH GRADE FUNDO DE INVESTIMENTO RENDA FIXA CREDITO PRIVADO LONGO PRAZO;50.223.269/0001-05;61483.83865430894;Tatuí/SP;52336.54793987492
Dois fundos e Um fundo;BANCO SAFRA S.A.;58.160.789/0001-28;2025-10-30;DI de um dia;100% do DI1 + 0,9701%;;17596090.69;61328.21314469382;0.3485331726526458;30;2;MAG HIGH GRADE FUNDO DE INVESTIMENTO RENDA FIXA CREDITO PRIVADO LONGO PRAZO;50.223.269/0001-05;27897.79399682306;Tatuí/SP;23747.28489450226
Dois fundos e Um fundo;BANCO DAYCOVAL S.A.;62.232.889/0001-90;2024-10-20;DI de um dia;100% do DI1 + 1,2400%;;584188592.9600003;61064.1049933066;0.01045280680403284;3;1;XP BANCOS FUNDO DE INVESTIMENTO RENDA FIXA CREDITO PRIVADO;35.377.390/0001-06;42685.30243794762;Uberaba/MG;42685.30243794762
Um fundo;BANCO DAYCOVAL S.A.;62.232.889/0001-90;2026-07-22;DI de um dia;100% do DI1 + 1,8000%;;881434.92;60761.70786023691;6.893499052685241;10;1;INTER CORPORATE FUNDO DE INVESTIMENTO RENDA FIXA CREDITO PRIVADO;36.443.522/0001-05;60761.70786023691;Governo do Estado do Paraná/PR;41370.79355116739
Um fundo;BANCO XP S.A;33.264.668/0001-03;2027-12-15;DI de um dia;100% do DI1 + 2,4211%;;217708599.29;60745.43620044951;0.02790217584356105;4;1;RIO BRAVO CRÉDITO PRIVADO FI RENDA FIXA;09.543.255/0001-75;60745.43620044951;São Pedro da Aldeia/RJ;37810.84315474809
Um fundo;Banco Volkswagen S/A;59.109.165/0001-49;2026-01-05;DI de um dia;100% do DI1 + 1,1500%;;326249194.25;60575.47173074524;0.01856724025633214;6;1;DAYCOVAL CLASSIC TITULOS BANCARIOS FUNDO DE INVESTIMENTO RENDA FIXA CREDITO PRIVADO;50.235.197/0001-16;60575.47173074524;Mairiporã/SP;23353.50642404197
Dois fundos;Banco Volkswagen S/A;59.109.165/0001-49;2026-01-02;;100,0000% a.a. (prefixado);;321129751.79;60310.79572226034;0.01878081846545943;16;1;Itaú Inst. Multimercado Juros e Moedas;00.973.117/0001-51;60310.79572226034;Governador Jorge Teixeira/RO;7600.101099437128
Um fundo;BANCO BRADESCO S.A.;60.746.948/0001-12;2026-08-18;DI de um dia;100% do DI1 + 0,7422%;;2829418303.51;60084.04839051356;0.002123547738274579;1;1;BV BANKS RENDA FIXA CREDITO PRIVADO FUNDO DE INVESTIMENTO;10.347.493/0001-94;60084.04839051356;São José dos Campos/SP;60084.04839051356
Dois fundos e Um fundo;BANCO BTG PACTUAL S A;30.306.294/0001-45;2026-11-17;DI de um dia;100% do DI1 + 2,1265%;;432348445.8899997;60004.24046147273;0.01387867610763641;28;1;MAG CASH FUNDO DE  INVESTIMENTO RENDA FIXA LONGO PRAZO;44.211.851/0001-59;25724.87957081657;Cabo de Santo Agostinho/PE;17691.62631436189
Dois fundos e Um fundo;BANCO COOPERATIVO SICREDI S.A.;01.181.521/0001-55;2024-07-22;DI de um dia;100% do DI1 + 0,9267%;;379411147.91;59208.69736266603;0.01560541847249857;28;1;MAG CASH FUNDO DE  INVESTIMENTO RENDA FIXA LONGO PRAZO;44.211.851/0001-59;25383.81616841691;Cabo de Santo Agostinho/PE;17457.06870455271
Um fundo;BANCO SAFRA S.A.;58.160.789/0001-28;2025-04-10;DI de um dia;111,50% do DI1;;30095170.57;59171.81678179643;0.1966156551403005;3;1;Porto Seguro FI Referenciado DI Crédito Privado;18.719.154/0001-01;59171.81678179643;Governo do Estado do Amazonas/AM;51939.8227487824
Um fundo;PORTOSEG SA CRE;04.862.600/0001-10;2026-04-15;DI de um dia;100% do DI1 + 3,2500%;;23665604.09;58611.29065448111;0.2476644603348518;2;1;SANTANDER RENDA FIXA CREDITO PRIVADO CRESCIMENTO INSTITUCIONAL FUNDO DE INVESTIMENTO LONGO PRAZO;17.138.474/0001-05;58611.29065448111;Cabedelo/PB;57606.08334073181
Dois fundos e Um fundo;ITAU UNIBANCO S.A.;60.701.190/0001-04;2024-09-02;DI de um dia;100% do DI1 + 0,8500%;;2759037262.400001;58429.01673662078;0.002117732063023868;3;1;XP BANCOS FUNDO DE INVESTIMENTO RENDA FIXA CREDITO PRIVADO;35.377.390/0001-06;40843.31131731058;Uberaba/MG;40843.31131731058
Um fundo;BANCO BRADESCO S.A.;60.746.948/0001-12;2025-06-24;DI de um dia;100% do DI1 + 0,6484%;;2108842701.160001;57835.62046993581;0.002742528896921636;4;1;VINCI INSTITUCIONAL FUNDO DE INVESTIMENTO EM RENDA FIXA REFERENCIADO DI;51.415.957/0001-30;57835.62046993581;Joinville/SC;49095.07991148481
Dois fundos e Um fundo;BANCO BRADESCO S.A.;60.746.948/0001-12;2025-11-16;DI de um dia;100% do DI1 + 2,0100%;;170231732.55;57814.65301885986;0.03396232426987647;8;3;BTG PACTUAL CAPITAL MARKETS FUNDO DE INVESTIMENTO RENDA FIXA;04.501.865/0001-92;51932.19899835069;Niterói/RJ;36733.55974237068
Um fundo;BANCO SAFRA S.A.;58.160.789/0001-28;2026-04-09;DI de um dia;111,25% do DI1 + 0,0109%;;121013572.14;57604.371990263;0.04760157970018502;2;1;SANTANDER RENDA FIXA CREDITO PRIVADO CRESCIMENTO INSTITUCIONAL FUNDO DE INVESTIMENTO LONGO PRAZO;17.138.474/0001-05;57604.371990263;Cabedelo/PB;56616.43373840126
Dois fundos e Um fundo;Banco Volkswagen S/A;59.109.165/0001-49;2024-07-05;DI de um dia;100% do DI1 + 0,6901%;;49655830.09;57457.87837679661;0.1157122502486729;3;1;XP BANCOS FUNDO DE INVESTIMENTO RENDA FIXA CREDITO PRIVADO;35.377.390/0001-06;40164.46185897936;Uberaba/MG;40164.46185897936
Dois fundos;XP HOLDING INVESTIMENTOS S/A;11.369.951/0001-59;2025-12-01;DI de um dia;100% do DI1 + 1,1500%;;1620489.77;57003.80209559229;3.51768972263196;88;1;Itaú High Grade FIC Renda Fixa Crédito Privado;09.093.883/0001-04;57003.80209559229;Santos/SP;7229.979399165405
Dois fundos e Um fundo;NU FINANCEIRA S.A.;30.680.829/0001-43;2025-09-01;DI de um dia;100% do DI1 + 1,4500%;;38655454.57;56887.9661343199;0.1471667239905385;7;2;BTG PACTUAL CAPITAL MARKETS FUNDO DE INVESTIMENTO RENDA FIXA;04.501.865/0001-92;54667.50634289208;Niterói/RJ;38668.34351221735
Dois fundos e Um fundo;BANCO BRADESCO S.A.;60.746.948/0001-12;2031-06-25;DI de um dia;100% do DI1 + 14,4979%;;31230124.11;56738.90764347859;0.1816800581503632;3;1;XP BANCOS FUNDO DE INVESTIMENTO RENDA FIXA CREDITO PRIVADO;35.377.390/0001-06;39661.88373719936;Uberaba/MG;39661.88373719936
Um fundo;BANCO SAFRA S.A.;58.160.789/0001-28;2025-03-21;DI de um dia;110,50% do DI1;;10000988.67;56681.57219356178;0.5667596881055339;3;1;Porto Seguro FI Referenciado DI Crédito Privado;18.719.154/0001-01;56681.57219356178;Governo do Estado do Amazonas/AM;49753.93646797087
Dois fundos;BANCO CSF S.A.;08.357.240/0001-50;2024-11-25;DI de um dia;100% do DI1 + 1,0000%;;34386260.12000001;55560.98441910809;0.1615790266961666;88;1;Itaú High Grade FIC Renda Fixa Crédito Privado;09.093.883/0001-04;55560.98441910809;Santos/SP;7046.982095577843
Dois fundos e Um fundo;BANCO BTG PACTUAL S A;30.306.294/0001-45;2024-07-02;DI de um dia;108% do DI1 + 0,1695%;;17246413.68;55413.25454163951;0.321303057956334;3;1;XP BANCOS FUNDO DE INVESTIMENTO RENDA FIXA CREDITO PRIVADO;35.377.390/0001-06;38735.2198061386;Uberaba/MG;38735.2198061386
Um fundo;BANCO XP S.A;33.264.668/0001-03;2025-10-02;DI de um dia;100% do DI1 + 1,1022%;;43531631.67;54803.62443602554;0.1258937979891842;1;1;BV BANKS RENDA FIXA CREDITO PRIVADO FUNDO DE INVESTIMENTO;10.347.493/0001-94;54803.62443602554;São José dos Campos/SP;54803.62443602554
Dois fundos;BANCO BTG PACTUAL S A;30.306.294/0001-45;2026-11-17;DI de um dia;100% do DI1 + 1,7831%;;432348445.8899997;54414.29560942633;0.01258575024998949;1;1;MAG STRATEGY FUNDO DE INVESTIMENTO MULTIMERCADO;41.687.144/0001-45;54414.29560942633;São Bernardo do Campo/SP;54414.29560942633
Dois fundos e Um fundo;BANCO MERCEDES-BENZ DO BRASIL S.A.;60.814.191/0001-57;2025-11-02;DI de um dia;100% do DI1 + 0,8517%;;600641031.5999999;54259.54399758329;0.009033605954798926;3;1;XP BANCOS FUNDO DE INVESTIMENTO RENDA FIXA CREDITO PRIVADO;35.377.390/0001-06;37928.7479270488;Uberaba/MG;37928.7479270488
Dois fundos;BANCO DO BRASIL;00.000.000/0001-91;2027-09-27;DI de um dia;100% do DI1 + 2,2178%;;211935037.28;53941.98766962729;0.02545213305073353;8;1;BB ESPELHO SULAMERICA CREDITO ASG FIC DE FIF RENDA FIXA CREDITO PRIVADO IS RESPONSABILIDADE LIMITADA;51.681.664/0001-02;53941.98766962729;Aracaju/SE;28951.19998373879
Dois fundos e Um fundo;BANCO PAN S.A.;59.285.411/0001-13;2024-07-01;DI de um dia;100% do DI1 + 0,7401%;;205883126.33;53336.07163274313;0.02590599462107125;28;1;MAG CASH FUNDO DE  INVESTIMENTO RENDA FIXA LONGO PRAZO;44.211.851/0001-59;22866.11761070006;Cabo de Santo Agostinho/PE;15725.58607767717
Dois fundos;BANCO VOTORANTIM S/A;59.588.111/0001-03;2025-04-15;Índice de Preços ao Consumidor Amplo (IPCA/IBGE);100% do IAP + 4,3000%;;1010906.02;53079.4798298427;5.25068391914836;3;1;PORTO SEGURO IMA-B5 FUNDO DE INVESTIMENTO EM COTAS DE FUNDOS DE INVESTIMENTO RENDA FIXA LONGO PRAZO;24.011.864/0001-77;53079.4798298427;Campinas/SP;29877.12661538615
Dois fundos e Um fundo;BANCO VOTORANTIM S/A;59.588.111/0001-03;2025-09-22;DI de um dia;100% do DI1 + 0,7995%;;555110140.7100002;52754.0637457756;0.009503350754555086;28;1;MAG CASH FUNDO DE  INVESTIMENTO RENDA FIXA LONGO PRAZO;44.211.851/0001-59;22616.60053180097;Cabo de Santo Agostinho/PE;15553.9871045204
Dois fundos;BANCO ABC BRASIL S.A.;28.195.667/0001-06;2025-12-29;DI de um dia;100% do DI1 + 0,8500%;;123395742.13;52352.0073053239;0.04242610514888752;4;1;PORTO SEGURO CLASSICO RENDA FIXA FUNDO DE INVESTIMENTO EM COTAS DE FUNDOS DE INVESTIMENTO LONGO PRAZO;02.603.461/0001-84;52352.0073053239;São José dos Campos/SP;42827.91990162932
Dois fundos;BANCO XP S.A;33.264.668/0001-03;2025-01-27;DI de um dia;107,50% do DI1 + 0,1540%;;109454620.13;52337.74875548951;0.04781684746914074;3;1;V8 CASH PLATINUM FUNDO DE INVESTIMENTO EM COTAS DE FUNDO DE INVESTIMENTO RENDA FIXA CREDITO PRIVADO;42.774.627/0001-40;52337.74875548951;Palmeira/PR;31736.50385841788
Dois fundos e Um fundo;PARANA BANCO S.A.;14.388.334/0001-99;2024-09-16;DI de um dia;100% do DI1 + 0,4701%;;32557503.24000001;52311.72634228272;0.1606748710325329;3;1;XP BANCOS FUNDO DE INVESTIMENTO RENDA FIXA CREDITO PRIVADO;35.377.390/0001-06;36567.17576088682;Uberaba/MG;36567.17576088682
Dois fundos e Um fundo;BANCO ALFA DE INVESTIMENTOS S/A;60.770.336/0001-65;2024-08-19;DI de um dia;100% do DI1 + 0,2602%;;41390459.08000001;52152.36224061028;0.1260009272663768;3;1;XP BANCOS FUNDO DE INVESTIMENTO RENDA FIXA CREDITO PRIVADO;35.377.390/0001-06;36455.77635728653;Uberaba/MG;36455.77635728653
Um fundo;BANCO BRADESCO S.A.;60.746.948/0001-12;2026-06-28;DI de um dia;100% do DI1 + 1,3882%;;57948571.23;52051.00417311664;0.08982275674498393;3;1;MAG HIGH GRADE FUNDO DE INVESTIMENTO RENDA FIXA CREDITO PRIVADO LONGO PRAZO;50.223.269/0001-05;52051.00417311664;Tatuí/SP;44307.08841296512
Dois fundos e Um fundo;PARANA BANCO S.A.;14.388.334/0001-99;2024-09-16;DI de um dia;100% do DI1 + 1,0567%;;32557503.24000001;51976.31086726359;0.1596446462252232;28;1;MAG CASH FUNDO DE  INVESTIMENTO RENDA FIXA LONGO PRAZO;44.211.851/0001-59;22283.1641116129;Cabo de Santo Agostinho/PE;15324.67475616414
Dois fundos e Um fundo;BANCO BRADESCO S.A.;60.746.948/0001-12;2025-06-30;DI de um dia;100% do DI1 + 0,3438%;;103861754.97;51498.78726557473;0.04958397562264367;3;1;XP BANCOS FUNDO DE INVESTIMENTO RENDA FIXA CREDITO PRIVADO;35.377.390/0001-06;35998.91146950467;Uberaba/MG;35998.91146950467
Dois fundos e Um fundo;BANCO VOTORANTIM S/A;59.588.111/0001-03;2026-08-03;DI de um dia;100% do DI1 + 0,9500%;;313019280.0999998;51121.82276018214;0.01633184471699325;19;2;Itaú Active Fix IB Institucional Multimercado;04.764.174/0001-81;32349.21132862567;Curitiba/PR;27279.99576783274
Dois fundos e Um fundo;BANCO VOTORANTIM S/A;59.588.111/0001-03;2026-02-02;DI de um dia;100% do DI1 + 0,9000%;;341858120.71;51064.43791150378;0.01493731896888944;19;2;Itaú Active Fix IB Institucional Multimercado;04.764.174/0001-81;32312.89895758003;Curitiba/PR;27249.37365100949
Dois fundos e Um fundo;BANCO CNH CAPITAL S.A.;02.992.446/0001-75;2024-09-28;DI de um dia;100% do DI1 + 0,7223%;;417504231.7700001;50923.4464737103;0.01219710905870857;3;1;XP BANCOS FUNDO DE INVESTIMENTO RENDA FIXA CREDITO PRIVADO;35.377.390/0001-06;35596.73418862397;Uberaba/MG;35596.73418862397
Dois fundos;BANCO BTG PACTUAL S A;30.306.294/0001-45;2027-11-23;DI de um dia;100% do DI1 + 2,1000%;;1878889.5;50818.79575886107;2.704725092074924;3;1;BUTIA TOP CREDITO PRIVADO FUNDO DE INVESTIMENTO EM COTAS DE FUNDOS DE INVESTIMENTO RENDA FIXA;22.344.843/0001-48;50818.79575886107;Campinas/SP;43953.5286477973
Dois fundos e Um fundo;BANCO ABC BRASIL S.A.;28.195.667/0001-06;2027-03-15;DI de um dia;100% do DI1 + 0,8400%;;109529165.36;50706.44793359272;0.04629492771804751;8;3;BTG PACTUAL CAPITAL MARKETS FUNDO DE INVESTIMENTO RENDA FIXA;04.501.865/0001-92;44069.54030047433;Niterói/RJ;31172.01125062503
Um fundo;BANCO BRADESCO S.A.;60.746.948/0001-12;2050-06-25;DI de um dia;100% do DI1 + 3,6000%;;70152994.14;50535.28221441014;0.07203581662325059;3;1;Porto Seguro FI Referenciado DI Crédito Privado;18.719.154/0001-01;50535.28221441014;Governo do Estado do Amazonas/AM;44358.84756514098
Um fundo;BANCO COOPERATIVO SICREDI S.A.;01.181.521/0001-55;2026-12-13;DI de um dia;100% do DI1 + 1,7475%;;193068357.49;50435.26331859291;0.02612300843819278;9;1;SULAMERICA CREDITO INSTITUCIONAL ESG FIF RF CRED PRIV LONGO PRAZO IS - RESP LIMITADA;34.525.051/0001-59;50435.26331859291;Governo do Estado do Paraná/PR;22056.82230987044
Dois fundos;BANCO BTG PACTUAL S A;30.306.294/0001-45;2027-12-13;DI de um dia;100% do DI1 + 2,1000%;;1490252.87;50384.05402512399;3.380906357531389;3;1;BUTIA TOP CREDITO PRIVADO FUNDO DE INVESTIMENTO EM COTAS DE FUNDOS DE INVESTIMENTO RENDA FIXA;22.344.843/0001-48;50384.05402512399;Campinas/SP;43577.51750934221
Um fundo;ITAU UNIBANCO S.A.;60.701.190/0001-04;2024-10-01;DI de um dia;100% do DI1 + 0,7274%;;2272656931.779999;50063.07503069841;0.002202843479393426;4;1;VINCI INSTITUCIONAL FUNDO DE INVESTIMENTO EM RENDA FIXA REFERENCIADO DI;51.415.957/0001-30;50063.07503069841;Joinville/SC;42497.17819703242
Um fundo;ITAU UNIBANCO S.A.;60.701.190/0001-04;2024-10-01;DI de um dia;100% do DI1 + 0,4120%;;2272656931.779999;50063.07503069841;0.002202843479393426;4;1;VINCI INSTITUCIONAL FUNDO DE INVESTIMENTO EM RENDA FIXA REFERENCIADO DI;51.415.957/0001-30;50063.07503069841;Joinville/SC;42497.17819703242
Um fundo;BANCO BTG PACTUAL S A;30.306.294/0001-45;2024-10-14;DI de um dia;100% do DI1 + 0,7342%;;67332173.5;49879.90930723902;0.0740803492809259;4;1;VINCI INSTITUCIONAL FUNDO DE INVESTIMENTO EM RENDA FIXA REFERENCIADO DI;51.415.957/0001-30;49879.90930723902;Joinville/SC;42341.69381288964
Dois fundos e Um fundo;BANCO BTG PACTUAL S A;30.306.294/0001-45;2026-12-07;DI de um dia;100% do DI1;;146235413.76;49842.84375896143;0.03408397629370609;3;1;XP BANCOS FUNDO DE INVESTIMENTO RENDA FIXA CREDITO PRIVADO;35.377.390/0001-06;34841.36646974266;Uberaba/MG;34841.36646974266
Um fundo;BANCO SAFRA S.A.;58.160.789/0001-28;2025-05-26;DI de um dia;111% do DI1 + 0,6438%;;32177813.81;49536.32092140252;0.1539455763337408;1;1;BV BANKS RENDA FIXA CREDITO PRIVADO FUNDO DE INVESTIMENTO;10.347.493/0001-94;49536.32092140252;São José dos Campos/SP;49536.32092140252
Um fundo;BANCO RODOBENS;33.603.457/0001-40;2024-12-13;DI de um dia;100% do DI1 + 0,9812%;;55869637.97999998;49250.2366953422;0.08815205982357113;4;1;VINCI INSTITUCIONAL FUNDO DE INVESTIMENTO EM RENDA FIXA REFERENCIADO DI;51.415.957/0001-30;49250.2366953422;Joinville/SC;41807.18191610421
Dois fundos e Um fundo;BANCO BTG PACTUAL S A;30.306.294/0001-45;2025-06-09;DI de um dia;100% do DI1 + 1,0500%;;39683891.69;49248.7710846482;0.1241026748822079;8;3;BTG PACTUAL CAPITAL MARKETS FUNDO DE INVESTIMENTO RENDA FIXA;04.501.865/0001-92;42406.72772971693;Niterói/RJ;29995.84259059542
Dois fundos;INDUSTRIAL BRAS;31.895.683/0001-16;2026-05-25;DI de um dia;100% do DI1 + 1,2000%;;19995780.98;49248.69431987967;0.2462954278662022;126;1;BB PREVIDENCIARIO MULTIMERCADO FUNDO DE INVESTIMENTO LONGO PRAZO;10.418.362/0001-50;35315.13111415655;Marabá/PA;4102.919925228885
Um fundo;BANCO GMAC S/A;59.274.605/0001-13;2026-09-28;DI de um dia;100% do DI1 + 0,9789%;;115120517.96;49220.87633214008;0.0427559545460371;3;1;MAG HIGH GRADE FUNDO DE INVESTIMENTO RENDA FIXA CREDITO PRIVADO LONGO PRAZO;50.223.269/0001-05;49220.87633214008;Tatuí/SP;41898.01434298
Um fundo;BANCO DO BRASIL;00.000.000/0001-91;2027-09-09;DI de um dia;100% do DI1 + 2,7160%;;35669305.17999999;49197.27454483161;0.1379260804116163;3;1;MAG HIGH GRADE FUNDO DE INVESTIMENTO RENDA FIXA CREDITO PRIVADO LONGO PRAZO;50.223.269/0001-05;49197.27454483161;Tatuí/SP;41877.92392409965
Dois fundos;BANCO BMG S.A.;61.186.680/0001-74;2024-08-30;DI de um dia;100% do DI1 + 1,6480%;;76401460.03;49061.93734750827;0.0642159682920241;1;1;MAG STRATEGY FUNDO DE INVESTIMENTO MULTIMERCADO;41.687.144/0001-45;49061.93734750827;São Bernardo do Campo/SP;49061.93734750827
Um fundo;BANCO DAYCOVAL S.A.;62.232.889/0001-90;2026-10-13;DI de um dia;100% do DI1 + 1,1430%;;69914502.98;49005.02371327039;0.07009278708208645;1;1;BV BANKS RENDA FIXA CREDITO PRIVADO FUNDO DE INVESTIMENTO;10.347.493/0001-94;49005.02371327039;São José dos Campos/SP;49005.02371327039
Dois fundos e Um fundo;BANCO BRADESCO S.A.;60.746.948/0001-12;2025-11-17;DI de um dia;100% do DI1 + 2,0100%;;493534283.44;48637.1005125401;0.009854857533611039;7;2;BTG PACTUAL CAPITAL MARKETS FUNDO DE INVESTIMENTO RENDA FIXA;04.501.865/0001-92;41532.46047170175;Niterói/RJ;29377.44111381375
Dois fundos;BANCO BRADESCO S.A.;60.746.948/0001-12;2027-06-01;DI de um dia;100% do DI1 + 2,0796%;;2971330201.669999;48613.92985629811;0.001636099879743263;4;1;BRADESCO FUNDO DE INVESTIMENTO RENDA FIXA - 1824;44.315.854/0001-32;48613.92985629811;Recife/PE;40895.0024955961
Dois fundos;BANCO SAFRA S.A.;58.160.789/0001-28;2024-07-29;;100,0000% a.a. (prefixado);;975597.17;48525.2283553891;4.973900073468756;4;1;PORTO SEGURO CLASSICO RENDA FIXA FUNDO DE INVESTIMENTO EM COTAS DE FUNDOS DE INVESTIMENTO LONGO PRAZO;02.603.461/0001-84;48525.2283553891;São José dos Campos/SP;39697.32394581041
Um fundo;BANCO DAYCOVAL S.A.;62.232.889/0001-90;2024-10-25;DI de um dia;100% do DI1 + 0,6842%;;20724240;48500.94245202353;0.234030017274571;3;1;MAG HIGH GRADE FUNDO DE INVESTIMENTO RENDA FIXA CREDITO PRIVADO LONGO PRAZO;50.223.269/0001-05;48500.94245202353;Tatuí/SP;41285.18900781984
Dois fundos e Um fundo;BANCO BRADESCO S.A.;60.746.948/0001-12;2025-02-03;DI de um dia;100% do DI1 + 0,2439%;;264396935.87;48471.90287172229;0.01833300477262535;3;1;XP BANCOS FUNDO DE INVESTIMENTO RENDA FIXA CREDITO PRIVADO;35.377.390/0001-06;33883.04526937848;Uberaba/MG;33883.04526937848
Um fundo;NU FINANCEIRA S.A.;30.680.829/0001-43;2027-02-19;DI de um dia;100% do DI1 + 1,2500%;;11391212.08;48399.98766987979;0.4248888294763431;3;1;Porto Seguro FI Referenciado DI Crédito Privado;18.719.154/0001-01;48399.98766987979;Governo do Estado do Amazonas/AM;42484.52924619648
Dois fundos;BANCO VOTORANTIM S/A;59.588.111/0001-03;2027-01-04;;100,0000% a.a. (prefixado);;5201011.290000001;48243.98763136493;0.9275885965509012;4;1;PORTO SEGURO CLASSICO RENDA FIXA FUNDO DE INVESTIMENTO EM COTAS DE FUNDOS DE INVESTIMENTO LONGO PRAZO;02.603.461/0001-84;48243.98763136493;São José dos Campos/SP;39467.24766370463
Dois fundos e Um fundo;BANCO BRADESCO S.A.;60.746.948/0001-12;2024-06-03;DI de um dia;100% do DI1 + 204,4228%;;200934692.36;48233.39541629;0.02400451353112968;3;1;XP BANCOS FUNDO DE INVESTIMENTO RENDA FIXA CREDITO PRIVADO;35.377.390/0001-06;33716.32272640583;Uberaba/MG;33716.32272640583
Dois fundos;BANCO BRADESCO S.A.;60.746.948/0001-12;2027-06-02;DI de um dia;100% do DI1 + 2,0804%;;1048985947.629999;48026.60971648449;0.00457838446978172;4;1;BRADESCO FUNDO DE INVESTIMENTO RENDA FIXA - 1824;44.315.854/0001-32;48026.60971648449;Recife/PE;40400.93713913572
Um fundo;NU FINANCEIRA S.A.;30.680.829/0001-43;2027-03-12;DI de um dia;100% do DI1 + 1,2500%;;30868364.01;48018.02362348074;0.1555573972366174;3;1;Porto Seguro FI Referenciado DI Crédito Privado;18.719.154/0001-01;48018.02362348074;Governo do Estado do Amazonas/AM;42149.24893970304
Um fundo;BANCO DAYCOVAL S.A.;62.232.889/0001-90;2026-08-07;DI de um dia;100% do DI1 + 1,1531%;;11152099.36;47840.90431244747;0.4289856355121953;1;1;BV BANKS RENDA FIXA CREDITO PRIVADO FUNDO DE INVESTIMENTO;10.347.493/0001-94;47840.90431244747;São José dos Campos/SP;47840.90431244747
Dois fundos e Um fundo;BANCO BRADESCO S.A.;60.746.948/0001-12;2027-09-17;DI de um dia;100% do DI1 + 0,5149%;;6778743623.540005;47740.31900238831;0.0007042650032758915;28;1;MAG CASH FUNDO DE  INVESTIMENTO RENDA FIXA LONGO PRAZO;44.211.851/0001-59;20467.11944962202;Cabo de Santo Agostinho/PE;14075.7366049985
Um fundo;BANCO SAFRA S.A.;58.160.789/0001-28;2025-02-10;DI de um dia;110% do DI1;;37580345.7;47443.87739275616;0.1262465166539332;3;1;Porto Seguro FI Referenciado DI Crédito Privado;18.719.154/0001-01;47443.87739275616;Governo do Estado do Amazonas/AM;41645.27500282554
Um fundo;BANCO COOPERATIVO SICREDI S.A.;01.181.521/0001-55;2025-08-18;DI de um dia;100% do DI1 + 1,1122%;;11059051.32;47441.74158672183;0.4289856355121953;1;1;BV BANKS RENDA FIXA CREDITO PRIVADO FUNDO DE INVESTIMENTO;10.347.493/0001-94;47441.74158672183;São José dos Campos/SP;47441.74158672183
Dois fundos e Um fundo;BANCO SAFRA S.A.;58.160.789/0001-28;2026-02-26;DI de um dia;100% do DI1 + 0,6957%;;101283085.63;47238.03523969807;0.04663960911722677;3;1;XP BANCOS FUNDO DE INVESTIMENTO RENDA FIXA CREDITO PRIVADO;35.377.390/0001-06;33020.54162591852;Uberaba/MG;33020.54162591852
Dois fundos e Um fundo;BANCO SANTANDER;90.400.888/0001-42;2025-11-10;DI de um dia;105% do DI1 + 105,0000%;;894935027.6300001;46897.24762009492;0.005240296353612389;4;2;BTG PACTUAL CDB PLUS FUNDO DE INVESTIMENTO RENDA FIXA CREDITO PRIVADO;27.717.359/0001-30;40213.74976858096;Itupeva/SP;40213.74976858096
Dois fundos e Um fundo;BANCO CITIBANK S.A.;33.479.023/0001-80;2026-10-02;DI de um dia;100% do DI1 + 0,7482%;;80036398.08;46800.10645460888;0.05847352901592356;3;1;XP BANCOS FUNDO DE INVESTIMENTO RENDA FIXA CREDITO PRIVADO;35.377.390/0001-06;32714.41869756537;Uberaba/MG;32714.41869756537
Dois fundos e Um fundo;BANCO VOTORANTIM S/A;59.588.111/0001-03;2026-02-02;DI de um dia;100% do DI1 + 0,8000%;;341858120.71;46776.24031096277;0.01368293963993422;7;2;BTG PACTUAL CAPITAL MARKETS FUNDO DE INVESTIMENTO RENDA FIXA;04.501.865/0001-92;45768.09700613576;Niterói/RJ;32373.46305560637
Um fundo;BANCO ABC BRASIL S.A.;28.195.667/0001-06;2025-07-31;DI de um dia;100% do DI1 + 1,0800%;;116120728.97;46506.81895630125;0.04005040217093055;3;1;Porto Seguro FI Referenciado DI Crédito Privado;18.719.154/0001-01;46506.81895630125;Governo do Estado do Amazonas/AM;40822.74407946048
Um fundo;BANCO COOPERATIVO SICREDI S.A.;01.181.521/0001-55;2026-03-02;DI de um dia;100% do DI1 + 0,8500%;;25384351.67;46372.74687636999;0.1826824158411527;1;1;BV BANKS RENDA FIXA CREDITO PRIVADO FUNDO DE INVESTIMENTO;10.347.493/0001-94;46372.74687636999;São José dos Campos/SP;46372.74687636999
Um fundo;BANCO BRADESCO S.A.;60.746.948/0001-12;2025-06-24;DI de um dia;100% do DI1 + 1,0418%;;2108842701.160001;46016.65765453773;0.002182081083109024;1;1;BV BANKS RENDA FIXA CREDITO PRIVADO FUNDO DE INVESTIMENTO;10.347.493/0001-94;46016.65765453773;São José dos Campos/SP;46016.65765453773
Um fundo;BANCO BRADESCO S.A.;60.746.948/0001-12;2025-06-24;DI de um dia;100% do DI1 + 0,6316%;;2108842701.160001;46016.65765453773;0.002182081083109024;1;1;BV BANKS RENDA FIXA CREDITO PRIVADO FUNDO DE INVESTIMENTO;10.347.493/0001-94;46016.65765453773;São José dos Campos/SP;46016.65765453773
Dois fundos;BANCO ABC BRASIL S.A.;28.195.667/0001-06;2026-07-07;DI de um dia;100% do DI1 + 1,2000%;;1130086.42;45768.1503289992;4.049969057145135;88;1;Itaú High Grade FIC Renda Fixa Crédito Privado;09.093.883/0001-04;45768.1503289992;Santos/SP;5804.924791887807
Dois fundos;BANCO PAN S.A.;59.285.411/0001-13;2024-12-02;Índice de Preços ao Consumidor Amplo (IPCA/IBGE);100% do IAP + 5,5500%;;3052333.72;45678.34448130229;1.496505581352432;3;1;PORTO SEGURO IMA-B5 FUNDO DE INVESTIMENTO EM COTAS DE FUNDOS DE INVESTIMENTO RENDA FIXA LONGO PRAZO;24.011.864/0001-77;45678.34448130229;Campinas/SP;25711.21054735359
Dois fundos;BANCO ABC BRASIL S.A.;28.195.667/0001-06;2026-07-17;DI de um dia;100% do DI1 + 1,2000%;;1126479.48;45622.07037508941;4.049969057145134;88;1;Itaú High Grade FIC Renda Fixa Crédito Privado;09.093.883/0001-04;45622.07037508941;Santos/SP;5786.396991660944
Um fundo;BANCO VOTORANTIM S/A;59.588.111/0001-03;2025-12-01;DI de um dia;100% do DI1 + 0,9036%;;36970411.76;45561.01652467878;0.1232364324759113;1;1;BV BANKS RENDA FIXA CREDITO PRIVADO FUNDO DE INVESTIMENTO;10.347.493/0001-94;45561.01652467878;São José dos Campos/SP;45561.01652467878
Dois fundos e Um fundo;BANCO VOTORANTIM S/A;59.588.111/0001-03;2025-01-02;DI de um dia;100% do DI1 + 0,9500%;;43839682.54;45354.97240254725;0.1034564343871895;8;3;BTG PACTUAL CAPITAL MARKETS FUNDO DE INVESTIMENTO RENDA FIXA;04.501.865/0001-92;40984.38718330753;Niterói/RJ;28989.76866260355
Um fundo;HAITONG BANCO DE INVESTIMENTO DO BRASIL SA;34.111.187/0001-12;2024-08-25;DI de um dia;100% do DI1 + 0,9251%;;207764350.59;45261.59544732641;0.02178506337530695;1;1;BV BANKS RENDA FIXA CREDITO PRIVADO FUNDO DE INVESTIMENTO;10.347.493/0001-94;45261.59544732641;São José dos Campos/SP;45261.59544732641
Dois fundos e Um fundo;BANCO CITIBANK S.A.;33.479.023/0001-80;2026-10-02;DI de um dia;100% do DI1 + 0,8310%;;80036398.08;45240.10294933003;0.05652441143604502;3;1;XP BANCOS FUNDO DE INVESTIMENTO RENDA FIXA CREDITO PRIVADO;35.377.390/0001-06;31623.93810451672;Uberaba/MG;31623.93810451672
Um fundo;ITAU UNIBANCO HOLDING SA;60.872.504/0001-23;2025-01-15;Taxa Selic;100% do SEL + 2,1485%;;263261425.4499999;45105.88257866951;0.01713349477674855;3;1;MAG HIGH GRADE FUNDO DE INVESTIMENTO RENDA FIXA CREDITO PRIVADO LONGO PRAZO;50.223.269/0001-05;45105.88257866951;Tatuí/SP;38395.2309682841
Um fundo;ITAU UNIBANCO HOLDING SA;60.872.504/0001-23;2025-01-15;Taxa Selic;100% do SEL + 2,8738%;;263261425.4499999;45105.88257866951;0.01713349477674855;3;1;MAG HIGH GRADE FUNDO DE INVESTIMENTO RENDA FIXA CREDITO PRIVADO LONGO PRAZO;50.223.269/0001-05;45105.88257866951;Tatuí/SP;38395.2309682841
Dois fundos;BANCO PAN S.A.;59.285.411/0001-13;2024-08-12;DI de um dia;100% do DI1 + 0,4402%;;123911691.02;45088.94067807028;0.03638796332042042;3;1;V8 CASH PLATINUM FUNDO DE INVESTIMENTO EM COTAS DE FUNDO DE INVESTIMENTO RENDA FIXA CREDITO PRIVADO;42.774.627/0001-40;45088.94067807028;Palmeira/PR;27340.97995858991
Um fundo;BANCO SANTANDER;90.400.888/0001-42;2025-04-07;DI de um dia;100% do DI1 + 0,7119%;;969664432.3400003;44952.91976225397;0.00463592540501597;1;1;BANCO BRADESCO S.A.;02.998.164/0001-85;44952.91976225397;Belo Jardim/PE;44952.91976225397
Dois fundos;BANCO SAFRA S.A.;58.160.789/0001-28;2025-01-11;;10,4485% a.a. (prefixado);;23262569.93;44636.76764495126;0.1918823577071188;3;1;V8 CASH PLATINUM FUNDO DE INVESTIMENTO EM COTAS DE FUNDO DE INVESTIMENTO RENDA FIXA CREDITO PRIVADO;42.774.627/0001-40;44636.76764495126;Palmeira/PR;27066.79179514222
Dois fundos e Um fundo;BANCO COOPERATIVO SICREDI S.A.;01.181.521/0001-55;2026-12-13;DI de um dia;100% do DI1 + 0,8600%;;193068357.49;44568.67410144159;0.02308440113173389;28;1;MAG CASH FUNDO DE  INVESTIMENTO RENDA FIXA LONGO PRAZO;44.211.851/0001-59;19107.3791630895;Cabo de Santo Agostinho/PE;13140.61008797461
Um fundo;BANCO COOPERATIVO SICREDI S.A.;01.181.521/0001-55;2027-02-15;DI de um dia;100% do DI1 + 0,9500%;;10293921.51;44159.44460880008;0.4289856355121954;1;1;BV BANKS RENDA FIXA CREDITO PRIVADO FUNDO DE INVESTIMENTO;10.347.493/0001-94;44159.44460880008;São José dos Campos/SP;44159.44460880008
Dois fundos e Um fundo;BANCO ABC BRASIL S.A.;28.195.667/0001-06;2025-06-09;DI de um dia;100% do DI1 + 1,2500%;;144499275.64;43644.56581868777;0.03020400318643962;8;3;BTG PACTUAL CAPITAL MARKETS FUNDO DE INVESTIMENTO RENDA FIXA;04.501.865/0001-92;38850.42732616986;Niterói/RJ;27480.34014981369
Dois fundos;ITAU UNIBANCO S.A.;60.701.190/0001-04;2024-07-15;Taxa Selic;114% do SEL + 1,6035%;;11151946.32;43569.40598518879;0.3906888065543414;4;1;BRADESCO FUNDO DE INVESTIMENTO RENDA FIXA - 1824;44.315.854/0001-32;43569.40598518879;Recife/PE;36651.44891110053
Um fundo;BANCO ABC BRASIL S.A.;28.195.667/0001-06;2024-09-02;DI de um dia;120% do DI1;;39031034.99;43470.00729411587;0.1113729300420887;25;1;DAYCOVAL CLASSIC FUNDO DE INVESTIMENTO RENDA FIXA CREDITO PRIVADO;10.783.480/0001-68;43470.00729411587;Governo do Estado do Amazonas/AM;23002.87544844437
Dois fundos;CIA DE CR FINAN E INVEST RCI BRASIL;61.784.278/0001-91;2025-03-26;DI de um dia;100% do DI1 + 2,3000%;;86258457.75;43326.89530411564;0.05022915599730352;16;1;Itaú Inst. Multimercado Juros e Moedas;00.973.117/0001-51;43326.89530411564;Governador Jorge Teixeira/RO;5459.86470071507
Dois fundos e Um fundo;PARANA BANCO S.A.;14.388.334/0001-99;2024-09-16;DI de um dia;100% do DI1 + 0,7361%;;32557503.24000001;43313.59204354224;0.1330372041254299;28;1;MAG CASH FUNDO DE  INVESTIMENTO RENDA FIXA LONGO PRAZO;44.211.851/0001-59;18569.30327807461;Cabo de Santo Agostinho/PE;12770.56219483492
Dois fundos;BANCO XP S.A;33.264.668/0001-03;2024-06-28;DI de um dia;100% do DI1 + 1,2900%;;715793280.3400003;43116.65174349449;0.006023617841594458;64;1;Sicredi Executive;21.170.347/0001-52;42738.40994340023;Pelotas/RS;5267.941376668694
Dois fundos;BANCO BRADESCO S.A.;60.746.948/0001-12;2050-03-15;Taxa Selic;120% do SEL + 0,0004%;;558915685.0499996;42681.00849241026;0.0076363948327183;3;2;V8 CASH PLATINUM FUNDO DE INVESTIMENTO EM COTAS DE FUNDO DE INVESTIMENTO RENDA FIXA CREDITO PRIVADO;42.774.627/0001-40;42681.00849241026;Palmeira/PR;25880.86081097387
Dois fundos e Um fundo;ITAU UNIBANCO S.A.;60.701.190/0001-04;2025-01-02;DI de um dia;100% do DI1 + 0,8919%;;1421236759.26;42533.38256422433;0.002992702115752362;3;1;XP BANCOS FUNDO DE INVESTIMENTO RENDA FIXA CREDITO PRIVADO;35.377.390/0001-06;29731.87437467315;Uberaba/MG;29731.87437467315
Um fundo;BANCO SAFRA S.A.;58.160.789/0001-28;2025-05-26;DI de um dia;111% do DI1 + 0,3080%;;32177813.81;42459.70365304482;0.1319533511622517;1;1;BV BANKS RENDA FIXA CREDITO PRIVADO FUNDO DE INVESTIMENTO;10.347.493/0001-94;42459.70365304482;São José dos Campos/SP;42459.70365304482
Dois fundos;BANCO DAYCOVAL S.A.;62.232.889/0001-90;2025-12-01;DI de um dia;100% do DI1 + 0,7900%;;637439.86;42436.05958850877;6.657264826286322;64;1;Sicredi Executive;21.170.347/0001-52;42063.7882984477;Pelotas/RS;5184.787434307518
Dois fundos e Um fundo;Banco Volkswagen S/A;59.109.165/0001-49;2025-11-28;DI de um dia;100% do DI1 + 0,9016%;;803141754.1100001;42278.47305584906;0.005264135856403065;28;1;MAG CASH FUNDO DE  INVESTIMENTO RENDA FIXA LONGO PRAZO;44.211.851/0001-59;18125.52945317352;Cabo de Santo Agostinho/PE;12465.36812554365
Dois fundos e Um fundo;BANCO SAFRA S.A.;58.160.789/0001-28;2025-04-14;DI de um dia;111,50% do DI1 + 0,1302%;;101724857.69;42081.36995257032;0.04136783369194834;3;1;XP BANCOS FUNDO DE INVESTIMENTO RENDA FIXA CREDITO PRIVADO;35.377.390/0001-06;29415.90650719466;Uberaba/MG;29415.90650719466
Um fundo;BANCO BRADESCO S.A.;60.746.948/0001-12;2026-06-24;DI de um dia;100% do DI1 + 0,7624%;;2518851326.48;41989.20708246915;0.001666998232132561;3;1;MAG HIGH GRADE FUNDO DE INVESTIMENTO RENDA FIXA CREDITO PRIVADO LONGO PRAZO;50.223.269/0001-05;41989.20708246915;Tatuí/SP;35742.24052250145
Um fundo;BANCO XP S.A;33.264.668/0001-03;2025-09-01;DI de um dia;109% do DI1;;5055715.75;41870.89254693133;0.8281892142953514;3;1;Porto Seguro FI Referenciado DI Crédito Privado;18.719.154/0001-01;41870.89254693133;Governo do Estado do Amazonas/AM;36753.42173860667
Dois fundos;BANCO DO BRASIL;00.000.000/0001-91;2050-10-31;DI de um dia;100% do DI1 + 2,1968%;;230741411.07;41725.43725913551;0.01808320277909597;3;2;V8 CASH PLATINUM FUNDO DE INVESTIMENTO EM COTAS DE FUNDO DE INVESTIMENTO RENDA FIXA CREDITO PRIVADO;42.774.627/0001-40;41725.43725913551;Palmeira/PR;25301.42262624232
Dois fundos e Um fundo;BANCO COOPERATIVO SICREDI S.A.;01.181.521/0001-55;2024-07-15;DI de um dia;100% do DI1 + 1,1500%;;12801413.43;41484.36324750529;0.324060803710058;3;1;XP BANCOS FUNDO DE INVESTIMENTO RENDA FIXA CREDITO PRIVADO;35.377.390/0001-06;28998.58422324443;Uberaba/MG;28998.58422324443
Dois fundos e Um fundo;BANCO ABC BRASIL S.A.;28.195.667/0001-06;2024-09-26;DI de um dia;100% do DI1 + 1,1900%;;25610266.7;41198.94359788324;0.1608688581047976;3;1;XP BANCOS FUNDO DE INVESTIMENTO RENDA FIXA CREDITO PRIVADO;35.377.390/0001-06;28799.06890950675;Uberaba/MG;28799.06890950675
Um fundo;BANCO DAYCOVAL S.A.;62.232.889/0001-90;2024-12-23;DI de um dia;100% do DI1 + 0,7060%;;40395343.42000001;40923.06276394585;0.1013063865764403;3;1;MAG HIGH GRADE FUNDO DE INVESTIMENTO RENDA FIXA CREDITO PRIVADO LONGO PRAZO;50.223.269/0001-05;40923.06276394585;Tatuí/SP;34834.71239058139
Um fundo;BANCO DAYCOVAL S.A.;62.232.889/0001-90;2024-12-23;DI de um dia;100% do DI1 + 0,7196%;;40395343.42000001;40923.06276394585;0.1013063865764403;3;1;MAG HIGH GRADE FUNDO DE INVESTIMENTO RENDA FIXA CREDITO PRIVADO LONGO PRAZO;50.223.269/0001-05;40923.06276394585;Tatuí/SP;34834.71239058139
Dois fundos e Um fundo;BANCO DAYCOVAL S.A.;62.232.889/0001-90;2024-10-20;DI de um dia;100% do DI1 + 0,9416%;;584188592.9600003;40877.62398830978;0.006997333477736819;3;1;XP BANCOS FUNDO DE INVESTIMENTO RENDA FIXA CREDITO PRIVADO;35.377.390/0001-06;28574.45864599122;Uberaba/MG;28574.45864599122
Dois fundos e Um fundo;BANCO COOPERATIVO SICREDI S.A.;01.181.521/0001-55;2025-06-22;DI de um dia;100% do DI1 + 1,4426%;;726426722.1700003;40849.09691574185;0.005623292159974015;3;1;XP BANCOS FUNDO DE INVESTIMENTO RENDA FIXA CREDITO PRIVADO;35.377.390/0001-06;28554.51752476518;Uberaba/MG;28554.51752476518
Dois fundos e Um fundo;BANCO BTG PACTUAL S A;30.306.294/0001-45;2025-07-28;DI de um dia;100% do DI1 + 0,9020%;;12788446.83;40034.54689677088;0.3130524560875926;3;1;XP BANCOS FUNDO DE INVESTIMENTO RENDA FIXA CREDITO PRIVADO;35.377.390/0001-06;27985.12714535287;Uberaba/MG;27985.12714535287
Um fundo;BANCO TOYOTA DO BRASIL S.A.;03.215.790/0001-10;2024-10-28;DI de um dia;100% do DI1 + 1,2265%;;614081799.7300001;39916.68685914372;0.006500223077234061;3;1;MAG HIGH GRADE FUNDO DE INVESTIMENTO RENDA FIXA CREDITO PRIVADO LONGO PRAZO;50.223.269/0001-05;39916.68685914372;Tatuí/SP;33978.06059492254
Dois fundos e Um fundo;BANCO SAFRA S.A.;58.160.789/0001-28;2024-09-24;DI de um dia;100% do DI1 + 1,0500%;;77160281.49999999;39916.13338757295;0.05173145122283277;7;2;BTG PACTUAL CAPITAL MARKETS FUNDO DE INVESTIMENTO RENDA FIXA;04.501.865/0001-92;32461.50098025257;Niterói/RJ;22961.21690558496
Dois fundos e Um fundo;BANCO DE LAGE LANDEN BRASIL S.A.;05.040.481/0001-82;2024-07-07;DI de um dia;100% do DI1 + 0,8300%;;190032891.15;39796.8745100235;0.02094209811216857;3;1;XP BANCOS FUNDO DE INVESTIMENTO RENDA FIXA CREDITO PRIVADO;35.377.390/0001-06;27818.98833580882;Uberaba/MG;27818.98833580882
Dois fundos;ITAU UNIBANCO HOLDING SA;60.872.504/0001-23;2024-07-15;Taxa Selic;114% do SEL + 1,4111%;;173722252.3399999;39212.46550387656;0.02257193017917591;4;1;BRADESCO FUNDO DE INVESTIMENTO RENDA FIXA - 1824;44.315.854/0001-32;39212.46550387656;Recife/PE;32986.30411858704
Dois fundos e Um fundo;BANCO BRADESCO S.A.;60.746.948/0001-12;2025-06-24;DI de um dia;100% do DI1 + 0,6516%;;2108842701.160001;39157.66226988465;0.001856831818150561;3;1;XP BANCOS FUNDO DE INVESTIMENTO RENDA FIXA CREDITO PRIVADO;35.377.390/0001-06;27372.16335089575;Uberaba/MG;27372.16335089575
Um fundo;BANCO ABC BRASIL S.A.;28.195.667/0001-06;2024-06-25;DI de um dia;100% do DI1 + 0,5706%;;284489240.22;39023.20427246374;0.01371693503848739;1;1;BANCO BRADESCO S.A.;02.998.164/0001-85;39023.20427246374;Belo Jardim/PE;39023.20427246374
Dois fundos e Um fundo;BANCO VOTORANTIM S/A;59.588.111/0001-03;2025-06-30;DI de um dia;100% do DI1 + 0,6190%;;158894706.68;38990.52701063428;0.02453859403205783;28;1;MAG CASH FUNDO DE  INVESTIMENTO RENDA FIXA LONGO PRAZO;44.211.851/0001-59;16715.92880831908;Cabo de Santo Agostinho/PE;11495.95142555105
Um fundo;BANCO BRADESCO S.A.;60.746.948/0001-12;2031-07-01;DI de um dia;100% do DI1 + 2,5000%;;2729571.98;38669.9661338044;1.416704392378925;3;1;Porto Seguro FI Referenciado DI Crédito Privado;18.719.154/0001-01;38669.9661338044;Governo do Estado do Amazonas/AM;33943.71334072534
Um fundo;BANCO XP S.A;33.264.668/0001-03;2026-05-11;DI de um dia;100% do DI1 + 1,1000%;;30798218.41999999;38613.16588910797;0.1253746738286428;10;3;DAYCOVAL CLASSIC TITULOS BANCARIOS FUNDO DE INVESTIMENTO RENDA FIXA CREDITO PRIVADO;50.235.197/0001-16;27377.33805789241;Mairiporã/SP;10554.715001644
Dois fundos e Um fundo;BANCO ABC BRASIL S.A.;28.195.667/0001-06;2024-10-14;DI de um dia;109,50% do DI1 + 0,3226%;;84094834.16;38611.90916559259;0.04591472181528895;3;1;XP BANCOS FUNDO DE INVESTIMENTO RENDA FIXA CREDITO PRIVADO;35.377.390/0001-06;26990.66858706175;Uberaba/MG;26990.66858706175
Dois fundos e Um fundo;BANCO DAYCOVAL S.A.;62.232.889/0001-90;2025-06-30;DI de um dia;100% do DI1 + 1,2000%;;22335670.52;38516.81115760197;0.1724452871164665;7;2;BTG PACTUAL CAPITAL MARKETS FUNDO DE INVESTIMENTO RENDA FIXA;04.501.865/0001-92;37293.34780161261;Niterói/RJ;26378.96037306358
Dois fundos;BANCO BTG PACTUAL S A;30.306.294/0001-45;2025-12-12;OUTROS;100% do OUT + 5,9200%;;34783828.5;38377.08974205148;0.1103302637950031;3;1;PORTO SEGURO IMA-B5 FUNDO DE INVESTIMENTO EM COTAS DE FUNDOS DE INVESTIMENTO RENDA FIXA LONGO PRAZO;24.011.864/0001-77;38377.08974205148;Campinas/SP;21601.51480438325
Dois fundos e Um fundo;BANCO BRADESCO S.A.;60.746.948/0001-12;2025-03-31;DI de um dia;100% do DI1 + 0,5918%;;397529272.65;38348.77957027943;0.009646781308616527;3;1;XP BANCOS FUNDO DE INVESTIMENTO RENDA FIXA CREDITO PRIVADO;35.377.390/0001-06;26806.73456628886;Uberaba/MG;26806.73456628886
Dois fundos e Um fundo;ITAU UNIBANCO S.A.;60.701.190/0001-04;2031-10-21;DI de um dia;100% do DI1 + 13,0897%;;138617964.75;38256.332368303;0.02759839421773288;3;1;XP BANCOS FUNDO DE INVESTIMENTO RENDA FIXA CREDITO PRIVADO;35.377.390/0001-06;26742.11171172744;Uberaba/MG;26742.11171172744
Dois fundos e Um fundo;ITAU UNIBANCO S.A.;60.701.190/0001-04;2031-10-21;DI de um dia;100% do DI1 + 12,5801%;;138617964.75;38245.704038097;0.02759072686363114;3;1;XP BANCOS FUNDO DE INVESTIMENTO RENDA FIXA CREDITO PRIVADO;35.377.390/0001-06;26734.68224904551;Uberaba/MG;26734.68224904551
Dois fundos e Um fundo;BANCO CITIBANK S.A.;33.479.023/0001-80;2026-10-02;DI de um dia;100% do DI1 + 0,8369%;;80036398.08;38220.08703154816;0.04775338214663965;3;1;XP BANCOS FUNDO DE INVESTIMENTO RENDA FIXA CREDITO PRIVADO;35.377.390/0001-06;26716.77533511936;Uberaba/MG;26716.77533511936
Dois fundos e Um fundo;BANCO DAYCOVAL S.A.;62.232.889/0001-90;2025-12-16;DI de um dia;100% do DI1 + 0,5700%;;42244588.87;38047.11936142229;0.09006388836805904;3;1;XP BANCOS FUNDO DE INVESTIMENTO RENDA FIXA CREDITO PRIVADO;35.377.390/0001-06;26595.86670455613;Uberaba/MG;26595.86670455613
Um fundo;BANCO DAYCOVAL S.A.;62.232.889/0001-90;2025-12-11;DI de um dia;100% do DI1 + 2,2500%;;19754171.32;38035.42831640392;0.1925437807552836;5;2;BTG PACTUAL CAPITAL MARKETS FUNDO DE INVESTIMENTO RENDA FIXA;04.501.865/0001-92;35341.3918071206;Niterói/RJ;24998.26990508574
Dois fundos e Um fundo;BANCO BRADESCO S.A.;60.746.948/0001-12;2031-11-12;DI de um dia;100% do DI1 + 12,6628%;;354134203.8300001;37940.60467994826;0.01071362332969153;3;1;XP BANCOS FUNDO DE INVESTIMENTO RENDA FIXA CREDITO PRIVADO;35.377.390/0001-06;26521.41033786904;Uberaba/MG;26521.41033786904
Dois fundos;BANCO XP S.A;33.264.668/0001-03;2024-10-16;DI de um dia;107,50% do DI1 + 0,0098%;;24607049.52;37743.15272168156;0.1533834956157782;3;2;V8 CASH PLATINUM FUNDO DE INVESTIMENTO EM COTAS DE FUNDO DE INVESTIMENTO RENDA FIXA CREDITO PRIVADO;42.774.627/0001-40;37743.15272168156;Palmeira/PR;22886.64951135992
Dois fundos e Um fundo;ITAU UNIBANCO S.A.;60.701.190/0001-04;2026-04-01;DI de um dia;100% do DI1 + 0,8688%;;1087900232.02;37628.70364559306;0.003458837725930489;3;1;XP BANCOS FUNDO DE INVESTIMENTO RENDA FIXA CREDITO PRIVADO;35.377.390/0001-06;26303.38388871991;Uberaba/MG;26303.38388871991
Dois fundos e Um fundo;BANCO VOTORANTIM S/A;59.588.111/0001-03;2025-06-30;DI de um dia;100% do DI1 + 1,2000%;;158894706.68;37318.93281904824;0.02348658026362407;7;2;BTG PACTUAL CAPITAL MARKETS FUNDO DE INVESTIMENTO RENDA FIXA;04.501.865/0001-92;36015.17448128556;Niterói/RJ;25474.86124133167
Dois fundos e Um fundo;BANCO VOTORANTIM S/A;59.588.111/0001-03;2025-10-03;DI de um dia;100% do DI1 + 1,0000%;;43499451.56;37175.02394721948;0.08546090264136535;7;2;BTG PACTUAL CAPITAL MARKETS FUNDO DE INVESTIMENTO RENDA FIXA;04.501.865/0001-92;35896.44772800995;Niterói/RJ;25390.8814297969
Um fundo;BANCO BMG S.A.;61.186.680/0001-74;2024-07-29;DI de um dia;100% do DI1 + 1,7366%;;24713711.45;37139.43460635715;0.1502786608215301;3;1;MAG HIGH GRADE FUNDO DE INVESTIMENTO RENDA FIXA CREDITO PRIVADO LONGO PRAZO;50.223.269/0001-05;37139.43460635715;Tatuí/SP;31613.99551944269
Dois fundos;BANCO BRADESCO S.A.;60.746.948/0001-12;2031-06-30;DI de um dia;100% do DI1 + 2,5000%;;68557742.71;36859.88496554691;0.05376472956740222;88;1;Itaú High Grade FIC Renda Fixa Crédito Privado;09.093.883/0001-04;36859.88496554691;Santos/SP;4675.060244395828
Dois fundos;ITAU UNIBANCO S.A.;60.701.190/0001-04;2050-09-15;Taxa Selic;114% do SEL;;47257906.86;36686.1805405259;0.07762971950748371;11;1;SPX SEAHAWK ADVISORY FUNDO DE INVESTIMENTO EM COTAS DE FUNDOS DE INVESTIMENTO RENDA FIXA CREDITO PRIVADO LONGO PRAZO;35.648.999/0001-64;36686.1805405259;São José dos Campos/SP;18748.88377174211
Um fundo;BANCO BMG S.A.;61.186.680/0001-74;2024-08-30;DI de um dia;100% do DI1 + 1,7374%;;76401460.03;36676.55697012984;0.04800504722779948;3;1;MAG HIGH GRADE FUNDO DE INVESTIMENTO RENDA FIXA CREDITO PRIVADO LONGO PRAZO;50.223.269/0001-05;36676.55697012984;Tatuí/SP;31219.9827491127
Um fundo;BANCO BTG PACTUAL S A;30.306.294/0001-45;2025-04-14;Índice de Preços ao Consumidor Amplo (IPCA/IBGE);100% do IAP + 5,9581%;;188193947.77;36240.76872183009;0.01925713826149262;1;1;VOTORANTIM ATUARIAL FI MULTIMERCADO CRÉDITO PRIVADO;14.491.564/0001-89;36240.76872183009;Brusque/SC;36240.76872183009
Dois fundos e Um fundo;BANCO BRADESCO S.A.;60.746.948/0001-12;2025-12-23;DI de um dia;100% do DI1 + 0,4965%;;3257724806.990001;36196.61961399439;0.001111101205857794;3;1;XP BANCOS FUNDO DE INVESTIMENTO RENDA FIXA CREDITO PRIVADO;35.377.390/0001-06;25302.32213546822;Uberaba/MG;25302.32213546822
Dois fundos e Um fundo;BANCO VOTORANTIM S/A;59.588.111/0001-03;2024-09-02;DI de um dia;100% do DI1 + 1,2030%;;67636548.88;36145.03863979599;0.05344009893811127;3;1;XP BANCOS FUNDO DE INVESTIMENTO RENDA FIXA CREDITO PRIVADO;35.377.390/0001-06;25266.26577332316;Uberaba/MG;25266.26577332316
Um fundo;ITAU UNIBANCO S.A.;60.701.190/0001-04;2024-10-01;DI de um dia;100% do DI1 + 0,7145%;;2272656931.779999;36091.9763821488;0.001588096112415907;1;1;BANCO BRADESCO S.A.;02.998.164/0001-85;36091.9763821488;Belo Jardim/PE;36091.9763821488
Um fundo;ITAU UNIBANCO S.A.;60.701.190/0001-04;2024-09-02;DI de um dia;100% do DI1 + 0,7049%;;2759037262.400001;36080.01382711378;0.001307703028110932;1;1;BANCO BRADESCO S.A.;02.998.164/0001-85;36080.01382711378;Belo Jardim/PE;36080.01382711378
Um fundo;ITAU UNIBANCO S.A.;60.701.190/0001-04;2024-07-01;DI de um dia;100% do DI1 + 0,6743%;;1910119916.23;36072.36799730467;0.001888487088732138;1;1;BANCO BRADESCO S.A.;02.998.164/0001-85;36072.36799730467;Belo Jardim/PE;36072.36799730467
Um fundo;ITAU UNIBANCO S.A.;60.701.190/0001-04;2024-08-01;DI de um dia;100% do DI1 + 0,6921%;;1768359554.66;36067.89901389633;0.002039624742538915;1;1;BANCO BRADESCO S.A.;02.998.164/0001-85;36067.89901389633;Belo Jardim/PE;36067.89901389633
Dois fundos e Um fundo;ITAU UNIBANCO S.A.;60.701.190/0001-04;2024-09-02;DI de um dia;100% do DI1 + 0,6600%;;2759037262.400001;35956.31801392464;0.001303219731894718;3;1;XP BANCOS FUNDO DE INVESTIMENTO RENDA FIXA CREDITO PRIVADO;35.377.390/0001-06;25134.34544152627;Uberaba/MG;25134.34544152627
Um fundo;BANCO SANTANDER;90.400.888/0001-42;2024-10-07;DI de um dia;100% do DI1 + 0,6794%;;1033920091.56;35947.43261430442;0.00347680956272609;1;1;BANCO BRADESCO S.A.;02.998.164/0001-85;35947.43261430442;Belo Jardim/PE;35947.43261430442
Dois fundos e Um fundo;BANCO VOTORANTIM S/A;59.588.111/0001-03;2024-09-02;DI de um dia;100% do DI1 + 1,1500%;;67636548.88;35693.22564959718;0.05277209769073774;3;1;XP BANCOS FUNDO DE INVESTIMENTO RENDA FIXA CREDITO PRIVADO;35.377.390/0001-06;24950.4374461227;Uberaba/MG;24950.4374461227
Dois fundos e Um fundo;BANCO ABC BRASIL S.A.;28.195.667/0001-06;2025-05-13;DI de um dia;100% do DI1 + 1,0824%;;32874102.06;35495.31048254334;0.1079734753446931;3;1;XP BANCOS FUNDO DE INVESTIMENTO RENDA FIXA CREDITO PRIVADO;35.377.390/0001-06;24812.08990522816;Uberaba/MG;24812.08990522816
Um fundo;Banco Volkswagen S/A;59.109.165/0001-49;2026-11-30;DI de um dia;100% do DI1 + 1,2531%;;176766381.09;35471.71831187789;0.02006700487567123;3;1;MAG HIGH GRADE FUNDO DE INVESTIMENTO RENDA FIXA CREDITO PRIVADO LONGO PRAZO;50.223.269/0001-05;35471.71831187789;Tatuí/SP;30194.39460143776
Dois fundos;CAIXA ECONOMICA FEDERAL CEF;00.360.305/0001-04;2050-11-30;Taxa Selic;114% do SEL + 0,0466%;;383601821.0999998;35254.85090462408;0.009190480588316502;3;2;V8 CASH PLATINUM FUNDO DE INVESTIMENTO EM COTAS DE FUNDO DE INVESTIMENTO RENDA FIXA CREDITO PRIVADO;42.774.627/0001-40;35254.85090462408;Palmeira/PR;21377.795919149
Dois fundos;BANCO SAFRA S.A.;58.160.789/0001-28;2025-05-05;OUTROS;100% do OUT + 4,2200%;;979998681.3999999;35119.54340185139;0.003583631699552958;3;1;PORTO SEGURO IMA-B5 FUNDO DE INVESTIMENTO EM COTAS DE FUNDOS DE INVESTIMENTO RENDA FIXA LONGO PRAZO;24.011.864/0001-77;35119.54340185139;Campinas/SP;19767.92252402095
Um fundo;BANCO SAFRA S.A.;58.160.789/0001-28;2025-05-26;DI de um dia;111% do DI1;;32177813.81;35112.77497529705;0.109121070755854;3;1;Porto Seguro FI Referenciado DI Crédito Privado;18.719.154/0001-01;35112.77497529705;Governo do Estado do Amazonas/AM;30821.28296246379
Um fundo;BANCO PAN S.A.;59.285.411/0001-13;2026-03-18;DI de um dia;100% do DI1 + 0,9000%;;11246082.13;35086.60137082131;0.3119895530304234;1;1;BV BANKS RENDA FIXA CREDITO PRIVADO FUNDO DE INVESTIMENTO;10.347.493/0001-94;35086.60137082131;São José dos Campos/SP;35086.60137082131
Um fundo;BANCO SOFISA;60.889.128/0001-80;2025-05-26;DI de um dia;100% do DI1 + 1,6500%;;661763.44;34927.45488156127;5.277936611542225;6;1;DAYCOVAL CLASSIC TITULOS BANCARIOS FUNDO DE INVESTIMENTO RENDA FIXA CREDITO PRIVADO;50.235.197/0001-16;34927.45488156127;Mairiporã/SP;13465.49219752881
Dois fundos e Um fundo;BANCO BRADESCO S.A.;60.746.948/0001-12;2031-11-04;DI de um dia;100% do DI1 + 12,9272%;;559154009.15;34847.82648236451;0.00623224119153479;3;1;XP BANCOS FUNDO DE INVESTIMENTO RENDA FIXA CREDITO PRIVADO;35.377.390/0001-06;24359.4827577985;Uberaba/MG;24359.4827577985
Dois fundos e Um fundo;BANCO BRADESCO S.A.;60.746.948/0001-12;2031-11-12;DI de um dia;100% do DI1 + 12,8553%;;354134203.8300001;34778.88758727914;0.009820821375383025;3;1;XP BANCOS FUNDO DE INVESTIMENTO RENDA FIXA CREDITO PRIVADO;35.377.390/0001-06;24311.29278454368;Uberaba/MG;24311.29278454368
Um fundo;BANCO SAFRA S.A.;58.160.789/0001-28;2024-09-06;DI de um dia;112,50% do DI1;;3575075.27;34564.32339812272;0.9668138651000407;25;1;DAYCOVAL CLASSIC FUNDO DE INVESTIMENTO RENDA FIXA CREDITO PRIVADO;10.783.480/0001-68;34564.32339812272;Governo do Estado do Amazonas/AM;18290.2850856984
Dois fundos;CAIXA ECONOMICA FEDERAL CEF;00.360.305/0001-04;2050-11-30;Taxa Selic;114% do SEL + 0,0571%;;383601821.0999998;34310.50412630453;0.008944301679256169;3;1;V8 CASH PLATINUM FUNDO DE INVESTIMENTO EM COTAS DE FUNDO DE INVESTIMENTO RENDA FIXA CREDITO PRIVADO;42.774.627/0001-40;34310.50412630453;Palmeira/PR;20805.16400649572
Dois fundos;BANCO XP S.A;33.264.668/0001-03;2025-05-12;DI de um dia;100% do DI1 + 1,0805%;;16288108.33;34229.30771946004;0.2101490671965591;64;1;Sicredi Executive;21.170.347/0001-52;33929.03034530744;Pelotas/RS;4182.09622358432
Dois fundos e Um fundo;BANCO BTG PACTUAL S A;30.306.294/0001-45;2026-05-20;DI de um dia;100% do DI1 + 0,6800%;;301101372.8;34113.2107902717;0.01132947700405559;2;1;BTG PACTUAL CDB PLUS FUNDO DE INVESTIMENTO RENDA FIXA CREDITO PRIVADO;27.717.359/0001-30;34113.15038249001;Itupeva/SP;34113.15038249001
Um fundo;PORTOSEG SA CRE;04.862.600/0001-10;2028-02-11;DI de um dia;100% do DI1 + 3,5000%;;8159190.430000001;33997.53210226551;0.4166777622601157;3;1;Porto Seguro FI Referenciado DI Crédito Privado;18.719.154/0001-01;33997.53210226551;Governo do Estado do Amazonas/AM;29842.34534828323
Dois fundos e Um fundo;ITAU UNIBANCO S.A.;60.701.190/0001-04;2031-09-22;DI de um dia;100% do DI1 + 12,0408%;;380710869.79;33875.04340594025;0.008897839829113812;3;1;XP BANCOS FUNDO DE INVESTIMENTO RENDA FIXA CREDITO PRIVADO;35.377.390/0001-06;23679.48360234968;Uberaba/MG;23679.48360234968
Um fundo;BANCO XP S.A;33.264.668/0001-03;2024-06-28;DI de um dia;100% do DI1 + 1,6687%;;715793280.3400003;33810.83622767054;0.004723547587874878;9;1;SULAMERICA CREDITO INSTITUCIONAL ESG FIF RF CRED PRIV LONGO PRAZO IS - RESP LIMITADA;34.525.051/0001-59;33810.83622767054;Governo do Estado do Paraná/PR;14786.4719593312
Dois fundos e Um fundo;BANCO SAFRA S.A.;58.160.789/0001-28;2025-02-24;DI de um dia;100% do DI1 + 0,4171%;;516646128.38;33797.52064425397;0.00654171565172273;3;1;XP BANCOS FUNDO DE INVESTIMENTO RENDA FIXA CREDITO PRIVADO;35.377.390/0001-06;23625.29329646103;Uberaba/MG;23625.29329646103
Dois fundos;BANCO VOTORANTIM S/A;59.588.111/0001-03;2024-08-22;Índice de Preços ao Consumidor Amplo (IPCA/IBGE);100% do IAP + 7,2400%;;39222965.79000001;33406.74721288755;0.08517139522734582;3;1;PORTO SEGURO IMA-B5 FUNDO DE INVESTIMENTO EM COTAS DE FUNDOS DE INVESTIMENTO RENDA FIXA LONGO PRAZO;24.011.864/0001-77;33406.74721288755;Campinas/SP;18803.83190429237
Dois fundos;BANCO DAYCOVAL S.A.;62.232.889/0001-90;2027-09-06;DI de um dia;100% do DI1 + 1,4500%;;19211430.34;33354.95537277619;0.1736203644521358;3;1;NU RENDA FIXA INSTITUCIONAL REFERENCIADO DI FI EM COTAS DE FUNDO DE INVESTIMENTO RENDA FIXA;51.781.137/0001-61;33354.95537277619;Bento Gonçalves/RS;15968.07030026367
Dois fundos;BANCO PAN S.A.;59.285.411/0001-13;2025-06-23;Índice de Preços ao Consumidor Amplo (IPCA/IBGE);100% do IAP + 6,5500%;;603123.58;33251.51783200899;5.513218009484722;3;1;PORTO SEGURO IMA-B5 FUNDO DE INVESTIMENTO EM COTAS DE FUNDOS DE INVESTIMENTO RENDA FIXA LONGO PRAZO;24.011.864/0001-77;33251.51783200899;Campinas/SP;18716.45712439995
Dois fundos e Um fundo;BANCO ABC BRASIL S.A.;28.195.667/0001-06;2025-08-11;DI de um dia;100% do DI1 + 1,0000%;;11736800.83;32991.32704545477;0.2810930126813336;8;3;BTG PACTUAL CAPITAL MARKETS FUNDO DE INVESTIMENTO RENDA FIXA;04.501.865/0001-92;31668.39048935566;Niterói/RJ;22400.22060345287
Dois fundos e Um fundo;ITAU UNIBANCO S.A.;60.701.190/0001-04;2026-04-01;DI de um dia;100% do DI1 + 0,4155%;;1087900232.02;32908.42900695213;0.003024949167061778;3;1;XP BANCOS FUNDO DE INVESTIMENTO RENDA FIXA CREDITO PRIVADO;35.377.390/0001-06;23003.79650325594;Uberaba/MG;23003.79650325594
Dois fundos e Um fundo;BANCO BRADESCO S.A.;60.746.948/0001-12;2031-06-09;DI de um dia;100% do DI1 + 14,7710%;;30545408.36000001;32870.62508175751;0.1076123281586323;3;1;XP BANCOS FUNDO DE INVESTIMENTO RENDA FIXA CREDITO PRIVADO;35.377.390/0001-06;22977.3706352202;Uberaba/MG;22977.3706352202
Dois fundos e Um fundo;BANCO DAYCOVAL S.A.;62.232.889/0001-90;2024-10-20;DI de um dia;100% do DI1 + 0,5030%;;584188592.9600003;32803.03161511646;0.005615144152149253;3;1;XP BANCOS FUNDO DE INVESTIMENTO RENDA FIXA CREDITO PRIVADO;35.377.390/0001-06;22930.12114934434;Uberaba/MG;22930.12114934434
Dois fundos;BANCO DO BRASIL;00.000.000/0001-91;2050-10-31;DI de um dia;100% do DI1 + 2,1839%;;230741411.07;32430.55655320844;0.01405493552406594;3;1;V8 CASH PLATINUM FUNDO DE INVESTIMENTO EM COTAS DE FUNDO DE INVESTIMENTO RENDA FIXA CREDITO PRIVADO;42.774.627/0001-40;32430.55655320844;Palmeira/PR;19665.20356062481
Um fundo;BANCO PAN S.A.;59.285.411/0001-13;2024-09-19;DI de um dia;100% do DI1 + 0,8151%;;31401835.07;32364.6629870727;0.1030661517549098;3;1;MAG HIGH GRADE FUNDO DE INVESTIMENTO RENDA FIXA CREDITO PRIVADO LONGO PRAZO;50.223.269/0001-05;32364.6629870727;Tatuí/SP;27549.59308094723
Um fundo;BANCO BRADESCO S.A.;60.746.948/0001-12;2031-06-09;DI de um dia;100% do DI1 + 2,5000%;;30545408.36000001;32321.65070820897;0.1058150879087117;3;1;Porto Seguro FI Referenciado DI Crédito Privado;18.719.154/0001-01;32321.65070820897;Governo do Estado do Amazonas/AM;28371.2905913156
Dois fundos;BANCO SAFRA S.A.;58.160.789/0001-28;2024-06-25;Índice de Preços ao Consumidor Amplo (IPCA/IBGE);100% do IAP + 4,5500%;;39995134.24999999;32239.6501378604;0.08060893091729128;3;1;PORTO SEGURO IMA-B5 FUNDO DE INVESTIMENTO EM COTAS DE FUNDOS DE INVESTIMENTO RENDA FIXA LONGO PRAZO;24.011.864/0001-77;32239.6501378604;Campinas/SP;18146.90182142769
Dois fundos;BANCO BRADESCO S.A.;60.746.948/0001-12;2050-03-15;Taxa Selic;120% do SEL + 0,0021%;;558915685.0499996;32186.15015897549;0.005758677206580126;3;2;V8 CASH PLATINUM FUNDO DE INVESTIMENTO EM COTAS DE FUNDO DE INVESTIMENTO RENDA FIXA CREDITO PRIVADO;42.774.627/0001-40;32186.15015897549;Palmeira/PR;19517.00069256044
Um fundo;BANCO BRADESCO S.A.;60.746.948/0001-12;2025-01-30;DI de um dia;110% do DI1 + 0,2006%;;110703276.97;32066.21111652065;0.02896590958658831;3;1;MAG HIGH GRADE FUNDO DE INVESTIMENTO RENDA FIXA CREDITO PRIVADO LONGO PRAZO;50.223.269/0001-05;32066.21111652065;Tatuí/SP;27295.54354577238
Um fundo;PORTOSEG SA CRE;04.862.600/0001-10;2026-03-14;DI de um dia;100% do DI1 + 1,3500%;;138801807.28;31929.87862891169;0.02300393579494299;9;1;SULAMERICA CREDITO INSTITUCIONAL ESG FIF RF CRED PRIV LONGO PRAZO IS - RESP LIMITADA;34.525.051/0001-59;31929.87862891169;Governo do Estado do Paraná/PR;13963.87394361052
Dois fundos e Um fundo;BANCO VOTORANTIM S/A;59.588.111/0001-03;2025-06-09;DI de um dia;100% do DI1 + 1,2500%;;117443342.77;31609.54577733685;0.02691471907372451;8;3;BTG PACTUAL CAPITAL MARKETS FUNDO DE INVESTIMENTO RENDA FIXA;04.501.865/0001-92;28819.4588306598;Niterói/RJ;20385.06616545267
Dois fundos;CAIXA ECONOMICA FEDERAL CEF;00.360.305/0001-04;2050-11-30;Taxa Selic;114% do SEL + 0,0570%;;383601821.0999998;31586.54133646727;0.00823420004782331;3;2;V8 CASH PLATINUM FUNDO DE INVESTIMENTO EM COTAS DE FUNDO DE INVESTIMENTO RENDA FIXA CREDITO PRIVADO;42.774.627/0001-40;31586.54133646727;Palmeira/PR;19153.4105848167
Dois fundos e Um fundo;BANCO CITIBANK S.A.;33.479.023/0001-80;2026-10-02;DI de um dia;100% do DI1 + 0,8890%;;80036398.08;31200.07096973926;0.03898235267728237;3;1;XP BANCOS FUNDO DE INVESTIMENTO RENDA FIXA CREDITO PRIVADO;35.377.390/0001-06;21809.61246504358;Uberaba/MG;21809.61246504358
Dois fundos e Um fundo;BANCO COOPERATIVO SICREDI S.A.;01.181.521/0001-55;2031-10-07;DI de um dia;100% do DI1 + 3,7500%;;35854866.35;31145.788241903;0.08686627900902213;7;2;PORTO SEGURO CLASSICO RENDA FIXA FUNDO DE INVESTIMENTO EM COTAS DE FUNDOS DE INVESTIMENTO LONGO PRAZO;02.603.461/0001-84;16794.86302983448;São José dos Campos/SP;13739.47410279031
Dois fundos;BANCO PAN S.A.;59.285.411/0001-13;2025-04-20;DI de um dia;100% do DI1 + 0,5900%;;335070705.21;31060.83779974268;0.009269935364918222;3;2;V8 CASH PLATINUM FUNDO DE INVESTIMENTO EM COTAS DE FUNDO DE INVESTIMENTO RENDA FIXA CREDITO PRIVADO;42.774.627/0001-40;31060.83779974268;Palmeira/PR;18834.63507921389
Um fundo;BANCO BTG PACTUAL S A;30.306.294/0001-45;2032-09-01;Índice de Preços ao Consumidor Amplo (IPCA/IBGE);100% do IAP + 8,3500%;;309413981.17;30952.62576718973;0.01000362868224224;1;1;XP INFLAÇÃO REFERENCIADO IPCA FUNDO DE INVESTIMENTO RENDA FIXA LP;14.146.491/0001-98;30952.62576718973;Açailândia/MA;30952.62576718973
Dois fundos e Um fundo;BANCO BRADESCO S.A.;60.746.948/0001-12;2026-11-04;DI de um dia;100% do DI1 + 1,2367%;;301857381.0300001;30514.12200996134;0.01010878776786601;28;1;MAG CASH FUNDO DE  INVESTIMENTO RENDA FIXA LONGO PRAZO;44.211.851/0001-59;13081.94400726512;Cabo de Santo Agostinho/PE;8996.771557465214
Dois fundos;BANCO ABC BRASIL S.A.;28.195.667/0001-06;2050-07-14;Taxa Selic;127% do SEL;;98059718.85;30474.64620490098;0.03107763979164313;11;1;SPX SEAHAWK ADVISORY FUNDO DE INVESTIMENTO EM COTAS DE FUNDOS DE INVESTIMENTO RENDA FIXA CREDITO PRIVADO LONGO PRAZO;35.648.999/0001-64;30474.64620490098;São José dos Campos/SP;15574.40952593806
Dois fundos e Um fundo;BANCO BRADESCO S.A.;60.746.948/0001-12;2025-06-24;DI de um dia;100% do DI1 + 0,9419%;;2108842701.160001;30398.71152173052;0.001441487859905779;3;1;XP BANCOS FUNDO DE INVESTIMENTO RENDA FIXA CREDITO PRIVADO;35.377.390/0001-06;21249.44261724987;Uberaba/MG;21249.44261724987
Dois fundos;BANCO XP S.A;33.264.668/0001-03;2025-01-27;DI de um dia;107,50% do DI1 + 0,1376%;;109454620.13;30315.11161511511;0.02769651164940287;3;1;V8 CASH PLATINUM FUNDO DE INVESTIMENTO EM COTAS DE FUNDO DE INVESTIMENTO RENDA FIXA CREDITO PRIVADO;42.774.627/0001-40;30315.11161511511;Palmeira/PR;18382.44249358469
Um fundo;BANCO CNH CAPITAL S.A.;02.992.446/0001-75;2024-09-28;DI de um dia;100% do DI1 + 1,3088%;;417504231.7700001;30311.2344734032;0.007260102333549863;3;1;MAG HIGH GRADE FUNDO DE INVESTIMENTO RENDA FIXA CREDITO PRIVADO LONGO PRAZO;50.223.269/0001-05;30311.2344734032;Tatuí/SP;25801.6644837916
Dois fundos;PARANA BANCO S.A.;14.388.334/0001-99;2024-09-16;DI de um dia;100% do DI1 + 0,9156%;;32557503.24000001;30219.57825709584;0.09281909007066672;1;1;MAG STRATEGY FUNDO DE INVESTIMENTO MULTIMERCADO;41.687.144/0001-45;30219.57825709584;São Bernardo do Campo/SP;30219.57825709584
Dois fundos;ITAU UNIBANCO HOLDING SA;60.872.504/0001-23;2029-07-15;Taxa Selic;114% do SEL + 114,0000%;;35902388.97;30178.61033309775;0.08405738781983274;3;1;BUTIA TOP CREDITO PRIVADO FUNDO DE INVESTIMENTO EM COTAS DE FUNDOS DE INVESTIMENTO RENDA FIXA;22.344.843/0001-48;30178.61033309775;Campinas/SP;26101.68922775457
Um fundo;NU FINANCEIRA S.A.;30.680.829/0001-43;2026-03-24;DI de um dia;100% do DI1 + 1,1800%;;129960229.72;30145.28357224703;0.02319577584403721;2;1;SANTANDER RENDA FIXA CREDITO PRIVADO CRESCIMENTO INSTITUCIONAL FUNDO DE INVESTIMENTO LONGO PRAZO;17.138.474/0001-05;30145.28357224703;Cabedelo/PB;29628.27978025575
Um fundo;ITAU UNIBANCO HOLDING SA;60.872.504/0001-23;2025-01-15;Taxa Selic;100% do SEL + 728,4893%;;263261425.4499999;30070.58848198235;0.01142232988770834;3;1;MAG HIGH GRADE FUNDO DE INVESTIMENTO RENDA FIXA CREDITO PRIVADO LONGO PRAZO;50.223.269/0001-05;30070.58848198235;Tatuí/SP;25596.8207274128
Um fundo;ITAU UNIBANCO HOLDING SA;60.872.504/0001-23;2025-01-15;Taxa Selic;100% do SEL + 2,1481%;;263261425.4499999;30069.42481441372;0.01142188786793023;3;1;MAG HIGH GRADE FUNDO DE INVESTIMENTO RENDA FIXA CREDITO PRIVADO LONGO PRAZO;50.223.269/0001-05;30069.42481441372;Tatuí/SP;25595.83018510405
Um fundo;BTG PACTUAL SERV. FINANC. SA DTVM;59.281.253/0001-23;2027-09-01;Índice de Preços ao Consumidor Amplo (IPCA/IBGE);100% do IAP + 7,7000%;;6220366.91;30005.10782563532;0.482368777594107;1;1;XP INFLAÇÃO REFERENCIADO IPCA FUNDO DE INVESTIMENTO RENDA FIXA LP;14.146.491/0001-98;30005.10782563532;Açailândia/MA;30005.10782563532
Dois fundos;BANCO BRADESCO S.A.;60.746.948/0001-12;2025-12-24;DI de um dia;100% do DI1 + 0,7179%;;2365188027.93;29894.5130901508;0.001263938119808357;4;1;FI EM COTAS DE FI CORPORATE REFERENCIADO DI;03.069.104/0001-40;25773.50606890221;Senador Canedo/GO;16522.61727715447
Um fundo;BANCO VOTORANTIM S/A;59.588.111/0001-03;2026-01-05;DI de um dia;100% do DI1 + 0,8400%;;172496818;29772.68032281969;0.0172598432063945;3;1;Porto Seguro FI Referenciado DI Crédito Privado;18.719.154/0001-01;29772.68032281969;Governo do Estado do Amazonas/AM;26133.85599475367
Dois fundos e Um fundo;ITAU UNIBANCO S.A.;60.701.190/0001-04;2031-10-21;DI de um dia;100% do DI1 + 11,8432%;;138617964.75;29746.65869629767;0.02145945422726867;3;1;XP BANCOS FUNDO DE INVESTIMENTO RENDA FIXA CREDITO PRIVADO;35.377.390/0001-06;20793.64174925761;Uberaba/MG;20793.64174925761
Dois fundos e Um fundo;ITAU UNIBANCO HOLDING SA;60.872.504/0001-23;2031-10-21;DI de um dia;100% do DI1 + 12,5549%;;210434324.01;29730.13253147407;0.01412798633081421;3;1;XP BANCOS FUNDO DE INVESTIMENTO RENDA FIXA CREDITO PRIVADO;35.377.390/0001-06;20782.089555973;Uberaba/MG;20782.089555973
Dois fundos;BANCO DO BRASIL;00.000.000/0001-91;2050-09-27;DI de um dia;100% do DI1 + 2,4306%;;97165012.81999996;29242.77829601962;0.03009599592210462;3;2;V8 CASH PLATINUM FUNDO DE INVESTIMENTO EM COTAS DE FUNDO DE INVESTIMENTO RENDA FIXA CREDITO PRIVADO;42.774.627/0001-40;29242.77829601962;Palmeira/PR;17732.20224962665
Dois fundos e Um fundo;ITAU UNIBANCO HOLDING SA;60.872.504/0001-23;2025-01-15;Taxa Selic;100% do SEL + 2,1373%;;263261425.4499999;28826.55015140034;0.01094978123062516;28;1;MAG CASH FUNDO DE  INVESTIMENTO RENDA FIXA LONGO PRAZO;44.211.851/0001-59;12358.45209244862;Cabo de Santo Agostinho/PE;8499.208544073452
Dois fundos e Um fundo;BANCO BTG PACTUAL S A;30.306.294/0001-45;2025-12-05;DI de um dia;100% do DI1 + 0,8935%;;741520651.5600002;28648.0768721075;0.003863422658807695;3;1;XP BANCOS FUNDO DE INVESTIMENTO RENDA FIXA CREDITO PRIVADO;35.377.390/0001-06;20025.7061932787;Uberaba/MG;20025.7061932787
Um fundo;BANCO XP S.A;33.264.668/0001-03;2025-08-07;DI de um dia;100% do DI1 + 1,1924%;;11672879.03;28610.12544016549;0.2450991342121832;1;1;BV BANKS RENDA FIXA CREDITO PRIVADO FUNDO DE INVESTIMENTO;10.347.493/0001-94;28610.12544016549;São José dos Campos/SP;28610.12544016549
Um fundo;BANCO RCI BRASIL S.A.;62.307.848/0001-15;2025-03-29;DI de um dia;100% do DI1 + 1,0514%;;315615892.37;28526.04249676399;0.009038214863820164;1;1;BV BANKS RENDA FIXA CREDITO PRIVADO FUNDO DE INVESTIMENTO;10.347.493/0001-94;28526.04249676399;São José dos Campos/SP;28526.04249676399
Dois fundos;BANCO TRIANGULO S.A.;17.351.180/0001-59;2024-07-23;DI de um dia;100% do DI1 + 1,8000%;;18956259.52;28316.78710699177;0.1493796129828031;126;1;BB PREVIDENCIARIO MULTIMERCADO FUNDO DE INVESTIMENTO LONGO PRAZO;10.418.362/0001-50;20305.33120167226;Marabá/PA;2359.077974435624
Um fundo;BANCO SAFRA S.A.;58.160.789/0001-28;2025-08-27;DI de um dia;111% do DI1;;4861231.939999999;28192.10938157274;0.579937549360641;25;1;DAYCOVAL CLASSIC FUNDO DE INVESTIMENTO RENDA FIXA CREDITO PRIVADO;10.783.480/0001-68;28192.10938157274;Governo do Estado do Amazonas/AM;14918.32233534083
Um fundo;BANCO BRADESCO S.A.;60.746.948/0001-12;2025-08-04;DI de um dia;108,70% do DI1;;238231210.37;28056.31894306944;0.01177692834599413;25;1;DAYCOVAL CLASSIC FUNDO DE INVESTIMENTO RENDA FIXA CREDITO PRIVADO;10.783.480/0001-68;28056.31894306944;Governo do Estado do Amazonas/AM;14846.46657228915
Um fundo;Banco Volkswagen S/A;59.109.165/0001-49;2025-01-20;DI de um dia;100% do DI1 + 1,1015%;;33962627.14;27972.07030909847;0.08236132674245904;1;1;BV BANKS RENDA FIXA CREDITO PRIVADO FUNDO DE INVESTIMENTO;10.347.493/0001-94;27972.07030909847;São José dos Campos/SP;27972.07030909847
Dois fundos;BANCO SAFRA S.A.;58.160.789/0001-28;2024-11-25;Índice de Preços ao Consumidor Amplo (IPCA/IBGE);100% do IAP + 3,3100%;;6620314.74;27923.81953282763;0.4217899092336451;3;1;PORTO SEGURO IMA-B5 FUNDO DE INVESTIMENTO EM COTAS DE FUNDOS DE INVESTIMENTO RENDA FIXA LONGO PRAZO;24.011.864/0001-77;27923.81953282763;Campinas/SP;15717.62749827152
Dois fundos;BANCO SAFRA S.A.;58.160.789/0001-28;2025-10-31;Índice de Preços ao Consumidor Amplo (IPCA/IBGE);100% do IAP + 5,6800%;;76982147.62;27521.54127422793;0.03575055012764779;3;1;PORTO SEGURO IMA-B5 FUNDO DE INVESTIMENTO EM COTAS DE FUNDOS DE INVESTIMENTO RENDA FIXA LONGO PRAZO;24.011.864/0001-77;27521.54127422793;Campinas/SP;15491.19501428091
Dois fundos e Um fundo;BANCO SAFRA S.A.;58.160.789/0001-28;2024-12-19;DI de um dia;105,50% do DI1 + 0,2065%;;3806863.91;27414.56397864329;0.7201351197932181;3;1;XP BANCOS FUNDO DE INVESTIMENTO RENDA FIXA CREDITO PRIVADO;35.377.390/0001-06;19163.45052074573;Uberaba/MG;19163.45052074573
Um fundo;BANCO ABC BRASIL S.A.;28.195.667/0001-06;2027-03-23;DI de um dia;100% do DI1 + 2,3500%;;35988821.27999999;27313.12733079832;0.07589336454866612;2;1;SANTANDER RENDA FIXA CREDITO PRIVADO CRESCIMENTO INSTITUCIONAL FUNDO DE INVESTIMENTO LONGO PRAZO;17.138.474/0001-05;27313.12733079832;Cabedelo/PB;26844.69616254208
Dois fundos;ITAU UNIBANCO HOLDING SA;60.872.504/0001-23;2050-07-15;Taxa Selic;114% do SEL + 0,0088%;;463218319.4999997;26963.12227216484;0.005820823818295652;3;1;V8 CASH PLATINUM FUNDO DE INVESTIMENTO EM COTAS DE FUNDO DE INVESTIMENTO RENDA FIXA CREDITO PRIVADO;42.774.627/0001-40;26963.12227216484;Palmeira/PR;16349.86705338181
Dois fundos;BANCO BRADESCO S.A.;60.746.948/0001-12;2026-07-07;DI de um dia;100% do DI1 + 2,5000%;;1066767900.75;26912.88901518368;0.002522843909744786;4;1;FI EM COTAS DE FI CORPORATE REFERENCIADO DI;03.069.104/0001-40;23202.9036991761;Senador Canedo/GO;14874.68164072284
Dois fundos;BANCO BRADESCO S.A.;60.746.948/0001-12;2026-07-08;DI de um dia;100% do DI1 + 1,1853%;;320199439.4699999;26381.58134238943;0.008239109158359775;1;1;MAG STRATEGY FUNDO DE INVESTIMENTO MULTIMERCADO;41.687.144/0001-45;26381.58134238943;São Bernardo do Campo/SP;26381.58134238943
Dois fundos;BANCO SAFRA S.A.;58.160.789/0001-28;2025-06-09;OUTROS;100% do OUT + 4,2600%;;3154949.04;26373.70580799451;0.8359471254088627;3;1;PORTO SEGURO IMA-B5 FUNDO DE INVESTIMENTO EM COTAS DE FUNDOS DE INVESTIMENTO RENDA FIXA LONGO PRAZO;24.011.864/0001-77;26373.70580799451;Campinas/SP;14845.10681469375
Dois fundos e Um fundo;BANCO VOTORANTIM S/A;59.588.111/0001-03;2024-08-07;DI de um dia;100% do DI1 + 0,5811%;;25358526.54;26310.18781771434;0.1037528256076441;28;1;MAG CASH FUNDO DE  INVESTIMENTO RENDA FIXA LONGO PRAZO;44.211.851/0001-59;11279.64303674239;Cabo de Santo Agostinho/PE;7757.285277705424
Dois fundos;BANCO ABC BRASIL S.A.;28.195.667/0001-06;2024-11-11;OUTROS;100% do OUT + 6,0500%;;5420874.97;26288.55179182011;0.4849503435756261;3;1;PORTO SEGURO IMA-B5 FUNDO DE INVESTIMENTO EM COTAS DE FUNDOS DE INVESTIMENTO RENDA FIXA LONGO PRAZO;24.011.864/0001-77;26288.55179182011;Campinas/SP;14797.17572472815
Um fundo;BANCO BTG PACTUAL S A;30.306.294/0001-45;2027-04-09;DI de um dia;118% do DI1 + 0,1235%;;276908941.9399999;26260.32411227945;0.00948337887837854;3;1;MAG HIGH GRADE FUNDO DE INVESTIMENTO RENDA FIXA CREDITO PRIVADO LONGO PRAZO;50.223.269/0001-05;26260.32411227945;Tatuí/SP;22353.43046074835
Dois fundos e Um fundo;BANCO XP S.A;33.264.668/0001-03;2024-12-02;DI de um dia;100% do DI1 + 1,0931%;;680975805.7300003;26225.01641444513;0.003851093709024235;3;1;XP BANCOS FUNDO DE INVESTIMENTO RENDA FIXA CREDITO PRIVADO;35.377.390/0001-06;18331.92768834381;Uberaba/MG;18331.92768834381
Dois fundos e Um fundo;BANCO ALFA DE INVESTIMENTOS S/A;60.770.336/0001-65;2025-08-08;DI de um dia;100% do DI1 + 1,0000%;;55544682.58;26216.43970324597;0.04719882891667787;7;2;BTG PACTUAL CAPITAL MARKETS FUNDO DE INVESTIMENTO RENDA FIXA;04.501.865/0001-92;24440.97600169238;Niterói/RJ;17288.00377100396
Dois fundos;BANCO VOTORANTIM S/A;59.588.111/0001-03;2024-10-16;Índice de Preços ao Consumidor Amplo (IPCA/IBGE);100% do IAP + 5,2800%;;9701191.41;26166.9609173032;0.2697293539670835;3;1;PORTO SEGURO IMA-B5 FUNDO DE INVESTIMENTO EM COTAS DE FUNDOS DE INVESTIMENTO RENDA FIXA LONGO PRAZO;24.011.864/0001-77;26166.9609173032;Campinas/SP;14728.73522823378
Um fundo;BANCO MERCEDES-BENZ DO BRASIL S.A.;60.814.191/0001-57;2024-12-18;DI de um dia;100% do DI1 + 0,5521%;;367874949.46;25924.16263822759;0.007047004063821527;1;1;BV BANKS RENDA FIXA CREDITO PRIVADO FUNDO DE INVESTIMENTO;10.347.493/0001-94;25924.16263822759;São José dos Campos/SP;25924.16263822759
Um fundo;BANCO BTG PACTUAL S A;30.306.294/0001-45;2025-04-08;DI de um dia;100% do DI1 + 1,2016%;;23982269;25721.79681540178;0.1072533913092284;1;1;BV BANKS RENDA FIXA CREDITO PRIVADO FUNDO DE INVESTIMENTO;10.347.493/0001-94;25721.79681540178;São José dos Campos/SP;25721.79681540178
Dois fundos;BANCO VOTORANTIM S/A;59.588.111/0001-03;2026-07-22;DI de um dia;100% do DI1 + 0,8800%;;4181851.9;25586.86571553093;0.6118548989152612;3;1;NU RENDA FIXA INSTITUCIONAL REFERENCIADO DI FI EM COTAS DE FUNDO DE INVESTIMENTO RENDA FIXA;51.781.137/0001-61;25586.86571553093;Bento Gonçalves/RS;12249.24050842758
Dois fundos e Um fundo;BANCO VOTORANTIM S/A;59.588.111/0001-03;2026-05-04;DI de um dia;100% do DI1 + 0,6500%;;151482115.46;25569.78114894206;0.01687973598156804;2;1;BTG PACTUAL CDB PLUS FUNDO DE INVESTIMENTO RENDA FIXA CREDITO PRIVADO;27.717.359/0001-30;25569.73586989264;Itupeva/SP;25569.73586989264
Um fundo;BANCO BTG PACTUAL S A;30.306.294/0001-45;2024-10-10;DI de um dia;100% do DI1 + 1,0000%;;357970459.55;25546.31827213745;0.007136431957053492;10;1;INTER CORPORATE FUNDO DE INVESTIMENTO RENDA FIXA CREDITO PRIVADO;36.443.522/0001-05;25546.31827213745;Governo do Estado do Paraná/PR;17393.70890726133
Dois fundos e Um fundo;BANCO BRADESCO S.A.;60.746.948/0001-12;2031-11-12;DI de um dia;100% do DI1 + 9,9273%;;354134203.8300001;25293.73645329884;0.007142415553127688;3;1;XP BANCOS FUNDO DE INVESTIMENTO RENDA FIXA CREDITO PRIVADO;35.377.390/0001-06;17680.94022524602;Uberaba/MG;17680.94022524602
Dois fundos e Um fundo;BANCO ABC BRASIL S.A.;28.195.667/0001-06;2025-09-08;DI de um dia;100% do DI1 + 1,0000%;;50424358.68000001;25275.80970480923;0.05012618973542735;8;3;BTG PACTUAL CAPITAL MARKETS FUNDO DE INVESTIMENTO RENDA FIXA;04.501.865/0001-92;20497.18723652924;Niterói/RJ;14498.41652050045
Dois fundos e Um fundo;BANCO MERCEDES-BENZ DO BRASIL S.A.;60.814.191/0001-57;2025-08-14;DI de um dia;100% do DI1 + 0,7529%;;275525432.4800001;25134.67970529553;0.009122453589513923;3;1;XP BANCOS FUNDO DE INVESTIMENTO RENDA FIXA CREDITO PRIVADO;35.377.390/0001-06;17569.7556693754;Uberaba/MG;17569.7556693754
Um fundo;BANCO BTG PACTUAL S A;30.306.294/0001-45;2025-04-28;DI de um dia;100% do DI1 + 0,7893%;;119357179.93;24925.90868619554;0.02088345979757059;4;1;VINCI INSTITUCIONAL FUNDO DE INVESTIMENTO EM RENDA FIXA REFERENCIADO DI;51.415.957/0001-30;24925.90868619554;Joinville/SC;21158.92366800611
Um fundo;BANCO BTG PACTUAL S A;30.306.294/0001-45;2025-04-28;DI de um dia;100% do DI1 + 0,8187%;;119357179.93;24925.90868619554;0.02088345979757059;4;1;VINCI INSTITUCIONAL FUNDO DE INVESTIMENTO EM RENDA FIXA REFERENCIADO DI;51.415.957/0001-30;24925.90868619554;Joinville/SC;21158.92366800611
Dois fundos;BANCO DAYCOVAL S.A.;62.232.889/0001-90;2027-03-23;DI de um dia;100% do DI1 + 1,5000%;;684449.68;24918.91623212519;3.640722899034037;3;1;INTEGRAL FUNDO DE INVESTIMENTO FINANCEIRO RENDA FIXA;15.174.629/0001-25;24918.91623212519;Louveira/SP;12135.58702173262
Dois fundos;BANCO ABC BRASIL S.A.;28.195.667/0001-06;2025-09-03;DI de um dia;100% do DI1 + 1,1000%;;45140159.77999999;24728.17528810433;0.05478087673730502;126;1;BB PREVIDENCIARIO MULTIMERCADO FUNDO DE INVESTIMENTO LONGO PRAZO;10.418.362/0001-50;17732.01837273367;Marabá/PA;2060.109907587163
Dois fundos;BANCO ABC BRASIL S.A.;28.195.667/0001-06;2027-03-23;DI de um dia;100% do DI1 + 1,3000%;;35988821.27999999;24712.97000360637;0.06866846182967395;3;1;INTEGRAL FUNDO DE INVESTIMENTO FINANCEIRO RENDA FIXA;15.174.629/0001-25;24712.97000360637;Louveira/SP;12035.29059010989
Dois fundos e Um fundo;BANCO ABC BRASIL S.A.;28.195.667/0001-06;2025-11-28;DI de um dia;100% do DI1 + 0,8500%;;26323424.86;24583.9736022427;0.09339200249584356;8;3;BTG PACTUAL CAPITAL MARKETS FUNDO DE INVESTIMENTO RENDA FIXA;04.501.865/0001-92;22240.19557690228;Niterói/RJ;15731.31060620201
Um fundo;ITAU UNIBANCO HOLDING SA;60.872.504/0001-23;2026-09-21;DI de um dia;100% do DI1 + 1,6894%;;2532328034.069999;24313.45043561145;0.000960122468673005;2;1;SANTANDER RENDA FIXA CREDITO PRIVADO CRESCIMENTO INSTITUCIONAL FUNDO DE INVESTIMENTO LONGO PRAZO;17.138.474/0001-05;24313.45043561145;Cabedelo/PB;23896.46493798039
Um fundo;BANCO BTG PACTUAL S A;30.306.294/0001-45;2025-01-06;DI de um dia;100% do DI1 + 0,4927%;;241121758.3099999;24206.61847532072;0.01003916803070062;4;1;VINCI INSTITUCIONAL FUNDO DE INVESTIMENTO EM RENDA FIXA REFERENCIADO DI;51.415.957/0001-30;24206.61847532072;Joinville/SC;20548.33783706815
Dois fundos e Um fundo;BANCO ALFA DE INVESTIMENTOS S/A;60.770.336/0001-65;2024-11-21;DI de um dia;100% do DI1 + 0,3021%;;182396197.54;24164.07345331138;0.01324812346924728;3;1;XP BANCOS FUNDO DE INVESTIMENTO RENDA FIXA CREDITO PRIVADO;35.377.390/0001-06;16891.27816743466;Uberaba/MG;16891.27816743466
Um fundo;BANCO ABC BRASIL S.A.;28.195.667/0001-06;2026-11-03;DI de um dia;100% do DI1 + 1,0721%;;245740953.9399999;24160.82709302288;0.009831827664721278;1;1;BV BANKS RENDA FIXA CREDITO PRIVADO FUNDO DE INVESTIMENTO;10.347.493/0001-94;24160.82709302288;São José dos Campos/SP;24160.82709302288
Um fundo;BANCO BRADESCO S.A.;60.746.948/0001-12;2026-06-24;DI de um dia;100% do DI1 + 0,9426%;;2518851326.48;24028.83670689136;0.0009539601029359189;1;1;BV BANKS RENDA FIXA CREDITO PRIVADO FUNDO DE INVESTIMENTO;10.347.493/0001-94;24028.83670689136;São José dos Campos/SP;24028.83670689136
Dois fundos e Um fundo;BANCO COOPERATIVO SICREDI S.A.;01.181.521/0001-55;2025-06-22;DI de um dia;100% do DI1 + 0,7535%;;726426722.1700003;23946.02230011894;0.003296412641399917;3;1;XP BANCOS FUNDO DE INVESTIMENTO RENDA FIXA CREDITO PRIVADO;35.377.390/0001-06;16738.8550798944;Uberaba/MG;16738.8550798944
Dois fundos;BANCO SAFRA S.A.;58.160.789/0001-28;2024-08-05;DI de um dia;100% do DI1 + 1,0500%;;251807612.61;23775.91183910288;0.00944209414189834;4;1;FI EM COTAS DE FI CORPORATE REFERENCIADO DI;03.069.104/0001-40;20498.36390480279;Senador Canedo/GO;13140.88276160249
Dois fundos;BANCO DO BRASIL;00.000.000/0001-91;2050-09-05;DI de um dia;100% do DI1 + 2,1283%;;307214450.27;23739.68055094634;0.007727397109765628;3;1;V8 CASH PLATINUM FUNDO DE INVESTIMENTO EM COTAS DE FUNDO DE INVESTIMENTO RENDA FIXA CREDITO PRIVADO;42.774.627/0001-40;23739.68055094634;Palmeira/PR;14395.24017210798
Um fundo;BANCO JOHN DEERE S.A.;91.884.981/0001-32;2025-08-28;DI de um dia;100% do DI1 + 1,1900%;;66193491.89999999;23638.55291135674;0.03571129461951945;1;1;BV BANKS RENDA FIXA CREDITO PRIVADO FUNDO DE INVESTIMENTO;10.347.493/0001-94;23638.55291135674;São José dos Campos/SP;23638.55291135674
Um fundo;BANCO VOTORANTIM S/A;59.588.111/0001-03;2025-08-22;DI de um dia;100% do DI1 + 1,0020%;;5505129.29;23616.21387047451;0.4289856355121953;1;1;BV BANKS RENDA FIXA CREDITO PRIVADO FUNDO DE INVESTIMENTO;10.347.493/0001-94;23616.21387047451;São José dos Campos/SP;23616.21387047451
Dois fundos;BANCO BRADESCO S.A.;60.746.948/0001-12;2050-03-15;Taxa Selic;120% do SEL + 0,0020%;;558915685.0499996;23395.71976085555;0.004185912184368669;3;1;V8 CASH PLATINUM FUNDO DE INVESTIMENTO EM COTAS DE FUNDO DE INVESTIMENTO RENDA FIXA CREDITO PRIVADO;42.774.627/0001-40;23395.71976085555;Palmeira/PR;14186.66962405367
Dois fundos e Um fundo;ITAU UNIBANCO S.A.;60.701.190/0001-04;2025-07-01;DI de um dia;100% do DI1 + 0,7179%;;1105685605.27;23327.8815016393;0.002109811450058881;3;1;XP BANCOS FUNDO DE INVESTIMENTO RENDA FIXA CREDITO PRIVADO;35.377.390/0001-06;16306.7595479083;Uberaba/MG;16306.7595479083
Dois fundos;BANCO XP S.A;33.264.668/0001-03;2025-01-27;DI de um dia;107,50% do DI1 + 0,1476%;;109454620.13;23178.14587677458;0.02117603245001968;3;1;V8 CASH PLATINUM FUNDO DE INVESTIMENTO EM COTAS DE FUNDO DE INVESTIMENTO RENDA FIXA CREDITO PRIVADO;42.774.627/0001-40;23178.14587677458;Palmeira/PR;14054.73742261555
Dois fundos e Um fundo;ITAU UNIBANCO HOLDING SA;60.872.504/0001-23;2027-10-15;DI de um dia;100% do DI1 + 2,0262%;;605908007.1899999;23166.88899055836;0.003823499395229763;28;1;MAG CASH FUNDO DE  INVESTIMENTO RENDA FIXA LONGO PRAZO;44.211.851/0001-59;9932.055213585192;Cabo de Santo Agostinho/PE;6830.516305767156
Dois fundos;ITAU UNIBANCO HOLDING SA;60.872.504/0001-23;2050-10-17;DI de um dia;100% do DI1 + 2,2447%;;183076009.9000001;23137.46769668461;0.01263817564590946;3;1;V8 CASH PLATINUM FUNDO DE INVESTIMENTO EM COTAS DE FUNDO DE INVESTIMENTO RENDA FIXA CREDITO PRIVADO;42.774.627/0001-40;23137.46769668461;Palmeira/PR;14030.07103458633
Dois fundos;BANCO SANTANDER;90.400.888/0001-42;2031-11-28;DI de um dia;100% do DI1 + 2,0000%;;333927572.66;23097.04550629938;0.006916782978510265;127;2;BB PREVIDENCIARIO MULTIMERCADO FUNDO DE INVESTIMENTO LONGO PRAZO;10.418.362/0001-50;16256.65118516363;Marabá/PA;1888.701413835786
Um fundo;BANCO BTG PACTUAL S A;30.306.294/0001-45;2025-10-20;DI de um dia;100% do DI1 + 0,8717%;;46484341.76;23097.03366190737;0.0496877718117598;1;1;BV BANKS RENDA FIXA CREDITO PRIVADO FUNDO DE INVESTIMENTO;10.347.493/0001-94;23097.03366190737;São José dos Campos/SP;23097.03366190737
Um fundo;BANCO BRADESCO S.A.;60.746.948/0001-12;2026-06-24;DI de um dia;100% do DI1 + 0,7323%;;2518851326.48;23092.64827045122;0.0009167928264635742;1;1;BV BANKS RENDA FIXA CREDITO PRIVADO FUNDO DE INVESTIMENTO;10.347.493/0001-94;23092.64827045122;São José dos Campos/SP;23092.64827045122
Um fundo;BANCO XP S.A;33.264.668/0001-03;2024-06-28;DI de um dia;100% do DI1 + 0,6901%;;715793280.3400003;22854.10342927173;0.003192835705081791;1;1;BV BANKS RENDA FIXA CREDITO PRIVADO FUNDO DE INVESTIMENTO;10.347.493/0001-94;22854.10342927173;São José dos Campos/SP;22854.10342927173
Dois fundos;BANCO DAYCOVAL S.A.;62.232.889/0001-90;2025-05-20;;100,0000% a.a. (prefixado);;7133311.950000001;22849.84724773177;0.3203259216461404;4;1;PORTO SEGURO CLASSICO RENDA FIXA FUNDO DE INVESTIMENTO EM COTAS DE FUNDOS DE INVESTIMENTO LONGO PRAZO;02.603.461/0001-84;22849.84724773177;São José dos Campos/SP;18692.91127621772
Dois fundos e Um fundo;BANCO VOTORANTIM S/A;59.588.111/0001-03;2025-04-10;DI de um dia;100% do DI1 + 1,1000%;;47092306.65999999;22708.31365028791;0.0482208565705622;8;3;Porto Seguro FI Referenciado DI Crédito Privado;18.719.154/0001-01;16440.53146495597;Governo do Estado do Amazonas/AM;14431.16565669303
Um fundo;BANCO SOFISA;60.889.128/0001-80;2025-12-12;DI de um dia;100% do DI1 + 1,2048%;;68943713.2;22666.97513332076;0.03287750845035825;1;1;BV BANKS RENDA FIXA CREDITO PRIVADO FUNDO DE INVESTIMENTO;10.347.493/0001-94;22666.97513332076;São José dos Campos/SP;22666.97513332076
Dois fundos e Um fundo;BANCO RODOBENS;33.603.457/0001-40;2024-09-19;DI de um dia;100% do DI1 + 0,6090%;;34031733.27;22653.50664789822;0.06656583274254788;3;1;XP BANCOS FUNDO DE INVESTIMENTO RENDA FIXA CREDITO PRIVADO;35.377.390/0001-06;15835.35503634394;Uberaba/MG;15835.35503634394
Dois fundos e Um fundo;BANCO VOTORANTIM S/A;59.588.111/0001-03;2025-07-07;DI de um dia;100% do DI1 + 1,1500%;;293601106.61;22451.64186126937;0.007646988160399758;2;1;BTG PACTUAL CDB PLUS FUNDO DE INVESTIMENTO RENDA FIXA CREDITO PRIVADO;27.717.359/0001-30;22451.60210383087;Itupeva/SP;22451.60210383087
Dois fundos;BANCO VOTORANTIM S/A;59.588.111/0001-03;2024-08-01;DI de um dia;100% do DI1 + 1,1000%;;453451481.97;22293.00722308344;0.004916293828444986;30;2;FI EM COTAS DE FI CORPORATE REFERENCIADO DI;03.069.104/0001-40;17188.61008757847;Senador Canedo/GO;11019.09942884974
Um fundo;BANCO XP S.A;33.264.668/0001-03;2025-12-01;DI de um dia;100% do DI1 + 1,1531%;;665511423.4200001;22015.58768638334;0.003308070592274333;1;1;BV BANKS RENDA FIXA CREDITO PRIVADO FUNDO DE INVESTIMENTO;10.347.493/0001-94;22015.58768638334;São José dos Campos/SP;22015.58768638334
Dois fundos;ITAU UNIBANCO HOLDING SA;60.872.504/0001-23;2027-10-15;DI de um dia;200% do DI1 + 4,8000%;;605908007.1899999;21861.1138946831;0.003607992242265898;26;1;LME REC IMA-B FUNDO DE INVESTIMENTO EM RENDA FIXA;11.784.036/0001-20;21861.1138946831;Governo do Estado do Tocantins/TO;5431.854808791397
Um fundo;BANCO XP S.A;33.264.668/0001-03;2025-09-01;DI de um dia;108% do DI1;;5055715.75;21672.89821539157;0.4286811064366419;3;1;Porto Seguro FI Referenciado DI Crédito Privado;18.719.154/0001-01;21672.89821539157;Governo do Estado do Amazonas/AM;19024.03125310403
Um fundo;BANCO DAYCOVAL S.A.;62.232.889/0001-90;2027-08-31;DI de um dia;112% do DI1;;4321559.17;21606.04011001335;0.499959372533903;3;1;Porto Seguro FI Referenciado DI Crédito Privado;18.719.154/0001-01;21606.04011001335;Governo do Estado do Amazonas/AM;18965.34456184576
Dois fundos e Um fundo;BANCO DAYCOVAL S.A.;62.232.889/0001-90;2024-12-30;DI de um dia;100% do DI1 + 0,7726%;;47786298.66999999;21591.70183622185;0.04518387579111043;3;1;XP BANCOS FUNDO DE INVESTIMENTO RENDA FIXA CREDITO PRIVADO;35.377.390/0001-06;15093.12751132835;Uberaba/MG;15093.12751132835
Dois fundos;BANCO SAFRA S.A.;58.160.789/0001-28;2024-08-19;Índice de Preços ao Consumidor Amplo (IPCA/IBGE);100% do IAP + 5,3700%;;11663710.93;21415.0410623432;0.1836040106863588;3;1;PORTO SEGURO IMA-B5 FUNDO DE INVESTIMENTO EM COTAS DE FUNDOS DE INVESTIMENTO RENDA FIXA LONGO PRAZO;24.011.864/0001-77;21415.0410623432;Campinas/SP;12053.99705016697
Dois fundos;CAIXA ECONOMICA FEDERAL CEF;00.360.305/0001-04;2050-11-30;Taxa Selic;114% do SEL + 0,0576%;;383601821.0999998;21276.19502816803;0.005546427013082823;3;1;V8 CASH PLATINUM FUNDO DE INVESTIMENTO EM COTAS DE FUNDO DE INVESTIMENTO RENDA FIXA CREDITO PRIVADO;42.774.627/0001-40;21276.19502816803;Palmeira/PR;12901.43465586268
Dois fundos e Um fundo;ITAU UNIBANCO S.A.;60.701.190/0001-04;2031-10-21;DI de um dia;100% do DI1 + 11,1886%;;138617964.75;21247.61335449833;0.01532818159090619;3;1;XP BANCOS FUNDO DE INVESTIMENTO RENDA FIXA CREDITO PRIVADO;35.377.390/0001-06;14852.60124946973;Uberaba/MG;14852.60124946973
Dois fundos e Um fundo;ITAU UNIBANCO S.A.;60.701.190/0001-04;2031-09-22;DI de um dia;100% do DI1 + 12,7750%;;380710869.79;21223.19357258614;0.005574622438359285;3;1;XP BANCOS FUNDO DE INVESTIMENTO RENDA FIXA CREDITO PRIVADO;35.377.390/0001-06;14835.53122483734;Uberaba/MG;14835.53122483734
Dois fundos e Um fundo;ITAU UNIBANCO HOLDING SA;60.872.504/0001-23;2031-09-22;DI de um dia;100% do DI1 + 12,8010%;;1724622518.079999;21213.12176280072;0.0012300153535289;3;1;XP BANCOS FUNDO DE INVESTIMENTO RENDA FIXA CREDITO PRIVADO;35.377.390/0001-06;14828.49078353658;Uberaba/MG;14828.49078353658
Dois fundos;BANCO SAFRA S.A.;58.160.789/0001-28;2024-07-01;OUTROS;100% do OUT + 4,3100%;;33699187.24;21194.6304792173;0.06289359541009898;3;1;PORTO SEGURO IMA-B5 FUNDO DE INVESTIMENTO EM COTAS DE FUNDOS DE INVESTIMENTO RENDA FIXA LONGO PRAZO;24.011.864/0001-77;21194.6304792173;Campinas/SP;11929.93338336892
Dois fundos;ITAU UNIBANCO HOLDING SA;60.872.504/0001-23;2050-07-15;Taxa Selic;114% do SEL + 0,0002%;;463218319.4999997;21185.31033454463;0.004573504423877743;3;1;V8 CASH PLATINUM FUNDO DE INVESTIMENTO EM COTAS DE FUNDO DE INVESTIMENTO RENDA FIXA CREDITO PRIVADO;42.774.627/0001-40;21185.31033454463;Palmeira/PR;12846.3240999363
Dois fundos e Um fundo;Banco Volkswagen S/A;59.109.165/0001-49;2025-11-28;DI de um dia;100% do DI1 + 0,6545%;;803141754.1100001;21139.23618208043;0.002632067885140131;28;1;MAG CASH FUNDO DE  INVESTIMENTO RENDA FIXA LONGO PRAZO;44.211.851/0001-59;9062.764578317274;Cabo de Santo Agostinho/PE;6232.683960803292
Dois fundos;BANCO ABC BRASIL S.A.;28.195.667/0001-06;2024-08-05;OUTROS;100% do OUT + 4,5500%;;22261194.53;21131.03708377927;0.09492319495839413;3;1;PORTO SEGURO IMA-B5 FUNDO DE INVESTIMENTO EM COTAS DE FUNDOS DE INVESTIMENTO RENDA FIXA LONGO PRAZO;24.011.864/0001-77;21131.03708377927;Campinas/SP;11894.13823365202
Dois fundos;BANCO BTG PACTUAL S A;30.306.294/0001-45;2031-12-15;DI de um dia;100% do DI1 + 1,9000%;;2971151.2;21122.36499755539;0.7109151832311793;4;1;PORTO SEGURO CLASSICO RENDA FIXA FUNDO DE INVESTIMENTO EM COTAS DE FUNDOS DE INVESTIMENTO LONGO PRAZO;02.603.461/0001-84;21122.36499755539;São José dos Campos/SP;17279.69953420077
Um fundo;BANCO SAFRA S.A.;58.160.789/0001-28;2025-10-17;DI de um dia;111% do DI1;;16536097.02;20501.61986684651;0.1239810085901789;3;1;Porto Seguro FI Referenciado DI Crédito Privado;18.719.154/0001-01;20501.61986684651;Governo do Estado do Amazonas/AM;17995.90683304004
Dois fundos;Banco Volkswagen S/A;59.109.165/0001-49;2026-10-06;DI de um dia;100% do DI1 + 0,9241%;;290712695.1599998;20339.01455694251;0.006996259501412041;1;1;MAG STRATEGY FUNDO DE INVESTIMENTO MULTIMERCADO;41.687.144/0001-45;20339.01455694251;São Bernardo do Campo/SP;20339.01455694251
Dois fundos;BANCO SAFRA S.A.;58.160.789/0001-28;2025-02-18;Índice de Preços ao Consumidor Amplo (IPCA/IBGE);100% do IAP + 6,4000%;;321988;20287.88646475984;6.300820671813806;3;1;PORTO SEGURO IMA-B5 FUNDO DE INVESTIMENTO EM COTAS DE FUNDOS DE INVESTIMENTO RENDA FIXA LONGO PRAZO;24.011.864/0001-77;20287.88646475984;Campinas/SP;11419.54960013414
Dois fundos;Banco Volkswagen S/A;59.109.165/0001-49;2026-07-02;DI de um dia;100% do DI1 + 1,4500%;;318185019.62;20284.68300045212;0.006375121941528731;4;1;FI EM COTAS DE FI CORPORATE REFERENCIADO DI;03.069.104/0001-40;17488.40661299003;Senador Canedo/GO;11211.28993786134
Dois fundos;BANCO VOTORANTIM S/A;59.588.111/0001-03;2024-12-02;Índice de Preços ao Consumidor Amplo (IPCA/IBGE);100% do IAP + 5,3000%;;73927407.63000001;20174.1219971199;0.02728909702622004;3;1;PORTO SEGURO IMA-B5 FUNDO DE INVESTIMENTO EM COTAS DE FUNDOS DE INVESTIMENTO RENDA FIXA LONGO PRAZO;24.011.864/0001-77;20174.1219971199;Campinas/SP;11355.5143945348
Dois fundos;ITAU UNIBANCO S.A.;60.701.190/0001-04;2050-09-15;Taxa Selic;114% do SEL + 0,0046%;;47257906.86;19938.10478504665;0.04218998705150576;3;1;V8 CASH PLATINUM FUNDO DE INVESTIMENTO EM COTAS DE FUNDO DE INVESTIMENTO RENDA FIXA CREDITO PRIVADO;42.774.627/0001-40;19938.10478504665;Palmeira/PR;12090.04503415529
Dois fundos e Um fundo;PORTOSEG SA CRE;04.862.600/0001-10;2025-08-12;DI de um dia;100% do DI1 + 1,2000%;;178810487.11;19934.16134331625;0.01114820593886824;5;2;FI EM COTAS DE FI CORPORATE REFERENCIADO DI;03.069.104/0001-40;16472.12510725604;Senador Canedo/GO;10559.78252089593
Dois fundos e Um fundo;BANCO DAYCOVAL S.A.;62.232.889/0001-90;2026-03-02;DI de um dia;100% do DI1 + 0,8243%;;29069594.79;19783.44946371823;0.06805547035187355;3;1;XP BANCOS FUNDO DE INVESTIMENTO RENDA FIXA CREDITO PRIVADO;35.377.390/0001-06;13829.11489028176;Uberaba/MG;13829.11489028176
Dois fundos;BANCO BNP PARIBAS BRASIL S A;01.522.368/0001-82;2024-07-01;DI de um dia;100% do DI1 + 0,7300%;;90948880.67;19703.63381668734;0.02166451491380113;36;1;SAFRA EXTRA BANCOS FUNDO DE INVESTIMENTO EM COTAS DE FUNDO DE INVESTIMENTO RENDA FIXA CREDITO PRIVADO;20.441.483/0001-77;19703.63381668734;Governo do Estado do Paraná/PR;4857.02538453166
Dois fundos;BANCO ABC BRASIL S.A.;28.195.667/0001-06;2025-04-14;OUTROS;100% do OUT + 6,1000%;;37083182.93000001;19627.72349208863;0.05292890723306806;3;1;PORTO SEGURO IMA-B5 FUNDO DE INVESTIMENTO EM COTAS DE FUNDOS DE INVESTIMENTO RENDA FIXA LONGO PRAZO;24.011.864/0001-77;19627.72349208863;Campinas/SP;11047.96018771873
Dois fundos e Um fundo;BANCO VOTORANTIM S/A;59.588.111/0001-03;2025-06-30;DI de um dia;100% do DI1 + 0,8389%;;158894706.68;19495.26350531714;0.01226929701602892;28;1;MAG CASH FUNDO DE  INVESTIMENTO RENDA FIXA LONGO PRAZO;44.211.851/0001-59;8357.964404159538;Cabo de Santo Agostinho/PE;5747.975712775524
Dois fundos e Um fundo;BANCO XP S.A;33.264.668/0001-03;2025-12-01;DI de um dia;100% do DI1 + 1,2441%;;665511423.4200001;19384.63568182275;0.002912742741846106;3;1;XP BANCOS FUNDO DE INVESTIMENTO RENDA FIXA CREDITO PRIVADO;35.377.390/0001-06;13550.33430554223;Uberaba/MG;13550.33430554223
Dois fundos e Um fundo;BANCO ALFA DE INVESTIMENTOS S/A;60.770.336/0001-65;2025-02-05;DI de um dia;100% do DI1 + 1,1000%;;254773445.3199999;19232.22342729361;0.007548755092249742;5;2;FI EM COTAS DE FI CORPORATE REFERENCIADO DI;03.069.104/0001-40;15933.61427064441;Senador Canedo/GO;10214.55946784495
Um fundo;Banco Volkswagen S/A;59.109.165/0001-49;2025-01-20;DI de um dia;100% do DI1 + 0,9312%;;33962627.14;19230.79834822984;0.05662341216701835;1;1;BV BANKS RENDA FIXA CREDITO PRIVADO FUNDO DE INVESTIMENTO;10.347.493/0001-94;19230.79834822984;São José dos Campos/SP;19230.79834822984
Um fundo;BANCO DO BRASIL;00.000.000/0001-91;2050-09-20;DI de um dia;100% do DI1 + 2,6000%;;29206821.25999999;19221.87650496433;0.06581296996975676;3;1;Porto Seguro FI Referenciado DI Crédito Privado;18.719.154/0001-01;19221.87650496433;Governo do Estado do Amazonas/AM;16872.57402030579
Um fundo;BANCO DO BRASIL;00.000.000/0001-91;2050-09-18;DI de um dia;100% do DI1 + 2,2500%;;8764559.96;19102.75475784686;0.2179545219044501;3;1;Porto Seguro FI Referenciado DI Crédito Privado;18.719.154/0001-01;19102.75475784686;Governo do Estado do Amazonas/AM;16768.0113624847
Um fundo;PORTOSEG SA CRE;04.862.600/0001-10;2028-11-04;DI de um dia;100% do DI1 + 2,9000%;;4486402.46;19059.75381276586;0.424833794620509;3;1;Porto Seguro FI Referenciado DI Crédito Privado;18.719.154/0001-01;19059.75381276586;Governo do Estado do Amazonas/AM;16730.2660035113
Um fundo;ITAU UNIBANCO HOLDING SA;60.872.504/0001-23;2024-09-15;Taxa Selic;114% do SEL;;103820377.18;18956.88975265884;0.01825931504736501;25;1;DAYCOVAL CLASSIC FUNDO DE INVESTIMENTO RENDA FIXA CREDITO PRIVADO;10.783.480/0001-68;18956.88975265884;Governo do Estado do Amazonas/AM;10031.35267311834
Dois fundos;ITAU UNIBANCO HOLDING SA;60.872.504/0001-23;2050-07-15;Taxa Selic;114% do SEL + 0,0027%;;463218319.4999997;18856.46412922844;0.00407075094732484;3;2;V8 CASH PLATINUM FUNDO DE INVESTIMENTO EM COTAS DE FUNDO DE INVESTIMENTO RENDA FIXA CREDITO PRIVADO;42.774.627/0001-40;18856.46412922844;Palmeira/PR;11434.1610180665
Dois fundos e Um fundo;BANCO VOTORANTIM S/A;59.588.111/0001-03;2025-09-22;DI de um dia;100% do DI1 + 0,6388%;;555110140.7100002;18839.99338844386;0.003393919874053647;28;1;MAG CASH FUNDO DE  INVESTIMENTO RENDA FIXA LONGO PRAZO;44.211.851/0001-59;8077.038511034646;Cabo de Santo Agostinho/PE;5554.776132986929
Um fundo;BANCO BRADESCO S.A.;60.746.948/0001-12;2031-11-10;DI de um dia;100% do DI1 + 2,2500%;;287380529.8999999;18682.51405050408;0.006500967221754741;3;1;Porto Seguro FI Referenciado DI Crédito Privado;18.719.154/0001-01;18682.51405050408;Governo do Estado do Amazonas/AM;16399.13257798333
Dois fundos;BANCO BRADESCO S.A.;60.746.948/0001-12;2024-09-27;;11,3400% a.a. (prefixado);;18960768.62;18670.54396225354;0.09846934128271399;3;1;V8 CASH PLATINUM FUNDO DE INVESTIMENTO EM COTAS DE FUNDO DE INVESTIMENTO RENDA FIXA CREDITO PRIVADO;42.774.627/0001-40;18670.54396225354;Palmeira/PR;11321.42296117907
Um fundo;BANCO BRADESCO S.A.;60.746.948/0001-12;2025-06-24;DI de um dia;100% do DI1 + 0,7216%;;2108842701.160001;18575.13505307898;0.0008808212695456821;3;1;MAG HIGH GRADE FUNDO DE INVESTIMENTO RENDA FIXA CREDITO PRIVADO LONGO PRAZO;50.223.269/0001-05;18575.13505307898;Tatuí/SP;15811.60948100607
Dois fundos e Um fundo;Banco Volkswagen S/A;59.109.165/0001-49;2024-07-09;DI de um dia;100% do DI1 + 0,8000%;;484572091.0499998;18559.74502662614;0.0038301308245817;3;1;XP BANCOS FUNDO DE INVESTIMENTO RENDA FIXA CREDITO PRIVADO;35.377.390/0001-06;12973.71556857452;Uberaba/MG;12973.71556857452
Dois fundos e Um fundo;BANCO BTG PACTUAL S A;30.306.294/0001-45;2025-07-07;DI de um dia;100% do DI1 + 1,0500%;;336701744.2600001;18496.65666241911;0.005493484063490935;4;2;BTG PACTUAL CDB PLUS FUNDO DE INVESTIMENTO RENDA FIXA CREDITO PRIVADO;27.717.359/0001-30;17339.86992409753;Itupeva/SP;17339.86992409753
Um fundo;BANCO COOPERATIVO SICREDI S.A.;01.181.521/0001-55;2032-03-30;DI de um dia;100% do DI1 + 3,6000%;;16519245.01;18469.27368874935;0.1118045871804001;3;1;Porto Seguro FI Referenciado DI Crédito Privado;18.719.154/0001-01;18469.27368874935;Governo do Estado do Amazonas/AM;16211.95450580634
Dois fundos e Um fundo;BANCO VOTORANTIM S/A;59.588.111/0001-03;2025-08-28;DI de um dia;100% do DI1 + 1,0000%;;198035630.19;18340.26265721918;0.009261092380004094;6;2;FI EM COTAS DE FI CORPORATE REFERENCIADO DI;03.069.104/0001-40;12571.47714692329;Senador Canedo/GO;8059.194777451348
Um fundo;BANCO CSF S.A.;08.357.240/0001-50;2025-03-25;DI de um dia;100% do DI1 + 1,3070%;;132200284.4799999;18224.14809654558;0.01378525633906835;1;1;BANCO BRADESCO S.A.;02.998.164/0001-85;18224.14809654558;Belo Jardim/PE;18224.14809654558
Um fundo;ITAU UNIBANCO S.A.;60.701.190/0001-04;2025-04-01;DI de um dia;100% do DI1 + 0,7441%;;1005721090.34;18066.76388865042;0.00179639902774065;1;1;BANCO BRADESCO S.A.;02.998.164/0001-85;18066.76388865042;Belo Jardim/PE;18066.76388865042
Um fundo;ITAU UNIBANCO S.A.;60.701.190/0001-04;2025-03-05;DI de um dia;100% do DI1 + 0,7407%;;1701037345.4;18062.71327231991;0.00106186459228339;1;1;BANCO BRADESCO S.A.;02.998.164/0001-85;18062.71327231991;Belo Jardim/PE;18062.71327231991
Um fundo;ITAU UNIBANCO S.A.;60.701.190/0001-04;2025-02-03;DI de um dia;100% do DI1 + 0,7367%;;1723652359.93;18058.66128429406;0.001047697418812889;1;1;BANCO BRADESCO S.A.;02.998.164/0001-85;18058.66128429406;Belo Jardim/PE;18058.66128429406
Um fundo;ITAU UNIBANCO S.A.;60.701.190/0001-04;2024-12-02;DI de um dia;100% do DI1 + 0,7257%;;1542421197.85;18058.46376016551;0.001170786798400944;1;1;BANCO BRADESCO S.A.;02.998.164/0001-85;18058.46376016551;Belo Jardim/PE;18058.46376016551
Dois fundos;ITAU UNIBANCO HOLDING SA;60.872.504/0001-23;2050-09-15;Taxa Selic;114% do SEL + 0,0046%;;367720164.9599999;18057.15150430553;0.004910568749002318;3;1;V8 CASH PLATINUM FUNDO DE INVESTIMENTO EM COTAS DE FUNDO DE INVESTIMENTO RENDA FIXA CREDITO PRIVADO;42.774.627/0001-40;18057.15150430553;Palmeira/PR;10949.47474843998
Um fundo;ITAU UNIBANCO S.A.;60.701.190/0001-04;2025-01-02;DI de um dia;100% do DI1 + 0,7315%;;1421236759.26;18054.51464928994;0.001270338283305481;1;1;BANCO BRADESCO S.A.;02.998.164/0001-85;18054.51464928994;Belo Jardim/PE;18054.51464928994
Um fundo;ITAU UNIBANCO S.A.;60.701.190/0001-04;2024-11-01;DI de um dia;100% do DI1 + 0,7161%;;1002063644.3;18052.50237223039;0.001801532514917365;1;1;BANCO BRADESCO S.A.;02.998.164/0001-85;18052.50237223039;Belo Jardim/PE;18052.50237223039
Dois fundos e Um fundo;BANCO VOTORANTIM S/A;59.588.111/0001-03;2024-07-01;DI de um dia;100% do DI1 + 1,0600%;;24047688.92;17985.14510977294;0.07478949503049767;3;1;XP BANCOS FUNDO DE INVESTIMENTO RENDA FIXA CREDITO PRIVADO;35.377.390/0001-06;12572.05617744144;Uberaba/MG;12572.05617744144
Dois fundos;BANCO BRADESCO S.A.;60.746.948/0001-12;2050-03-15;Taxa Selic;120% do SEL + 0,0017%;;558915685.0499996;17724.03009087623;0.003171145588675091;3;1;V8 CASH PLATINUM FUNDO DE INVESTIMENTO EM COTAS DE FUNDO DE INVESTIMENTO RENDA FIXA CREDITO PRIVADO;42.774.627/0001-40;17724.03009087623;Palmeira/PR;10747.47696913138
Um fundo;BANCO JOHN DEERE S.A.;91.884.981/0001-32;2024-09-23;DI de um dia;100% do DI1 + 1,3511%;;436297654.4299999;17715.30564662151;0.004060371507100039;3;1;MAG HIGH GRADE FUNDO DE INVESTIMENTO RENDA FIXA CREDITO PRIVADO LONGO PRAZO;50.223.269/0001-05;17715.30564662151;Tatuí/SP;15079.70165065427
Dois fundos e Um fundo;BANCO BRADESCO S.A.;60.746.948/0001-12;2025-08-04;DI de um dia;108,75% do DI1 + 0,1282%;;238231210.37;17672.75510367142;0.007418320662613279;3;1;XP BANCOS FUNDO DE INVESTIMENTO RENDA FIXA CREDITO PRIVADO;35.377.390/0001-06;12353.68792508602;Uberaba/MG;12353.68792508602
Dois fundos e Um fundo;BANCO VOTORANTIM S/A;59.588.111/0001-03;2026-05-25;DI de um dia;100% do DI1 + 0,5500%;;159743395.27;17659.14699135909;0.01105469616537912;4;2;BTG PACTUAL YIELD FI RENDA FIXA REFERENCIADO DI CRÉDITO PRIVADO;00.840.011/0001-80;13175.070896693;Rio das Ostras/RJ;12556.50494232261
Um fundo;NU FINANCEIRA S.A.;30.680.829/0001-43;2027-02-15;DI de um dia;100% do DI1 + 1,2500%;;10363915.84;17618.42950644486;0.1699978056406607;3;1;Porto Seguro FI Referenciado DI Crédito Privado;18.719.154/0001-01;17618.42950644486;Governo do Estado do Amazonas/AM;15465.10070919749
Dois fundos e Um fundo;BANCO DAYCOVAL S.A.;62.232.889/0001-90;2024-12-30;DI de um dia;100% do DI1 + 0,5680%;;47786298.66999999;17273.36146897748;0.03614710063288835;3;1;XP BANCOS FUNDO DE INVESTIMENTO RENDA FIXA CREDITO PRIVADO;35.377.390/0001-06;12074.50200906268;Uberaba/MG;12074.50200906268
Dois fundos e Um fundo;BANCO BRADESCO S.A.;60.746.948/0001-12;2025-01-27;DI de um dia;112,50% do DI1 + 0,4310%;;204172237.83;17270.95888217731;0.008459014342859696;3;1;XP BANCOS FUNDO DE INVESTIMENTO RENDA FIXA CREDITO PRIVADO;35.377.390/0001-06;12072.82254214492;Uberaba/MG;12072.82254214492
Dois fundos e Um fundo;MERCADO CREDITO SOCIEDADE DE CREDITO FINANCIAMENTO E INVESTIMENTO SA;37.679.449/0001-38;2026-04-04;DI de um dia;100% do DI1 + 0,9400%;;101921397.44;17206.22045843595;0.01688185296769018;6;2;FI EM COTAS DE FI CORPORATE REFERENCIADO DI;03.069.104/0001-40;9228.793087511624;Cabedelo/PB;6390.297981818207
Dois fundos e Um fundo;ITAU UNIBANCO S.A.;60.701.190/0001-04;2031-10-21;DI de um dia;100% do DI1 + 11,8316%;;138617964.75;16988.64719170526;0.01225573266953139;3;1;XP BANCOS FUNDO DE INVESTIMENTO RENDA FIXA CREDITO PRIVADO;35.377.390/0001-06;11875.47976784423;Uberaba/MG;11875.47976784423
Dois fundos e Um fundo;BANCO CITIBANK S.A.;33.479.023/0001-80;2025-12-08;DI de um dia;100% do DI1 + 0,7600%;;158459008.98;16688.2742317725;0.01053160330813303;2;1;BTG PACTUAL CDB PLUS FUNDO DE INVESTIMENTO RENDA FIXA CREDITO PRIVADO;27.717.359/0001-30;16688.24468012365;Itupeva/SP;16688.24468012365
Dois fundos;BANCO BRADESCO S.A.;60.746.948/0001-12;2025-12-22;DI de um dia;100% do DI1 + 0,8000%;;743313899.6800001;16541.46830077859;0.002225367816732576;26;1;LME REC IMA-B FUNDO DE INVESTIMENTO EM RENDA FIXA;11.784.036/0001-20;16541.46830077859;Governo do Estado do Tocantins/TO;4110.076667040626
Um fundo;BANCO ALFA DE INVESTIMENTOS S/A;60.770.336/0001-65;2024-12-13;DI de um dia;100% do DI1 + 0,6962%;;419463013.05;16536.40455188555;0.003942279542514612;1;1;BANCO BRADESCO S.A.;02.998.164/0001-85;16536.40455188555;Belo Jardim/PE;16536.40455188555
Dois fundos;BANCO DO BRASIL;00.000.000/0001-91;2050-02-08;DI de um dia;100% do DI1 + 1,9000%;;6290715.6;16448.73999958408;0.2614764526882137;3;1;NU RENDA FIXA INSTITUCIONAL REFERENCIADO DI FI EM COTAS DE FUNDO DE INVESTIMENTO RENDA FIXA;51.781.137/0001-61;16448.73999958408;Bento Gonçalves/RS;7874.531197199331
Dois fundos e Um fundo;BANCO BRADESCO S.A.;60.746.948/0001-12;2031-06-10;DI de um dia;100% do DI1 + 14,9936%;;53808472.12;16425.95550120648;0.03052670862791724;3;1;XP BANCOS FUNDO DE INVESTIMENTO RENDA FIXA CREDITO PRIVADO;35.377.390/0001-06;11482.14451809492;Uberaba/MG;11482.14451809492
Dois fundos e Um fundo;BANCO BRADESCO S.A.;60.746.948/0001-12;2031-07-21;DI de um dia;100% do DI1 + 10,9026%;;150999176;16327.29879013261;0.01081283966088173;3;1;XP BANCOS FUNDO DE INVESTIMENTO RENDA FIXA CREDITO PRIVADO;35.377.390/0001-06;11413.18106484881;Uberaba/MG;11413.18106484881
Dois fundos;BANCO VOTORANTIM S/A;59.588.111/0001-03;2025-01-13;;10,5300% a.a. (prefixado);;166523494.51;16245.36178198197;0.009755597448747037;3;1;V8 CASH PLATINUM FUNDO DE INVESTIMENTO EM COTAS DE FUNDO DE INVESTIMENTO RENDA FIXA CREDITO PRIVADO;42.774.627/0001-40;16245.36178198197;Palmeira/PR;9850.843781682317
Dois fundos e Um fundo;BANCO PAN S.A.;59.285.411/0001-13;2024-09-19;DI de um dia;100% do DI1 + 0,8901%;;31401835.07;16157.73555878556;0.05145474945259484;3;1;XP BANCOS FUNDO DE INVESTIMENTO RENDA FIXA CREDITO PRIVADO;35.377.390/0001-06;11294.6522202322;Uberaba/MG;11294.6522202322
Dois fundos e Um fundo;BANCO BRADESCO S.A.;60.746.948/0001-12;2031-06-30;DI de um dia;100% do DI1 + 13,4798%;;68557742.71;15980.14793381217;0.02330903454830531;3;1;XP BANCOS FUNDO DE INVESTIMENTO RENDA FIXA CREDITO PRIVADO;35.377.390/0001-06;11170.51412827036;Uberaba/MG;11170.51412827036
Dois fundos;BANCO BRADESCO S.A.;60.746.948/0001-12;2050-03-15;Taxa Selic;120% do SEL + 0,0145%;;558915685.0499996;15951.62706110937;0.002854031026107697;3;1;V8 CASH PLATINUM FUNDO DE INVESTIMENTO EM COTAS DE FUNDO DE INVESTIMENTO RENDA FIXA CREDITO PRIVADO;42.774.627/0001-40;15951.62706110937;Palmeira/PR;9672.729259678792
Dois fundos;BANCO DAYCOVAL S.A.;62.232.889/0001-90;2024-10-28;DI de um dia;100% do DI1 + 1,4000%;;255789203.57;15915.88436439968;0.006222265890141096;36;1;SAFRA EXTRA BANCOS FUNDO DE INVESTIMENTO EM COTAS DE FUNDO DE INVESTIMENTO RENDA FIXA CREDITO PRIVADO;20.441.483/0001-77;15915.88436439968;Governo do Estado do Paraná/PR;3923.329833184872
Um fundo;BANCO XP S.A;33.264.668/0001-03;2025-07-11;DI de um dia;108,50% do DI1;;1116198.76;15813.2368605991;1.416704392378925;3;1;Porto Seguro FI Referenciado DI Crédito Privado;18.719.154/0001-01;15813.2368605991;Governo do Estado do Amazonas/AM;13880.53915350973
Dois fundos;BANCO VOTORANTIM S/A;59.588.111/0001-03;2024-08-09;OUTROS;100% do OUT + 4,8000%;;10714694.53;15807.01925147283;0.1475265506376768;3;1;PORTO SEGURO IMA-B5 FUNDO DE INVESTIMENTO EM COTAS DE FUNDOS DE INVESTIMENTO RENDA FIXA LONGO PRAZO;24.011.864/0001-77;15807.01925147283;Campinas/SP;8897.380251314717
Um fundo;BANCO VOTORANTIM S/A;59.588.111/0001-03;2025-09-22;DI de um dia;100% do DI1 + 0,7998%;;555110140.7100002;15722.65654059503;0.002832349003836491;3;1;MAG HIGH GRADE FUNDO DE INVESTIMENTO RENDA FIXA CREDITO PRIVADO LONGO PRAZO;50.223.269/0001-05;15722.65654059503;Tatuí/SP;13383.50997252464
Dois fundos;BANCO BRADESCO S.A.;60.746.948/0001-12;2025-08-01;DI de um dia;108,75% do DI1 + 0,0153%;;5264633301.920004;15640.31720391212;0.0002970827464508899;4;1;FI EM COTAS DE FI CORPORATE REFERENCIADO DI;03.069.104/0001-40;13484.27415957459;Senador Canedo/GO;8644.361407534509
Dois fundos;BANCO VOTORANTIM S/A;59.588.111/0001-03;2025-08-11;OUTROS;100% do OUT + 5,0000%;;145025592.63;15617.36218644348;0.01076869392720749;3;1;PORTO SEGURO IMA-B5 FUNDO DE INVESTIMENTO EM COTAS DE FUNDOS DE INVESTIMENTO RENDA FIXA LONGO PRAZO;24.011.864/0001-77;15617.36218644348;Campinas/SP;8790.626979361992
Um fundo;BANCO RCI BRASIL S.A.;62.307.848/0001-15;2025-10-24;DI de um dia;100% do DI1 + 1,0013%;;31464794.63;15594.46986387369;0.0495616451569183;1;1;BV BANKS RENDA FIXA CREDITO PRIVADO FUNDO DE INVESTIMENTO;10.347.493/0001-94;15594.46986387369;São José dos Campos/SP;15594.46986387369
Dois fundos e Um fundo;BANCO SAFRA S.A.;58.160.789/0001-28;2025-03-11;DI de um dia;100% do DI1 + 1,0921%;;64128228.00000001;15574.46471099547;0.02428644170706771;3;1;XP BANCOS FUNDO DE INVESTIMENTO RENDA FIXA CREDITO PRIVADO;35.377.390/0001-06;10886.93163636567;Uberaba/MG;10886.93163636567
Dois fundos e Um fundo;BANCO VOTORANTIM S/A;59.588.111/0001-03;2024-08-22;DI de um dia;100% do DI1 + 0,9100%;;39222965.79000001;15418.14512456899;0.03930897323552183;3;1;XP BANCOS FUNDO DE INVESTIMENTO RENDA FIXA CREDITO PRIVADO;35.377.390/0001-06;10777.6604233622;Uberaba/MG;10777.6604233622
Dois fundos e Um fundo;BANCO COOPERATIVO SICREDI S.A.;01.181.521/0001-55;2024-07-22;DI de um dia;100% do DI1 + 1,3400%;;379411147.91;15411.40458783421;0.004061927192368619;3;1;XP BANCOS FUNDO DE INVESTIMENTO RENDA FIXA CREDITO PRIVADO;35.377.390/0001-06;10772.94862337513;Uberaba/MG;10772.94862337513
Dois fundos e Um fundo;PARANA BANCO S.A.;14.388.334/0001-99;2024-09-23;DI de um dia;100% do DI1 + 0,8801%;;29658940.91;15292.4474837739;0.0515610032407388;3;1;XP BANCOS FUNDO DE INVESTIMENTO RENDA FIXA CREDITO PRIVADO;35.377.390/0001-06;10689.79469907683;Uberaba/MG;10689.79469907683
Um fundo;BANCO ALFA DE INVESTIMENTOS S/A;60.770.336/0001-65;2025-08-11;DI de um dia;100% do DI1 + 0,9933%;;132771986.32;15203.07004656326;0.01145051035835348;1;1;BANCO BRADESCO S.A.;02.998.164/0001-85;15203.07004656326;Belo Jardim/PE;15203.07004656326
Um fundo;BANCO ABC BRASIL S.A.;28.195.667/0001-06;2026-01-05;DI de um dia;100% do DI1 + 0,5400%;;161847678.41;15159.76092646268;0.009366684202944989;3;1;MAG HIGH GRADE FUNDO DE INVESTIMENTO RENDA FIXA CREDITO PRIVADO LONGO PRAZO;50.223.269/0001-05;15159.76092646268;Tatuí/SP;12904.35945201435
Dois fundos e Um fundo;BANCO XP S.A;33.264.668/0001-03;2024-07-29;DI de um dia;100% do DI1 + 1,1500%;;19096157;15125.91292470017;0.07920919860839104;3;1;XP BANCOS FUNDO DE INVESTIMENTO RENDA FIXA CREDITO PRIVADO;35.377.390/0001-06;10573.3829704318;Uberaba/MG;10573.3829704318
Dois fundos;BANCO BRADESCO S.A.;60.746.948/0001-12;2050-03-15;Taxa Selic;120% do SEL + 0,0050%;;558915685.0499996;14888.18528460772;0.00266376229596703;3;1;V8 CASH PLATINUM FUNDO DE INVESTIMENTO EM COTAS DE FUNDO DE INVESTIMENTO RENDA FIXA CREDITO PRIVADO;42.774.627/0001-40;14888.18528460772;Palmeira/PR;9027.880659086139
Dois fundos;BANCO DO BRASIL;00.000.000/0001-91;2050-09-22;DI de um dia;100% do DI1 + 2,4360%;;74294649.99;14814.6061343591;0.01994034043683245;3;1;V8 CASH PLATINUM FUNDO DE INVESTIMENTO EM COTAS DE FUNDO DE INVESTIMENTO RENDA FIXA CREDITO PRIVADO;42.774.627/0001-40;14814.6061343591;Palmeira/PR;8983.263818635593
Dois fundos e Um fundo;BANCO DE LAGE LANDEN BRASIL S.A.;05.040.481/0001-82;2024-07-07;DI de um dia;100% do DI1 + 0,3902%;;190032891.15;14808.13933247009;0.007792408589301249;3;1;XP BANCOS FUNDO DE INVESTIMENTO RENDA FIXA CREDITO PRIVADO;35.377.390/0001-06;10351.25145974118;Uberaba/MG;10351.25145974118
Dois fundos;CAIXA ECONOMICA FEDERAL CEF;00.360.305/0001-04;2050-11-30;Taxa Selic;114% do SEL + 0,0438%;;383601821.0999998;14688.8698553267;0.003829197112048515;3;2;V8 CASH PLATINUM FUNDO DE INVESTIMENTO EM COTAS DE FUNDO DE INVESTIMENTO RENDA FIXA CREDITO PRIVADO;42.774.627/0001-40;14688.8698553267;Palmeira/PR;8907.01999845721
Dois fundos;CAIXA ECONOMICA FEDERAL CEF;00.360.305/0001-04;2050-11-30;Taxa Selic;114% do SEL + 0,0441%;;383601821.0999998;14684.96181011823;0.003828178335548114;3;2;V8 CASH PLATINUM FUNDO DE INVESTIMENTO EM COTAS DE FUNDO DE INVESTIMENTO RENDA FIXA CREDITO PRIVADO;42.774.627/0001-40;14684.96181011823;Palmeira/PR;8904.650242501199
Um fundo;BANCO VOTORANTIM S/A;59.588.111/0001-03;2025-06-30;DI de um dia;100% do DI1 + 0,8387%;;158894706.68;14641.97503570463;0.009214891635875754;3;1;MAG HIGH GRADE FUNDO DE INVESTIMENTO RENDA FIXA CREDITO PRIVADO LONGO PRAZO;50.223.269/0001-05;14641.97503570463;Tatuí/SP;12463.60743185156
Dois fundos e Um fundo;BANCO VOTORANTIM S/A;59.588.111/0001-03;2024-10-21;DI de um dia;100% do DI1 + 0,7000%;;49373223.63;14640.23723680387;0.02965218019085999;3;1;XP BANCOS FUNDO DE INVESTIMENTO RENDA FIXA CREDITO PRIVADO;35.377.390/0001-06;10233.88378958105;Uberaba/MG;10233.88378958105
Dois fundos e Um fundo;BANCO COOPERATIVO SICREDI S.A.;01.181.521/0001-55;2026-08-11;DI de um dia;100% do DI1 + 1,5531%;;126910509.48;14457.15073206925;0.01139161034913942;3;1;XP BANCOS FUNDO DE INVESTIMENTO RENDA FIXA CREDITO PRIVADO;35.377.390/0001-06;10105.90184621579;Uberaba/MG;10105.90184621579
Um fundo;BANCO XP S.A;33.264.668/0001-03;2025-12-29;DI de um dia;107% do DI1;;106394756.75;14399.14147102918;0.01353369462074472;3;1;Porto Seguro FI Referenciado DI Crédito Privado;18.719.154/0001-01;14399.14147102918;Governo do Estado do Amazonas/AM;12639.27485102971
Um fundo;NU FINANCEIRA S.A.;30.680.829/0001-43;2027-05-03;DI de um dia;100% do DI1 + 1,2000%;;27870221.32;14306.06880924482;0.05133101974679554;3;1;Porto Seguro FI Referenciado DI Crédito Privado;18.719.154/0001-01;14306.06880924482;Governo do Estado do Amazonas/AM;12557.57755291119
Um fundo;BANCO SAFRA S.A.;58.160.789/0001-28;2026-05-04;DI de um dia;111,50% do DI1;;518607952.5699999;14186.8548346714;0.002735564459504988;3;1;Porto Seguro FI Referenciado DI Crédito Privado;18.719.154/0001-01;14186.8548346714;Governo do Estado do Amazonas/AM;12452.93393969656
Dois fundos;BANCO BTG PACTUAL S A;30.306.294/0001-45;2025-07-01;DI de um dia;100% do DI1 + 1,0500%;;674692313.84;14117.77851711393;0.002092476559687308;4;1;FI EM COTAS DE FI CORPORATE REFERENCIADO DI;03.069.104/0001-40;12171.61989536246;Senador Canedo/GO;7802.858355259806
Dois fundos;BANCO DAYCOVAL S.A.;62.232.889/0001-90;2026-01-22;DI de um dia;100% do DI1 + 0,7900%;;208378.42;13872.30326023119;6.657264826286324;64;1;Sicredi Executive;21.170.347/0001-52;13750.60816693362;Pelotas/RS;1694.901560747793
Dois fundos;BANCO BTG PACTUAL S A;30.306.294/0001-45;2026-05-15;DI de um dia;100% do DI1 + 0,6800%;;200916268.02;13802.82155114418;0.006869937256534246;4;1;FI EM COTAS DE FI CORPORATE REFERENCIADO DI;03.069.104/0001-40;11900.08025698853;Senador Canedo/GO;7628.782484152664
Dois fundos;BANCO XP S.A;33.264.668/0001-03;2032-12-16;DI de um dia;100% do DI1 + 2,5000%;;108706682.74;13780.70090534395;0.01267695835986831;16;1;Itaú Inst. Multimercado Juros e Moedas;00.973.117/0001-51;13780.70090534395;Governador Jorge Teixeira/RO;1736.583290726869
Um fundo;BANCO BOCOM BBM S.A.;15.114.366/0001-69;2024-12-02;DI de um dia;100% do DI1 + 1,0019%;;96512588.19999999;13716.20833763969;0.01421183349597466;1;1;BV BANKS RENDA FIXA CREDITO PRIVADO FUNDO DE INVESTIMENTO;10.347.493/0001-94;13716.20833763969;São José dos Campos/SP;13716.20833763969
Dois fundos;CAIXA ECONOMICA FEDERAL CEF;00.360.305/0001-04;2050-11-30;Taxa Selic;114% do SEL + 0,0574%;;383601821.0999998;13572.74506396653;0.003538237911656917;3;1;V8 CASH PLATINUM FUNDO DE INVESTIMENTO EM COTAS DE FUNDO DE INVESTIMENTO RENDA FIXA CREDITO PRIVADO;42.774.627/0001-40;13572.74506396653;Palmeira/PR;8230.225531943926
Um fundo;BANCO XP S.A;33.264.668/0001-03;2026-07-06;DI de um dia;109,50% do DI1;;954914.08;13528.30971480481;1.416704392378925;3;1;Porto Seguro FI Referenciado DI Crédito Privado;18.719.154/0001-01;13528.30971480481;Governo do Estado do Amazonas/AM;11874.87636671243
Dois fundos;BANCO TRIANGULO S.A.;17.351.180/0001-59;2025-07-23;DI de um dia;100% do DI1 + 1,9000%;;35865106.95;13512.5632888256;0.03767607136279738;16;1;Itaú Inst. Multimercado Juros e Moedas;00.973.117/0001-51;13512.5632888256;Governador Jorge Teixeira/RO;1702.793768143114
Dois fundos;BANCO HONDA S/A;03.634.220/0001-65;2025-10-27;DI de um dia;100% do DI1 + 0,9500%;;107565349.97;13288.60638435679;0.01235398424126634;4;1;FI EM COTAS DE FI CORPORATE REFERENCIADO DI;03.069.104/0001-40;11456.75048332907;Senador Canedo/GO;7344.577139402109
Dois fundos;BANCO BRADESCO S.A.;60.746.948/0001-12;2050-03-15;Taxa Selic;120% do SEL + 0,0172%;;558915685.0499996;13259.11841563216;0.002372293132987675;3;2;V8 CASH PLATINUM FUNDO DE INVESTIMENTO EM COTAS DE FUNDO DE INVESTIMENTO RENDA FIXA CREDITO PRIVADO;42.774.627/0001-40;13259.11841563216;Palmeira/PR;8040.048965858392
Dois fundos e Um fundo;BANCO BRADESCO S.A.;60.746.948/0001-12;2031-06-10;DI de um dia;100% do DI1 + 14,2898%;;53808472.12;13140.76440096518;0.02442136690233378;3;1;XP BANCOS FUNDO DE INVESTIMENTO RENDA FIXA CREDITO PRIVADO;35.377.390/0001-06;9185.715614475936;Uberaba/MG;9185.715614475936
Dois fundos;BANCO ABC BRASIL S.A.;28.195.667/0001-06;2025-10-16;DI de um dia;100% do DI1 + 0,9000%;;2348455.23;13110.33586850137;0.5582536001123328;88;1;Itaú High Grade FIC Renda Fixa Crédito Privado;09.093.883/0001-04;13110.33586850137;Santos/SP;1662.826947691153
Dois fundos e Um fundo;BANCO BRADESCO S.A.;60.746.948/0001-12;2025-02-03;DI de um dia;100% do DI1 + 1,1024%;;264396935.87;13087.4137667234;0.004949911285340418;3;1;XP BANCOS FUNDO DE INVESTIMENTO RENDA FIXA CREDITO PRIVADO;35.377.390/0001-06;9148.422216691484;Uberaba/MG;9148.422216691484
Dois fundos;ITAU UNIBANCO HOLDING SA;60.872.504/0001-23;2050-07-15;Taxa Selic;114% do SEL + 0,0315%;;463218319.4999997;12839.58202998765;0.002771820864910257;3;1;V8 CASH PLATINUM FUNDO DE INVESTIMENTO EM COTAS DE FUNDO DE INVESTIMENTO RENDA FIXA CREDITO PRIVADO;42.774.627/0001-40;12839.58202998765;Palmeira/PR;7785.650975147009
Dois fundos;BANCO SAFRA S.A.;58.160.789/0001-28;2024-09-09;OUTROS;100% do OUT + 4,7000%;;27119865.13;12839.15629206972;0.04734225716287595;3;1;PORTO SEGURO IMA-B5 FUNDO DE INVESTIMENTO EM COTAS DE FUNDOS DE INVESTIMENTO RENDA FIXA LONGO PRAZO;24.011.864/0001-77;12839.15629206972;Campinas/SP;7226.84358254073
Um fundo;BANCO ABC BRASIL S.A.;28.195.667/0001-06;2027-01-26;DI de um dia;100% do DI1 + 2,3557%;;10628319.89;12766.31037825984;0.1201159779757047;1;1;BV BANKS RENDA FIXA CREDITO PRIVADO FUNDO DE INVESTIMENTO;10.347.493/0001-94;12766.31037825984;São José dos Campos/SP;12766.31037825984
Dois fundos e Um fundo;BANCO BRADESCO S.A.;60.746.948/0001-12;2031-11-04;DI de um dia;100% do DI1 + 13,0945%;;559154009.15;12671.93692231805;0.002266269527706927;3;1;XP BANCOS FUNDO DE INVESTIMENTO RENDA FIXA CREDITO PRIVADO;35.377.390/0001-06;8857.993743837418;Uberaba/MG;8857.993743837418
Um fundo;BANCO VOTORANTIM S/A;59.588.111/0001-03;2025-01-06;DI de um dia;100% do DI1 + 1,0000%;;99237473.17999999;12643.01689451533;0.01274016406240315;6;1;DAYCOVAL CLASSIC TITULOS BANCARIOS FUNDO DE INVESTIMENTO RENDA FIXA CREDITO PRIVADO;50.235.197/0001-16;12643.01689451533;Mairiporã/SP;4874.22991236031
Dois fundos e Um fundo;BANCO COOPERATIVO SICREDI S.A.;01.181.521/0001-55;2024-09-12;DI de um dia;100% do DI1 + 0,3522%;;68907855.46;12631.30063368378;0.01833071215083172;3;1;XP BANCOS FUNDO DE INVESTIMENTO RENDA FIXA CREDITO PRIVADO;35.377.390/0001-06;8829.587984504666;Uberaba/MG;8829.587984504666
Dois fundos;BANCO BTG PACTUAL S A;30.306.294/0001-45;2027-05-31;OUTROS;100% do OUT + 0,7000%;;2501050.98;12619.47868139873;0.5045670313125217;3;1;INTEGRAL FUNDO DE INVESTIMENTO FINANCEIRO RENDA FIXA;15.174.629/0001-25;12619.47868139873;Louveira/SP;6145.724006631611
Dois fundos;BANCO BTG PACTUAL S A;30.306.294/0001-45;2026-05-29;OUTROS;100% do OUT + 0,6000%;;2501041.12;12619.42893108944;0.5045670313125217;3;1;INTEGRAL FUNDO DE INVESTIMENTO FINANCEIRO RENDA FIXA;15.174.629/0001-25;12619.42893108944;Louveira/SP;6145.699778081616
Dois fundos e Um fundo;BANCO VOTORANTIM S/A;59.588.111/0001-03;2024-09-11;DI de um dia;100% do DI1 + 0,5239%;;62544442.34;12611.32588579851;0.02016378340579271;3;1;XP BANCOS FUNDO DE INVESTIMENTO RENDA FIXA CREDITO PRIVADO;35.377.390/0001-06;8815.625147340383;Uberaba/MG;8815.625147340383
Dois fundos e Um fundo;BANCO BRADESCO S.A.;60.746.948/0001-12;2024-06-17;DI de um dia;107% do DI1 + 0,3569%;;96180345.57000004;12568.83395298755;0.01306798585355462;3;1;XP BANCOS FUNDO DE INVESTIMENTO RENDA FIXA CREDITO PRIVADO;35.377.390/0001-06;8785.92224735671;Uberaba/MG;8785.92224735671
Dois fundos e Um fundo;BANCO ALFA DE INVESTIMENTOS S/A;60.770.336/0001-65;2025-01-21;DI de um dia;100% do DI1 + 0,3901%;;49254009.06;12511.19433799931;0.0254013725517419;3;1;XP BANCOS FUNDO DE INVESTIMENTO RENDA FIXA CREDITO PRIVADO;35.377.390/0001-06;8745.630747162775;Uberaba/MG;8745.630747162775
Um fundo;BANCO DAYCOVAL S.A.;62.232.889/0001-90;2026-07-28;DI de um dia;118% do DI1;;1466057.05;12463.09449897002;0.8501097893134529;3;1;Porto Seguro FI Referenciado DI Crédito Privado;18.719.154/0001-01;12463.09449897002;Governo do Estado do Amazonas/AM;10939.85201713415
Um fundo;BANCO XP S.A;33.264.668/0001-03;2025-05-12;DI de um dia;100% do DI1 + 0,9000%;;16288108.33;12406.85444693469;0.07617124220670435;7;2;BTG PACTUAL CAPITAL MARKETS FUNDO DE INVESTIMENTO RENDA FIXA;04.501.865/0001-92;7548.894333316984;Niterói/RJ;5339.611384269508
Dois fundos e Um fundo;BANCO BTG PACTUAL S A;30.306.294/0001-45;2025-01-13;DI de um dia;100% do DI1 + 1,0000%;;59904269.27;12329.11414597155;0.02058136138912216;3;1;BTG PACTUAL YIELD FI RENDA FIXA REFERENCIADO DI CRÉDITO PRIVADO;00.840.011/0001-80;12293.2751143714;Rio das Ostras/RJ;11716.10922941456
Dois fundos;BANCO HONDA S/A;03.634.220/0001-65;2026-03-05;DI de um dia;100% do DI1 + 0,7500%;;97568356.19999997;12305.91729167315;0.01261261106669454;4;1;FI EM COTAS DE FI CORPORATE REFERENCIADO DI;03.069.104/0001-40;10609.52667280076;Senador Canedo/GO;6801.447511169584
Dois fundos;ITAU UNIBANCO HOLDING SA;60.872.504/0001-23;2050-01-17;Taxa Selic;100% do SEL + 1,1990%;;150766934.55;12207.17005089003;0.008096715693878933;3;1;V8 CASH PLATINUM FUNDO DE INVESTIMENTO EM COTAS DE FUNDO DE INVESTIMENTO RENDA FIXA CREDITO PRIVADO;42.774.627/0001-40;12207.17005089003;Palmeira/PR;7402.169727061493
Dois fundos e Um fundo;BANCO BTG PACTUAL S A;30.306.294/0001-45;2024-06-07;DI de um dia;100% do DI1 + 1,0500%;;174637751.43;12160.39934824527;0.006963213422453806;2;1;BTG PACTUAL CDB PLUS FUNDO DE INVESTIMENTO RENDA FIXA CREDITO PRIVADO;27.717.359/0001-30;12160.3778145716;Itupeva/SP;12160.3778145716
Dois fundos;BANCO BRADESCO S.A.;60.746.948/0001-12;2050-03-15;Taxa Selic;120% do SEL + 0,0003%;;558915685.0499996;12052.34044387383;0.002156378997092495;3;1;V8 CASH PLATINUM FUNDO DE INVESTIMENTO EM COTAS DE FUNDO DE INVESTIMENTO RENDA FIXA CREDITO PRIVADO;42.774.627/0001-40;12052.34044387383;Palmeira/PR;7308.284328141815
Um fundo;BANCO SAFRA S.A.;58.160.789/0001-28;2025-04-10;DI de um dia;100% do DI1 + 1,0700%;;30095170.57;11982.43375768975;0.03981513821235588;3;1;Porto Seguro FI Referenciado DI Crédito Privado;18.719.154/0001-01;11982.43375768975;Governo do Estado do Amazonas/AM;10517.93775013676
Dois fundos;BANCO ABC BRASIL S.A.;28.195.667/0001-06;2025-12-22;DI de um dia;100% do DI1 + 0,9200%;;276102995.84;11917.34998091887;0.004316269711113495;4;1;FI EM COTAS DE FI CORPORATE REFERENCIADO DI;03.069.104/0001-40;10274.52399482767;Senador Canedo/GO;6586.687399752308
Dois fundos;BANCO BRADESCO S.A.;60.746.948/0001-12;2025-05-19;Índice de Preços ao Consumidor Amplo (IPCA/IBGE);100% do IAP + 4,0800%;;1521272.36;11696.94588349107;0.768892289838952;3;1;PORTO SEGURO IMA-B5 FUNDO DE INVESTIMENTO EM COTAS DE FUNDOS DE INVESTIMENTO RENDA FIXA LONGO PRAZO;24.011.864/0001-77;11696.94588349107;Campinas/SP;6583.921588807665
Um fundo;BANCO ABC BRASIL S.A.;28.195.667/0001-06;2026-03-02;Índice de Preços ao Consumidor Amplo (IPCA/IBGE);100% do IAP + 6,4955%;;64176624.87;11584.15955358901;0.01805043437085476;1;1;XP INFLAÇÃO REFERENCIADO IPCA FUNDO DE INVESTIMENTO RENDA FIXA LP;14.146.491/0001-98;11584.15955358901;Açailândia/MA;11584.15955358901
Um fundo;BANCO DAYCOVAL S.A.;62.232.889/0001-90;2025-02-11;DI de um dia;100% do DI1 + 1,3000%;;8361488.609999999;11551.3640453125;0.1381496116791637;3;1;Porto Seguro FI Referenciado DI Crédito Privado;18.719.154/0001-01;11551.3640453125;Governo do Estado do Amazonas/AM;10139.5534842656
Dois fundos;BANCO VOTORANTIM S/A;59.588.111/0001-03;2024-10-28;;10,9900% a.a. (prefixado);;36301003.56;11540.4385496748;0.03179096283274985;3;1;V8 CASH PLATINUM FUNDO DE INVESTIMENTO EM COTAS DE FUNDO DE INVESTIMENTO RENDA FIXA CREDITO PRIVADO;42.774.627/0001-40;11540.4385496748;Palmeira/PR;6997.877846650292
Dois fundos;BANCO DAYCOVAL S.A.;62.232.889/0001-90;2024-12-23;DI de um dia;100% do DI1 + 0,4701%;;40395343.42000001;11524.72721691336;0.02852984092024673;1;1;MAG STRATEGY FUNDO DE INVESTIMENTO MULTIMERCADO;41.687.144/0001-45;11524.72721691336;São Bernardo do Campo/SP;11524.72721691336
Dois fundos e Um fundo;BANCO DE LAGE LANDEN BRASIL S.A.;05.040.481/0001-82;2025-12-22;DI de um dia;100% do DI1 + 1,0938%;;119149784.32;11389.41624146548;0.009558906301397056;3;1;XP BANCOS FUNDO DE INVESTIMENTO RENDA FIXA CREDITO PRIVADO;35.377.390/0001-06;7961.480429655295;Uberaba/MG;7961.480429655295
Um fundo;BANCO BTG PACTUAL S A;30.306.294/0001-45;2025-08-18;DI de um dia;100% do DI1 + 0,8018%;;47651904.11;11362.1535665358;0.02384407040756929;1;1;BV BANKS RENDA FIXA CREDITO PRIVADO FUNDO DE INVESTIMENTO;10.347.493/0001-94;11362.1535665358;São José dos Campos/SP;11362.1535665358
Dois fundos e Um fundo;PARANA BANCO S.A.;14.388.334/0001-99;2024-10-07;DI de um dia;100% do DI1 + 1,1000%;;62037952.7;11344.77188408999;0.01828682506489289;4;2;BTG PACTUAL YIELD FI RENDA FIXA REFERENCIADO DI CRÉDITO PRIVADO;00.840.011/0001-80;6378.149775322532;Rio das Ostras/RJ;6078.697397887513
Um fundo;BANCO BRADESCO S.A.;60.746.948/0001-12;2026-11-11;DI de um dia;100% do DI1 + 2,2536%;;210633827.22;11336.06133032848;0.005381880716855769;1;1;BV BANKS RENDA FIXA CREDITO PRIVADO FUNDO DE INVESTIMENTO;10.347.493/0001-94;11336.06133032848;São José dos Campos/SP;11336.06133032848
Dois fundos;BANCO BRADESCO S.A.;60.746.948/0001-12;2050-03-15;Taxa Selic;120% do SEL + 0,0007%;;558915685.0499996;11249.13618596889;0.002012671407667253;3;1;V8 CASH PLATINUM FUNDO DE INVESTIMENTO EM COTAS DE FUNDO DE INVESTIMENTO RENDA FIXA CREDITO PRIVADO;42.774.627/0001-40;11249.13618596889;Palmeira/PR;6821.238254586272
Dois fundos;BANCO BTG PACTUAL S A;30.306.294/0001-45;2027-10-30;DI de um dia;100% do DI1 + 1,0000%;;5007531.16;11071.50351525644;0.2210970468580457;16;1;Itaú Inst. Multimercado Juros e Moedas;00.973.117/0001-51;11071.50351525644;Governador Jorge Teixeira/RO;1395.182156544907
Dois fundos e Um fundo;BANCO BRADESCO S.A.;60.746.948/0001-12;2050-06-27;DI de um dia;100% do DI1 + 3,3681%;;161972238.4500001;11063.28922651482;0.006830361383151471;6;2;FI EM COTAS DE FI CORPORATE REFERENCIADO DI;03.069.104/0001-40;5685.157525317044;Cabedelo/PB;4392.466857333767
Dois fundos e Um fundo;BANCO ABC BRASIL S.A.;28.195.667/0001-06;2024-12-09;DI de um dia;100% do DI1 + 1,0000%;;209315022.14;11042.11813783364;0.005275358655552273;7;2;BTG PACTUAL CAPITAL MARKETS FUNDO DE INVESTIMENTO RENDA FIXA;04.501.865/0001-92;10667.16930305405;Niterói/RJ;7545.282280231638
Dois fundos;CAIXA ECONOMICA FEDERAL CEF;00.360.305/0001-04;2050-11-30;Taxa Selic;114% do SEL + 0,0139%;;383601821.0999998;11020.56036771153;0.002872916592551476;3;2;V8 CASH PLATINUM FUNDO DE INVESTIMENTO EM COTAS DE FUNDO DE INVESTIMENTO RENDA FIXA CREDITO PRIVADO;42.774.627/0001-40;11020.56036771153;Palmeira/PR;6682.634712963646
Dois fundos;BANCO SAFRA S.A.;58.160.789/0001-28;2024-12-10;Índice de Preços ao Consumidor Amplo (IPCA/IBGE);100% do IAP + 2,1500%;;138760.17;10928.78684450497;7.876025839767256;3;1;PORTO SEGURO IMA-B5 FUNDO DE INVESTIMENTO EM COTAS DE FUNDOS DE INVESTIMENTO RENDA FIXA LONGO PRAZO;24.011.864/0001-77;10928.78684450497;Campinas/SP;6151.543861254324
Dois fundos;BANCO DO BRASIL;00.000.000/0001-91;2050-09-22;DI de um dia;100% do DI1 + 2,4438%;;74294649.99;10916.02558659274;0.01469288244585852;3;1;V8 CASH PLATINUM FUNDO DE INVESTIMENTO EM COTAS DE FUNDO DE INVESTIMENTO RENDA FIXA CREDITO PRIVADO;42.774.627/0001-40;10916.02558659274;Palmeira/PR;6619.247032690769
Dois fundos;Banco Volkswagen S/A;59.109.165/0001-49;2025-11-28;DI de um dia;100% do DI1 + 0,7713%;;803141754.1100001;10619.05783043385;0.001322189735011516;1;1;MAG STRATEGY FUNDO DE INVESTIMENTO MULTIMERCADO;41.687.144/0001-45;10619.05783043385;São Bernardo do Campo/SP;10619.05783043385
Um fundo;BANCO SAFRA S.A.;58.160.789/0001-28;2025-05-26;DI de um dia;111% do DI1 + 0,9426%;;32177813.81;10614.92592398585;0.03298833782389222;1;1;BV BANKS RENDA FIXA CREDITO PRIVADO FUNDO DE INVESTIMENTO;10.347.493/0001-94;10614.92592398585;São José dos Campos/SP;10614.92592398585
Dois fundos e Um fundo;BANCO PAN S.A.;59.285.411/0001-13;2024-10-04;DI de um dia;100% do DI1 + 1,1000%;;62069202.74;10600.67707124292;0.01707880334092224;2;1;BTG PACTUAL CDB PLUS FUNDO DE INVESTIMENTO RENDA FIXA CREDITO PRIVADO;27.717.359/0001-30;10600.6582995304;Itupeva/SP;10600.6582995304
Dois fundos;BANCO SAFRA S.A.;58.160.789/0001-28;2024-07-19;Índice de Preços ao Consumidor Amplo (IPCA/IBGE);100% do IAP + 4,3000%;;134067.32;10559.17676588346;7.876025839767258;3;1;PORTO SEGURO IMA-B5 FUNDO DE INVESTIMENTO EM COTAS DE FUNDOS DE INVESTIMENTO RENDA FIXA LONGO PRAZO;24.011.864/0001-77;10559.17676588346;Campinas/SP;5943.499487935329
Dois fundos;BANCO BRADESCO S.A.;60.746.948/0001-12;2024-08-09;OUTROS;100% do OUT + 4,4200%;;2325191.22;10515.03479146189;0.4522223678215118;3;1;PORTO SEGURO IMA-B5 FUNDO DE INVESTIMENTO EM COTAS DE FUNDOS DE INVESTIMENTO RENDA FIXA LONGO PRAZO;24.011.864/0001-77;10515.03479146189;Campinas/SP;5918.653062102333
Dois fundos;BANCO VOTORANTIM S/A;59.588.111/0001-03;2024-09-17;Índice de Preços ao Consumidor Amplo (IPCA/IBGE);100% do IAP + 5,1000%;;2195104.61;10485.11928251471;0.4776592074358911;3;1;PORTO SEGURO IMA-B5 FUNDO DE INVESTIMENTO EM COTAS DE FUNDOS DE INVESTIMENTO RENDA FIXA LONGO PRAZO;24.011.864/0001-77;10485.11928251471;Campinas/SP;5901.814361884395
Dois fundos;CAIXA ECONOMICA FEDERAL CEF;00.360.305/0001-04;2050-11-30;Taxa Selic;114% do SEL + 0,0379%;;383601821.0999998;10271.26658829942;0.002677585460581492;3;1;V8 CASH PLATINUM FUNDO DE INVESTIMENTO EM COTAS DE FUNDO DE INVESTIMENTO RENDA FIXA CREDITO PRIVADO;42.774.627/0001-40;10271.26658829942;Palmeira/PR;6228.278813314705
Dois fundos;ITAU UNIBANCO HOLDING SA;60.872.504/0001-23;2050-01-17;Taxa Selic;100% do SEL + 1,2921%;;150766934.55;10052.96356591487;0.006667883509020291;3;1;V8 CASH PLATINUM FUNDO DE INVESTIMENTO EM COTAS DE FUNDO DE INVESTIMENTO RENDA FIXA CREDITO PRIVADO;42.774.627/0001-40;10052.96356591487;Palmeira/PR;6095.904477831178
Dois fundos;BANCO BRADESCO S.A.;60.746.948/0001-12;2026-12-23;DI de um dia;100% do DI1 + 0,8084%;;3343666288.920001;10020.20181409516;0.0002996770894063017;4;1;FI EM COTAS DE FI CORPORATE REFERENCIADO DI;03.069.104/0001-40;8638.900773810992;Senador Canedo/GO;5538.138691701574
Dois fundos;BANCO CITIBANK S.A.;33.479.023/0001-80;2026-01-19;DI de um dia;100% do DI1 + 0,7100%;;104168509.73;9968.092890242704;0.00956919986287559;4;1;FI EM COTAS DE FI CORPORATE REFERENCIADO DI;03.069.104/0001-40;8593.975149462965;Senador Canedo/GO;5509.338229123636
Um fundo;BANCO CNH CAPITAL S.A.;02.992.446/0001-75;2024-09-28;DI de um dia;100% do DI1 + 0,2902%;;417504231.7700001;9911.985214097882;0.002374104131130896;1;1;BV BANKS RENDA FIXA CREDITO PRIVADO FUNDO DE INVESTIMENTO;10.347.493/0001-94;9911.985214097882;São José dos Campos/SP;9911.985214097882
Um fundo;BANCO XP S.A;33.264.668/0001-03;2024-12-02;DI de um dia;100% do DI1 + 1,0020%;;680975805.7300003;9892.599782214718;0.001452709435338886;1;1;BV BANKS RENDA FIXA CREDITO PRIVADO FUNDO DE INVESTIMENTO;10.347.493/0001-94;9892.599782214718;São José dos Campos/SP;9892.599782214718
Dois fundos e Um fundo;BANCO BRADESCO S.A.;60.746.948/0001-12;2031-06-10;DI de um dia;100% do DI1 + 14,3998%;;53808472.12;9855.573300723887;0.01831602517675034;3;1;XP BANCOS FUNDO DE INVESTIMENTO RENDA FIXA CREDITO PRIVADO;35.377.390/0001-06;6889.286710856952;Uberaba/MG;6889.286710856952
Dois fundos e Um fundo;BANCO BTG PACTUAL S A;30.306.294/0001-45;2024-12-09;DI de um dia;100% do DI1 + 0,3101%;;57697667.82999999;9837.587205971931;0.01705023370261226;3;1;XP BANCOS FUNDO DE INVESTIMENTO RENDA FIXA CREDITO PRIVADO;35.377.390/0001-06;6876.713990856406;Uberaba/MG;6876.713990856406
Dois fundos e Um fundo;BANCO BRADESCO S.A.;60.746.948/0001-12;2031-07-07;DI de um dia;100% do DI1 + 12,2114%;;3634829.52;9815.881469299222;0.2700506699224568;3;1;XP BANCOS FUNDO DE INVESTIMENTO RENDA FIXA CREDITO PRIVADO;35.377.390/0001-06;6861.541150206163;Uberaba/MG;6861.541150206163
Dois fundos;BANCO FIDIS DE INVESTIMENTO S.A.;62.237.425/0001-76;2024-12-06;DI de um dia;100% do DI1 + 0,9000%;;120961231.64;9805.540272959057;0.008106349563422034;4;1;FI EM COTAS DE FI CORPORATE REFERENCIADO DI;03.069.104/0001-40;8453.830673604072;Senador Canedo/GO;5419.495833140197
Um fundo;Banco Volkswagen S/A;59.109.165/0001-49;2025-08-29;DI de um dia;100% do DI1 + 0,8500%;;237580406.1800001;9754.008948157987;0.004105561188732025;1;1;BANCO BRADESCO S.A.;02.998.164/0001-85;9754.008948157987;Belo Jardim/PE;9754.008948157987
Dois fundos;ITAU UNIBANCO HOLDING SA;60.872.504/0001-23;2050-07-15;Taxa Selic;114% do SEL + 0,0181%;;463218319.4999997;9650.204196666651;0.002083295023194059;3;1;V8 CASH PLATINUM FUNDO DE INVESTIMENTO EM COTAS DE FUNDO DE INVESTIMENTO RENDA FIXA CREDITO PRIVADO;42.774.627/0001-40;9650.204196666651;Palmeira/PR;5851.679715014659
Um fundo;BANCO FIDIS DE INVESTIMENTO S.A.;62.237.425/0001-76;2024-09-27;DI de um dia;100% do DI1 + 0,6426%;;251091081.02;9615.301743973057;0.003829407920390121;1;1;BANCO BRADESCO S.A.;02.998.164/0001-85;9615.301743973057;Belo Jardim/PE;9615.301743973057
Um fundo;BANCO CNH CAPITAL S.A.;02.992.446/0001-75;2024-09-28;DI de um dia;100% do DI1 + 0,7389%;;417504231.7700001;9604.208843781766;0.002300385987242556;1;1;BANCO BRADESCO S.A.;02.998.164/0001-85;9604.208843781766;Belo Jardim/PE;9604.208843781766
Um fundo;BANCO DO BRASIL;00.000.000/0001-91;2050-09-28;DI de um dia;100% do DI1 + 2,6000%;;63145968.93000001;9580.466570212146;0.01517193691466275;3;1;Porto Seguro FI Referenciado DI Crédito Privado;18.719.154/0001-01;9580.466570212146;Governo do Estado do Amazonas/AM;8409.539584401231
Dois fundos e Um fundo;BANCO BOCOM BBM S.A.;15.114.366/0001-69;2024-11-04;DI de um dia;100% do DI1 + 1,0000%;;61483391.44;9576.586996364094;0.01557589256557135;2;1;BTG PACTUAL CDB PLUS FUNDO DE INVESTIMENTO RENDA FIXA CREDITO PRIVADO;27.717.359/0001-30;9576.570038113518;Itupeva/SP;9576.570038113518
Dois fundos;BANCO BRADESCO S.A.;60.746.948/0001-12;2050-03-15;Taxa Selic;120% do SEL + 0,0143%;;558915685.0499996;9570.976195307152;0.001712418608264849;3;1;V8 CASH PLATINUM FUNDO DE INVESTIMENTO EM COTAS DE FUNDO DE INVESTIMENTO RENDA FIXA CREDITO PRIVADO;42.774.627/0001-40;9570.976195307152;Palmeira/PR;5803.637530728375
Dois fundos e Um fundo;BANCO ABC BRASIL S.A.;28.195.667/0001-06;2025-01-06;DI de um dia;100% do DI1 + 1,0000%;;65923192.92;9528.04853728059;0.01445325706363039;7;2;BTG PACTUAL CAPITAL MARKETS FUNDO DE INVESTIMENTO RENDA FIXA;04.501.865/0001-92;9231.38007181379;Niterói/RJ;6529.695601437395
Dois fundos;BANCO BRADESCO S.A.;60.746.948/0001-12;2025-05-19;Índice de Preços ao Consumidor Amplo (IPCA/IBGE);100% do IAP + 5,8000%;;1521272.36;9486.747158642554;0.6236060950086908;3;1;PORTO SEGURO IMA-B5 FUNDO DE INVESTIMENTO EM COTAS DE FUNDOS DE INVESTIMENTO RENDA FIXA LONGO PRAZO;24.011.864/0001-77;9486.747158642554;Campinas/SP;5339.855381694278
Um fundo;BANCO ABC BRASIL S.A.;28.195.667/0001-06;2027-04-01;DI de um dia;100% do DI1 + 2,1694%;;18262241.53;9420.660291556189;0.0515854544803854;2;1;SANTANDER RENDA FIXA CREDITO PRIVADO CRESCIMENTO INSTITUCIONAL FUNDO DE INVESTIMENTO LONGO PRAZO;17.138.474/0001-05;9420.660291556189;Cabedelo/PB;9259.09216159903
Dois fundos;BANCO DO BRASIL;00.000.000/0001-91;2050-09-22;DI de um dia;100% do DI1 + 2,4313%;;74294649.99;9356.593346806963;0.01259389922163487;3;1;V8 CASH PLATINUM FUNDO DE INVESTIMENTO EM COTAS DE FUNDO DE INVESTIMENTO RENDA FIXA CREDITO PRIVADO;42.774.627/0001-40;9356.593346806963;Palmeira/PR;5673.640305773389
Dois fundos;CAIXA ECONOMICA FEDERAL CEF;00.360.305/0001-04;2050-11-30;Taxa Selic;114% do SEL + 0,0502%;;383601821.0999998;9190.313609714553;0.002395795093819109;3;1;V8 CASH PLATINUM FUNDO DE INVESTIMENTO EM COTAS DE FUNDO DE INVESTIMENTO RENDA FIXA CREDITO PRIVADO;42.774.627/0001-40;9190.313609714553;Palmeira/PR;5572.811790155271
Dois fundos e Um fundo;BANCO ABC BRASIL S.A.;28.195.667/0001-06;2024-08-26;DI de um dia;100% do DI1 + 1,0000%;;331775485.98;9106.147547494666;0.002744671602423213;4;2;BTG PACTUAL CDB PLUS FUNDO DE INVESTIMENTO RENDA FIXA CREDITO PRIVADO;27.717.359/0001-30;8068.344429544973;Itupeva/SP;8068.344429544973
Dois fundos e Um fundo;ITAU UNIBANCO S.A.;60.701.190/0001-04;2026-09-01;DI de um dia;100% do DI1 + 0,4462%;;784072623.99;9093.671280158316;0.001159799615739969;3;1;XP BANCOS FUNDO DE INVESTIMENTO RENDA FIXA CREDITO PRIVADO;35.377.390/0001-06;6356.698569599669;Uberaba/MG;6356.698569599669
Dois fundos e Um fundo;BANCO BTG PACTUAL S A;30.306.294/0001-45;2025-12-11;DI de um dia;100% do DI1 + 0,8500%;;52886798.51;9032.432310832697;0.01707880334092225;2;1;BTG PACTUAL CDB PLUS FUNDO DE INVESTIMENTO RENDA FIXA CREDITO PRIVADO;27.717.359/0001-30;9032.41631617296;Itupeva/SP;9032.41631617296
Dois fundos e Um fundo;BANCO ALFA DE INVESTIMENTOS S/A;60.770.336/0001-65;2024-08-30;DI de um dia;100% do DI1 + 1,5000%;;56347211.59999999;8895.346620115319;0.01578666693085363;4;2;BTG PACTUAL CDB PLUS FUNDO DE INVESTIMENTO RENDA FIXA CREDITO PRIVADO;27.717.359/0001-30;5665.127560541034;Itupeva/SP;5665.127560541034
Dois fundos e Um fundo;BANCO BOCOM BBM S.A.;15.114.366/0001-69;2024-12-02;DI de um dia;100% do DI1 + 1,0023%;;96512588.19999999;8862.860340832322;0.009183113318302164;3;1;XP BANCOS FUNDO DE INVESTIMENTO RENDA FIXA CREDITO PRIVADO;35.377.390/0001-06;6195.356079568957;Uberaba/MG;6195.356079568957
Dois fundos e Um fundo;BANCO BOCOM BBM S.A.;15.114.366/0001-69;2024-12-02;DI de um dia;100% do DI1 + 1,1031%;;96512588.19999999;8862.860340832322;0.009183113318302164;3;1;XP BANCOS FUNDO DE INVESTIMENTO RENDA FIXA CREDITO PRIVADO;35.377.390/0001-06;6195.356079568957;Uberaba/MG;6195.356079568957
Dois fundos;ITAU UNIBANCO HOLDING SA;60.872.504/0001-23;2050-07-15;Taxa Selic;114% do SEL + 0,0588%;;463218319.4999997;8792.408239078502;0.001898113237095;3;1;V8 CASH PLATINUM FUNDO DE INVESTIMENTO EM COTAS DE FUNDO DE INVESTIMENTO RENDA FIXA CREDITO PRIVADO;42.774.627/0001-40;8792.408239078502;Palmeira/PR;5331.530389431063
Dois fundos;BANCO PAN S.A.;59.285.411/0001-13;2025-11-05;OUTROS;100% do OUT + 5,8500%;;242545.42;8768.365390566376;3.615143666933136;3;1;PORTO SEGURO IMA-B5 FUNDO DE INVESTIMENTO EM COTAS DE FUNDOS DE INVESTIMENTO RENDA FIXA LONGO PRAZO;24.011.864/0001-77;8768.365390566376;Campinas/SP;4935.496049014274
Dois fundos e Um fundo;Banco Volkswagen S/A;59.109.165/0001-49;2024-11-28;DI de um dia;100% do DI1 + 0,4065%;;302050900.53;8745.251833810851;0.002895290766710449;3;1;XP BANCOS FUNDO DE INVESTIMENTO RENDA FIXA CREDITO PRIVADO;35.377.390/0001-06;6113.144857574674;Uberaba/MG;6113.144857574674
Dois fundos;BANCO TRIANGULO S.A.;17.351.180/0001-59;2026-07-23;DI de um dia;100% do DI1 + 2,0000%;;28779873.23;8719.614093635868;0.03029761119498812;16;1;Itaú Inst. Multimercado Juros e Moedas;00.973.117/0001-51;8719.614093635868;Governador Jorge Teixeira/RO;1098.807400334956
Dois fundos;BANCO VOTORANTIM S/A;59.588.111/0001-03;2025-11-10;OUTROS;100% do OUT + 5,5500%;;29015776.09;8706.804009795002;0.03000713812647498;3;1;PORTO SEGURO IMA-B5 FUNDO DE INVESTIMENTO EM COTAS DE FUNDOS DE INVESTIMENTO RENDA FIXA LONGO PRAZO;24.011.864/0001-77;8706.804009795002;Campinas/SP;4900.844670104372
Dois fundos e Um fundo;BANCO ABC BRASIL S.A.;28.195.667/0001-06;2026-02-23;DI de um dia;100% do DI1 + 0,7800%;;105216438.4;8627.316235197672;0.008199589689967755;4;2;BTG PACTUAL CDB PLUS FUNDO DE INVESTIMENTO RENDA FIXA CREDITO PRIVADO;27.717.359/0001-30;7347.678614225047;Itupeva/SP;7347.678614225047
Um fundo;BANCO ALFA DE INVESTIMENTOS S/A;60.770.336/0001-65;2026-05-04;DI de um dia;100% do DI1 + 1,1026%;;2003501.8;8594.734929228274;0.4289856355121954;1;1;BV BANKS RENDA FIXA CREDITO PRIVADO FUNDO DE INVESTIMENTO;10.347.493/0001-94;8594.734929228274;São José dos Campos/SP;8594.734929228274
Um fundo;BANCO BRADESCO S.A.;60.746.948/0001-12;2025-06-24;DI de um dia;100% do DI1 + 0,4922%;;2108842701.160001;8589.776112673135;0.0004073218029940403;1;1;BV BANKS RENDA FIXA CREDITO PRIVADO FUNDO DE INVESTIMENTO;10.347.493/0001-94;8589.776112673135;São José dos Campos/SP;8589.776112673135
Dois fundos;CAIXA ECONOMICA FEDERAL CEF;00.360.305/0001-04;2050-11-30;Taxa Selic;114% do SEL + 0,0458%;;383601821.0999998;8577.626007590836;0.002236075413561388;3;1;V8 CASH PLATINUM FUNDO DE INVESTIMENTO EM COTAS DE FUNDO DE INVESTIMENTO RENDA FIXA CREDITO PRIVADO;42.774.627/0001-40;8577.626007590836;Palmeira/PR;5201.290987079754
Um fundo;BANCO COOPERATIVO SICREDI S.A.;01.181.521/0001-55;2026-03-24;DI de um dia;100% do DI1 + 0,7888%;;18392410.89;8547.902438703717;0.04647516027032233;1;1;BV BANKS RENDA FIXA CREDITO PRIVADO FUNDO DE INVESTIMENTO;10.347.493/0001-94;8547.902438703717;São José dos Campos/SP;8547.902438703717
Dois fundos e Um fundo;BANCO ABC BRASIL S.A.;28.195.667/0001-06;2025-08-14;DI de um dia;100% do DI1 + 1,0000%;;62821769.72999999;8505.71085480067;0.01353943209711719;2;1;BTG PACTUAL CDB PLUS FUNDO DE INVESTIMENTO RENDA FIXA CREDITO PRIVADO;27.717.359/0001-30;8505.695792860955;Itupeva/SP;8505.695792860955
Dois fundos e Um fundo;ITAU UNIBANCO HOLDING SA;60.872.504/0001-23;2031-10-21;DI de um dia;100% do DI1 + 12,5137%;;210434324.01;8501.407168951719;0.004039933698529013;3;1;XP BANCOS FUNDO DE INVESTIMENTO RENDA FIXA CREDITO PRIVADO;35.377.390/0001-06;5942.691474715251;Uberaba/MG;5942.691474715251
Dois fundos e Um fundo;ITAU UNIBANCO S.A.;60.701.190/0001-04;2031-10-21;DI de um dia;100% do DI1 + 12,6678%;;138617964.75;8501.407168951719;0.006132976475512507;3;1;XP BANCOS FUNDO DE INVESTIMENTO RENDA FIXA CREDITO PRIVADO;35.377.390/0001-06;5942.691474715251;Uberaba/MG;5942.691474715251
Dois fundos e Um fundo;ITAU UNIBANCO S.A.;60.701.190/0001-04;2031-10-21;DI de um dia;100% do DI1 + 11,7207%;;138617964.75;8499.045341799334;0.006131272636362477;3;1;XP BANCOS FUNDO DE INVESTIMENTO RENDA FIXA CREDITO PRIVADO;35.377.390/0001-06;5941.04049978789;Uberaba/MG;5941.04049978789
Dois fundos e Um fundo;ITAU UNIBANCO S.A.;60.701.190/0001-04;2031-10-21;DI de um dia;100% do DI1 + 12,6208%;;138617964.75;8494.323559845874;0.006127866308790162;3;1;XP BANCOS FUNDO DE INVESTIMENTO RENDA FIXA CREDITO PRIVADO;35.377.390/0001-06;5937.739858752512;Uberaba/MG;5937.739858752512
Dois fundos e Um fundo;ITAU UNIBANCO S.A.;60.701.190/0001-04;2031-09-22;DI de um dia;100% do DI1 + 12,7755%;;380710869.79;8487.245855848008;0.002229315349080936;3;1;XP BANCOS FUNDO DE INVESTIMENTO RENDA FIXA CREDITO PRIVADO;35.377.390/0001-06;5932.792370604636;Uberaba/MG;5932.792370604636
Dois fundos e Um fundo;ITAU UNIBANCO S.A.;60.701.190/0001-04;2031-10-21;DI de um dia;100% do DI1 + 11,1791%;;138617964.75;8477.818062900214;0.006115959124194409;3;1;XP BANCOS FUNDO DE INVESTIMENTO RENDA FIXA CREDITO PRIVADO;35.377.390/0001-06;5926.202112819917;Uberaba/MG;5926.202112819917
Dois fundos e Um fundo;BANCO SAFRA S.A.;58.160.789/0001-28;2024-10-07;DI de um dia;100% do DI1 + 0,8700%;;4921263.99;8417.440998281094;0.171042256936131;3;1;XP BANCOS FUNDO DE INVESTIMENTO RENDA FIXA CREDITO PRIVADO;35.377.390/0001-06;5883.997068402004;Uberaba/MG;5883.997068402004
Um fundo;BANCO BRADESCO S.A.;60.746.948/0001-12;2026-06-24;DI de um dia;100% do DI1 + 0,8825%;;2518851326.48;8397.841358772226;0.0003333996441349277;3;1;MAG HIGH GRADE FUNDO DE INVESTIMENTO RENDA FIXA CREDITO PRIVADO LONGO PRAZO;50.223.269/0001-05;8397.841358772226;Tatuí/SP;7148.448055366249
Dois fundos e Um fundo;BANCO PAN S.A.;59.285.411/0001-13;2024-08-12;DI de um dia;100% do DI1 + 1,1200%;;123911691.02;8284.37426700476;0.006685708345040354;2;1;BTG PACTUAL CDB PLUS FUNDO DE INVESTIMENTO RENDA FIXA CREDITO PRIVADO;27.717.359/0001-30;8284.359597008575;Itupeva/SP;8284.359597008575
Dois fundos e Um fundo;ITAU UNIBANCO S.A.;60.701.190/0001-04;2026-03-02;DI de um dia;100% do DI1 + 0,8500%;;911761562.71;8166.285822094553;0.0008956602423359634;4;2;BTG PACTUAL YIELD FI RENDA FIXA REFERENCIADO DI CRÉDITO PRIVADO;00.840.011/0001-80;4926.98180691204;Rio das Ostras/RJ;4695.661366403211
Um fundo;BANCO VOTORANTIM S/A;59.588.111/0001-03;2025-06-30;DI de um dia;100% do DI1 + 0,8388%;;158894706.68;8134.430543323903;0.005119384221971555;3;1;MAG HIGH GRADE FUNDO DE INVESTIMENTO RENDA FIXA CREDITO PRIVADO LONGO PRAZO;50.223.269/0001-05;8134.430543323903;Tatuí/SP;6924.226323731955
Dois fundos e Um fundo;BANCO BTG PACTUAL S A;30.306.294/0001-45;2025-07-14;DI de um dia;100% do DI1 + 0,9420%;;95113062.98;8059.009729403679;0.008473084008553372;3;1;XP BANCOS FUNDO DE INVESTIMENTO RENDA FIXA CREDITO PRIVADO;35.377.390/0001-06;5633.444847634552;Uberaba/MG;5633.444847634552
Dois fundos;ITAU UNIBANCO HOLDING SA;60.872.504/0001-23;2025-01-15;Taxa Selic;100% do SEL + 1,5057%;;263261425.4499999;8044.829634917735;0.003055833045485676;1;1;MAG STRATEGY FUNDO DE INVESTIMENTO MULTIMERCADO;41.687.144/0001-45;8044.829634917735;São Bernardo do Campo/SP;8044.829634917735
Dois fundos;BANCO COOPERATIVO SICREDI S.A.;01.181.521/0001-55;2032-05-18;DI de um dia;100% do DI1 + 3,5000%;;53985592.20999999;8013.933583323636;0.01484457844261488;3;1;NU RENDA FIXA INSTITUCIONAL REFERENCIADO DI FI EM COTAS DE FUNDO DE INVESTIMENTO RENDA FIXA;51.781.137/0001-61;8013.933583323636;Bento Gonçalves/RS;3836.523041628786
Um fundo;BANCO CSF S.A.;08.357.240/0001-50;2025-04-01;DI de um dia;100% do DI1 + 1,2955%;;113380634.97;7981.077636281439;0.00703918939807772;1;1;BANCO BRADESCO S.A.;02.998.164/0001-85;7981.077636281439;Belo Jardim/PE;7981.077636281439
Dois fundos e Um fundo;BANCO DE LAGE LANDEN BRASIL S.A.;05.040.481/0001-82;2024-07-07;DI de um dia;100% do DI1 + 0,8905%;;190032891.15;7866.824029376424;0.004139717067803199;3;1;XP BANCOS FUNDO DE INVESTIMENTO RENDA FIXA CREDITO PRIVADO;35.377.390/0001-06;5499.102344279901;Uberaba/MG;5499.102344279901
Um fundo;Banco Volkswagen S/A;59.109.165/0001-49;2026-01-05;DI de um dia;100% do DI1 + 0,8991%;;326249194.25;7754.627196466941;0.002376903095283872;1;1;BANCO BRADESCO S.A.;02.998.164/0001-85;7754.627196466941;Belo Jardim/PE;7754.627196466941
Dois fundos;HSBC BRASIL S.A;53.518.684/0001-84;2025-10-17;DI de um dia;100% do DI1 + 0,7500%;;158851847.58;7730.86570383236;0.004866714376701843;4;1;FI EM COTAS DE FI CORPORATE REFERENCIADO DI;03.069.104/0001-40;6665.153352212908;Senador Canedo/GO;4272.828758250806
Dois fundos e Um fundo;BANCO BRADESCO S.A.;60.746.948/0001-12;2025-06-24;DI de um dia;100% do DI1 + 0,6716%;;2108842701.160001;7728.486000850634;0.0003664799653667608;3;1;XP BANCOS FUNDO DE INVESTIMENTO RENDA FIXA CREDITO PRIVADO;35.377.390/0001-06;5402.400679907026;Uberaba/MG;5402.400679907026
Dois fundos e Um fundo;BANCO BTG PACTUAL S A;30.306.294/0001-45;2024-12-09;DI de um dia;100% do DI1 + 1,0000%;;57697667.82999999;7723.951629684992;0.01338693905695251;8;3;BTG PACTUAL CAPITAL MARKETS FUNDO DE INVESTIMENTO RENDA FIXA;04.501.865/0001-92;5331.137606031819;Niterói/RJ;3770.910254583831
Um fundo;BANCO XP S.A;33.264.668/0001-03;2025-10-06;DI de um dia;100% do DI1 + 1,0500%;;38516657.71;7692.590380902661;0.0199721129460967;3;1;Porto Seguro FI Referenciado DI Crédito Privado;18.719.154/0001-01;7692.590380902661;Governo do Estado do Amazonas/AM;6752.400088313505
Um fundo;INDUSTRIAL BRAS;31.895.683/0001-16;2025-11-10;DI de um dia;100% do DI1 + 1,1400%;;30208705.54;7679.960463688128;0.02542300415196184;2;1;SANTANDER RENDA FIXA CREDITO PRIVADO CRESCIMENTO INSTITUCIONAL FUNDO DE INVESTIMENTO LONGO PRAZO;17.138.474/0001-05;7679.960463688128;Cabedelo/PB;7548.246039023524
Dois fundos e Um fundo;BANCO ABC BRASIL S.A.;28.195.667/0001-06;2025-09-29;DI de um dia;100% do DI1 + 0,9000%;;60926888.01999998;7577.74825039975;0.01243744510291132;4;2;BTG PACTUAL CDB PLUS FUNDO DE INVESTIMENTO RENDA FIXA CREDITO PRIVADO;27.717.359/0001-30;4644.792076004746;Itupeva/SP;4644.792076004746
Um fundo;BANCO SAFRA S.A.;58.160.789/0001-28;2025-06-30;DI de um dia;110,50% do DI1;;615221652.72;7526.263618419805;0.001223341796431401;3;1;Porto Seguro FI Referenciado DI Crédito Privado;18.719.154/0001-01;7526.263618419805;Governo do Estado do Amazonas/AM;6606.401823741103
Um fundo;BANCO ABC BRASIL S.A.;28.195.667/0001-06;2025-09-05;DI de um dia;100% do DI1 + 0,8010%;;263054892.37;7523.209847836732;0.00285993914808281;1;1;BANCO BRADESCO S.A.;02.998.164/0001-85;7523.209847836732;Belo Jardim/PE;7523.209847836732
Um fundo;BANCO RCI BRASIL S.A.;62.307.848/0001-15;2027-10-18;DI de um dia;100% do DI1 + 1,2181%;;103660764.13;7415.160034436437;0.007153294784839858;1;1;BANCO BRADESCO S.A.;02.998.164/0001-85;7415.160034436437;Belo Jardim/PE;7415.160034436437
Dois fundos e Um fundo;BANCO XP S.A;33.264.668/0001-03;2026-05-18;DI de um dia;110% do DI1;;114525.06;7413.626873391047;6.473366504580786;7;1;PORTO MASTER REFERENCIADO DI BANCARIO FIF RENDA FIXA CREDITO PRIVADO RESP LIMITADA;51.854.591/0001-03;5791.145353309333;Itu/SP;3035.002070633634
Dois fundos e Um fundo;BANCO DE LAGE LANDEN BRASIL S.A.;05.040.481/0001-82;2024-07-07;DI de um dia;100% do DI1 + 0,4002%;;190032891.15;7404.069666235046;0.003896204294650625;3;1;XP BANCOS FUNDO DE INVESTIMENTO RENDA FIXA CREDITO PRIVADO;35.377.390/0001-06;5175.62572987059;Uberaba/MG;5175.62572987059
Dois fundos;BANCO DO BRASIL;00.000.000/0001-91;2050-09-01;DI de um dia;100% do DI1 + 2,1362%;;39610642.16;7402.383511868157;0.01868786545284364;3;1;V8 CASH PLATINUM FUNDO DE INVESTIMENTO EM COTAS DE FUNDO DE INVESTIMENTO RENDA FIXA CREDITO PRIVADO;42.774.627/0001-40;7402.383511868157;Palmeira/PR;4488.648795029653
Dois fundos;BANCO ABC BRASIL S.A.;28.195.667/0001-06;2024-07-29;DI de um dia;121% do DI1;;54158201.99999999;7395.504660575816;0.01365537330906188;26;1;LME REC IMA-B FUNDO DE INVESTIMENTO EM RENDA FIXA;11.784.036/0001-20;7395.504660575816;Governo do Estado do Tocantins/TO;1837.569107755213
Dois fundos e Um fundo;BANCO BTG PACTUAL S A;30.306.294/0001-45;2026-12-04;DI de um dia;100% do DI1 + 1,0000%;;147505576.03;7343.372124622752;0.004978369172382501;2;1;BTG PACTUAL CDB PLUS FUNDO DE INVESTIMENTO RENDA FIXA CREDITO PRIVADO;27.717.359/0001-30;7343.359120956141;Itupeva/SP;7343.359120956141
Dois fundos e Um fundo;INDUSTRIAL BRAS;31.895.683/0001-16;2024-09-18;DI de um dia;100% do DI1 + 0,8901%;;122776661.7;7294.956665235288;0.00594164767491417;3;1;XP BANCOS FUNDO DE INVESTIMENTO RENDA FIXA CREDITO PRIVADO;35.377.390/0001-06;5099.353074304815;Uberaba/MG;5099.353074304815
Dois fundos;BANCO DO BRASIL;00.000.000/0001-91;2050-09-28;DI de um dia;100% do DI1 + 2,4303%;;63145968.93000001;7261.947777609303;0.01150025552012588;3;1;V8 CASH PLATINUM FUNDO DE INVESTIMENTO EM COTAS DE FUNDO DE INVESTIMENTO RENDA FIXA CREDITO PRIVADO;42.774.627/0001-40;7261.947777609303;Palmeira/PR;4403.491536107652
Um fundo;BANCO DAYCOVAL S.A.;62.232.889/0001-90;2025-12-15;DI de um dia;100% do DI1 + 0,8874%;;102787223.7;7252.297275364821;0.007055640783266744;1;1;BANCO BRADESCO S.A.;02.998.164/0001-85;7252.297275364821;Belo Jardim/PE;7252.297275364821
Dois fundos;BANCO COOPERATIVO SICREDI S.A.;01.181.521/0001-55;2032-11-17;DI de um dia;100% do DI1 + 2,9500%;;16911006.77;7234.391157405389;0.04277918669064189;3;1;NU RENDA FIXA INSTITUCIONAL REFERENCIADO DI FI EM COTAS DE FUNDO DE INVESTIMENTO RENDA FIXA;51.781.137/0001-61;7234.391157405389;Bento Gonçalves/RS;3463.331468743027
Dois fundos;ITAU UNIBANCO HOLDING SA;60.872.504/0001-23;2050-01-17;Taxa Selic;100% do SEL + 1,2295%;;150766934.55;7180.688267932598;0.004762773939368787;3;1;V8 CASH PLATINUM FUNDO DE INVESTIMENTO EM COTAS DE FUNDO DE INVESTIMENTO RENDA FIXA CREDITO PRIVADO;42.774.627/0001-40;7180.688267932598;Palmeira/PR;4354.217488145904
Dois fundos;HSBC BANK BRASIL SA - BANCO MULTIPL;01.701.201/0001-89;2026-05-11;DI de um dia;100% do DI1 + 0,5200%;;93745438.91999999;7167.935443671911;0.007646169804366534;26;1;LME REC IMA-B FUNDO DE INVESTIMENTO EM RENDA FIXA;11.784.036/0001-20;7167.935443671911;Governo do Estado do Tocantins/TO;1781.024736268589
Dois fundos;BANCO XP S.A;33.264.668/0001-03;2025-10-03;DI de um dia;100% do DI1 + 1,1000%;;86966475.13000001;7109.803896453043;0.008175338698993034;4;1;FI EM COTAS DE FI CORPORATE REFERENCIADO DI;03.069.104/0001-40;6129.705920325218;Senador Canedo/GO;3929.569561560057
Um fundo;BANCO SAFRA S.A.;58.160.789/0001-28;2025-02-24;DI de um dia;110% do DI1;;516646128.38;7100.071902606398;0.001374262094031256;3;1;Porto Seguro FI Referenciado DI Crédito Privado;18.719.154/0001-01;7100.071902606398;Governo do Estado do Amazonas/AM;6232.299364491318
Dois fundos;BANCO BRADESCO S.A.;60.746.948/0001-12;2026-06-24;DI de um dia;100% do DI1 + 0,5470%;;2518851326.48;7021.078447652699;0.0002787412807513491;1;1;MAG STRATEGY FUNDO DE INVESTIMENTO MULTIMERCADO;41.687.144/0001-45;7021.078447652699;São Bernardo do Campo/SP;7021.078447652699
Dois fundos e Um fundo;BANCO SAFRA S.A.;58.160.789/0001-28;2027-06-07;DI de um dia;100% do DI1 + 0,8000%;;101916720.41;6884.37861335762;0.006754905952293703;29;2;Porto Seguro FI Referenciado DI Crédito Privado;18.719.154/0001-01;6498.717155673989;Governo do Estado do Amazonas/AM;5704.442342963847
Dois fundos e Um fundo;BANCO XP S.A;33.264.668/0001-03;2025-12-29;DI de um dia;100% do DI1 + 0,8500%;;106394756.75;6880.575433979566;0.006467024921300519;2;1;BTG PACTUAL CDB PLUS FUNDO DE INVESTIMENTO RENDA FIXA CREDITO PRIVADO;27.717.359/0001-30;6880.5632498348;Itupeva/SP;6880.5632498348
Um fundo;BANCO SAFRA S.A.;58.160.789/0001-28;2025-10-22;DI de um dia;111% do DI1;;10727468.8;6828.611648835541;0.06365538577782245;3;1;Porto Seguro FI Referenciado DI Crédito Privado;18.719.154/0001-01;6828.611648835541;Governo do Estado do Amazonas/AM;5994.0170498517
Um fundo;BANCO COOPERATIVO SICREDI S.A.;01.181.521/0001-55;2032-03-18;DI de um dia;100% do DI1 + 3,0519%;;38642061.48;6805.980973303972;0.0176128827309758;1;1;XP INFLAÇÃO REFERENCIADO IPCA FUNDO DE INVESTIMENTO RENDA FIXA LP;14.146.491/0001-98;6805.980973303972;Açailândia/MA;6805.980973303972
Dois fundos;BANCO BTG PACTUAL S A;30.306.294/0001-45;2025-11-05;;10,9900% a.a. (prefixado);;3700140.01;6742.144959154401;0.1822132389837433;3;1;V8 CASH PLATINUM FUNDO DE INVESTIMENTO EM COTAS DE FUNDO DE INVESTIMENTO RENDA FIXA CREDITO PRIVADO;42.774.627/0001-40;6742.144959154401;Palmeira/PR;4088.294101258485
Dois fundos;CAIXA ECONOMICA FEDERAL CEF;00.360.305/0001-04;2050-11-30;Taxa Selic;114% do SEL + 0,0554%;;383601821.0999998;6739.563277972631;0.001756916392796717;3;1;V8 CASH PLATINUM FUNDO DE INVESTIMENTO EM COTAS DE FUNDO DE INVESTIMENTO RENDA FIXA CREDITO PRIVADO;42.774.627/0001-40;6739.563277972631;Palmeira/PR;4086.728624394564
Dois fundos e Um fundo;BANCO CITIBANK S.A.;33.479.023/0001-80;2025-12-08;DI de um dia;100% do DI1 + 0,7500%;;158459008.98;6673.982140246508;0.00421180353405395;2;1;BTG PACTUAL CDB PLUS FUNDO DE INVESTIMENTO RENDA FIXA CREDITO PRIVADO;27.717.359/0001-30;6673.970321937801;Itupeva/SP;6673.970321937801
Dois fundos e Um fundo;ITAU UNIBANCO S.A.;60.701.190/0001-04;2026-05-04;DI de um dia;100% do DI1 + 0,6921%;;2275983495.279998;6578.225480126307;0.0002890278200069739;3;1;XP BANCOS FUNDO DE INVESTIMENTO RENDA FIXA CREDITO PRIVADO;35.377.390/0001-06;4598.340451480999;Uberaba/MG;4598.340451480999
Dois fundos e Um fundo;BANCO BRADESCO S.A.;60.746.948/0001-12;2031-06-10;DI de um dia;100% do DI1 + 14,5203%;;53808472.12;6570.382200482591;0.01221068345116689;3;1;XP BANCOS FUNDO DE INVESTIMENTO RENDA FIXA CREDITO PRIVADO;35.377.390/0001-06;4592.857807237968;Uberaba/MG;4592.857807237968
Um fundo;BANCO ABC BRASIL S.A.;28.195.667/0001-06;2025-06-30;DI de um dia;100% do DI1 + 0,6027%;;239072899.31;6540.588219970188;0.002735813318384183;1;1;BV BANKS RENDA FIXA CREDITO PRIVADO FUNDO DE INVESTIMENTO;10.347.493/0001-94;6540.588219970188;São José dos Campos/SP;6540.588219970188
Dois fundos;ITAU UNIBANCO S.A.;60.701.190/0001-04;2024-09-02;DI de um dia;200% do DI1 + 1,3000%;;2759037262.400001;6527.643512272937;0.0002365913502231842;26;1;LME REC IMA-B FUNDO DE INVESTIMENTO EM RENDA FIXA;11.784.036/0001-20;6527.643512272937;Governo do Estado do Tocantins/TO;1621.930701840374
Dois fundos;ITAU UNIBANCO HOLDING SA;60.872.504/0001-23;2027-10-15;DI de um dia;100% do DI1 + 4,7799%;;605908007.1899999;6465.347964194112;0.001067051084896245;1;1;MAG STRATEGY FUNDO DE INVESTIMENTO MULTIMERCADO;41.687.144/0001-45;6465.347964194112;São Bernardo do Campo/SP;6465.347964194112
Dois fundos;BANCO TRIANGULO S.A.;17.351.180/0001-59;2025-01-06;DI de um dia;100% do DI1 + 1,6500%;;68407929.3;6432.825876986215;0.009403626074947156;16;1;Itaú Inst. Multimercado Juros e Moedas;00.973.117/0001-51;6432.825876986215;Governador Jorge Teixeira/RO;810.6364115193643
Dois fundos;BANCO DO BRASIL;00.000.000/0001-91;2050-10-31;DI de um dia;100% do DI1 + 2,1476%;;230741411.07;6372.481428760995;0.002761741552680276;3;1;V8 CASH PLATINUM FUNDO DE INVESTIMENTO EM COTAS DE FUNDO DE INVESTIMENTO RENDA FIXA CREDITO PRIVADO;42.774.627/0001-40;6372.481428760995;Palmeira/PR;3864.137955119008
Dois fundos e Um fundo;BANCO BRADESCO S.A.;60.746.948/0001-12;2031-11-10;DI de um dia;100% do DI1 + 12,8818%;;287380529.8999999;6327.60945674927;0.002201822600491096;3;1;XP BANCOS FUNDO DE INVESTIMENTO RENDA FIXA CREDITO PRIVADO;35.377.390/0001-06;4423.15372345449;Uberaba/MG;4423.15372345449
Um fundo;BANCO ALFA DE INVESTIMENTOS S/A;60.770.336/0001-65;2024-11-21;DI de um dia;100% do DI1 + 0,7351%;;182396197.54;6314.010586832002;0.003461700776655347;3;1;MAG HIGH GRADE FUNDO DE INVESTIMENTO RENDA FIXA CREDITO PRIVADO LONGO PRAZO;50.223.269/0001-05;6314.010586832002;Tatuí/SP;5374.640312043233
Dois fundos;BANCO DO BRASIL;00.000.000/0001-91;2050-08-31;DI de um dia;100% do DI1 + 2,2298%;;23805904.38;6237.031138390621;0.02619951352753699;3;1;V8 CASH PLATINUM FUNDO DE INVESTIMENTO EM COTAS DE FUNDO DE INVESTIMENTO RENDA FIXA CREDITO PRIVADO;42.774.627/0001-40;6237.031138390621;Palmeira/PR;3782.003763924697
Dois fundos e Um fundo;BANCO BRADESCO S.A.;60.746.948/0001-12;2025-12-24;DI de um dia;100% do DI1 + 0,3162%;;2365188027.93;6231.083265427307;0.0002634498057594482;3;1;XP BANCOS FUNDO DE INVESTIMENTO RENDA FIXA CREDITO PRIVADO;35.377.390/0001-06;4355.679555607228;Uberaba/MG;4355.679555607228
Dois fundos;BANCO BRADESCO S.A.;60.746.948/0001-12;2024-09-27;;10,4972% a.a. (prefixado);;18960768.62;6223.514654084513;0.03282311376090467;3;1;V8 CASH PLATINUM FUNDO DE INVESTIMENTO EM COTAS DE FUNDO DE INVESTIMENTO RENDA FIXA CREDITO PRIVADO;42.774.627/0001-40;6223.514654084513;Palmeira/PR;3773.807653726357
Dois fundos e Um fundo;BANCO BRADESCO S.A.;60.746.948/0001-12;2025-06-30;DI de um dia;100% do DI1 + 0,6616%;;103861754.97;6180.069469649252;0.005950284078517963;3;1;XP BANCOS FUNDO DE INVESTIMENTO RENDA FIXA CREDITO PRIVADO;35.377.390/0001-06;4320.019665045782;Uberaba/MG;4320.019665045782
Dois fundos e Um fundo;BANCO XP S.A;33.264.668/0001-03;2025-12-01;DI de um dia;100% do DI1 + 1,1940%;;665511423.4200001;6167.838622761172;0.0009267817810046347;3;1;XP BANCOS FUNDO DE INVESTIMENTO RENDA FIXA CREDITO PRIVADO;35.377.390/0001-06;4311.470004020746;Uberaba/MG;4311.470004020746
Um fundo;BANCO COOPERATIVO SICREDI S.A.;01.181.521/0001-55;2032-03-25;DI de um dia;100% do DI1 + 3,6000%;;73631664.82;6166.484391912813;0.008374772466421076;3;1;Porto Seguro FI Referenciado DI Crédito Privado;18.719.154/0001-01;6166.484391912813;Governo do Estado do Amazonas/AM;5412.815149485445
Dois fundos;BANCO RABOBANK;01.023.570/0001-60;2024-11-04;DI de um dia;100% do DI1 + 1,0000%;;61155582.91;6052.58601638755;0.009897029393530396;4;1;FI EM COTAS DE FI CORPORATE REFERENCIADO DI;03.069.104/0001-40;5218.227236399195;Senador Canedo/GO;3345.248072254989
Dois fundos e Um fundo;BANCO DAYCOVAL S.A.;62.232.889/0001-90;2026-03-02;DI de um dia;100% do DI1 + 0,7949%;;29069594.79;6044.94288369018;0.02079472702443604;3;1;XP BANCOS FUNDO DE INVESTIMENTO RENDA FIXA CREDITO PRIVADO;35.377.390/0001-06;4225.562877548405;Uberaba/MG;4225.562877548405
Um fundo;HAITONG BANCO DE INVESTIMENTO DO BRASIL SA;34.111.187/0001-12;2024-08-25;DI de um dia;100% do DI1 + 1,2302%;;207764350.59;6034.879404416472;0.002904675122213647;1;1;BV BANKS RENDA FIXA CREDITO PRIVADO FUNDO DE INVESTIMENTO;10.347.493/0001-94;6034.879404416472;São José dos Campos/SP;6034.879404416472
Dois fundos e Um fundo;BANCO SAFRA S.A.;58.160.789/0001-28;2025-02-10;DI de um dia;110% do DI1 + 0,8778%;;37580345.7;6029.185175052912;0.0160434532007323;3;1;XP BANCOS FUNDO DE INVESTIMENTO RENDA FIXA CREDITO PRIVADO;35.377.390/0001-06;4214.54785392717;Uberaba/MG;4214.54785392717
Dois fundos e Um fundo;BANCO BTG PACTUAL S A;30.306.294/0001-45;2027-06-15;DI de um dia;100% do DI1 + 1,1100%;;35769706.66;5948.273701978636;0.01662936114774008;2;1;BTG PACTUAL CDB PLUS FUNDO DE INVESTIMENTO RENDA FIXA CREDITO PRIVADO;27.717.359/0001-30;5948.26316875673;Itupeva/SP;5948.26316875673
Dois fundos;BANCO COOPERATIVO SICREDI S.A.;01.181.521/0001-55;2025-04-22;DI de um dia;100% do DI1 + 1,9000%;;28557535.52;5936.745157010058;0.02078871670439599;16;1;Itaú Inst. Multimercado Juros e Moedas;00.973.117/0001-51;5936.745157010058;Governador Jorge Teixeira/RO;748.1225020252341
Dois fundos;BANCO DO BRASIL;00.000.000/0001-91;2050-09-16;DI de um dia;100% do DI1 + 2,4440%;;156942744.69;5860.582214693157;0.003734216721052782;3;1;V8 CASH PLATINUM FUNDO DE INVESTIMENTO EM COTAS DE FUNDO DE INVESTIMENTO RENDA FIXA CREDITO PRIVADO;42.774.627/0001-40;5860.582214693157;Palmeira/PR;3553.733098802351
Dois fundos;BANCO DO BRASIL;00.000.000/0001-91;2050-09-04;DI de um dia;100% do DI1 + 2,1446%;;79572791.30000001;5840.827319443168;0.007340231785287601;3;1;V8 CASH PLATINUM FUNDO DE INVESTIMENTO EM COTAS DE FUNDO DE INVESTIMENTO RENDA FIXA CREDITO PRIVADO;42.774.627/0001-40;5840.827319443168;Palmeira/PR;3541.754148155221
Dois fundos e Um fundo;BANCO BTG PACTUAL S A;30.306.294/0001-45;2024-11-21;DI de um dia;100% do DI1 + 1,0000%;;31404920.48;5752.504855175091;0.01831720879165585;4;2;BTG PACTUAL CDB PLUS FUNDO DE INVESTIMENTO RENDA FIXA CREDITO PRIVADO;27.717.359/0001-30;3488.927499098567;Itupeva/SP;3488.927499098567
Dois fundos e Um fundo;HAITONG BANCO DE INVESTIMENTO DO BRASIL SA;34.111.187/0001-12;2024-06-24;DI de um dia;100% do DI1 + 1,6000%;;39052052.41;5735.875978816047;0.01468777087205606;2;1;BTG PACTUAL CDB PLUS FUNDO DE INVESTIMENTO RENDA FIXA CREDITO PRIVADO;27.717.359/0001-30;5735.865821708701;Itupeva/SP;5735.865821708701
Dois fundos;ITAU UNIBANCO HOLDING SA;60.872.504/0001-23;2050-09-15;Taxa Selic;114% do SEL + 0,0035%;;367720164.9599999;5654.882857525636;0.001537822343286713;3;1;V8 CASH PLATINUM FUNDO DE INVESTIMENTO EM COTAS DE FUNDO DE INVESTIMENTO RENDA FIXA CREDITO PRIVADO;42.774.627/0001-40;5654.882857525636;Palmeira/PR;3429.001359328432
Dois fundos e Um fundo;BANCO DAYCOVAL S.A.;62.232.889/0001-90;2025-06-09;DI de um dia;100% do DI1 + 1,3000%;;39921980.51;5625.868295079743;0.01409215731085918;4;2;BTG PACTUAL CDB PLUS FUNDO DE INVESTIMENTO RENDA FIXA CREDITO PRIVADO;27.717.359/0001-30;2814.95960604448;Itupeva/SP;2814.95960604448
Dois fundos e Um fundo;BANCO BRADESCO S.A.;60.746.948/0001-12;2026-03-18;DI de um dia;100% do DI1 + 1,1500%;;713085627.86;5623.276266958591;0.0007885835932262832;2;1;BTG PACTUAL CDB PLUS FUNDO DE INVESTIMENTO RENDA FIXA CREDITO PRIVADO;27.717.359/0001-30;5623.266309243171;Itupeva/SP;5623.266309243171
Um fundo;PORTOSEG SA CRE;04.862.600/0001-10;2032-12-08;DI de um dia;100% do DI1 + 2,7500%;;12343747.08;5481.973772272257;0.04441093726842835;3;1;Porto Seguro FI Referenciado DI Crédito Privado;18.719.154/0001-01;5481.973772272257;Governo do Estado do Amazonas/AM;4811.965586510266
Dois fundos e Um fundo;PARANA BANCO S.A.;14.388.334/0001-99;2024-11-22;DI de um dia;100% do DI1 + 1,0500%;;30486627.36;5476.802865882121;0.01796460723978922;4;2;BTG PACTUAL CDB PLUS FUNDO DE INVESTIMENTO RENDA FIXA CREDITO PRIVADO;27.717.359/0001-30;3905.056433972102;Itupeva/SP;3905.056433972102
Dois fundos e Um fundo;BANCO DAYCOVAL S.A.;62.232.889/0001-90;2025-07-21;DI de um dia;100% do DI1 + 1,2000%;;85836226.44;5358.634277722599;0.006242858639024997;2;1;BTG PACTUAL CDB PLUS FUNDO DE INVESTIMENTO RENDA FIXA CREDITO PRIVADO;27.717.359/0001-30;5358.624788636052;Itupeva/SP;5358.624788636052
Dois fundos e Um fundo;BANCO DAYCOVAL S.A.;62.232.889/0001-90;2024-06-03;DI de um dia;100% do DI1 + 1,0000%;;242852927.98;5341.708773254793;0.002199565316212579;3;1;BTG PACTUAL YIELD FI RENDA FIXA REFERENCIADO DI CRÉDITO PRIVADO;00.840.011/0001-80;5326.181163788542;Rio das Ostras/RJ;5076.118423287056
Dois fundos;BANCO SAFRA S.A.;58.160.789/0001-28;2024-08-26;Índice de Preços ao Consumidor Amplo (IPCA/IBGE);100% do IAP + 5,3400%;;1000029691.78;5341.367929628861;0.0005341209339616216;3;1;PORTO SEGURO IMA-B5 FUNDO DE INVESTIMENTO EM COTAS DE FUNDOS DE INVESTIMENTO RENDA FIXA LONGO PRAZO;24.011.864/0001-77;5341.367929628861;Campinas/SP;3006.52392307661
Dois fundos;BANCO BRADESCO S.A.;60.746.948/0001-12;2050-11-14;Taxa Selic;120% do SEL + 0,0143%;;7096731.340000001;5317.208997392863;0.0749247610293905;3;1;V8 CASH PLATINUM FUNDO DE INVESTIMENTO EM COTAS DE FUNDO DE INVESTIMENTO RENDA FIXA CREDITO PRIVADO;42.774.627/0001-40;5317.208997392863;Palmeira/PR;3224.243072626875
Dois fundos;BANCO BRADESCO S.A.;60.746.948/0001-12;2025-10-16;Índice de Preços ao Consumidor Amplo (IPCA/IBGE);100% do IAP + 2,8500%;;128679.42;5301.951570711163;4.120279350583926;3;1;PORTO SEGURO IMA-B5 FUNDO DE INVESTIMENTO EM COTAS DE FUNDOS DE INVESTIMENTO RENDA FIXA LONGO PRAZO;24.011.864/0001-77;5301.951570711163;Campinas/SP;2984.33742935292
Dois fundos e Um fundo;BANCO JOHN DEERE S.A.;91.884.981/0001-32;2024-12-13;DI de um dia;100% do DI1 + 0,9500%;;84508086.16;5299.096302028936;0.006270519831671616;2;1;BTG PACTUAL CDB PLUS FUNDO DE INVESTIMENTO RENDA FIXA CREDITO PRIVADO;27.717.359/0001-30;5299.086918372425;Itupeva/SP;5299.086918372425
Dois fundos;BANCO DO BRASIL;00.000.000/0001-91;2050-09-20;DI de um dia;100% do DI1 + 2,4368%;;29206821.25999999;5214.842289407745;0.01785487795123291;3;1;V8 CASH PLATINUM FUNDO DE INVESTIMENTO EM COTAS DE FUNDO DE INVESTIMENTO RENDA FIXA CREDITO PRIVADO;42.774.627/0001-40;5214.842289407745;Palmeira/PR;3162.170066045703
Dois fundos e Um fundo;BANCO JOHN DEERE S.A.;91.884.981/0001-32;2026-04-14;DI de um dia;100% do DI1 + 7,7414%;;388806576.6900001;5194.054630533908;0.001335896803688891;3;1;XP BANCOS FUNDO DE INVESTIMENTO RENDA FIXA CREDITO PRIVADO;35.377.390/0001-06;3630.771183952738;Uberaba/MG;3630.771183952738
Dois fundos;BANCO BRADESCO S.A.;60.746.948/0001-12;2026-08-13;OUTROS;100% do OUT + 5,0085%;;63315383.05;5183.104703596828;0.008186169701451135;3;1;PORTO SEGURO IMA-B5 FUNDO DE INVESTIMENTO EM COTAS DE FUNDOS DE INVESTIMENTO RENDA FIXA LONGO PRAZO;24.011.864/0001-77;5183.104703596828;Campinas/SP;2917.441466770019
Dois fundos e Um fundo;BANCO JOHN DEERE S.A.;91.884.981/0001-32;2025-04-24;DI de um dia;100% do DI1 + 14,8579%;;278116406.6699999;5157.559334878978;0.001854460654311092;3;1;XP BANCOS FUNDO DE INVESTIMENTO RENDA FIXA CREDITO PRIVADO;35.377.390/0001-06;3605.260079961879;Uberaba/MG;3605.260079961879
Dois fundos;BANCO VOTORANTIM S/A;59.588.111/0001-03;2025-10-20;Índice de Preços ao Consumidor Amplo (IPCA/IBGE);100% do IAP + 5,6000%;;7612975.939999999;5157.487929552984;0.06774601640935941;3;1;PORTO SEGURO IMA-B5 FUNDO DE INVESTIMENTO EM COTAS DE FUNDOS DE INVESTIMENTO RENDA FIXA LONGO PRAZO;24.011.864/0001-77;5157.487929552984;Campinas/SP;2903.022418127508
Dois fundos;ITAU UNIBANCO HOLDING SA;60.872.504/0001-23;2050-07-15;Taxa Selic;114% do SEL + 0,0163%;;463218319.4999997;5146.775572834763;0.00111109067931299;3;1;V8 CASH PLATINUM FUNDO DE INVESTIMENTO EM COTAS DE FUNDO DE INVESTIMENTO RENDA FIXA CREDITO PRIVADO;42.774.627/0001-40;5146.775572834763;Palmeira/PR;3120.895848783508
Dois fundos;ITAU UNIBANCO HOLDING SA;60.872.504/0001-23;2050-07-15;Taxa Selic;114% do SEL + 0,0345%;;463218319.4999997;5135.832814292753;0.001108728346460131;3;1;V8 CASH PLATINUM FUNDO DE INVESTIMENTO EM COTAS DE FUNDO DE INVESTIMENTO RENDA FIXA CREDITO PRIVADO;42.774.627/0001-40;5135.832814292753;Palmeira/PR;3114.260391452076
Dois fundos;ITAU UNIBANCO S.A.;60.701.190/0001-04;2030-11-18;DI de um dia;100% do DI1 + 2,0000%;;2275981.98;5086.825997444947;0.2235002755797279;16;1;Itaú Inst. Multimercado Juros e Moedas;00.973.117/0001-51;5086.825997444947;Governador Jorge Teixeira/RO;641.0194293217958
Um fundo;ITAU UNIBANCO HOLDING SA;60.872.504/0001-23;2026-10-21;DI de um dia;100% do DI1 + 1,9637%;;2924335194.790002;5054.533760570512;0.000172843857625339;1;1;BV BANKS RENDA FIXA CREDITO PRIVADO FUNDO DE INVESTIMENTO;10.347.493/0001-94;5054.533760570512;São José dos Campos/SP;5054.533760570512
Um fundo;ITAU UNIBANCO HOLDING SA;60.872.504/0001-23;2026-09-21;DI de um dia;100% do DI1 + 1,8006%;;2532328034.069999;5042.18137658732;0.0001991124889330962;1;1;BV BANKS RENDA FIXA CREDITO PRIVADO FUNDO DE INVESTIMENTO;10.347.493/0001-94;5042.18137658732;São José dos Campos/SP;5042.18137658732
Um fundo;BANCO BRADESCO S.A.;60.746.948/0001-12;2050-06-07;DI de um dia;100% do DI1 + 3,0000%;;16155730.06;5011.799618574811;0.03102180836125465;3;1;Porto Seguro FI Referenciado DI Crédito Privado;18.719.154/0001-01;5011.799618574811;Governo do Estado do Amazonas/AM;4399.256233776366
Dois fundos e Um fundo;BANCO VOTORANTIM S/A;59.588.111/0001-03;2024-08-23;DI de um dia;100% do DI1 + 0,9100%;;80791419.73999998;4985.607775407138;0.006170961955429969;3;1;XP BANCOS FUNDO DE INVESTIMENTO RENDA FIXA CREDITO PRIVADO;35.377.390/0001-06;3485.061735590225;Uberaba/MG;3485.061735590225
Dois fundos;BANCO BRADESCO S.A.;60.746.948/0001-12;2050-03-15;Taxa Selic;120% do SEL + 0,0390%;;558915685.0499996;4962.728393737184;0.0008879207591558693;3;1;V8 CASH PLATINUM FUNDO DE INVESTIMENTO EM COTAS DE FUNDO DE INVESTIMENTO RENDA FIXA CREDITO PRIVADO;42.774.627/0001-40;4962.728393737184;Palmeira/PR;3009.29353212963
Dois fundos;BANCO BRADESCO S.A.;60.746.948/0001-12;2050-03-15;Taxa Selic;120% do SEL + 0,0262%;;558915685.0499996;4962.728359271795;0.0008879207529893956;3;1;V8 CASH PLATINUM FUNDO DE INVESTIMENTO EM COTAS DE FUNDO DE INVESTIMENTO RENDA FIXA CREDITO PRIVADO;42.774.627/0001-40;4962.728359271795;Palmeira/PR;3009.293511230546
Dois fundos e Um fundo;BANCO TOYOTA DO BRASIL S.A.;03.215.790/0001-10;2026-10-01;;;;94135634.04;4944.120732136348;0.005252124535577567;2;1;BTG PACTUAL CDB PLUS FUNDO DE INVESTIMENTO RENDA FIXA CREDITO PRIVADO;27.717.359/0001-30;4944.1119770717;Itupeva/SP;4944.1119770717
Dois fundos;BANCO ABC BRASIL S.A.;28.195.667/0001-06;2026-07-31;DI de um dia;100% do DI1 + 1,2000%;;2183624.39;4880.406529276154;0.223500275579728;16;1;Itaú Inst. Multimercado Juros e Moedas;00.973.117/0001-51;4880.406529276154;Governador Jorge Teixeira/RO;615.0073562229849
Dois fundos e Um fundo;BANCO BTG PACTUAL S A;30.306.294/0001-45;2024-06-05;DI de um dia;100% do DI1 + 1,0500%;;28506618.59;4868.589328132881;0.01707880334092224;2;1;BTG PACTUAL CDB PLUS FUNDO DE INVESTIMENTO RENDA FIXA CREDITO PRIVADO;27.717.359/0001-30;4868.580706819483;Itupeva/SP;4868.580706819483
Dois fundos;BANCO SAFRA S.A.;58.160.789/0001-28;2025-02-04;;10,4400% a.a. (prefixado);;22700659.96;4867.575632382393;0.02144244106100602;3;1;V8 CASH PLATINUM FUNDO DE INVESTIMENTO EM COTAS DE FUNDO DE INVESTIMENTO RENDA FIXA CREDITO PRIVADO;42.774.627/0001-40;4867.575632382393;Palmeira/PR;2951.594910204118
Dois fundos e Um fundo;BANCO ALFA DE INVESTIMENTOS S/A;60.770.336/0001-65;2026-02-02;DI de um dia;100% do DI1 + 0,6300%;;237963054.34;4856.298234271922;0.002040778240866447;2;1;BTG PACTUAL CDB PLUS FUNDO DE INVESTIMENTO RENDA FIXA CREDITO PRIVADO;27.717.359/0001-30;4856.289634723631;Itupeva/SP;4856.289634723631
Um fundo;BANCO ABC BRASIL S.A.;28.195.667/0001-06;2026-01-05;DI de um dia;100% do DI1 + 0,8500%;;161847678.41;4815.770320396481;0.002975495458264745;1;1;CAIXA MEGA FI RF REFERENCIADO DI LP;10.322.633/0001-70;4815.770320396481;Extrema/MG;4815.770320396481
Dois fundos e Um fundo;PARANA BANCO S.A.;14.388.334/0001-99;2025-06-20;DI de um dia;100% do DI1 + 0,9101%;;7286359.07;4727.372002327568;0.06487975622545826;3;1;XP BANCOS FUNDO DE INVESTIMENTO RENDA FIXA CREDITO PRIVADO;35.377.390/0001-06;3304.548616214991;Uberaba/MG;3304.548616214991
Dois fundos e Um fundo;ITAU UNIBANCO S.A.;60.701.190/0001-04;2026-05-04;DI de um dia;100% do DI1 + 0,9427%;;2275983495.279998;4698.732444653927;0.0002064484410540892;3;1;XP BANCOS FUNDO DE INVESTIMENTO RENDA FIXA CREDITO PRIVADO;35.377.390/0001-06;3284.528865149739;Uberaba/MG;3284.528865149739
Dois fundos e Um fundo;ITAU UNIBANCO S.A.;60.701.190/0001-04;2026-05-04;DI de um dia;100% do DI1 + 0,4100%;;2275983495.279998;4698.732444653927;0.0002064484410540892;3;1;XP BANCOS FUNDO DE INVESTIMENTO RENDA FIXA CREDITO PRIVADO;35.377.390/0001-06;3284.528865149739;Uberaba/MG;3284.528865149739
Dois fundos;BANCO DO BRASIL;00.000.000/0001-91;2050-09-19;DI de um dia;100% do DI1 + 2,4365%;;117648669.98;4686.059416602265;0.003983095956289929;3;1;V8 CASH PLATINUM FUNDO DE INVESTIMENTO EM COTAS DE FUNDO DE INVESTIMENTO RENDA FIXA CREDITO PRIVADO;42.774.627/0001-40;4686.059416602265;Palmeira/PR;2841.527316173962
Dois fundos e Um fundo;BANCO ABC BRASIL S.A.;28.195.667/0001-06;2026-01-05;DI de um dia;100% do DI1 + 1,1500%;;161847678.41;4650.122258832635;0.002873147334898886;4;2;BTG PACTUAL CDB PLUS FUNDO DE INVESTIMENTO RENDA FIXA CREDITO PRIVADO;27.717.359/0001-30;3678.502140080646;Itupeva/SP;3678.502140080646
Dois fundos e Um fundo;BANCO COOPERATIVO SICREDI S.A.;01.181.521/0001-55;2024-12-13;DI de um dia;100% do DI1 + 1,1432%;;578090471.2799994;4508.725369404583;0.0007799342133111846;3;1;XP BANCOS FUNDO DE INVESTIMENTO RENDA FIXA CREDITO PRIVADO;35.377.390/0001-06;3151.709273783303;Uberaba/MG;3151.709273783303
Dois fundos;BANCO VOTORANTIM S/A;59.588.111/0001-03;2025-02-17;Índice de Preços ao Consumidor Amplo (IPCA/IBGE);100% do IAP + 6,2400%;;156551499.53;4483.735661897846;0.002864064333691436;3;1;PORTO SEGURO IMA-B5 FUNDO DE INVESTIMENTO EM COTAS DE FUNDOS DE INVESTIMENTO RENDA FIXA LONGO PRAZO;24.011.864/0001-77;4483.735661897846;Campinas/SP;2523.783927609774
Dois fundos e Um fundo;BANCO SAFRA S.A.;58.160.789/0001-28;2025-06-02;DI de um dia;100% do DI1 + 1,0000%;;26092728.08;4456.325715064796;0.01707880334092225;2;1;BTG PACTUAL CDB PLUS FUNDO DE INVESTIMENTO RENDA FIXA CREDITO PRIVADO;27.717.359/0001-30;4456.317823789109;Itupeva/SP;4456.317823789109
Dois fundos e Um fundo;BANCO ALFA DE INVESTIMENTOS S/A;60.770.336/0001-65;2027-08-25;DI de um dia;100% do DI1 + 1,3500%;;25934442.57;4429.292444094721;0.01707880334092225;2;1;BTG PACTUAL CDB PLUS FUNDO DE INVESTIMENTO RENDA FIXA CREDITO PRIVADO;27.717.359/0001-30;4429.284600689635;Itupeva/SP;4429.284600689635
Dois fundos;BANCO DAYCOVAL S.A.;62.232.889/0001-90;2024-10-20;DI de um dia;100% do DI1 + 1,2000%;;584188592.9600003;4425.813873300146;0.0007576001871031371;4;1;FI EM COTAS DE FI CORPORATE REFERENCIADO DI;03.069.104/0001-40;3815.708266575333;Senador Canedo/GO;2446.135468001699
Dois fundos e Um fundo;BANCO ALFA S.A.;03.323.840/0001-83;2024-06-06;DI de um dia;100% do DI1 + 0,9500%;;25877655.25;4419.593849389341;0.01707880334092225;2;1;BTG PACTUAL CDB PLUS FUNDO DE INVESTIMENTO RENDA FIXA CREDITO PRIVADO;27.717.359/0001-30;4419.586023158558;Itupeva/SP;4419.586023158558
Dois fundos;CAIXA ECONOMICA FEDERAL CEF;00.360.305/0001-04;2050-11-30;Taxa Selic;114% do SEL + 0,0002%;;383601821.0999998;4401.971385138213;0.001147536623396446;3;1;V8 CASH PLATINUM FUNDO DE INVESTIMENTO EM COTAS DE FUNDO DE INVESTIMENTO RENDA FIXA CREDITO PRIVADO;42.774.627/0001-40;4401.971385138213;Palmeira/PR;2669.262342592278
Dois fundos e Um fundo;BANCO RCI BRASIL S.A.;62.307.848/0001-15;2024-07-18;DI de um dia;107,40% do DI1 + 107,4000%;;23621000.33;4384.038758244727;0.01855991997373943;4;2;BTG PACTUAL YIELD FI RENDA FIXA REFERENCIADO DI CRÉDITO PRIVADO;00.840.011/0001-80;3145.421987913564;Rio das Ostras/RJ;2997.745290831068
Dois fundos e Um fundo;BANCO MERCEDES-BENZ DO BRASIL S.A.;60.814.191/0001-57;2025-12-08;DI de um dia;100% do DI1 + 0,5450%;;538954583.77;4379.760547584509;0.0008126400033464753;3;1;XP BANCOS FUNDO DE INVESTIMENTO RENDA FIXA CREDITO PRIVADO;35.377.390/0001-06;3061.559710077272;Uberaba/MG;3061.559710077272
Dois fundos;BANCO DAYCOVAL S.A.;62.232.889/0001-90;2025-05-30;DI de um dia;100% do DI1 + 1,0596%;;157975941.1600001;4373.535397029619;0.002768481937765477;64;1;Sicredi Executive;21.170.347/0001-52;4335.168459095992;Pelotas/RS;534.3533681001494
Dois fundos e Um fundo;BANCO SAFRA S.A.;58.160.789/0001-28;2024-08-12;DI de um dia;112,50% do DI1 + 1,0213%;;2405513.64;4334.662157720971;0.1801969477803905;3;1;XP BANCOS FUNDO DE INVESTIMENTO RENDA FIXA CREDITO PRIVADO;35.377.390/0001-06;3030.034832884679;Uberaba/MG;3030.034832884679
Dois fundos e Um fundo;BANCO DAYCOVAL S.A.;62.232.889/0001-90;2025-03-18;DI de um dia;100% do DI1 + 1,3000%;;358667037.7;4313.393841820342;0.001202617856795693;2;1;BTG PACTUAL CDB PLUS FUNDO DE INVESTIMENTO RENDA FIXA CREDITO PRIVADO;27.717.359/0001-30;4313.386203648869;Itupeva/SP;4313.386203648869
Dois fundos e Um fundo;PARANA BANCO S.A.;14.388.334/0001-99;2024-08-30;DI de um dia;100% do DI1 + 1,2000%;;50387058.38;4302.751576623044;0.00853939824026505;2;1;BTG PACTUAL CDB PLUS FUNDO DE INVESTIMENTO RENDA FIXA CREDITO PRIVADO;27.717.359/0001-30;4302.743957296927;Itupeva/SP;4302.743957296927
Dois fundos e Um fundo;ITAU UNIBANCO S.A.;60.701.190/0001-04;2031-10-21;DI de um dia;100% do DI1 + 13,0191%;;138617964.75;4249.522670899667;0.003065636318181238;3;1;XP BANCOS FUNDO DE INVESTIMENTO RENDA FIXA CREDITO PRIVADO;35.377.390/0001-06;2970.520249893945;Uberaba/MG;2970.520249893945
Dois fundos e Um fundo;ITAU UNIBANCO S.A.;60.701.190/0001-04;2031-10-21;DI de um dia;100% do DI1 + 12,6405%;;138617964.75;4244.982723063955;0.003062361167053533;3;1;XP BANCOS FUNDO DE INVESTIMENTO RENDA FIXA CREDITO PRIVADO;35.377.390/0001-06;2967.346715352808;Uberaba/MG;2967.346715352808
Dois fundos e Um fundo;ITAU UNIBANCO S.A.;60.701.190/0001-04;2031-10-21;DI de um dia;100% do DI1 + 11,1805%;;138617964.75;4243.622963930761;0.003061380227003197;3;1;XP BANCOS FUNDO DE INVESTIMENTO RENDA FIXA CREDITO PRIVADO;35.377.390/0001-06;2966.396210471921;Uberaba/MG;2966.396210471921
Dois fundos e Um fundo;ITAU UNIBANCO HOLDING SA;60.872.504/0001-23;2031-09-22;DI de um dia;100% do DI1 + 14,3633%;;1724622518.079999;4242.624352560143;0.0002460030707057799;3;1;XP BANCOS FUNDO DE INVESTIMENTO RENDA FIXA CREDITO PRIVADO;35.377.390/0001-06;2965.698156707316;Uberaba/MG;2965.698156707316
Dois fundos e Um fundo;BANCO ABC BRASIL S.A.;28.195.667/0001-06;2026-02-05;DI de um dia;100% do DI1 + 0,7900%;;51962217.2;4216.181897793451;0.008113937635812528;2;1;BTG PACTUAL CDB PLUS FUNDO DE INVESTIMENTO RENDA FIXA CREDITO PRIVADO;27.717.359/0001-30;4216.174431765196;Itupeva/SP;4216.174431765196
Dois fundos e Um fundo;BANCO BTG PACTUAL S A;30.306.294/0001-45;2025-09-29;DI de um dia;100% do DI1 + 0,9000%;;894860784.39;4154.03005446065;0.0004642096432119694;2;2;CAIXA MEGA FI RF REFERENCIADO DI LP;10.322.633/0001-70;3320.567853159052;Extrema/MG;3320.567853159052
Dois fundos e Um fundo;BANCO BRADESCO S.A.;60.746.948/0001-12;2026-06-29;DI de um dia;100% do DI1 + 1,4000%;;227098677.01;4112.32614043407;0.001810810258596526;2;1;BTG PACTUAL CDB PLUS FUNDO DE INVESTIMENTO RENDA FIXA CREDITO PRIVADO;27.717.359/0001-30;4112.318858313919;Itupeva/SP;4112.318858313919
Dois fundos;Banco Volkswagen S/A;59.109.165/0001-49;2025-01-02;DI de um dia;100% do DI1 + 0,9500%;;63732083.71;4039.850470768485;0.006338801802167665;26;1;LME REC IMA-B FUNDO DE INVESTIMENTO EM RENDA FIXA;11.784.036/0001-20;4039.850470768485;Governo do Estado do Tocantins/TO;1003.786051898252
Dois fundos;CAIXA ECONOMICA FEDERAL CEF;00.360.305/0001-04;2050-11-30;Taxa Selic;114% do SEL + 0,0085%;;383601821.0999998;4035.140430632463;0.001051908569949296;3;1;V8 CASH PLATINUM FUNDO DE INVESTIMENTO EM COTAS DE FUNDO DE INVESTIMENTO RENDA FIXA CREDITO PRIVADO;42.774.627/0001-40;4035.140430632463;Palmeira/PR;2446.823810559741
Dois fundos e Um fundo;BANCO VOTORANTIM S/A;59.588.111/0001-03;2025-11-10;DI de um dia;100% do DI1 + 1,0500%;;29015776.09;4023.985343585255;0.01386826714923569;2;1;BTG PACTUAL CDB PLUS FUNDO DE INVESTIMENTO RENDA FIXA CREDITO PRIVADO;27.717.359/0001-30;4023.978217899267;Itupeva/SP;4023.978217899267
Dois fundos e Um fundo;BANCO ABC BRASIL S.A.;28.195.667/0001-06;2027-12-20;DI de um dia;100% do DI1 + 1,2000%;;25005931.31;4020.1132287524;0.01607663869389554;2;1;BTG PACTUAL CDB PLUS FUNDO DE INVESTIMENTO RENDA FIXA CREDITO PRIVADO;27.717.359/0001-30;4020.106109923165;Itupeva/SP;4020.106109923165
Dois fundos;BANCO ABC BRASIL S.A.;28.195.667/0001-06;2024-07-12;DI de um dia;122% do DI1;;63109468.20999999;4000.73038661294;0.006339350496981378;26;1;LME REC IMA-B FUNDO DE INVESTIMENTO EM RENDA FIXA;11.784.036/0001-20;4000.73038661294;Governo do Estado do Tocantins/TO;994.0658419279677
Dois fundos e Um fundo;BANCO MERCEDES-BENZ DO BRASIL S.A.;60.814.191/0001-57;2025-08-14;DI de um dia;100% do DI1 + 0,9120%;;275525432.4800001;3989.631667247253;0.001448008494655699;3;1;XP BANCOS FUNDO DE INVESTIMENTO RENDA FIXA CREDITO PRIVADO;35.377.390/0001-06;2788.850083877084;Uberaba/MG;2788.850083877084
Dois fundos e Um fundo;BANCO VOTORANTIM S/A;59.588.111/0001-03;2025-01-09;DI de um dia;100% do DI1 + 1,0000%;;38310398.69;3977.127457116847;0.01038132620153332;2;1;BTG PACTUAL CDB PLUS FUNDO DE INVESTIMENTO RENDA FIXA CREDITO PRIVADO;27.717.359/0001-30;3977.120414406952;Itupeva/SP;3977.120414406952
Dois fundos e Um fundo;BANCO ALFA DE INVESTIMENTOS S/A;60.770.336/0001-65;2024-11-21;DI de um dia;100% do DI1 + 1,8000%;;182396197.54;3972.341225570993;0.002177864055910402;4;2;BTG PACTUAL CDB PLUS FUNDO DE INVESTIMENTO RENDA FIXA CREDITO PRIVADO;27.717.359/0001-30;3626.261223443586;Itupeva/SP;3626.261223443586
Dois fundos;BANCO DO NORDESTE DO BRASIL SA;07.237.373/0001-20;2024-06-12;DI de um dia;117% do DI1;;70064205.36;3958.886859686397;0.005650370027526988;26;1;LME REC IMA-B FUNDO DE INVESTIMENTO EM RENDA FIXA;11.784.036/0001-20;3958.886859686397;Governo do Estado do Tocantins/TO;983.6689351624802
Dois fundos e Um fundo;BANCO XP S.A;33.264.668/0001-03;2024-12-02;DI de um dia;100% do DI1 + 1,2434%;;680975805.7300003;3933.752494572851;0.0005776640611124065;3;1;XP BANCOS FUNDO DE INVESTIMENTO RENDA FIXA CREDITO PRIVADO;35.377.390/0001-06;2749.789175904215;Uberaba/MG;2749.789175904215
Dois fundos;BANCO DO BRASIL;00.000.000/0001-91;2050-09-16;DI de um dia;100% do DI1 + 2,4373%;;156942744.69;3915.379445590725;0.002494782064200897;3;1;V8 CASH PLATINUM FUNDO DE INVESTIMENTO EM COTAS DE FUNDO DE INVESTIMENTO RENDA FIXA CREDITO PRIVADO;42.774.627/0001-40;3915.379445590725;Palmeira/PR;2374.203282274859
Dois fundos;BANCO DO BRASIL;00.000.000/0001-91;2050-09-22;DI de um dia;100% do DI1 + 2,4364%;;74294649.99;3906.887116203324;0.00525863856513112;3;1;V8 CASH PLATINUM FUNDO DE INVESTIMENTO EM COTAS DE FUNDO DE INVESTIMENTO RENDA FIXA CREDITO PRIVADO;42.774.627/0001-40;3906.887116203324;Palmeira/PR;2369.053713354168
Dois fundos;BANCO XP S.A;33.264.668/0001-03;2025-10-17;DI de um dia;109% do DI1 + 0,2622%;;6178784.03;3793.812588935973;0.06140063434028092;3;1;V8 CASH PLATINUM FUNDO DE INVESTIMENTO EM COTAS DE FUNDO DE INVESTIMENTO RENDA FIXA CREDITO PRIVADO;42.774.627/0001-40;3793.812588935973;Palmeira/PR;2300.487711639533
Dois fundos e Um fundo;BANCO VOTORANTIM S/A;59.588.111/0001-03;2024-07-12;DI de um dia;100% do DI1 + 1,1000%;;90232681.71000001;3781.465721307239;0.00419079390044124;2;1;BTG PACTUAL CDB PLUS FUNDO DE INVESTIMENTO RENDA FIXA CREDITO PRIVADO;27.717.359/0001-30;3781.459025075766;Itupeva/SP;3781.459025075766
Dois fundos e Um fundo;ITAU UNIBANCO S.A.;60.701.190/0001-04;2026-04-01;DI de um dia;100% do DI1 + 0,4734%;;1087900232.02;3762.870335753902;0.0003458837699452505;3;1;XP BANCOS FUNDO DE INVESTIMENTO RENDA FIXA CREDITO PRIVADO;35.377.390/0001-06;2630.338368736309;Uberaba/MG;2630.338368736309
Dois fundos;BANCO BRADESCO S.A.;60.746.948/0001-12;2026-03-30;;11,1400% a.a. (prefixado);;39438279.95;3718.731267388763;0.009429243040273014;3;1;V8 CASH PLATINUM FUNDO DE INVESTIMENTO EM COTAS DE FUNDO DE INVESTIMENTO RENDA FIXA CREDITO PRIVADO;42.774.627/0001-40;3718.731267388763;Palmeira/PR;2254.959986285694
Dois fundos e Um fundo;BANCO XP S.A;33.264.668/0001-03;2025-08-08;DI de um dia;100% do DI1 + 1,1900%;;21358333.8;3647.747826599725;0.01707880334092225;2;1;BTG PACTUAL CDB PLUS FUNDO DE INVESTIMENTO RENDA FIXA CREDITO PRIVADO;27.717.359/0001-30;3647.741367156323;Itupeva/SP;3647.741367156323
Dois fundos;BANCO BRADESCO S.A.;60.746.948/0001-12;2025-01-30;DI de um dia;110% do DI1;;110703276.97;3646.780166554754;0.003294193511130671;26;1;LME REC IMA-B FUNDO DE INVESTIMENTO EM RENDA FIXA;11.784.036/0001-20;3646.780166554754;Governo do Estado do Tocantins/TO;906.1194447700709
Dois fundos e Um fundo;BANCO BRADESCO S.A.;60.746.948/0001-12;2025-12-24;DI de um dia;100% do DI1 + 0,4966%;;2365188027.93;3634.798553495885;0.0001536790525984964;3;1;XP BANCOS FUNDO DE INVESTIMENTO RENDA FIXA CREDITO PRIVADO;35.377.390/0001-06;2540.813061519415;Uberaba/MG;2540.813061519415
Dois fundos e Um fundo;BANCO SAFRA S.A.;58.160.789/0001-28;2026-02-26;DI de um dia;100% do DI1 + 1,5000%;;101283085.63;3619.173786262607;0.003573324967096589;2;1;BTG PACTUAL CDB PLUS FUNDO DE INVESTIMENTO RENDA FIXA CREDITO PRIVADO;27.717.359/0001-30;3619.167377418206;Itupeva/SP;3619.167377418206
Dois fundos;ITAU UNIBANCO HOLDING SA;60.872.504/0001-23;2050-01-17;Taxa Selic;100% do SEL + 1,2104%;;150766934.55;3597.993956542851;0.002386460908873636;3;1;V8 CASH PLATINUM FUNDO DE INVESTIMENTO EM COTAS DE FUNDO DE INVESTIMENTO RENDA FIXA CREDITO PRIVADO;42.774.627/0001-40;3597.993956542851;Palmeira/PR;2181.747434683264
Dois fundos;ITAU UNIBANCO HOLDING SA;60.872.504/0001-23;2050-01-17;Taxa Selic;100% do SEL + 1,2081%;;150766934.55;3597.993956542851;0.002386460908873636;3;1;V8 CASH PLATINUM FUNDO DE INVESTIMENTO EM COTAS DE FUNDO DE INVESTIMENTO RENDA FIXA CREDITO PRIVADO;42.774.627/0001-40;3597.993956542851;Palmeira/PR;2181.747434683264
Dois fundos e Um fundo;BANCO ABC BRASIL S.A.;28.195.667/0001-06;2027-01-11;DI de um dia;100% do DI1 + 0,9500%;;73253486.32000001;3590.674149732244;0.004901710935704505;2;1;BTG PACTUAL CDB PLUS FUNDO DE INVESTIMENTO RENDA FIXA CREDITO PRIVADO;27.717.359/0001-30;3590.66779135509;Itupeva/SP;3590.66779135509
Um fundo;BANCO BRADESCO S.A.;60.746.948/0001-12;2050-04-12;DI de um dia;100% do DI1 + 5,1673%;;1197888504.09;3571.237874848637;0.0002981277358164147;2;1;SANTANDER RENDA FIXA CREDITO PRIVADO CRESCIMENTO INSTITUCIONAL FUNDO DE INVESTIMENTO LONGO PRAZO;17.138.474/0001-05;3571.237874848637;Cabedelo/PB;3509.98970251101
Dois fundos e Um fundo;BANCO BRADESCO S.A.;60.746.948/0001-12;2031-06-25;DI de um dia;100% do DI1 + 14,6762%;;31230124.11;3562.64814383029;0.01140772970123906;3;1;XP BANCOS FUNDO DE INVESTIMENTO RENDA FIXA CREDITO PRIVADO;35.377.390/0001-06;2490.378161049896;Uberaba/MG;2490.378161049896
Dois fundos e Um fundo;BANCO VOTORANTIM S/A;59.588.111/0001-03;2025-06-16;DI de um dia;100% do DI1 + 1,2000%;;161211638.06;3539.474602598608;0.002195545337292138;2;1;BTG PACTUAL CDB PLUS FUNDO DE INVESTIMENTO RENDA FIXA CREDITO PRIVADO;27.717.359/0001-30;3539.468334885774;Itupeva/SP;3539.468334885774
Um fundo;BANCO ABC BRASIL S.A.;28.195.667/0001-06;2050-04-18;DI de um dia;100% do DI1 + 2,5455%;;154316090.34;3522.767050544265;0.002282825493299278;2;1;SANTANDER RENDA FIXA CREDITO PRIVADO CRESCIMENTO INSTITUCIONAL FUNDO DE INVESTIMENTO LONGO PRAZO;17.138.474/0001-05;3522.767050544265;Cabedelo/PB;3462.350172425723
Dois fundos;BANCO DO BRASIL;00.000.000/0001-91;2050-09-28;DI de um dia;100% do DI1 + 2,4351%;;63145968.93000001;3501.296250329074;0.005544766054996177;3;1;V8 CASH PLATINUM FUNDO DE INVESTIMENTO EM COTAS DE FUNDO DE INVESTIMENTO RENDA FIXA CREDITO PRIVADO;42.774.627/0001-40;3501.296250329074;Palmeira/PR;2123.111990872131
Dois fundos;Banco Volkswagen S/A;59.109.165/0001-49;2025-06-10;DI de um dia;100% do DI1 + 1,2500%;;1564115.35;3495.802117634827;0.223500275579728;16;1;Itaú Inst. Multimercado Juros e Moedas;00.973.117/0001-51;3495.802117634827;Governador Jorge Teixeira/RO;440.5256007564967
Dois fundos e Um fundo;BANCO BTG PACTUAL S A;30.306.294/0001-45;2025-02-19;DI de um dia;100% do DI1 + 1,0000%;;19956154.7;3408.272415623211;0.01707880334092225;2;1;BTG PACTUAL CDB PLUS FUNDO DE INVESTIMENTO RENDA FIXA CREDITO PRIVADO;27.717.359/0001-30;3408.266380243625;Itupeva/SP;3408.266380243625
Dois fundos;ITAU UNIBANCO S.A.;60.701.190/0001-04;2050-09-15;Taxa Selic;114% do SEL + 0,0084%;;47257906.86;3385.715909929402;0.007164337430262145;3;1;V8 CASH PLATINUM FUNDO DE INVESTIMENTO EM COTAS DE FUNDO DE INVESTIMENTO RENDA FIXA CREDITO PRIVADO;42.774.627/0001-40;3385.715909929402;Palmeira/PR;2053.026517074088
Dois fundos;BANCO SANTANDER;90.400.888/0001-42;2024-12-06;DI de um dia;100% do DI1 + 1,7535%;;19465962.96;3368.098034236246;0.01730249893702791;4;1;FI EM COTAS DE FI CORPORATE REFERENCIADO DI;03.069.104/0001-40;2903.800268104905;Senador Canedo/GO;1861.538758092584
Dois fundos e Um fundo;BANCO ALFA DE INVESTIMENTOS S/A;60.770.336/0001-65;2024-10-07;DI de um dia;100% do DI1 + 1,2600%;;74288559.78999999;3346.067079255285;0.004504148537424871;2;1;BTG PACTUAL CDB PLUS FUNDO DE INVESTIMENTO RENDA FIXA CREDITO PRIVADO;27.717.359/0001-30;3346.061154029106;Itupeva/SP;3346.061154029106
Dois fundos e Um fundo;BANCO ABC BRASIL S.A.;28.195.667/0001-06;2024-06-04;DI de um dia;100% do DI1 + 1,0000%;;19427280.35;3317.947005466131;0.01707880334092224;2;1;BTG PACTUAL CDB PLUS FUNDO DE INVESTIMENTO RENDA FIXA CREDITO PRIVADO;27.717.359/0001-30;3317.941130035067;Itupeva/SP;3317.941130035067
Dois fundos e Um fundo;BANCO BRADESCO S.A.;60.746.948/0001-12;2031-07-08;DI de um dia;100% do DI1 + 10,5456%;;204357395.94;3271.309847685674;0.001600778788865631;3;1;XP BANCOS FUNDO DE INVESTIMENTO RENDA FIXA CREDITO PRIVADO;35.377.390/0001-06;2286.725568679101;Uberaba/MG;2286.725568679101
Dois fundos;BANCO DO BRASIL;00.000.000/0001-91;2050-09-28;DI de um dia;100% do DI1 + 2,4353%;;63145968.93000001;3248.848464223774;0.005144981570914305;3;1;V8 CASH PLATINUM FUNDO DE INVESTIMENTO EM COTAS DE FUNDO DE INVESTIMENTO RENDA FIXA CREDITO PRIVADO;42.774.627/0001-40;3248.848464223774;Palmeira/PR;1970.032992858492
Dois fundos e Um fundo;BANCO BRADESCO S.A.;60.746.948/0001-12;2031-06-16;DI de um dia;100% do DI1 + 14,5853%;;467864350.0500001;3243.830931784605;0.0006933272285947711;3;1;XP BANCOS FUNDO DE INVESTIMENTO RENDA FIXA CREDITO PRIVADO;35.377.390/0001-06;2267.517134591143;Uberaba/MG;2267.517134591143
Dois fundos;BANCO ABC BRASIL S.A.;28.195.667/0001-06;2025-08-22;DI de um dia;100% do DI1 + 1,0000%;;165153899.4;3171.154057368705;0.001920120608044635;1;1;FUNDO DE INVESTIMENTO EM COTAS DE FUNDOS DE INVESTIMENTO CAIXA IDEAL RENDA FIXA LONGO PRAZO;68.623.479/0001-56;3171.154057368705;Pirajuba/MG;3171.154057368705
Dois fundos e Um fundo;BANCO BRADESCO S.A.;60.746.948/0001-12;2031-10-29;DI de um dia;100% do DI1 + 11,3496%;;926893367.1100003;3171.122489414681;0.0003421237654663618;3;1;XP BANCOS FUNDO DE INVESTIMENTO RENDA FIXA CREDITO PRIVADO;35.377.390/0001-06;2216.692155617121;Uberaba/MG;2216.692155617121
Dois fundos e Um fundo;BANCO BRADESCO S.A.;60.746.948/0001-12;2031-11-10;DI de um dia;100% do DI1 + 12,8586%;;287380529.8999999;3164.849104332115;0.001101274712463433;3;1;XP BANCOS FUNDO DE INVESTIMENTO RENDA FIXA CREDITO PRIVADO;35.377.390/0001-06;2212.306906057033;Uberaba/MG;2212.306906057033
Dois fundos e Um fundo;BANCO BRADESCO S.A.;60.746.948/0001-12;2024-09-26;DI de um dia;100% do DI1 + 0,6500%;;18530422.42;3164.774403353965;0.01707880334092225;2;1;BTG PACTUAL CDB PLUS FUNDO DE INVESTIMENTO RENDA FIXA CREDITO PRIVADO;27.717.359/0001-30;3164.76879916143;Itupeva/SP;3164.76879916143
Dois fundos;BANCO BRADESCO S.A.;60.746.948/0001-12;2025-08-11;DI de um dia;217,50% do DI1;;31317659.08;3160.358716372592;0.01009129931550616;26;1;LME REC IMA-B FUNDO DE INVESTIMENTO EM RENDA FIXA;11.784.036/0001-20;3160.358716372592;Governo do Estado do Tocantins/TO;785.2577766043938
Dois fundos e Um fundo;BANCO DO BRASIL;00.000.000/0001-91;2027-09-16;DI de um dia;100% do DI1 + 2,6000%;;102370275.71;3127.494434655149;0.003055080601242965;27;2;LME REC IMA-B FUNDO DE INVESTIMENTO EM RENDA FIXA;11.784.036/0001-20;3052.062007547541;Governo do Estado do Tocantins/TO;758.3491752658908
Dois fundos;BANCO DO BRASIL;00.000.000/0001-91;2050-09-20;DI de um dia;100% do DI1 + 2,4365%;;29206821.25999999;3122.25289844119;0.01069014964225926;3;1;V8 CASH PLATINUM FUNDO DE INVESTIMENTO EM COTAS DE FUNDO DE INVESTIMENTO RENDA FIXA CREDITO PRIVADO;42.774.627/0001-40;3122.25289844119;Palmeira/PR;1893.268119369428
Dois fundos;CAIXA ECONOMICA FEDERAL CEF;00.360.305/0001-04;2050-11-30;Taxa Selic;114% do SEL + 0,0011%;;383601821.0999998;3063.437857112694;0.000798598361271621;3;1;V8 CASH PLATINUM FUNDO DE INVESTIMENTO EM COTAS DE FUNDO DE INVESTIMENTO RENDA FIXA CREDITO PRIVADO;42.774.627/0001-40;3063.437857112694;Palmeira/PR;1857.603922294864
Dois fundos;BANCO GMAC S/A;59.274.605/0001-13;2026-09-28;DI de um dia;100% do DI1 + 0,8771%;;115120517.96;3048.258057946456;0.002647884245105299;1;1;MAG STRATEGY FUNDO DE INVESTIMENTO MULTIMERCADO;41.687.144/0001-45;3048.258057946456;São Bernardo do Campo/SP;3048.258057946456
Um fundo;BANCO ABC BRASIL S.A.;28.195.667/0001-06;2027-08-25;DI de um dia;100% do DI1 + 1,7400%;;34130933.85;2969.948116442532;0.008701631574146138;2;1;SANTANDER RENDA FIXA CREDITO PRIVADO CRESCIMENTO INSTITUCIONAL FUNDO DE INVESTIMENTO LONGO PRAZO;17.138.474/0001-05;2969.948116442532;Cabedelo/PB;2919.012306383284
Dois fundos;BANCO BRADESCO S.A.;60.746.948/0001-12;2050-03-15;Taxa Selic;120% do SEL + 0,0055%;;558915685.0499996;2960.299017515654;0.0005296503742332496;3;1;V8 CASH PLATINUM FUNDO DE INVESTIMENTO EM COTAS DE FUNDO DE INVESTIMENTO RENDA FIXA CREDITO PRIVADO;42.774.627/0001-40;2960.299017515654;Palmeira/PR;1795.062711435448
Dois fundos;BANCO BRADESCO S.A.;60.746.948/0001-12;2050-03-15;Taxa Selic;120% do SEL + 0,0024%;;558915685.0499996;2960.298998327418;0.0005296503708001316;3;1;V8 CASH PLATINUM FUNDO DE INVESTIMENTO EM COTAS DE FUNDO DE INVESTIMENTO RENDA FIXA CREDITO PRIVADO;42.774.627/0001-40;2960.298998327418;Palmeira/PR;1795.062699800107
Um fundo;BANCO COOPERATIVO SICREDI S.A.;01.181.521/0001-55;2025-03-14;DI de um dia;100% do DI1 + 1,4500%;;65534531.57;2873.924405323299;0.004385358888624309;3;1;Porto Seguro FI Referenciado DI Crédito Privado;18.719.154/0001-01;2873.924405323299;Governo do Estado do Amazonas/AM;2522.672656077947
Dois fundos;ITAU UNIBANCO HOLDING SA;60.872.504/0001-23;2050-07-15;Taxa Selic;114% do SEL + 0,0665%;;463218319.4999997;2824.708039244667;0.000609800588692967;3;1;V8 CASH PLATINUM FUNDO DE INVESTIMENTO EM COTAS DE FUNDO DE INVESTIMENTO RENDA FIXA CREDITO PRIVADO;42.774.627/0001-40;2824.708039244667;Palmeira/PR;1712.843210073871
Dois fundos;BANCO ABC BRASIL S.A.;28.195.667/0001-06;2024-10-14;DI de um dia;109,50% do DI1;;84094834.16;2809.471906227736;0.003340837679615844;16;1;Itaú Inst. Multimercado Juros e Moedas;00.973.117/0001-51;2809.471906227736;Governador Jorge Teixeira/RO;354.0372874814873
Dois fundos e Um fundo;BANCO DAYCOVAL S.A.;62.232.889/0001-90;2026-03-02;DI de um dia;100% do DI1 + 0,6492%;;29069594.79;2747.253550390826;0.009450608342624324;3;1;XP BANCOS FUNDO DE INVESTIMENTO RENDA FIXA CREDITO PRIVADO;35.377.390/0001-06;1920.397403433846;Uberaba/MG;1920.397403433846
Um fundo;BANCO ABC BRASIL S.A.;28.195.667/0001-06;2025-10-01;DI de um dia;100% do DI1 + 1,1300%;;232787051.86;2742.139754977748;0.001177960600930198;1;1;BTG PACTUAL CDB PLUS FUNDO DE INVESTIMENTO RENDA FIXA CREDITO PRIVADO;27.717.359/0001-30;2742.139754977748;Itupeva/SP;2742.139754977748
Um fundo;BANCO BTG PACTUAL S A;30.306.294/0001-45;2026-11-24;DI de um dia;100% do DI1 + 1,0000%;;182974600.6599999;2735.936700183845;0.001495254909870093;1;1;BTG PACTUAL CDB PLUS FUNDO DE INVESTIMENTO RENDA FIXA CREDITO PRIVADO;27.717.359/0001-30;2735.936700183845;Itupeva/SP;2735.936700183845
Dois fundos e Um fundo;BANCO RODOBENS;33.603.457/0001-40;2024-09-19;DI de um dia;100% do DI1 + 0,5707%;;34031733.27;2718.420780464544;0.007987899878320078;3;1;XP BANCOS FUNDO DE INVESTIMENTO RENDA FIXA CREDITO PRIVADO;35.377.390/0001-06;1900.242592279863;Uberaba/MG;1900.242592279863
Dois fundos;BANCO BRADESCO S.A.;60.746.948/0001-12;2025-01-02;;10,6537% a.a. (prefixado);;216078434.33;2697.048377012372;0.001248180266288573;3;1;V8 CASH PLATINUM FUNDO DE INVESTIMENTO EM COTAS DE FUNDO DE INVESTIMENTO RENDA FIXA CREDITO PRIVADO;42.774.627/0001-40;2697.048377012372;Palmeira/PR;1635.433091004227
Dois fundos e Um fundo;BANCO ABC BRASIL S.A.;28.195.667/0001-06;2024-10-07;DI de um dia;100% do DI1 + 1,0200%;;3713484.87;2674.210893311807;0.07201351256109485;3;1;XP BANCOS FUNDO DE INVESTIMENTO RENDA FIXA CREDITO PRIVADO;35.377.390/0001-06;1869.338800206451;Uberaba/MG;1869.338800206451
Dois fundos e Um fundo;BANCO ABC BRASIL S.A.;28.195.667/0001-06;2026-01-12;DI de um dia;100% do DI1 + 0,8300%;;200593216.94;2663.603987331061;0.001327863438237685;4;2;BTG PACTUAL CDB PLUS FUNDO DE INVESTIMENTO RENDA FIXA CREDITO PRIVADO;27.717.359/0001-30;2367.837075288121;Itupeva/SP;2367.837075288121
Dois fundos;BANCO BRADESCO S.A.;60.746.948/0001-12;2025-11-12;;11,3178% a.a. (prefixado);;13445638.23;2610.47042400314;0.01941499822729605;3;1;V8 CASH PLATINUM FUNDO DE INVESTIMENTO EM COTAS DE FUNDO DE INVESTIMENTO RENDA FIXA CREDITO PRIVADO;42.774.627/0001-40;2610.47042400314;Palmeira/PR;1582.934051495134
Dois fundos;BANCO DO BRASIL;00.000.000/0001-91;2050-09-19;DI de um dia;100% do DI1 + 2,4369%;;117648669.98;2608.913241105639;0.002217545886025866;3;1;V8 CASH PLATINUM FUNDO DE INVESTIMENTO EM COTAS DE FUNDO DE INVESTIMENTO RENDA FIXA CREDITO PRIVADO;42.774.627/0001-40;2608.913241105639;Palmeira/PR;1581.989808721803
Dois fundos;BANCO DO BRASIL;00.000.000/0001-91;2050-08-31;DI de um dia;100% do DI1 + 2,1502%;;23805904.38;2604.300082214587;0.01093972335872495;3;1;V8 CASH PLATINUM FUNDO DE INVESTIMENTO EM COTAS DE FUNDO DE INVESTIMENTO RENDA FIXA CREDITO PRIVADO;42.774.627/0001-40;2604.300082214587;Palmeira/PR;1579.192486742416
Dois fundos;ITAU UNIBANCO HOLDING SA;60.872.504/0001-23;2050-10-17;DI de um dia;100% do DI1 + 3,2872%;;183076009.9000001;2570.829716359727;0.001404241723295132;3;1;V8 CASH PLATINUM FUNDO DE INVESTIMENTO EM COTAS DE FUNDO DE INVESTIMENTO RENDA FIXA CREDITO PRIVADO;42.774.627/0001-40;2570.829716359727;Palmeira/PR;1558.896764814101
Um fundo;ITAU UNIBANCO HOLDING SA;60.872.504/0001-23;2050-10-15;DI de um dia;100% do DI1 + 2,2606%;;33789881.96;2513.784440773605;0.007439459077570583;2;1;SANTANDER RENDA FIXA CREDITO PRIVADO CRESCIMENTO INSTITUCIONAL FUNDO DE INVESTIMENTO LONGO PRAZO;17.138.474/0001-05;2513.784440773605;Cabedelo/PB;2470.672022042698
Dois fundos;CAIXA ECONOMICA FEDERAL CEF;00.360.305/0001-04;2050-11-30;Taxa Selic;114% do SEL + 0,0538%;;383601821.0999998;2446.842301810601;0.0006378599285045476;3;2;V8 CASH PLATINUM FUNDO DE INVESTIMENTO EM COTAS DE FUNDO DE INVESTIMENTO RENDA FIXA CREDITO PRIVADO;42.774.627/0001-40;2446.842301810601;Palmeira/PR;1483.713419068439
Dois fundos e Um fundo;BANCO CITIBANK S.A.;33.479.023/0001-80;2026-07-13;DI de um dia;100% do DI1 + 0,4900%;;535131104.0599999;2424.442324943742;0.0004530557664373606;3;1;XP BANCOS FUNDO DE INVESTIMENTO RENDA FIXA CREDITO PRIVADO;35.377.390/0001-06;1694.744463951909;Uberaba/MG;1694.744463951909
Dois fundos;ITAU UNIBANCO S.A.;60.701.190/0001-04;2025-12-01;DI de um dia;100% do DI1 + 0,7500%;;1187335718.37;2413.280040752044;0.0002032517007123349;1;1;FUNDO DE INVESTIMENTO EM COTAS DE FUNDOS DE INVESTIMENTO CAIXA IDEAL RENDA FIXA LONGO PRAZO;68.623.479/0001-56;2413.280040752044;Pirajuba/MG;2413.280040752044
Dois fundos e Um fundo;PARANA BANCO S.A.;14.388.334/0001-99;2025-08-14;DI de um dia;100% do DI1 + 0,8437%;;529981789.19;2405.501403036453;0.0004538837847075673;3;1;XP BANCOS FUNDO DE INVESTIMENTO RENDA FIXA CREDITO PRIVADO;35.377.390/0001-06;1681.504296423788;Uberaba/MG;1681.504296423788
Dois fundos;ITAU UNIBANCO HOLDING SA;60.872.504/0001-23;2050-01-17;Taxa Selic;100% do SEL + 1,2008%;;150766934.55;2398.662637695234;0.001590973939249091;3;1;V8 CASH PLATINUM FUNDO DE INVESTIMENTO EM COTAS DE FUNDO DE INVESTIMENTO RENDA FIXA CREDITO PRIVADO;42.774.627/0001-40;2398.662637695234;Palmeira/PR;1454.498289788843
Dois fundos;BANCO SAFRA S.A.;58.160.789/0001-28;2026-06-01;DI de um dia;111% do DI1;;218523249.73;2362.733726602652;0.001081227617437488;26;1;LME REC IMA-B FUNDO DE INVESTIMENTO EM RENDA FIXA;11.784.036/0001-20;2362.733726602652;Governo do Estado do Tocantins/TO;587.0710255922335
Um fundo;BANCO XP S.A;33.264.668/0001-03;2024-12-02;DI de um dia;100% do DI1 + 1,0401%;;680975805.7300003;2342.891663998027;0.0003440491782944428;1;1;BV BANKS RENDA FIXA CREDITO PRIVADO FUNDO DE INVESTIMENTO;10.347.493/0001-94;2342.891663998027;São José dos Campos/SP;2342.891663998027
Dois fundos e Um fundo;PARANA BANCO S.A.;14.388.334/0001-99;2024-10-14;DI de um dia;100% do DI1 + 1,1000%;;24749573.02;2332.724167641531;0.009425310754882392;4;2;BTG PACTUAL YIELD FI RENDA FIXA REFERENCIADO DI CRÉDITO PRIVADO;00.840.011/0001-80;1272.271572560621;Rio das Ostras/RJ;1212.538772208343
Dois fundos;BANCO DO BRASIL;00.000.000/0001-91;2050-10-25;DI de um dia;100% do DI1 + 2,1097%;;38571296.33000001;2292.863644268574;0.005944481680500918;3;1;V8 CASH PLATINUM FUNDO DE INVESTIMENTO EM COTAS DE FUNDO DE INVESTIMENTO RENDA FIXA CREDITO PRIVADO;42.774.627/0001-40;2292.863644268574;Palmeira/PR;1390.344017911611
Um fundo;BANCO ABC BRASIL S.A.;28.195.667/0001-06;2025-12-29;DI de um dia;100% do DI1 + 0,8300%;;123395742.13;2271.889438323718;0.001841140868483318;1;1;BTG PACTUAL CDB PLUS FUNDO DE INVESTIMENTO RENDA FIXA CREDITO PRIVADO;27.717.359/0001-30;2271.889438323718;Itupeva/SP;2271.889438323718
Um fundo;ITAU UNIBANCO S.A.;60.701.190/0001-04;2024-06-07;DI de um dia;100% do DI1 + 0,6580%;;13172009.51;2249.617616623423;0.01707877309772321;1;1;BTG PACTUAL CDB PLUS FUNDO DE INVESTIMENTO RENDA FIXA CREDITO PRIVADO;27.717.359/0001-30;2249.617616623423;Itupeva/SP;2249.617616623423
Um fundo;ITAU UNIBANCO HOLDING SA;60.872.504/0001-23;2027-09-21;DI de um dia;100% do DI1 + 1,1002%;;4753020.59;2229.458848309916;0.04690614749282869;2;1;SANTANDER RENDA FIXA CREDITO PRIVADO CRESCIMENTO INSTITUCIONAL FUNDO DE INVESTIMENTO LONGO PRAZO;17.138.474/0001-05;2229.458848309916;Cabedelo/PB;2191.22272835761
Dois fundos;BANCO BTG PACTUAL S A;30.306.294/0001-45;2026-04-20;DI de um dia;100% do DI1 + 0,7000%;;95875419.30000003;2196.345624277423;0.002290832874905009;1;1;FUNDO DE INVESTIMENTO EM COTAS DE FUNDOS DE INVESTIMENTO CAIXA IDEAL RENDA FIXA LONGO PRAZO;68.623.479/0001-56;2196.345624277423;Pirajuba/MG;2196.345624277423
Dois fundos;BANCO DO BRASIL;00.000.000/0001-91;2050-09-28;DI de um dia;100% do DI1 + 2,4355%;;63145968.93000001;2165.898976149183;0.00342998771394287;3;1;V8 CASH PLATINUM FUNDO DE INVESTIMENTO EM COTAS DE FUNDO DE INVESTIMENTO RENDA FIXA CREDITO PRIVADO;42.774.627/0001-40;2165.898976149183;Palmeira/PR;1313.355328572328
Dois fundos;BANCO BRADESCO S.A.;60.746.948/0001-12;2050-03-15;Taxa Selic;120% do SEL + 0,0290%;;558915685.0499996;2126.883587468682;0.0003805374664478086;3;1;V8 CASH PLATINUM FUNDO DE INVESTIMENTO EM COTAS DE FUNDO DE INVESTIMENTO RENDA FIXA CREDITO PRIVADO;42.774.627/0001-40;2126.883587468682;Palmeira/PR;1289.697222084389
Dois fundos;BANCO BRADESCO S.A.;60.746.948/0001-12;2050-03-15;Taxa Selic;120% do SEL + 0,0254%;;558915685.0499996;2126.883587468682;0.0003805374664478086;3;1;V8 CASH PLATINUM FUNDO DE INVESTIMENTO EM COTAS DE FUNDO DE INVESTIMENTO RENDA FIXA CREDITO PRIVADO;42.774.627/0001-40;2126.883587468682;Palmeira/PR;1289.697222084389
Dois fundos;ITAU UNIBANCO HOLDING SA;60.872.504/0001-23;2050-10-15;DI de um dia;100% do DI1 + 2,4000%;;33789881.96;2099.06807418448;0.006212120174522446;3;1;NU RENDA FIXA INSTITUCIONAL REFERENCIADO DI FI EM COTAS DE FUNDO DE INVESTIMENTO RENDA FIXA;51.781.137/0001-61;2099.06807418448;Bento Gonçalves/RS;1004.890163965676
Dois fundos e Um fundo;BANCO ALFA DE INVESTIMENTOS S/A;60.770.336/0001-65;2025-01-21;DI de um dia;100% do DI1 + 0,3997%;;49254009.06;2085.199056333217;0.004233562091956982;3;1;XP BANCOS FUNDO DE INVESTIMENTO RENDA FIXA CREDITO PRIVADO;35.377.390/0001-06;1457.605124527129;Uberaba/MG;1457.605124527129
Um fundo;INDUSTRIAL BRAS;31.895.683/0001-16;2025-08-25;DI de um dia;100% do DI1 + 1,0900%;;54899279.06;2077.809771511707;0.003784766953389036;2;1;SANTANDER RENDA FIXA CREDITO PRIVADO CRESCIMENTO INSTITUCIONAL FUNDO DE INVESTIMENTO LONGO PRAZO;17.138.474/0001-05;2077.809771511707;Cabedelo/PB;2042.174494492881
Um fundo;BANCO CITIBANK S.A.;33.479.023/0001-80;2025-10-06;DI de um dia;100% do DI1 + 0,8500%;;146356963.04;2067.476501384864;0.001412625992259633;1;1;BTG PACTUAL CDB PLUS FUNDO DE INVESTIMENTO RENDA FIXA CREDITO PRIVADO;27.717.359/0001-30;2067.476501384864;Itupeva/SP;2067.476501384864
Dois fundos e Um fundo;BANCO DAYCOVAL S.A.;62.232.889/0001-90;2024-10-20;DI de um dia;100% do DI1 + 0,4192%;;584188592.9600003;2018.648129305087;0.0003455473375604417;3;1;XP BANCOS FUNDO DE INVESTIMENTO RENDA FIXA CREDITO PRIVADO;35.377.390/0001-06;1411.084399331322;Uberaba/MG;1411.084399331322
Dois fundos e Um fundo;BANCO DAYCOVAL S.A.;62.232.889/0001-90;2024-10-20;DI de um dia;100% do DI1 + 0,5973%;;584188592.9600003;2018.648129305087;0.0003455473375604417;3;1;XP BANCOS FUNDO DE INVESTIMENTO RENDA FIXA CREDITO PRIVADO;35.377.390/0001-06;1411.084399331322;Uberaba/MG;1411.084399331322
Dois fundos;BANCO BRADESCO S.A.;60.746.948/0001-12;2031-11-03;DI de um dia;100% do DI1 + 2,2500%;;31254419.61;1968.897002634256;0.006299579474527493;16;1;Itaú Inst. Multimercado Juros e Moedas;00.973.117/0001-51;1968.897002634256;Governador Jorge Teixeira/RO;248.1117367993211
Dois fundos;BANCO DO BRASIL;00.000.000/0001-91;2050-09-01;DI de um dia;100% do DI1 + 2,2213%;;39610642.16;1952.146193510614;0.004928337656393638;3;1;V8 CASH PLATINUM FUNDO DE INVESTIMENTO EM COTAS DE FUNDO DE INVESTIMENTO RENDA FIXA CREDITO PRIVADO;42.774.627/0001-40;1952.146193510614;Palmeira/PR;1183.740162229413
Dois fundos;BANCO DO BRASIL;00.000.000/0001-91;2050-09-01;DI de um dia;100% do DI1 + 2,1245%;;39610642.16;1947.995656180688;0.004917859317483703;3;1;V8 CASH PLATINUM FUNDO DE INVESTIMENTO EM COTAS DE FUNDO DE INVESTIMENTO RENDA FIXA CREDITO PRIVADO;42.774.627/0001-40;1947.995656180688;Palmeira/PR;1181.223364179862
Dois fundos;BANCO DO BRASIL;00.000.000/0001-91;2050-09-05;DI de um dia;100% do DI1 + 2,1308%;;307214450.27;1946.942439814389;0.0006337405151688959;3;1;V8 CASH PLATINUM FUNDO DE INVESTIMENTO EM COTAS DE FUNDO DE INVESTIMENTO RENDA FIXA CREDITO PRIVADO;42.774.627/0001-40;1946.942439814389;Palmeira/PR;1180.58471605174
Um fundo;BANCO BRADESCO S.A.;60.746.948/0001-12;2027-02-01;DI de um dia;100% do DI1 + 1,3000%;;3079909822.410001;1930.810198413731;6.26904782849418e-05;1;1;BTG PACTUAL CDB PLUS FUNDO DE INVESTIMENTO RENDA FIXA CREDITO PRIVADO;27.717.359/0001-30;1930.810198413731;Itupeva/SP;1930.810198413731
Dois fundos;ITAU UNIBANCO HOLDING SA;60.872.504/0001-23;2050-10-15;DI de um dia;100% do DI1 + 2,2516%;;33789881.96;1928.122272878618;0.005706211922140192;3;1;V8 CASH PLATINUM FUNDO DE INVESTIMENTO EM COTAS DE FUNDO DE INVESTIMENTO RENDA FIXA CREDITO PRIVADO;42.774.627/0001-40;1928.122272878618;Palmeira/PR;1169.17256488407
Dois fundos;ITAU UNIBANCO HOLDING SA;60.872.504/0001-23;2050-07-15;Taxa Selic;114% do SEL + 0,0019%;;463218319.4999997;1925.937301051609;0.0004157731289924966;3;1;V8 CASH PLATINUM FUNDO DE INVESTIMENTO EM COTAS DE FUNDO DE INVESTIMENTO RENDA FIXA CREDITO PRIVADO;42.774.627/0001-40;1925.937301051609;Palmeira/PR;1167.847644182143
Dois fundos;ITAU UNIBANCO HOLDING SA;60.872.504/0001-23;2050-07-15;Taxa Selic;114% do SEL + 0,0702%;;463218319.4999997;1925.937301051609;0.0004157731289924966;3;1;V8 CASH PLATINUM FUNDO DE INVESTIMENTO EM COTAS DE FUNDO DE INVESTIMENTO RENDA FIXA CREDITO PRIVADO;42.774.627/0001-40;1925.937301051609;Palmeira/PR;1167.847644182143
Dois fundos;BANCO DO BRASIL;00.000.000/0001-91;2050-10-25;DI de um dia;100% do DI1 + 2,2258%;;38571296.33000001;1910.719705471889;0.004953734738714933;3;1;V8 CASH PLATINUM FUNDO DE INVESTIMENTO EM COTAS DE FUNDO DE INVESTIMENTO RENDA FIXA CREDITO PRIVADO;42.774.627/0001-40;1910.719705471889;Palmeira/PR;1158.620016087403
Dois fundos e Um fundo;ITAU UNIBANCO S.A.;60.701.190/0001-04;2024-06-03;DI de um dia;100% do DI1 + 0,1908%;;1314998439.930001;1898.456065527847;0.0001443694538245159;3;1;XP BANCOS FUNDO DE INVESTIMENTO RENDA FIXA CREDITO PRIVADO;35.377.390/0001-06;1327.067207995513;Uberaba/MG;1327.067207995513
Um fundo;BANCO BTG PACTUAL S A;30.306.294/0001-45;2027-06-02;DI de um dia;100% do DI1 + 1,1100%;;11025923.98;1883.092538471652;0.01707877309772321;1;1;BTG PACTUAL CDB PLUS FUNDO DE INVESTIMENTO RENDA FIXA CREDITO PRIVADO;27.717.359/0001-30;1883.092538471652;Itupeva/SP;1883.092538471652
Um fundo;Banco Volkswagen S/A;59.109.165/0001-49;2025-12-01;DI de um dia;100% do DI1 + 0,9000%;;11597918.77;1817.25949221991;0.01566884135212744;1;1;BTG PACTUAL CDB PLUS FUNDO DE INVESTIMENTO RENDA FIXA CREDITO PRIVADO;27.717.359/0001-30;1817.25949221991;Itupeva/SP;1817.25949221991
Dois fundos;BANCO DO NORDESTE DO BRASIL SA;07.237.373/0001-20;2024-06-11;DI de um dia;117% do DI1;;12957723.96;1808.48897069722;0.01395684131163741;26;1;LME REC IMA-B FUNDO DE INVESTIMENTO EM RENDA FIXA;11.784.036/0001-20;1808.48897069722;Governo do Estado do Tocantins/TO;449.357226692693
Dois fundos;BANCO XP S.A;33.264.668/0001-03;2024-06-28;DI de um dia;100% do DI1 + 0,6101%;;715793280.3400003;1795.788494179969;0.0002508808818835199;3;1;V8 CASH PLATINUM FUNDO DE INVESTIMENTO EM COTAS DE FUNDO DE INVESTIMENTO RENDA FIXA CREDITO PRIVADO;42.774.627/0001-40;1795.788494179969;Palmeira/PR;1088.928160450679
Dois fundos;ITAU UNIBANCO HOLDING SA;60.872.504/0001-23;2024-11-19;DI de um dia;100% do DI1 + 0,3424%;;1445656218.540001;1795.35524872662;0.0001241896396737938;1;1;BNB ESPECIAL FUNDO DE INVESTIMENTO EM COTAS DE FUNDO DE INVESTIMENTO RENDA FIXA REFERENCIADO DI;03.772.955/0001-55;1795.35524872662;Águas Formosas/MG;1795.35524872662
Dois fundos;BANCO BRADESCO S.A.;60.746.948/0001-12;2050-03-15;Taxa Selic;120% do SEL + 0,0033%;;558915685.0499996;1776.179383645862;0.0003177902197335844;3;1;V8 CASH PLATINUM FUNDO DE INVESTIMENTO EM COTAS DE FUNDO DE INVESTIMENTO RENDA FIXA CREDITO PRIVADO;42.774.627/0001-40;1776.179383645862;Palmeira/PR;1077.037610571792
Dois fundos;BANCO BRADESCO S.A.;60.746.948/0001-12;2050-03-15;Taxa Selic;120% do SEL + 0,0209%;;558915685.0499996;1772.40300678993;0.0003171145584564107;3;1;V8 CASH PLATINUM FUNDO DE INVESTIMENTO EM COTAS DE FUNDO DE INVESTIMENTO RENDA FIXA CREDITO PRIVADO;42.774.627/0001-40;1772.40300678993;Palmeira/PR;1074.747695519866
Dois fundos;BANCO BRADESCO S.A.;60.746.948/0001-12;2050-03-15;Taxa Selic;120% do SEL + 0,0189%;;558915685.0499996;1772.402983813003;0.0003171145543454281;3;1;V8 CASH PLATINUM FUNDO DE INVESTIMENTO EM COTAS DE FUNDO DE INVESTIMENTO RENDA FIXA CREDITO PRIVADO;42.774.627/0001-40;1772.402983813003;Palmeira/PR;1074.747681587143
Um fundo;BANCO JOHN DEERE S.A.;91.884.981/0001-32;2025-08-28;DI de um dia;100% do DI1 + 1,2000%;;66193491.89999999;1763.946949178183;0.002664834409767984;1;1;BTG PACTUAL CDB PLUS FUNDO DE INVESTIMENTO RENDA FIXA CREDITO PRIVADO;27.717.359/0001-30;1763.946949178183;Itupeva/SP;1763.946949178183
Um fundo;BANCO BTG PACTUAL S A;30.306.294/0001-45;2026-02-09;DI de um dia;100% do DI1 + 0,8000%;;20725678.56;1761.21862883884;0.008497760996052234;1;1;BTG PACTUAL CDB PLUS FUNDO DE INVESTIMENTO RENDA FIXA CREDITO PRIVADO;27.717.359/0001-30;1761.21862883884;Itupeva/SP;1761.21862883884
Dois fundos;BANCO ABC BRASIL S.A.;28.195.667/0001-06;2025-02-03;DI de um dia;117% do DI1;;5974482.11;1708.652929066691;0.0285991806085882;26;1;LME REC IMA-B FUNDO DE INVESTIMENTO EM RENDA FIXA;11.784.036/0001-20;1708.652929066691;Governo do Estado do Tocantins/TO;424.5508565583067
Um fundo;BANCO VOTORANTIM S/A;59.588.111/0001-03;2026-01-22;DI de um dia;100% do DI1 + 0,8500%;;41808649.22000001;1696.291439004325;0.004057273962806886;1;1;BTG PACTUAL CDB PLUS FUNDO DE INVESTIMENTO RENDA FIXA CREDITO PRIVADO;27.717.359/0001-30;1696.291439004325;Itupeva/SP;1696.291439004325
Um fundo;BANCO VOTORANTIM S/A;59.588.111/0001-03;2024-11-18;Índice de Preços ao Consumidor Amplo (IPCA/IBGE);100% do IAP + 6,5730%;;27568196.22;1665.801549073356;0.006042475669354315;1;1;VOTORANTIM ATUARIAL FI MULTIMERCADO CRÉDITO PRIVADO;14.491.564/0001-89;1665.801549073356;Brusque/SC;1665.801549073356
Dois fundos;BANCO DAYCOVAL S.A.;62.232.889/0001-90;2024-10-25;DI de um dia;100% do DI1 + 1,4000%;;20724240;1660.831973198691;0.00801395840425845;26;1;LME REC IMA-B FUNDO DE INVESTIMENTO EM RENDA FIXA;11.784.036/0001-20;1660.831973198691;Governo do Estado do Tocantins/TO;412.6687315053938
Um fundo;BANCO ABC BRASIL S.A.;28.195.667/0001-06;2024-09-23;DI de um dia;100% do DI1 + 1,0000%;;14347681.11;1659.35747352086;0.01156533561625039;1;1;BTG PACTUAL CDB PLUS FUNDO DE INVESTIMENTO RENDA FIXA CREDITO PRIVADO;27.717.359/0001-30;1659.35747352086;Itupeva/SP;1659.35747352086
Um fundo;Banco Volkswagen S/A;59.109.165/0001-49;2025-12-11;DI de um dia;100% do DI1 + 0,8500%;;22743518.51;1654.812868359507;0.007275975648323321;1;1;BTG PACTUAL CDB PLUS FUNDO DE INVESTIMENTO RENDA FIXA CREDITO PRIVADO;27.717.359/0001-30;1654.812868359507;Itupeva/SP;1654.812868359507
Dois fundos;BANCO BRADESCO S.A.;60.746.948/0001-12;2025-01-02;;10,4900% a.a. (prefixado);;216078434.33;1650.57374874962;0.0007638771327955966;3;1;V8 CASH PLATINUM FUNDO DE INVESTIMENTO EM COTAS DE FUNDO DE INVESTIMENTO RENDA FIXA CREDITO PRIVADO;42.774.627/0001-40;1650.57374874962;Palmeira/PR;1000.873010234344
Dois fundos;BANCO SAFRA S.A.;58.160.789/0001-28;2026-06-01;DI de um dia;111,50% do DI1;;218523249.73;1643.634570919232;0.0007521554676447709;26;1;LME REC IMA-B FUNDO DE INVESTIMENTO EM RENDA FIXA;11.784.036/0001-20;1643.634570919232;Governo do Estado do Tocantins/TO;408.3956742073793
Um fundo;BANCO GMAC S/A;59.274.605/0001-13;2026-09-28;DI de um dia;100% do DI1 + 1,3000%;;115120517.96;1643.237528363003;0.001427406302092877;1;1;BTG PACTUAL CDB PLUS FUNDO DE INVESTIMENTO RENDA FIXA CREDITO PRIVADO;27.717.359/0001-30;1643.237528363003;Itupeva/SP;1643.237528363003
Um fundo;ITAU UNIBANCO S.A.;60.701.190/0001-04;2025-03-05;DI de um dia;100% do DI1 + 0,7000%;;1701037345.4;1615.641677533493;9.497978876845727e-05;1;1;BTG PACTUAL CDB PLUS FUNDO DE INVESTIMENTO RENDA FIXA CREDITO PRIVADO;27.717.359/0001-30;1615.641677533493;Itupeva/SP;1615.641677533493
Um fundo;BANCO PAN S.A.;59.285.411/0001-13;2026-03-20;DI de um dia;100% do DI1 + 0,9000%;;264540999.1;1599.286499602252;0.000604551470298825;1;1;BTG PACTUAL CDB PLUS FUNDO DE INVESTIMENTO RENDA FIXA CREDITO PRIVADO;27.717.359/0001-30;1599.286499602252;Itupeva/SP;1599.286499602252
Um fundo;BANCO BTG PACTUAL S A;30.306.294/0001-45;2024-09-19;DI de um dia;100% do DI1 + 1,0000%;;9718448.6;1595.955156818742;0.0164219128227806;1;1;BTG PACTUAL CDB PLUS FUNDO DE INVESTIMENTO RENDA FIXA CREDITO PRIVADO;27.717.359/0001-30;1595.955156818742;Itupeva/SP;1595.955156818742
Dois fundos;BANCO BRADESCO S.A.;60.746.948/0001-12;2026-05-06;;11,1400% a.a. (prefixado);;810889.89;1555.954639340662;0.1918823577071188;3;1;V8 CASH PLATINUM FUNDO DE INVESTIMENTO EM COTAS DE FUNDO DE INVESTIMENTO RENDA FIXA CREDITO PRIVADO;42.774.627/0001-40;1555.954639340662;Palmeira/PR;943.4979835616028
Dois fundos;ITAU UNIBANCO S.A.;60.701.190/0001-04;2050-07-15;Taxa Selic;114% do SEL + 0,0002%;;6928759.650000001;1540.749838543594;0.02223702244518749;3;1;V8 CASH PLATINUM FUNDO DE INVESTIMENTO EM COTAS DE FUNDO DE INVESTIMENTO RENDA FIXA CREDITO PRIVADO;42.774.627/0001-40;1540.749838543594;Palmeira/PR;934.2781139524423
Dois fundos;BANCO CSF S.A.;08.357.240/0001-50;2024-11-25;DI de um dia;100% do DI1 + 1,1000%;;34386260.12000001;1537.63136257622;0.004471644654609852;16;1;Itaú Inst. Multimercado Juros e Moedas;00.973.117/0001-51;1537.63136257622;Governador Jorge Teixeira/RO;193.7655384793945
Um fundo;BANCO DAYCOVAL S.A.;62.232.889/0001-90;2026-11-27;DI de um dia;100% do DI1 + 1,0500%;;36186279.06;1533.754943224126;0.004238498632813358;1;1;BTG PACTUAL CDB PLUS FUNDO DE INVESTIMENTO RENDA FIXA CREDITO PRIVADO;27.717.359/0001-30;1533.754943224126;Itupeva/SP;1533.754943224126
Dois fundos;BANCO DO BRASIL;00.000.000/0001-91;2050-10-26;DI de um dia;100% do DI1 + 2,1096%;;19607092.58;1527.761648208196;0.007791882666819112;3;1;V8 CASH PLATINUM FUNDO DE INVESTIMENTO EM COTAS DE FUNDO DE INVESTIMENTO RENDA FIXA CREDITO PRIVADO;42.774.627/0001-40;1527.761648208196;Palmeira/PR;926.4023500440834
Dois fundos e Um fundo;BANCO ABC BRASIL S.A.;28.195.667/0001-06;2024-08-26;DI de um dia;100% do DI1 + 0,3402%;;331775485.98;1522.791099071637;0.0004589824032880578;3;1;XP BANCOS FUNDO DE INVESTIMENTO RENDA FIXA CREDITO PRIVADO;35.377.390/0001-06;1064.468211248038;Uberaba/MG;1064.468211248038
Dois fundos;BANCO ABC BRASIL S.A.;28.195.667/0001-06;2025-04-14;DI de um dia;110% do DI1;;37083182.93000001;1483.130529825745;0.003999469335265456;16;1;Itaú Inst. Multimercado Juros e Moedas;00.973.117/0001-51;1483.130529825745;Governador Jorge Teixeira/RO;186.8975833488632
Dois fundos e Um fundo;BANCO JOHN DEERE S.A.;91.884.981/0001-32;2024-09-23;DI de um dia;100% do DI1 + 1,2371%;;436297654.4299999;1473.950166990533;0.000337831329603679;3;1;XP BANCOS FUNDO DE INVESTIMENTO RENDA FIXA CREDITO PRIVADO;35.377.390/0001-06;1030.327205538355;Uberaba/MG;1030.327205538355
Dois fundos;BANCO SAFRA S.A.;58.160.789/0001-28;2026-04-09;DI de um dia;111,25% do DI1 + 0,0136%;;121013572.14;1448.782154930398;0.001197206337529074;4;1;FI EM COTAS DE FI CORPORATE REFERENCIADO DI;03.069.104/0001-40;1249.065189655761;Senador Canedo/GO;800.7380147553805
Dois fundos;ITAU UNIBANCO HOLDING SA;60.872.504/0001-23;2050-01-17;Taxa Selic;100% do SEL + 1,3022%;;150766934.55;1436.193230176834;0.0009525916504593634;3;1;V8 CASH PLATINUM FUNDO DE INVESTIMENTO EM COTAS DE FUNDO DE INVESTIMENTO RENDA FIXA CREDITO PRIVADO;42.774.627/0001-40;1436.193230176834;Palmeira/PR;870.8771980980562
Um fundo;BANCO SAFRA S.A.;58.160.789/0001-28;2024-07-12;DI de um dia;100% do DI1 + 0,8000%;;12730200.21;1424.178011526904;0.0111873968047114;1;1;BTG PACTUAL CDB PLUS FUNDO DE INVESTIMENTO RENDA FIXA CREDITO PRIVADO;27.717.359/0001-30;1424.178011526904;Itupeva/SP;1424.178011526904
Dois fundos e Um fundo;PARANA BANCO S.A.;14.388.334/0001-99;2024-09-23;DI de um dia;100% do DI1 + 1,2000%;;29658940.91;1418.375488111053;0.004782286368266184;4;2;BTG PACTUAL YIELD FI RENDA FIXA REFERENCIADO DI CRÉDITO PRIVADO;00.840.011/0001-80;988.8327625620635;Rio das Ostras/RJ;942.4073363702063
Dois fundos;BANCO BRADESCO S.A.;60.746.948/0001-12;2050-03-15;Taxa Selic;120% do SEL + 0,0065%;;558915685.0499996;1417.922403134251;0.0002536916463540304;3;1;V8 CASH PLATINUM FUNDO DE INVESTIMENTO EM COTAS DE FUNDO DE INVESTIMENTO RENDA FIXA CREDITO PRIVADO;42.774.627/0001-40;1417.922403134251;Palmeira/PR;859.7981550226203
Dois fundos;ITAU UNIBANCO HOLDING SA;60.872.504/0001-23;2050-09-15;Taxa Selic;114% do SEL + 0,0758%;;367720164.9599999;1379.365730019384;0.0003751128878584697;3;1;V8 CASH PLATINUM FUNDO DE INVESTIMENTO EM COTAS DE FUNDO DE INVESTIMENTO RENDA FIXA CREDITO PRIVADO;42.774.627/0001-40;1379.365730019384;Palmeira/PR;836.4182039514656
Dois fundos e Um fundo;BANCO COOPERATIVO SICREDI S.A.;01.181.521/0001-55;2025-09-08;DI de um dia;100% do DI1 + 0,6742%;;507271027.7;1368.4886831292;0.0002697746585950349;3;1;XP BANCOS FUNDO DE INVESTIMENTO RENDA FIXA CREDITO PRIVADO;35.377.390/0001-06;956.6070497337431;Uberaba/MG;956.6070497337431
Um fundo;BANCO BTG PACTUAL S A;30.306.294/0001-45;2024-11-04;DI de um dia;100% do DI1 + 1,2000%;;139011355.25;1353.261734891485;0.000973490066662367;1;1;BTG PACTUAL CDB PLUS FUNDO DE INVESTIMENTO RENDA FIXA CREDITO PRIVADO;27.717.359/0001-30;1353.261734891485;Itupeva/SP;1353.261734891485
Um fundo;BANCO DAYCOVAL S.A.;62.232.889/0001-90;2026-10-13;DI de um dia;100% do DI1 + 1,1500%;;69914502.98;1347.983939708924;0.001928046231115357;1;1;BTG PACTUAL CDB PLUS FUNDO DE INVESTIMENTO RENDA FIXA CREDITO PRIVADO;27.717.359/0001-30;1347.983939708924;Itupeva/SP;1347.983939708924
Um fundo;BANCO DAYCOVAL S.A.;62.232.889/0001-90;2026-07-27;DI de um dia;100% do DI1 + 1,3000%;;236138035.63;1345.258276826675;0.0005696914828810271;1;1;BTG PACTUAL CDB PLUS FUNDO DE INVESTIMENTO RENDA FIXA CREDITO PRIVADO;27.717.359/0001-30;1345.258276826675;Itupeva/SP;1345.258276826675
Dois fundos;BANCO DO BRASIL;00.000.000/0001-91;2050-09-05;DI de um dia;100% do DI1 + 2,1460%;;307214450.27;1300.727137483717;0.0004233938658616329;3;1;V8 CASH PLATINUM FUNDO DE INVESTIMENTO EM COTAS DE FUNDO DE INVESTIMENTO RENDA FIXA CREDITO PRIVADO;42.774.627/0001-40;1300.727137483717;Palmeira/PR;788.733424709466
Dois fundos;ITAU UNIBANCO HOLDING SA;60.872.504/0001-23;2050-10-15;DI de um dia;100% do DI1 + 2,2447%;;33789881.96;1285.414867773981;0.003804141338213723;3;1;V8 CASH PLATINUM FUNDO DE INVESTIMENTO EM COTAS DE FUNDO DE INVESTIMENTO RENDA FIXA CREDITO PRIVADO;42.774.627/0001-40;1285.414867773981;Palmeira/PR;779.4483882247206
Dois fundos;ITAU UNIBANCO S.A.;60.701.190/0001-04;2050-07-15;Taxa Selic;114% do SEL + 0,0665%;;6928759.650000001;1283.958200701072;0.01853085206529097;3;1;V8 CASH PLATINUM FUNDO DE INVESTIMENTO EM COTAS DE FUNDO DE INVESTIMENTO RENDA FIXA CREDITO PRIVADO;42.774.627/0001-40;1283.958200701072;Palmeira/PR;778.5650961214287
Dois fundos;BANCO BRADESCO S.A.;60.746.948/0001-12;2026-03-16;;11,1400% a.a. (prefixado);;2831348.44;1273.2326022714;0.04496912440319072;3;1;V8 CASH PLATINUM FUNDO DE INVESTIMENTO EM COTAS DE FUNDO DE INVESTIMENTO RENDA FIXA CREDITO PRIVADO;42.774.627/0001-40;1273.2326022714;Palmeira/PR;772.0613200890018
Dois fundos;BANCO VOTORANTIM S/A;59.588.111/0001-03;2024-07-11;;14,1400% a.a. (prefixado);;22233172.75;1264.614762633822;0.005687963552722462;3;1;V8 CASH PLATINUM FUNDO DE INVESTIMENTO EM COTAS DE FUNDO DE INVESTIMENTO RENDA FIXA CREDITO PRIVADO;42.774.627/0001-40;1264.614762633822;Palmeira/PR;766.8356444072496
Um fundo;BANCO ALFA DE INVESTIMENTOS S/A;60.770.336/0001-65;2026-10-06;Índice de Preços ao Consumidor Amplo (IPCA/IBGE);100% do IAP + 6,1000%;;66116009.11;1261.283259447067;0.001907682082487188;1;1;BTG PACTUAL CDB PLUS FUNDO DE INVESTIMENTO RENDA FIXA CREDITO PRIVADO;27.717.359/0001-30;1261.283259447067;Itupeva/SP;1261.283259447067
Um fundo;BANCO SAFRA S.A.;58.160.789/0001-28;2024-09-09;DI de um dia;100% do DI1 + 1,0500%;;27119865.13;1254.706254668925;0.004626520997263253;1;1;BTG PACTUAL CDB PLUS FUNDO DE INVESTIMENTO RENDA FIXA CREDITO PRIVADO;27.717.359/0001-30;1254.706254668925;Itupeva/SP;1254.706254668925
Dois fundos;BANCO BRADESCO S.A.;60.746.948/0001-12;2024-06-07;;12,8300% a.a. (prefixado);;1982890.8;1249.274382158683;0.0630026818500889;3;1;V8 CASH PLATINUM FUNDO DE INVESTIMENTO EM COTAS DE FUNDO DE INVESTIMENTO RENDA FIXA CREDITO PRIVADO;42.774.627/0001-40;1249.274382158683;Palmeira/PR;757.5335621489291
Dois fundos;CAIXA ECONOMICA FEDERAL CEF;00.360.305/0001-04;2050-11-30;Taxa Selic;114% do SEL + 0,0106%;;383601821.0999998;1225.375146682724;0.000319439345509073;3;1;V8 CASH PLATINUM FUNDO DE INVESTIMENTO EM COTAS DE FUNDO DE INVESTIMENTO RENDA FIXA CREDITO PRIVADO;42.774.627/0001-40;1225.375146682724;Palmeira/PR;743.0415712450134
Um fundo;BANCO DAYCOVAL S.A.;62.232.889/0001-90;2025-07-10;DI de um dia;100% do DI1 + 1,2000%;;7093453.04;1211.474749495149;0.01707877309772321;1;1;BTG PACTUAL CDB PLUS FUNDO DE INVESTIMENTO RENDA FIXA CREDITO PRIVADO;27.717.359/0001-30;1211.474749495149;Itupeva/SP;1211.474749495149
Dois fundos;ITAU UNIBANCO HOLDING SA;60.872.504/0001-23;2050-01-15;Taxa Selic;100% do SEL + 1,2081%;;323786567.5100001;1199.331318847617;0.0003704079906929975;3;1;V8 CASH PLATINUM FUNDO DE INVESTIMENTO EM COTAS DE FUNDO DE INVESTIMENTO RENDA FIXA CREDITO PRIVADO;42.774.627/0001-40;1199.331318847617;Palmeira/PR;727.2491448944213
Um fundo;BANCO CNH CAPITAL S.A.;02.992.446/0001-75;2026-05-10;DI de um dia;100% do DI1 + 1,6000%;;113356657.15;1199.165280144916;0.001057869304101049;1;1;BTG PACTUAL CDB PLUS FUNDO DE INVESTIMENTO RENDA FIXA CREDITO PRIVADO;27.717.359/0001-30;1199.165280144916;Itupeva/SP;1199.165280144916
Dois fundos;ITAU UNIBANCO HOLDING SA;60.872.504/0001-23;2050-01-17;Taxa Selic;100% do SEL + 1,2987%;;150766934.55;1196.904599417197;0.0007938773863046595;3;1;V8 CASH PLATINUM FUNDO DE INVESTIMENTO EM COTAS DE FUNDO DE INVESTIMENTO RENDA FIXA CREDITO PRIVADO;42.774.627/0001-40;1196.904599417197;Palmeira/PR;725.7776335589487
Dois fundos;ITAU UNIBANCO HOLDING SA;60.872.504/0001-23;2050-01-17;Taxa Selic;100% do SEL + 1,2015%;;150766934.55;1196.81225514877;0.0007938161366223585;3;1;V8 CASH PLATINUM FUNDO DE INVESTIMENTO EM COTAS DE FUNDO DE INVESTIMENTO RENDA FIXA CREDITO PRIVADO;42.774.627/0001-40;1196.81225514877;Palmeira/PR;725.7216379477328
Dois fundos;BANCO ABC BRASIL S.A.;28.195.667/0001-06;2026-08-28;DI de um dia;100% do DI1 + 1,1000%;;1106023.38;1175.947644904112;0.1063221326211126;1;1;RUBIK CICLOS FUNDO DE INVESTIMENTO EM COTAS DE FUNDOS DE INVESTIMENTO MULTIMERCADO;46.929.855/0001-00;1175.947644904112;Santana do Itararé/PR;1175.947644904112
Dois fundos;BANCO DO BRASIL;00.000.000/0001-91;2050-09-20;DI de um dia;100% do DI1 + 2,4438%;;29206821.25999999;1170.844835479388;0.004008806110930362;3;1;V8 CASH PLATINUM FUNDO DE INVESTIMENTO EM COTAS DE FUNDO DE INVESTIMENTO RENDA FIXA CREDITO PRIVADO;42.774.627/0001-40;1170.844835479388;Palmeira/PR;709.9755438927403
Dois fundos;BANCO DO BRASIL;00.000.000/0001-91;2050-08-31;DI de um dia;100% do DI1 + 2,1154%;;23805904.38;1169.443334858097;0.004912408771332285;3;1;V8 CASH PLATINUM FUNDO DE INVESTIMENTO EM COTAS DE FUNDO DE INVESTIMENTO RENDA FIXA CREDITO PRIVADO;42.774.627/0001-40;1169.443334858097;Palmeira/PR;709.125703558893
Dois fundos;BANCO BRADESCO S.A.;60.746.948/0001-12;2026-06-25;;11,1400% a.a. (prefixado);;160330135.5100001;1134.529116014541;0.0007076206306479288;3;1;V8 CASH PLATINUM FUNDO DE INVESTIMENTO EM COTAS DE FUNDO DE INVESTIMENTO RENDA FIXA CREDITO PRIVADO;42.774.627/0001-40;1134.529116014541;Palmeira/PR;687.9544597169244
Dois fundos;BANCO DO NORDESTE DO BRASIL SA;07.237.373/0001-20;2024-06-18;DI de um dia;117% do DI1;;53488255.48;1115.92078295848;0.002086291229624677;26;1;LME REC IMA-B FUNDO DE INVESTIMENTO EM RENDA FIXA;11.784.036/0001-20;1115.92078295848;Governo do Estado do Tocantins/TO;277.2740538448738
Um fundo;BANCO SAFRA S.A.;58.160.789/0001-28;2031-10-14;Índice de Preços ao Consumidor Amplo (IPCA/IBGE);100% do IAP + 6,7200%;;124486468.25;1107.560621470307;0.0008897036256551578;1;1;BTG PACTUAL CDB PLUS FUNDO DE INVESTIMENTO RENDA FIXA CREDITO PRIVADO;27.717.359/0001-30;1107.560621470307;Itupeva/SP;1107.560621470307
Um fundo;BANCO BTG PACTUAL S A;30.306.294/0001-45;2024-07-02;DI de um dia;108% do DI1 + 108,0000%;;17246413.68;1083.937501624359;0.006285002329970548;1;1;BTG PACTUAL CDB PLUS FUNDO DE INVESTIMENTO RENDA FIXA CREDITO PRIVADO;27.717.359/0001-30;1083.937501624359;Itupeva/SP;1083.937501624359
Dois fundos;BANCO DO BRASIL;00.000.000/0001-91;2050-09-28;DI de um dia;100% do DI1 + 2,4623%;;63145968.93000001;1082.949488074591;0.001714993856971435;3;1;V8 CASH PLATINUM FUNDO DE INVESTIMENTO EM COTAS DE FUNDO DE INVESTIMENTO RENDA FIXA CREDITO PRIVADO;42.774.627/0001-40;1082.949488074591;Palmeira/PR;656.6776642861641
Um fundo;BANCO GMAC S/A;59.274.605/0001-13;2024-09-13;DI de um dia;100% do DI1 + 1,2200%;;19707410.3;1078.241315782082;0.005471248121231242;1;1;BTG PACTUAL CDB PLUS FUNDO DE INVESTIMENTO RENDA FIXA CREDITO PRIVADO;27.717.359/0001-30;1078.241315782082;Itupeva/SP;1078.241315782082
Dois fundos;ITAU UNIBANCO HOLDING SA;60.872.504/0001-23;2050-01-17;Taxa Selic;100% do SEL + 1,1966%;;150766934.55;1077.297184981667;0.0007145447297161793;3;1;V8 CASH PLATINUM FUNDO DE INVESTIMENTO EM COTAS DE FUNDO DE INVESTIMENTO RENDA FIXA CREDITO PRIVADO;42.774.627/0001-40;1077.297184981667;Palmeira/PR;653.2502272415256
Um fundo;BANCO ABC BRASIL S.A.;28.195.667/0001-06;2024-09-05;DI de um dia;100% do DI1 + 1,0000%;;6263673.87;1069.758647838678;0.01707877309772321;1;1;BTG PACTUAL CDB PLUS FUNDO DE INVESTIMENTO RENDA FIXA CREDITO PRIVADO;27.717.359/0001-30;1069.758647838678;Itupeva/SP;1069.758647838678
Dois fundos;BANCO BRADESCO S.A.;60.746.948/0001-12;2050-03-15;Taxa Selic;120% do SEL + 0,0002%;;558915685.0499996;1063.441799478573;0.00019026873425165;3;1;V8 CASH PLATINUM FUNDO DE INVESTIMENTO EM COTAS DE FUNDO DE INVESTIMENTO RENDA FIXA CREDITO PRIVADO;42.774.627/0001-40;1063.441799478573;Palmeira/PR;644.8486145253751
Dois fundos;BANCO BRADESCO S.A.;60.746.948/0001-12;2050-03-15;Taxa Selic;120% do SEL + 0,0307%;;558915685.0499996;1063.441776501646;0.0001902687301406673;3;1;V8 CASH PLATINUM FUNDO DE INVESTIMENTO EM COTAS DE FUNDO DE INVESTIMENTO RENDA FIXA CREDITO PRIVADO;42.774.627/0001-40;1063.441776501646;Palmeira/PR;644.8486005926526
Dois fundos;BANCO ABC BRASIL S.A.;28.195.667/0001-06;2025-10-01;DI de um dia;100% do DI1 + 0,9000%;;232787051.86;1041.01367767816;0.0004471956963930426;1;1;FUNDO DE INVESTIMENTO EM COTAS DE FUNDOS DE INVESTIMENTO CAIXA IDEAL RENDA FIXA LONGO PRAZO;68.623.479/0001-56;1041.01367767816;Pirajuba/MG;1041.01367767816
Um fundo;BANCO ABC BRASIL S.A.;28.195.667/0001-06;2026-01-19;DI de um dia;100% do DI1 + 0,8500%;;83341314.73;1039.082349799015;0.001246779407266755;1;1;CAIXA MEGA FI RF REFERENCIADO DI LP;10.322.633/0001-70;1039.082349799015;Extrema/MG;1039.082349799015
Um fundo;BANCO VOTORANTIM S/A;59.588.111/0001-03;2025-09-01;DI de um dia;100% do DI1 + 0,9900%;;29352899.99;1031.287275111239;0.003513408472289211;1;1;BTG PACTUAL CDB PLUS FUNDO DE INVESTIMENTO RENDA FIXA CREDITO PRIVADO;27.717.359/0001-30;1031.287275111239;Itupeva/SP;1031.287275111239
Um fundo;BANCO BTG PACTUAL S A;30.306.294/0001-45;2025-04-22;DI de um dia;100% do DI1 + 1,2000%;;19915469.49;1020.95231687638;0.005126428565437652;1;1;BTG PACTUAL CDB PLUS FUNDO DE INVESTIMENTO RENDA FIXA CREDITO PRIVADO;27.717.359/0001-30;1020.95231687638;Itupeva/SP;1020.95231687638
Um fundo;BANCO ABC BRASIL S.A.;28.195.667/0001-06;2025-05-13;DI de um dia;100% do DI1 + 1,1000%;;32874102.06;1012.192755908375;0.003078997424966852;1;1;BTG PACTUAL CDB PLUS FUNDO DE INVESTIMENTO RENDA FIXA CREDITO PRIVADO;27.717.359/0001-30;1012.192755908375;Itupeva/SP;1012.192755908375
Dois fundos e Um fundo;BANCO CNH CAPITAL S.A.;02.992.446/0001-75;2024-09-28;DI de um dia;100% do DI1 + 1,2400%;;417504231.7700001;1008.385044463089;0.0002415269038562945;3;1;XP BANCOS FUNDO DE INVESTIMENTO RENDA FIXA CREDITO PRIVADO;35.377.390/0001-06;704.8858015937236;Uberaba/MG;704.8858015937236
Dois fundos;BANCO BRADESCO S.A.;60.746.948/0001-12;2026-08-17;;11,1400% a.a. (prefixado);;62055144.81;1006.875194514482;0.001622549101444088;3;1;V8 CASH PLATINUM FUNDO DE INVESTIMENTO EM COTAS DE FUNDO DE INVESTIMENTO RENDA FIXA CREDITO PRIVADO;42.774.627/0001-40;1006.875194514482;Palmeira/PR;610.5478217058873
Dois fundos;ITAU UNIBANCO HOLDING SA;60.872.504/0001-23;2050-01-17;Taxa Selic;100% do SEL + 1,2429%;;150766934.55;999.5456722147858;0.0006629740633768065;3;1;V8 CASH PLATINUM FUNDO DE INVESTIMENTO EM COTAS DE FUNDO DE INVESTIMENTO RENDA FIXA CREDITO PRIVADO;42.774.627/0001-40;999.5456722147858;Palmeira/PR;606.1033544088432
Dois fundos;ITAU UNIBANCO HOLDING SA;60.872.504/0001-23;2050-01-17;Taxa Selic;100% do SEL + 1,2454%;;150766934.55;999.5072189903012;0.0006629485582986545;3;1;V8 CASH PLATINUM FUNDO DE INVESTIMENTO EM COTAS DE FUNDO DE INVESTIMENTO RENDA FIXA CREDITO PRIVADO;42.774.627/0001-40;999.5072189903012;Palmeira/PR;606.0800371868335
Dois fundos;ITAU UNIBANCO HOLDING SA;60.872.504/0001-23;2050-01-17;Taxa Selic;100% do SEL + 1,2131%;;150766934.55;999.4943244958635;0.0006629400056975976;3;1;V8 CASH PLATINUM FUNDO DE INVESTIMENTO EM COTAS DE FUNDO DE INVESTIMENTO RENDA FIXA CREDITO PRIVADO;42.774.627/0001-40;999.4943244958635;Palmeira/PR;606.0722182381356
Dois fundos;BANCO BRADESCO S.A.;60.746.948/0001-12;2026-05-18;;11,1400% a.a. (prefixado);;516496.81;991.0662565100579;0.1918823577071188;3;1;V8 CASH PLATINUM FUNDO DE INVESTIMENTO EM COTAS DE FUNDO DE INVESTIMENTO RENDA FIXA CREDITO PRIVADO;42.774.627/0001-40;991.0662565100579;Palmeira/PR;600.9616160721899
Um fundo;BANCO BRADESCO S.A.;60.746.948/0001-12;2028-03-20;Índice de Preços ao Consumidor Amplo (IPCA/IBGE);100% do IAP + 4,5300%;;10830079.02;957.8137510829654;0.008844014427911029;1;1;BTG PACTUAL CDB PLUS FUNDO DE INVESTIMENTO RENDA FIXA CREDITO PRIVADO;27.717.359/0001-30;957.8137510829654;Itupeva/SP;957.8137510829654
Dois fundos;ITAU UNIBANCO HOLDING SA;60.872.504/0001-23;2050-01-17;Taxa Selic;100% do SEL + 1,3050%;;150766934.55;957.5486003084618;0.0006351184383807328;3;1;V8 CASH PLATINUM FUNDO DE INVESTIMENTO EM COTAS DE FUNDO DE INVESTIMENTO RENDA FIXA CREDITO PRIVADO;42.774.627/0001-40;957.5486003084618;Palmeira/PR;580.6372182778445
Dois fundos;ITAU UNIBANCO HOLDING SA;60.872.504/0001-23;2050-01-17;Taxa Selic;100% do SEL + 1,9148%;;150766934.55;957.4621496217345;0.0006350610977662372;3;1;V8 CASH PLATINUM FUNDO DE INVESTIMENTO EM COTAS DE FUNDO DE INVESTIMENTO RENDA FIXA CREDITO PRIVADO;42.774.627/0001-40;957.4621496217345;Palmeira/PR;580.584796409917
Um fundo;PARANA BANCO S.A.;14.388.334/0001-99;2024-12-12;DI de um dia;100% do DI1 + 1,2500%;;5568180.48;950.9769098509151;0.01707877309772321;1;1;BTG PACTUAL CDB PLUS FUNDO DE INVESTIMENTO RENDA FIXA CREDITO PRIVADO;27.717.359/0001-30;950.9769098509151;Itupeva/SP;950.9769098509151
Um fundo;BANCO DAYCOVAL S.A.;62.232.889/0001-90;2025-01-17;DI de um dia;100% do DI1 + 1,0000%;;161056860.38;912.9034756953417;0.0005668206082879198;1;1;CAIXA MEGA FI RF REFERENCIADO DI LP;10.322.633/0001-70;912.9034756953417;Extrema/MG;912.9034756953417
Dois fundos;ITAU UNIBANCO HOLDING SA;60.872.504/0001-23;2050-07-15;Taxa Selic;114% do SEL + 0,0373%;;463218319.4999997;898.7707267045947;0.0001940274572203303;3;1;V8 CASH PLATINUM FUNDO DE INVESTIMENTO EM COTAS DE FUNDO DE INVESTIMENTO RENDA FIXA CREDITO PRIVADO;42.774.627/0001-40;898.7707267045947;Palmeira/PR;544.9955589253667
Um fundo;BANCO PAN S.A.;59.285.411/0001-13;2027-01-11;DI de um dia;100% do DI1 + 1,1000%;;10512729.26;898.1098785605832;0.008543070560922857;1;1;BTG PACTUAL CDB PLUS FUNDO DE INVESTIMENTO RENDA FIXA CREDITO PRIVADO;27.717.359/0001-30;898.1098785605832;Itupeva/SP;898.1098785605832
Dois fundos e Um fundo;BANCO DAYCOVAL S.A.;62.232.889/0001-90;2025-10-31;DI de um dia;100% do DI1 + 1,1321%;;398278056.51;891.7176100161653;0.0002238932312339874;3;1;XP BANCOS FUNDO DE INVESTIMENTO RENDA FIXA CREDITO PRIVADO;35.377.390/0001-06;623.332412338739;Uberaba/MG;623.332412338739
Um fundo;Banco Volkswagen S/A;59.109.165/0001-49;2026-12-15;DI de um dia;100% do DI1 + 0,9500%;;10566537.39;887.0923330013277;0.008395298291764504;1;1;BTG PACTUAL CDB PLUS FUNDO DE INVESTIMENTO RENDA FIXA CREDITO PRIVADO;27.717.359/0001-30;887.0923330013277;Itupeva/SP;887.0923330013277
Dois fundos e Um fundo;BANCO ABC BRASIL S.A.;28.195.667/0001-06;2024-12-09;DI de um dia;100% do DI1 + 1,0430%;;209315022.14;873.0611414811946;0.0004171039099607715;3;1;XP BANCOS FUNDO DE INVESTIMENTO RENDA FIXA CREDITO PRIVADO;35.377.390/0001-06;610.2910846728939;Uberaba/MG;610.2910846728939
Um fundo;BANCO PAN S.A.;59.285.411/0001-13;2024-09-23;DI de um dia;100% do DI1 + 1,1000%;;11225478.48;862.7395242826574;0.007685547888401968;1;1;BTG PACTUAL CDB PLUS FUNDO DE INVESTIMENTO RENDA FIXA CREDITO PRIVADO;27.717.359/0001-30;862.7395242826574;Itupeva/SP;862.7395242826574
Um fundo;BANCO ABC BRASIL S.A.;28.195.667/0001-06;2025-10-17;DI de um dia;100% do DI1 + 0,9000%;;11334243.3;857.589365602965;0.007566357478870822;1;1;BTG PACTUAL CDB PLUS FUNDO DE INVESTIMENTO RENDA FIXA CREDITO PRIVADO;27.717.359/0001-30;857.589365602965;Itupeva/SP;857.589365602965
Um fundo;BANCO DAYCOVAL S.A.;62.232.889/0001-90;2024-09-05;DI de um dia;100% do DI1 + 0,9500%;;6132874.859999999;854.9141243825326;0.01393985926499946;1;1;BTG PACTUAL CDB PLUS FUNDO DE INVESTIMENTO RENDA FIXA CREDITO PRIVADO;27.717.359/0001-30;854.9141243825326;Itupeva/SP;854.9141243825326
Um fundo;Banco Volkswagen S/A;59.109.165/0001-49;2026-12-11;DI de um dia;100% do DI1 + 1,3000%;;43067163.21;851.1188469750878;0.001976259366852056;1;1;BTG PACTUAL CDB PLUS FUNDO DE INVESTIMENTO RENDA FIXA CREDITO PRIVADO;27.717.359/0001-30;851.1188469750878;Itupeva/SP;851.1188469750878
Um fundo;BANCO ABC BRASIL S.A.;28.195.667/0001-06;2024-10-14;DI de um dia;109,50% do DI1 + 109,5000%;;84094834.16;836.3723904127678;0.0009945585823042044;1;1;BTG PACTUAL CDB PLUS FUNDO DE INVESTIMENTO RENDA FIXA CREDITO PRIVADO;27.717.359/0001-30;836.3723904127678;Itupeva/SP;836.3723904127678
Dois fundos;ITAU UNIBANCO HOLDING SA;60.872.504/0001-23;2050-01-17;Taxa Selic;100% do SEL + 1,8238%;;150766934.55;799.5851440011404;0.0005303451624772325;3;1;V8 CASH PLATINUM FUNDO DE INVESTIMENTO EM COTAS DE FUNDO DE INVESTIMENTO RENDA FIXA CREDITO PRIVADO;42.774.627/0001-40;799.5851440011404;Palmeira/PR;484.8515194315502
Dois fundos;ITAU UNIBANCO HOLDING SA;60.872.504/0001-23;2050-01-17;Taxa Selic;100% do SEL + 1,2119%;;150766934.55;799.5851440011404;0.0005303451624772325;3;1;V8 CASH PLATINUM FUNDO DE INVESTIMENTO EM COTAS DE FUNDO DE INVESTIMENTO RENDA FIXA CREDITO PRIVADO;42.774.627/0001-40;799.5851440011404;Palmeira/PR;484.8515194315502
Dois fundos;BANCO DO BRASIL;00.000.000/0001-91;2050-09-27;DI de um dia;100% do DI1 + 2,4353%;;97165012.81999996;778.4804724727853;0.0008011942260687345;3;1;V8 CASH PLATINUM FUNDO DE INVESTIMENTO EM COTAS DE FUNDO DE INVESTIMENTO RENDA FIXA CREDITO PRIVADO;42.774.627/0001-40;778.4804724727853;Palmeira/PR;472.0540929981094
Dois fundos;ITAU UNIBANCO HOLDING SA;60.872.504/0001-23;2050-07-15;Taxa Selic;114% do SEL + 0,0049%;;463218319.4999997;770.3749135275656;0.0001663092501089146;3;1;V8 CASH PLATINUM FUNDO DE INVESTIMENTO EM COTAS DE FUNDO DE INVESTIMENTO RENDA FIXA CREDITO PRIVADO;42.774.627/0001-40;770.3749135275656;Palmeira/PR;467.1390534930405
Dois fundos;BANCO DO BRASIL;00.000.000/0001-91;2050-10-25;DI de um dia;100% do DI1 + 2,1033%;;38571296.33000001;764.28787759337;0.00198149388357197;3;1;V8 CASH PLATINUM FUNDO DE INVESTIMENTO EM COTAS DE FUNDO DE INVESTIMENTO RENDA FIXA CREDITO PRIVADO;42.774.627/0001-40;764.28787759337;Palmeira/PR;463.4480036484165
Dois fundos;BANCO DO BRASIL;00.000.000/0001-91;2050-10-26;DI de um dia;100% do DI1 + 2,2258%;;19607092.58;763.8808298483295;0.003895941362706258;3;1;V8 CASH PLATINUM FUNDO DE INVESTIMENTO EM COTAS DE FUNDO DE INVESTIMENTO RENDA FIXA CREDITO PRIVADO;42.774.627/0001-40;763.8808298483295;Palmeira/PR;463.2011785052222
Dois fundos;ITAU UNIBANCO HOLDING SA;60.872.504/0001-23;2050-09-15;Taxa Selic;114% do SEL + 0,0463%;;367720164.9599999;752.3813031056775;0.0002046070286048959;3;1;V8 CASH PLATINUM FUNDO DE INVESTIMENTO EM COTAS DE FUNDO DE INVESTIMENTO RENDA FIXA CREDITO PRIVADO;42.774.627/0001-40;752.3813031056775;Palmeira/PR;456.2281087130318
Um fundo;BANCO ABC BRASIL S.A.;28.195.667/0001-06;2026-07-27;DI de um dia;100% do DI1 + 0,9800%;;4339750.59;741.1761562732041;0.01707877309772321;1;1;BTG PACTUAL CDB PLUS FUNDO DE INVESTIMENTO RENDA FIXA CREDITO PRIVADO;27.717.359/0001-30;741.1761562732041;Itupeva/SP;741.1761562732041
Dois fundos;BANCO BRADESCO S.A.;60.746.948/0001-12;2026-06-22;;11,1400% a.a. (prefixado);;381376.23;731.7937018585242;0.1918823577071188;3;1;V8 CASH PLATINUM FUNDO DE INVESTIMENTO EM COTAS DE FUNDO DE INVESTIMENTO RENDA FIXA CREDITO PRIVADO;42.774.627/0001-40;731.7937018585242;Palmeira/PR;443.7442227616453
Dois fundos;ITAU UNIBANCO HOLDING SA;60.872.504/0001-23;2050-01-15;Taxa Selic;100% do SEL + 1,1848%;;323786567.5100001;718.0688244955672;0.000221772271165446;3;1;V8 CASH PLATINUM FUNDO DE INVESTIMENTO EM COTAS DE FUNDO DE INVESTIMENTO RENDA FIXA CREDITO PRIVADO;42.774.627/0001-40;718.0688244955672;Palmeira/PR;435.4217474213182
Dois fundos;ITAU UNIBANCO HOLDING SA;60.872.504/0001-23;2050-01-17;Taxa Selic;100% do SEL + 1,2096%;;150766934.55;718.0688244955672;0.0004762773924128758;3;1;V8 CASH PLATINUM FUNDO DE INVESTIMENTO EM COTAS DE FUNDO DE INVESTIMENTO RENDA FIXA CREDITO PRIVADO;42.774.627/0001-40;718.0688244955672;Palmeira/PR;435.4217474213182
Dois fundos;BANCO BRADESCO S.A.;60.746.948/0001-12;2050-03-15;Taxa Selic;120% do SEL + 0,0265%;;558915685.0499996;708.9611958228938;0.0001268458221492695;3;1;V8 CASH PLATINUM FUNDO DE INVESTIMENTO EM COTAS DE FUNDO DE INVESTIMENTO RENDA FIXA CREDITO PRIVADO;42.774.627/0001-40;708.9611958228938;Palmeira/PR;429.8990740281296
Dois fundos;BANCO BRADESCO S.A.;60.746.948/0001-12;2050-08-15;Taxa Selic;120% do SEL + 0,0004%;;102773062.48;708.9611843344305;0.0006898317197392041;3;1;V8 CASH PLATINUM FUNDO DE INVESTIMENTO EM COTAS DE FUNDO DE INVESTIMENTO RENDA FIXA CREDITO PRIVADO;42.774.627/0001-40;708.9611843344305;Palmeira/PR;429.8990670617684
Um fundo;Banco Volkswagen S/A;59.109.165/0001-49;2024-09-26;DI de um dia;100% do DI1 + 0,8500%;;3969843.48;678.0005602839589;0.01707877309772321;1;1;BTG PACTUAL CDB PLUS FUNDO DE INVESTIMENTO RENDA FIXA CREDITO PRIVADO;27.717.359/0001-30;678.0005602839589;Itupeva/SP;678.0005602839589
Dois fundos;BANCO DO BRASIL;00.000.000/0001-91;2050-09-05;DI de um dia;100% do DI1 + 2,1442%;;307214450.27;650.3635687418584;0.0002116969329308164;3;1;V8 CASH PLATINUM FUNDO DE INVESTIMENTO EM COTAS DE FUNDO DE INVESTIMENTO RENDA FIXA CREDITO PRIVADO;42.774.627/0001-40;650.3635687418584;Palmeira/PR;394.366712354733
Dois fundos;BANCO DO BRASIL;00.000.000/0001-91;2050-10-25;DI de um dia;100% do DI1 + 2,2181%;;38571296.33000001;638.2636015824978;0.0016547631589091;3;1;V8 CASH PLATINUM FUNDO DE INVESTIMENTO EM COTAS DE FUNDO DE INVESTIMENTO RENDA FIXA CREDITO PRIVADO;42.774.627/0001-40;638.2636015824978;Palmeira/PR;387.0295481936647
Dois fundos;ITAU UNIBANCO HOLDING SA;60.872.504/0001-23;2050-09-15;Taxa Selic;114% do SEL + 0,0053%;;367720164.9599999;628.3203153708222;0.0001708691486742834;3;1;V8 CASH PLATINUM FUNDO DE INVESTIMENTO EM COTAS DE FUNDO DE INVESTIMENTO RENDA FIXA CREDITO PRIVADO;42.774.627/0001-40;628.3203153708222;Palmeira/PR;381.0001497436769
Dois fundos;CAIXA ECONOMICA FEDERAL CEF;00.360.305/0001-04;2050-11-30;Taxa Selic;114% do SEL + 0,0530%;;383601821.0999998;612.6875637472444;0.0001597196702534749;3;1;V8 CASH PLATINUM FUNDO DE INVESTIMENTO EM COTAS DE FUNDO DE INVESTIMENTO RENDA FIXA CREDITO PRIVADO;42.774.627/0001-40;612.6875637472444;Palmeira/PR;371.5207798048366
Dois fundos;CAIXA ECONOMICA FEDERAL CEF;00.360.305/0001-04;2050-11-30;Taxa Selic;114% do SEL + 0,1805%;;383601821.0999998;612.6875637472444;0.0001597196702534749;3;1;V8 CASH PLATINUM FUNDO DE INVESTIMENTO EM COTAS DE FUNDO DE INVESTIMENTO RENDA FIXA CREDITO PRIVADO;42.774.627/0001-40;612.6875637472444;Palmeira/PR;371.5207798048366
Um fundo;BANCO BRADESCO S.A.;60.746.948/0001-12;2025-04-29;DI de um dia;100% do DI1 + 0,8000%;;59018637.64;605.0029038183843;0.001025104827916838;1;1;BTG PACTUAL CDB PLUS FUNDO DE INVESTIMENTO RENDA FIXA CREDITO PRIVADO;27.717.359/0001-30;605.0029038183843;Itupeva/SP;605.0029038183843
Dois fundos;ITAU UNIBANCO HOLDING SA;60.872.504/0001-23;2050-01-15;Taxa Selic;100% do SEL + 1,2294%;;323786567.5100001;599.7042853424149;0.0001852159247847406;3;1;V8 CASH PLATINUM FUNDO DE INVESTIMENTO EM COTAS DE FUNDO DE INVESTIMENTO RENDA FIXA CREDITO PRIVADO;42.774.627/0001-40;599.7042853424149;Palmeira/PR;363.6479943872833
Dois fundos;ITAU UNIBANCO HOLDING SA;60.872.504/0001-23;2050-01-17;Taxa Selic;100% do SEL + 1,2223%;;150766934.55;598.4522997085985;0.0003969386931523298;3;1;V8 CASH PLATINUM FUNDO DE INVESTIMENTO EM COTAS DE FUNDO DE INVESTIMENTO RENDA FIXA CREDITO PRIVADO;42.774.627/0001-40;598.4522997085985;Palmeira/PR;362.8888167794743
Dois fundos;BANCO BRADESCO S.A.;60.746.948/0001-12;2050-03-15;Taxa Selic;120% do SEL + 0,0199%;;558915685.0499996;592.0597881525422;0.0001059300721001554;3;1;V8 CASH PLATINUM FUNDO DE INVESTIMENTO EM COTAS DE FUNDO DE INVESTIMENTO RENDA FIXA CREDITO PRIVADO;42.774.627/0001-40;592.0597881525422;Palmeira/PR;359.0125329788173
Dois fundos;HSBC BANK BRASIL SA - BANCO MULTIPL;01.701.201/0001-89;2024-10-04;DI de um dia;100% do DI1 + 0,8000%;;36398112.04000001;583.1523729570482;0.001602150057443057;26;1;LME REC IMA-B FUNDO DE INVESTIMENTO EM RENDA FIXA;11.784.036/0001-20;583.1523729570482;Governo do Estado do Tocantins/TO;144.8965060318933
Dois fundos;BANCO BRADESCO S.A.;60.746.948/0001-12;2026-07-17;DI de um dia;115% do DI1;;33469098.43;540.3970183551639;0.001614614805013031;26;1;LME REC IMA-B FUNDO DE INVESTIMENTO EM RENDA FIXA;11.784.036/0001-20;540.3970183551639;Governo do Estado do Tocantins/TO;134.273036449572
Um fundo;BANCO JOHN DEERE S.A.;91.884.981/0001-32;2026-08-31;DI de um dia;100% do DI1 + 1,3000%;;58901947.51999998;493.6965021185619;0.0008381666870198624;1;1;BTG PACTUAL CDB PLUS FUNDO DE INVESTIMENTO RENDA FIXA CREDITO PRIVADO;27.717.359/0001-30;493.6965021185619;Itupeva/SP;493.6965021185619
Dois fundos;ITAU UNIBANCO HOLDING SA;60.872.504/0001-23;2050-01-17;Taxa Selic;100% do SEL + 1,1886%;;150766934.55;478.7310690666357;0.000317530545073111;3;1;V8 CASH PLATINUM FUNDO DE INVESTIMENTO EM COTAS DE FUNDO DE INVESTIMENTO RENDA FIXA CREDITO PRIVADO;42.774.627/0001-40;478.7310690666357;Palmeira/PR;290.2923947217779
Dois fundos;ITAU UNIBANCO HOLDING SA;60.872.504/0001-23;2050-01-17;Taxa Selic;100% do SEL + 1,2332%;;150766934.55;478.7310690666357;0.000317530545073111;3;1;V8 CASH PLATINUM FUNDO DE INVESTIMENTO EM COTAS DE FUNDO DE INVESTIMENTO RENDA FIXA CREDITO PRIVADO;42.774.627/0001-40;478.7310690666357;Palmeira/PR;290.2923947217779
Dois fundos;Banco Volkswagen S/A;59.109.165/0001-49;2025-06-24;DI de um dia;100% do DI1 + 1,2500%;;212947.43;475.9380928899483;0.223500275579728;16;1;Itaú Inst. Multimercado Juros e Moedas;00.973.117/0001-51;475.9380928899483;Governador Jorge Teixeira/RO;59.97562425961871
Um fundo;BANCO DAYCOVAL S.A.;62.232.889/0001-90;2025-02-05;DI de um dia;100% do DI1 + 2,0000%;;29819612.46;458.6261604003799;0.001538001746386143;1;1;BTG PACTUAL CDB PLUS FUNDO DE INVESTIMENTO RENDA FIXA CREDITO PRIVADO;27.717.359/0001-30;458.6261604003799;Itupeva/SP;458.6261604003799
Dois fundos;BANCO ABC BRASIL S.A.;28.195.667/0001-06;2024-09-20;DI de um dia;120% do DI1;;19122484.76;456.1054350223779;0.00238517870845137;26;1;LME REC IMA-B FUNDO DE INVESTIMENTO EM RENDA FIXA;11.784.036/0001-20;456.1054350223779;Governo do Estado do Tocantins/TO;113.3290148195401
Um fundo;BANCO ABC BRASIL S.A.;28.195.667/0001-06;2025-12-29;DI de um dia;100% do DI1 + 1,1000%;;123395742.13;455.0231489889599;0.0003687510939474584;1;1;BTG PACTUAL CDB PLUS FUNDO DE INVESTIMENTO RENDA FIXA CREDITO PRIVADO;27.717.359/0001-30;455.0231489889599;Itupeva/SP;455.0231489889599
Um fundo;BANCO ABC BRASIL S.A.;28.195.667/0001-06;2026-08-03;DI de um dia;100% do DI1 + 0,9800%;;2517530.55;410.891174042993;0.01632119912280679;1;1;BTG PACTUAL CDB PLUS FUNDO DE INVESTIMENTO RENDA FIXA CREDITO PRIVADO;27.717.359/0001-30;410.891174042993;Itupeva/SP;410.891174042993
Dois fundos;BANCO DO BRASIL;00.000.000/0001-91;2050-09-22;DI de um dia;100% do DI1 + 2,8417%;;74294649.99;389.8580513300969;0.0005247457944583783;3;1;V8 CASH PLATINUM FUNDO DE INVESTIMENTO EM COTAS DE FUNDO DE INVESTIMENTO RENDA FIXA CREDITO PRIVADO;42.774.627/0001-40;389.8580513300969;Palmeira/PR;236.401676504574
Um fundo;BANCO ABC BRASIL S.A.;28.195.667/0001-06;2025-08-25;DI de um dia;100% do DI1 + 1,0000%;;93554710.66999999;376.4883254295439;0.0004024258348225235;1;1;BTG PACTUAL CDB PLUS FUNDO DE INVESTIMENTO RENDA FIXA CREDITO PRIVADO;27.717.359/0001-30;376.4883254295439;Itupeva/SP;376.4883254295439
Um fundo;BANCO BRADESCO S.A.;60.746.948/0001-12;2027-02-01;Índice de Preços ao Consumidor Amplo (IPCA/IBGE);100% do IAP + 6,4000%;;3079909822.410001;374.1651562850119;1.214857505120819e-05;1;1;BTG PACTUAL CDB PLUS FUNDO DE INVESTIMENTO RENDA FIXA CREDITO PRIVADO;27.717.359/0001-30;374.1651562850119;Itupeva/SP;374.1651562850119
Um fundo;BANCO BTG PACTUAL S A;30.306.294/0001-45;2025-06-20;DI de um dia;100% do DI1 + 1,0400%;;253844058.74;366.496995525166;0.0001443787959207471;1;1;BTG PACTUAL CDB PLUS FUNDO DE INVESTIMENTO RENDA FIXA CREDITO PRIVADO;27.717.359/0001-30;366.496995525166;Itupeva/SP;366.496995525166
Dois fundos;BANCO BRADESCO S.A.;60.746.948/0001-12;2024-06-10;;12,8300% a.a. (prefixado);;188034.63;360.8052813498574;0.1918823577071188;3;1;V8 CASH PLATINUM FUNDO DE INVESTIMENTO EM COTAS DE FUNDO DE INVESTIMENTO RENDA FIXA CREDITO PRIVADO;42.774.627/0001-40;360.8052813498574;Palmeira/PR;218.7846912788025
Dois fundos;BANCO BRADESCO S.A.;60.746.948/0001-12;2024-06-24;;12,7800% a.a. (prefixado);;2324445619.470001;360.8015972085894;1.55220493947652e-05;3;1;V8 CASH PLATINUM FUNDO DE INVESTIMENTO EM COTAS DE FUNDO DE INVESTIMENTO RENDA FIXA CREDITO PRIVADO;42.774.627/0001-40;360.8015972085894;Palmeira/PR;218.7824572934602
Dois fundos;ITAU UNIBANCO HOLDING SA;60.872.504/0001-23;2050-01-17;Taxa Selic;100% do SEL + 1,2286%;;150766934.55;359.0990578310679;0.0002381815740320548;3;1;V8 CASH PLATINUM FUNDO DE INVESTIMENTO EM COTAS DE FUNDO DE INVESTIMENTO RENDA FIXA CREDITO PRIVADO;42.774.627/0001-40;359.0990578310679;Palmeira/PR;217.7500734250548
Dois fundos;ITAU UNIBANCO HOLDING SA;60.872.504/0001-23;2050-01-17;Taxa Selic;100% do SEL + 1,2298%;;150766934.55;359.0990578310679;0.0002381815740320548;3;1;V8 CASH PLATINUM FUNDO DE INVESTIMENTO EM COTAS DE FUNDO DE INVESTIMENTO RENDA FIXA CREDITO PRIVADO;42.774.627/0001-40;359.0990578310679;Palmeira/PR;217.7500734250548
Um fundo;BANCO ABC BRASIL S.A.;28.195.667/0001-06;2025-12-29;DI de um dia;100% do DI1 + 0,8400%;;123395742.13;357.5042068317379;0.0002897216716400958;1;1;BTG PACTUAL CDB PLUS FUNDO DE INVESTIMENTO RENDA FIXA CREDITO PRIVADO;27.717.359/0001-30;357.5042068317379;Itupeva/SP;357.5042068317379
Dois fundos;BANCO BRADESCO S.A.;60.746.948/0001-12;2050-11-14;Taxa Selic;120% do SEL + 0,0262%;;7096731.340000001;354.4805921672153;0.004994983960703453;3;1;V8 CASH PLATINUM FUNDO DE INVESTIMENTO EM COTAS DE FUNDO DE INVESTIMENTO RENDA FIXA CREDITO PRIVADO;42.774.627/0001-40;354.4805921672153;Palmeira/PR;214.9495335308842
Dois fundos;BANCO BRADESCO S.A.;60.746.948/0001-12;2050-03-15;Taxa Selic;120% do SEL + 0,0224%;;558915685.0499996;354.4805921672153;6.34229100468891e-05;3;1;V8 CASH PLATINUM FUNDO DE INVESTIMENTO EM COTAS DE FUNDO DE INVESTIMENTO RENDA FIXA CREDITO PRIVADO;42.774.627/0001-40;354.4805921672153;Palmeira/PR;214.9495335308842
Dois fundos;BANCO BRADESCO S.A.;60.746.948/0001-12;2050-03-15;Taxa Selic;120% do SEL + 0,0171%;;558915685.0499996;354.4805921672153;6.34229100468891e-05;3;1;V8 CASH PLATINUM FUNDO DE INVESTIMENTO EM COTAS DE FUNDO DE INVESTIMENTO RENDA FIXA CREDITO PRIVADO;42.774.627/0001-40;354.4805921672153;Palmeira/PR;214.9495335308842
Um fundo;BANCO ABC BRASIL S.A.;28.195.667/0001-06;2025-12-29;DI de um dia;100% do DI1 + 0,9400%;;123395742.13;346.3679313497843;0.0002806968258150094;1;1;BTG PACTUAL CDB PLUS FUNDO DE INVESTIMENTO RENDA FIXA CREDITO PRIVADO;27.717.359/0001-30;346.3679313497843;Itupeva/SP;346.3679313497843
Dois fundos;BANCO BRADESCO S.A.;60.746.948/0001-12;2026-04-28;;11,1400% a.a. (prefixado);;171262.49;328.6225036799186;0.1918823577071188;3;1;V8 CASH PLATINUM FUNDO DE INVESTIMENTO EM COTAS DE FUNDO DE INVESTIMENTO RENDA FIXA CREDITO PRIVADO;42.774.627/0001-40;328.6225036799186;Palmeira/PR;199.2697355922629
Dois fundos;BANCO BRADESCO S.A.;60.746.948/0001-12;2024-09-24;;10,5095% a.a. (prefixado);;167769.44;321.9199569840301;0.1918823577071188;3;1;V8 CASH PLATINUM FUNDO DE INVESTIMENTO EM COTAS DE FUNDO DE INVESTIMENTO RENDA FIXA CREDITO PRIVADO;42.774.627/0001-40;321.9199569840301;Palmeira/PR;195.2054530403127
Um fundo;BANCO SAFRA S.A.;58.160.789/0001-28;2024-06-13;DI de um dia;110,50% do DI1 + 110,5000%;;23027703.08;302.5665980352347;0.001313924350092996;1;1;BTG PACTUAL CDB PLUS FUNDO DE INVESTIMENTO RENDA FIXA CREDITO PRIVADO;27.717.359/0001-30;302.5665980352347;Itupeva/SP;302.5665980352347
Um fundo;BANCO COOPERATIVO SICREDI S.A.;01.181.521/0001-55;2024-08-16;DI de um dia;100% do DI1 + 1,1000%;;17379479.09;280.6638349585622;0.001614915116299738;1;1;BTG PACTUAL CDB PLUS FUNDO DE INVESTIMENTO RENDA FIXA CREDITO PRIVADO;27.717.359/0001-30;280.6638349585622;Itupeva/SP;280.6638349585622
Um fundo;PARANA BANCO S.A.;14.388.334/0001-99;2024-09-27;DI de um dia;100% do DI1 + 1,1000%;;68320638.71;276.351405470209;0.0004044918353928677;1;1;BTG PACTUAL CDB PLUS FUNDO DE INVESTIMENTO RENDA FIXA CREDITO PRIVADO;27.717.359/0001-30;276.351405470209;Itupeva/SP;276.351405470209
Dois fundos;BANCO BRADESCO S.A.;60.746.948/0001-12;2028-07-10;DI de um dia;108% do DI1;;1419050.27;269.4649401949716;0.01898910460691231;26;1;LME REC IMA-B FUNDO DE INVESTIMENTO EM RENDA FIXA;11.784.036/0001-20;269.4649401949716;Governo do Estado do Tocantins/TO;66.9542475397254
Um fundo;BANCO XP S.A;33.264.668/0001-03;2025-09-22;DI de um dia;100% do DI1 + 1,1000%;;13575697.24;261.2446226609505;0.001924355103406464;1;1;BTG PACTUAL CDB PLUS FUNDO DE INVESTIMENTO RENDA FIXA CREDITO PRIVADO;27.717.359/0001-30;261.2446226609505;Itupeva/SP;261.2446226609505
Um fundo;BANCO GMAC S/A;59.274.605/0001-13;2025-02-10;DI de um dia;100% do DI1 + 1,1000%;;7901891.49;259.1937011147373;0.003280147562678532;1;1;BTG PACTUAL CDB PLUS FUNDO DE INVESTIMENTO RENDA FIXA CREDITO PRIVADO;27.717.359/0001-30;259.1937011147373;Itupeva/SP;259.1937011147373
Dois fundos;BANCO BRADESCO S.A.;60.746.948/0001-12;2024-06-05;;12,8400% a.a. (prefixado);;125544.15;240.8970749833618;0.1918823577071188;3;1;V8 CASH PLATINUM FUNDO DE INVESTIMENTO EM COTAS DE FUNDO DE INVESTIMENTO RENDA FIXA CREDITO PRIVADO;42.774.627/0001-40;240.8970749833618;Palmeira/PR;146.0748910964415
Dois fundos;BANCO VOTORANTIM S/A;59.588.111/0001-03;2027-08-02;DI de um dia;100% do DI1 + 4,5000%;;6795451.76;237.7584671930146;0.003498788242343649;26;1;LME REC IMA-B FUNDO DE INVESTIMENTO EM RENDA FIXA;11.784.036/0001-20;237.7584671930146;Governo do Estado do Tocantins/TO;59.07610561725993
Dois fundos;BANCO XP S.A;33.264.668/0001-03;2024-10-10;;12,6900% a.a. (prefixado);;121458.56;233.0575485651156;0.1918823577071188;3;1;V8 CASH PLATINUM FUNDO DE INVESTIMENTO EM COTAS DE FUNDO DE INVESTIMENTO RENDA FIXA CREDITO PRIVADO;42.774.627/0001-40;233.0575485651156;Palmeira/PR;141.3211680889201
Dois fundos;BANCO XP S.A;33.264.668/0001-03;2024-10-31;;12,6900% a.a. (prefixado);;120875.79;231.9393157491057;0.1918823577071188;3;1;V8 CASH PLATINUM FUNDO DE INVESTIMENTO EM COTAS DE FUNDO DE INVESTIMENTO RENDA FIXA CREDITO PRIVADO;42.774.627/0001-40;231.9393157491057;Palmeira/PR;140.6430953608458
Um fundo;BANCO VOTORANTIM S/A;59.588.111/0001-03;2025-07-23;;;;2121724.52;230.7762451635702;0.01087682415828282;1;1;BTG PACTUAL CDB PLUS FUNDO DE INVESTIMENTO RENDA FIXA CREDITO PRIVADO;27.717.359/0001-30;230.7762451635702;Itupeva/SP;230.7762451635702
Um fundo;BANCO PAN S.A.;59.285.411/0001-13;2024-12-26;DI de um dia;100% do DI1 + 1,1100%;;7350420.989999999;226.3809204342325;0.003079836117444377;1;1;BTG PACTUAL CDB PLUS FUNDO DE INVESTIMENTO RENDA FIXA CREDITO PRIVADO;27.717.359/0001-30;226.3809204342325;Itupeva/SP;226.3809204342325
Dois fundos;BANCO BRADESCO S.A.;60.746.948/0001-12;2026-05-09;;11,1400% a.a. (prefixado);;113372.21;217.541269532666;0.1918823577071188;3;1;V8 CASH PLATINUM FUNDO DE INVESTIMENTO EM COTAS DE FUNDO DE INVESTIMENTO RENDA FIXA CREDITO PRIVADO;42.774.627/0001-40;217.541269532666;Palmeira/PR;131.9124246658478
Um fundo;BANCO SAFRA S.A.;58.160.789/0001-28;2024-08-12;DI de um dia;112,50% do DI1 + 112,5000%;;2405513.64;205.6348548389041;0.00854848010086129;1;1;BTG PACTUAL CDB PLUS FUNDO DE INVESTIMENTO RENDA FIXA CREDITO PRIVADO;27.717.359/0001-30;205.6348548389041;Itupeva/SP;205.6348548389041
Um fundo;BANCO ABC BRASIL S.A.;28.195.667/0001-06;2025-12-29;DI de um dia;100% do DI1 + 1,3300%;;123395742.13;197.9849102984442;0.0001604471166354046;1;1;BTG PACTUAL CDB PLUS FUNDO DE INVESTIMENTO RENDA FIXA CREDITO PRIVADO;27.717.359/0001-30;197.9849102984442;Itupeva/SP;197.9849102984442
Um fundo;BANCO DO BRASIL;00.000.000/0001-91;2027-09-27;DI de um dia;100% do DI1 + 2,6000%;;211935037.28;195.3912163975796;9.219391890328951e-05;1;1;TROPICO CASH PLUS FUNDO DE INVESTIMENTO RENDA FIXA LONGO PRAZO;47.409.927/0001-43;195.3912163975796;Aquidauana/MS;195.3912163975796
Dois fundos;BANCO BRADESCO S.A.;60.746.948/0001-12;2025-03-17;DI de um dia;120% do DI1;;6336140.64;175.2416965328969;0.00276574821314094;26;1;LME REC IMA-B FUNDO DE INVESTIMENTO EM RENDA FIXA;11.784.036/0001-20;175.2416965328969;Governo do Estado do Tocantins/TO;43.54249543727455
Um fundo;BANCO ABC BRASIL S.A.;28.195.667/0001-06;2026-07-20;DI de um dia;100% do DI1 + 0,9800%;;1412661.17;164.9504488510083;0.01167657555498664;1;1;BTG PACTUAL CDB PLUS FUNDO DE INVESTIMENTO RENDA FIXA CREDITO PRIVADO;27.717.359/0001-30;164.9504488510083;Itupeva/SP;164.9504488510083
Um fundo;BANCO BRADESCO S.A.;60.746.948/0001-12;2026-08-03;DI de um dia;109,10% do DI1 + 109,1000%;;842883725.7099997;164.3511171297084;1.949867011505862e-05;1;1;BTG PACTUAL CDB PLUS FUNDO DE INVESTIMENTO RENDA FIXA CREDITO PRIVADO;27.717.359/0001-30;164.3511171297084;Itupeva/SP;164.3511171297084
Um fundo;BANCO VOTORANTIM S/A;59.588.111/0001-03;2025-06-27;DI de um dia;100% do DI1 + 0,9000%;;35775064.27;163.366378983176;0.0004566487365339847;1;1;BTG PACTUAL CDB PLUS FUNDO DE INVESTIMENTO RENDA FIXA CREDITO PRIVADO;27.717.359/0001-30;163.366378983176;Itupeva/SP;163.366378983176
Um fundo;BANCO XP S.A;33.264.668/0001-03;2025-05-02;Índice de Preços ao Consumidor Amplo (IPCA/IBGE);100% do IAP + 6,0000%;;917336.07;156.6697459388713;0.01707877309772321;1;1;BTG PACTUAL CDB PLUS FUNDO DE INVESTIMENTO RENDA FIXA CREDITO PRIVADO;27.717.359/0001-30;156.6697459388713;Itupeva/SP;156.6697459388713
Um fundo;BANCO ABC BRASIL S.A.;28.195.667/0001-06;2025-12-29;DI de um dia;100% do DI1 + 1,1100%;;123395742.13;131.8726226907999;0.0001068696702288717;1;1;BTG PACTUAL CDB PLUS FUNDO DE INVESTIMENTO RENDA FIXA CREDITO PRIVADO;27.717.359/0001-30;131.8726226907999;Itupeva/SP;131.8726226907999
Dois fundos e Um fundo;BANCO BRADESCO S.A.;60.746.948/0001-12;2026-07-17;DI de um dia;115% do DI1 + 115,0000%;;33469098.43;130.2248490459649;0.0003890898026976369;3;1;BTG PACTUAL YIELD FI RENDA FIXA REFERENCIADO DI CRÉDITO PRIVADO;00.840.011/0001-80;129.8463033998766;Rio das Ostras/RJ;123.7500551736775
Um fundo;BANCO VOTORANTIM S/A;59.588.111/0001-03;2024-07-12;;;;90232681.71000001;110.5627782561291;0.0001225307462449894;1;1;BTG PACTUAL CDB PLUS FUNDO DE INVESTIMENTO RENDA FIXA CREDITO PRIVADO;27.717.359/0001-30;110.5627782561291;Itupeva/SP;110.5627782561291
Dois fundos e Um fundo;BANCO ABC BRASIL S.A.;28.195.667/0001-06;2026-01-14;DI de um dia;100% do DI1 + 1,1100%;;1291800.58;109.5701916402041;0.00848197417903343;3;1;BTG PACTUAL YIELD FI RENDA FIXA REFERENCIADO DI CRÉDITO PRIVADO;00.840.011/0001-80;109.2516862298287;Rio das Ostras/RJ;104.1223496145479
Dois fundos e Um fundo;BANCO VOTORANTIM S/A;59.588.111/0001-03;2026-03-02;DI de um dia;100% do DI1 + 0,9700%;;179915633.01;107.7333141742717;5.987990724979616e-05;3;1;BTG PACTUAL YIELD FI RENDA FIXA REFERENCIADO DI CRÉDITO PRIVADO;00.840.011/0001-80;107.4201483129318;Rio das Ostras/RJ;102.3768018990256
Um fundo;BANCO PAN S.A.;59.285.411/0001-13;2025-06-02;DI de um dia;100% do DI1 + 1,3000%;;95167739.73;104.5345605703047;0.0001098424328106134;1;1;BTG PACTUAL CDB PLUS FUNDO DE INVESTIMENTO RENDA FIXA CREDITO PRIVADO;27.717.359/0001-30;104.5345605703047;Itupeva/SP;104.5345605703047
Um fundo;BANCO BRADESCO S.A.;60.746.948/0001-12;2025-01-27;DI de um dia;112,50% do DI1 + 112,5000%;;204172237.83;102.5316901522019;5.021823301832686e-05;1;1;BTG PACTUAL CDB PLUS FUNDO DE INVESTIMENTO RENDA FIXA CREDITO PRIVADO;27.717.359/0001-30;102.5316901522019;Itupeva/SP;102.5316901522019
Um fundo;BANCO DO BRASIL;00.000.000/0001-91;2027-09-28;DI de um dia;100% do DI1 + 2,6000%;;95695531.94999999;90.1329296016349;9.418718697204014e-05;1;1;TROPICO CASH PLUS FUNDO DE INVESTIMENTO RENDA FIXA LONGO PRAZO;47.409.927/0001-43;90.1329296016349;Aquidauana/MS;90.1329296016349
Um fundo;BANCO ABC BRASIL S.A.;28.195.667/0001-06;2026-08-11;DI de um dia;100% do DI1 + 0,9800%;;480435.27;82.05244964473385;0.01707877309772321;1;1;BTG PACTUAL CDB PLUS FUNDO DE INVESTIMENTO RENDA FIXA CREDITO PRIVADO;27.717.359/0001-30;82.05244964473385;Itupeva/SP;82.05244964473385
Um fundo;BANCO ABC BRASIL S.A.;28.195.667/0001-06;2026-09-08;DI de um dia;100% do DI1 + 0,9900%;;2678961.33;81.51372536552583;0.003042736169899318;1;1;BTG PACTUAL CDB PLUS FUNDO DE INVESTIMENTO RENDA FIXA CREDITO PRIVADO;27.717.359/0001-30;81.51372536552583;Itupeva/SP;81.51372536552583
Um fundo;BANCO COOPERATIVO SICREDI S.A.;01.181.521/0001-55;2025-08-12;DI de um dia;100% do DI1 + 1,3500%;;448391.66;76.57979420051451;0.01707877309772321;1;1;BTG PACTUAL CDB PLUS FUNDO DE INVESTIMENTO RENDA FIXA CREDITO PRIVADO;27.717.359/0001-30;76.57979420051451;Itupeva/SP;76.57979420051451
Um fundo;BANCO BRADESCO S.A.;60.746.948/0001-12;2026-06-23;DI de um dia;100% do DI1 + 1,4000%;;273822585.2600001;74.58099536191827;2.723697728991277e-05;1;1;BTG PACTUAL CDB PLUS FUNDO DE INVESTIMENTO RENDA FIXA CREDITO PRIVADO;27.717.359/0001-30;74.58099536191827;Itupeva/SP;74.58099536191827
Um fundo;BANCO VOTORANTIM S/A;59.588.111/0001-03;2025-08-18;DI de um dia;100% do DI1 + 1,5500%;;23326392.08;73.48754740886426;0.0003150403506758867;1;1;BTG PACTUAL CDB PLUS FUNDO DE INVESTIMENTO RENDA FIXA CREDITO PRIVADO;27.717.359/0001-30;73.48754740886426;Itupeva/SP;73.48754740886426
Um fundo;BANCO ALFA DE INVESTIMENTOS S/A;60.770.336/0001-65;2024-10-25;DI de um dia;100% do DI1 + 1,2600%;;488391.34;59.58016072157154;0.01219926641647076;1;1;BTG PACTUAL CDB PLUS FUNDO DE INVESTIMENTO RENDA FIXA CREDITO PRIVADO;27.717.359/0001-30;59.58016072157154;Itupeva/SP;59.58016072157154
Um fundo;BANCO ALFA DE INVESTIMENTOS S/A;60.770.336/0001-65;2025-01-29;DI de um dia;118% do DI1 + 118,0000%;;290319.4;49.58299158467144;0.01707877309772321;1;1;BTG PACTUAL CDB PLUS FUNDO DE INVESTIMENTO RENDA FIXA CREDITO PRIVADO;27.717.359/0001-30;49.58299158467144;Itupeva/SP;49.58299158467144
Um fundo;BANCO ABC BRASIL S.A.;28.195.667/0001-06;2025-12-01;DI de um dia;100% do DI1 + 0,8500%;;192434782.65;49.02036727039045;2.547375614498373e-05;1;1;BTG PACTUAL CDB PLUS FUNDO DE INVESTIMENTO RENDA FIXA CREDITO PRIVADO;27.717.359/0001-30;49.02036727039045;Itupeva/SP;49.02036727039045
Um fundo;BANCO BRADESCO S.A.;60.746.948/0001-12;2026-07-19;DI de um dia;100% do DI1 + 3,6000%;;4238006.88;47.08568651261161;0.001111033744065361;1;1;TROPICO CASH PLUS FUNDO DE INVESTIMENTO RENDA FIXA LONGO PRAZO;47.409.927/0001-43;47.08568651261161;Aquidauana/MS;47.08568651261161
Um fundo;BANCO SAFRA S.A.;58.160.789/0001-28;2026-08-10;DI de um dia;100% do DI1 + 1,2200%;;3335781.58;37.12868977592809;0.001113043191992447;1;1;TROPICO CASH PLUS FUNDO DE INVESTIMENTO RENDA FIXA LONGO PRAZO;47.409.927/0001-43;37.12868977592809;Aquidauana/MS;37.12868977592809
Um fundo;BANCO VOTORANTIM S/A;59.588.111/0001-03;2024-07-01;DI de um dia;100% do DI1 + 1,4000%;;24047688.92;36.56555756109604;0.0001520543520117028;1;1;BTG PACTUAL CDB PLUS FUNDO DE INVESTIMENTO RENDA FIXA CREDITO PRIVADO;27.717.359/0001-30;36.56555756109604;Itupeva/SP;36.56555756109604
Um fundo;BANCO VOTORANTIM S/A;59.588.111/0001-03;2025-01-15;;;;200979.98;34.32491475604949;0.01707877309772321;1;1;BTG PACTUAL CDB PLUS FUNDO DE INVESTIMENTO RENDA FIXA CREDITO PRIVADO;27.717.359/0001-30;34.32491475604949;Itupeva/SP;34.32491475604949
Um fundo;Banco Volkswagen S/A;59.109.165/0001-49;2026-12-14;DI de um dia;100% do DI1 + 1,3000%;;13486657.44;31.50608545867529;0.0002336092956971798;1;1;BTG PACTUAL CDB PLUS FUNDO DE INVESTIMENTO RENDA FIXA CREDITO PRIVADO;27.717.359/0001-30;31.50608545867529;Itupeva/SP;31.50608545867529
Um fundo;BANCO VOTORANTIM S/A;59.588.111/0001-03;2026-06-23;DI de um dia;100% do DI1 + 1,1000%;;736835.25;29.04589160970289;0.003941979107229586;1;1;BTG PACTUAL CDB PLUS FUNDO DE INVESTIMENTO RENDA FIXA CREDITO PRIVADO;27.717.359/0001-30;29.04589160970289;Itupeva/SP;29.04589160970289
Um fundo;BANCO BRADESCO S.A.;60.746.948/0001-12;2026-06-30;DI de um dia;100% do DI1 + 1,4000%;;548740762.4999999;24.83851194679644;4.526456506280859e-06;1;1;BTG PACTUAL CDB PLUS FUNDO DE INVESTIMENTO RENDA FIXA CREDITO PRIVADO;27.717.359/0001-30;24.83851194679644;Itupeva/SP;24.83851194679644
Um fundo;BANCO DAYCOVAL S.A.;62.232.889/0001-90;2026-10-22;;;;142768.42;24.38309450700448;0.01707877309772321;1;1;BTG PACTUAL CDB PLUS FUNDO DE INVESTIMENTO RENDA FIXA CREDITO PRIVADO;27.717.359/0001-30;24.38309450700448;Itupeva/SP;24.38309450700448
Um fundo;BANCO VOTORANTIM S/A;59.588.111/0001-03;2025-08-07;;;;11360988.13;21.509075154365;0.0001893239822825605;1;1;BTG PACTUAL CDB PLUS FUNDO DE INVESTIMENTO RENDA FIXA CREDITO PRIVADO;27.717.359/0001-30;21.509075154365;Itupeva/SP;21.509075154365
Um fundo;BANCO PAN S.A.;59.285.411/0001-13;2025-05-05;;;;124968.6;21.34310363740132;0.01707877309772321;1;1;BTG PACTUAL CDB PLUS FUNDO DE INVESTIMENTO RENDA FIXA CREDITO PRIVADO;27.717.359/0001-30;21.34310363740132;Itupeva/SP;21.34310363740132
Um fundo;BANCO VOTORANTIM S/A;59.588.111/0001-03;2026-03-30;;;;2104158.83;11.3438167326371;0.0005391140901961808;1;1;BTG PACTUAL CDB PLUS FUNDO DE INVESTIMENTO RENDA FIXA CREDITO PRIVADO;27.717.359/0001-30;11.3438167326371;Itupeva/SP;11.3438167326371
Um fundo;BANCO PAN S.A.;59.285.411/0001-13;2026-07-27;DI de um dia;100% do DI1 + 1,3000%;;1934403.81;11.01591282854737;0.0005694732801703572;1;1;BTG PACTUAL CDB PLUS FUNDO DE INVESTIMENTO RENDA FIXA CREDITO PRIVADO;27.717.359/0001-30;11.01591282854737;Itupeva/SP;11.01591282854737
Um fundo;BANCO ABC BRASIL S.A.;28.195.667/0001-06;2024-09-26;DI de um dia;100% do DI1 + 1,0000%;;25610266.7;10.62033770181252;4.146906327145948e-05;1;1;BTG PACTUAL CDB PLUS FUNDO DE INVESTIMENTO RENDA FIXA CREDITO PRIVADO;27.717.359/0001-30;10.62033770181252;Itupeva/SP;10.62033770181252
Dois fundos;BANCO COOPERATIVO SICREDI S.A.;01.181.521/0001-55;2024-12-13;DI de um dia;100% do DI1 + 100,0000%;;578090471.2799994;7.77697925838952;1.34528757084853e-06;2;1;TEXAS I FUNDO DE INVESTIMENTO EM ACOES;43.584.800/0001-00;7.77697925838952;Tacuru/MS;4.454484753062807
Dois fundos;BANCO AGIPLAN S.A.;10.664.513/0001-50;2027-04-29;DI de um dia;100% do DI1 + 2,0500%;;223816826.64;0.754792116569752;3.372365375297737e-07;2;1;TEXAS I FUNDO DE INVESTIMENTO EM ACOES;43.584.800/0001-00;0.754792116569752;Tacuru/MS;0.4323285254187783
Direta;;;;;;RADESCO LF IPCA + CUPOM;;0;;1;;;;;São João da Barra/RJ;0
Direta;;;;;;tivos Finan Emit por Inst Finan LF 2034;;0;;1;;;;;Congonhas/MG;0
Direta;;;;;;Letra Financeira Banco Votorantim S/A;;0;;1;;;;;Jacareí/SP;0
